[    3339ms] [LOG] [offline-api] browser: api.salla.dev + cdn.salla.network -> http://127.0.0.1:5178 @ http://localhost:3210/?storeId=1888890798:0
[    4374ms] [LOG] [offline-api] browser: api.salla.dev + cdn.salla.network -> http://127.0.0.1:5178 @ http://localhost:3210/%D8%B2%D8%A8%D8%AF%D8%A9-%D8%A7%D9%84%D9%81%D9%88%D9%84-%D8%A7%D9%84%D8%B3%D9%88%D8%AF%D8%A7%D9%86%D9%8A-%D8%A7%D9%84%D8%B7%D8%A8%D9%8A%D8%B9%D9%8A%D8%A9-1-%D9%83%D8%AC%D9%85-%D9%85%D8%A7%D9%8A-%D8%A8%D8%B1%D9%88%D8%AA%D9%8A%D9%86-%D8%A7%D9%88%D8%A8%D8%AA%D9%8A%D9%85%D8%A7%D9%84-%D8%A7%D9%83%D8%B3/p547650018?storeId=1888890798:0
[    5539ms] [INFO] %cDownload the React DevTools for a better development experience: https://react.dev/link/react-devtools font-weight:bold @ http://localhost:3210/node_modules/.vite/deps/react-dom_client.js?v=c58539c0:14335
[    5691ms] [WARNING] [Twilight] Could not hydrate twilight context: no root match in router state @ http://localhost:3210/@vite/client:532
[    5839ms] [ERROR] The result of getServerSnapshot should be cached to avoid an infinite loop @ http://localhost:3210/@vite/client:532
[    6580ms] Error: Hydration failed because the server rendered HTML didn't match the client. As a result this tree will be regenerated on the client. This can happen if a SSR-ed Client Component used:

- A server/client branch `if (typeof window !== 'undefined')`.
- Variable input such as `Date.now()` or `Math.random()` which changes each time it's called.
- Date formatting in a user's locale which doesn't match the server.
- External changing data without sending a snapshot of it along with the HTML.
- Invalid HTML tag nesting.

It can also happen if the client has a browser extension installed which messes with the HTML before React loaded.

https://react.dev/link/hydration-mismatch

  ...
    <Matches>
      <Transitioner>
      <SafeFragment fallback={<Context>}>
        <MatchesInner>
          <CatchBoundary getResetKey={function getResetKey} onCatch={function}>
            <MatchImpl routeId="__root__">
              <MatchView router={{...}} match={{id:"__root__/", ...}}>
                <RootComponent>
                  <html lang="ar" dir="rtl" suppressHydrationWarning={true}>
                    <head>
                    <body suppressHydrationWarning={true}>
                      <noscript>
                      <TwilightProvider>
                      <Suspense fallback={null}>
                        <TanStackRouterDevtools position="bottom-right">
+                         <div ref={{current:null}}>
                      ...

    at throwOnHydrationMismatch (http://localhost:3210/node_modules/.vite/deps/react-dom_client.js?v=c58539c0:2968:51)
    at beginWork (http://localhost:3210/node_modules/.vite/deps/react-dom_client.js?v=c58539c0:6200:914)
    at runWithFiberInDEV (http://localhost:3210/node_modules/.vite/deps/react-dom_client.js?v=c58539c0:851:66)
    at performUnitOfWork (http://localhost:3210/node_modules/.vite/deps/react-dom_client.js?v=c58539c0:8429:92)
    at workLoopConcurrentByScheduler (http://localhost:3210/node_modules/.vite/deps/react-dom_client.js?v=c58539c0:8425:55)
    at renderRootConcurrent (http://localhost:3210/node_modules/.vite/deps/react-dom_client.js?v=c58539c0:8408:64)
    at performWorkOnRoot (http://localhost:3210/node_modules/.vite/deps/react-dom_client.js?v=c58539c0:7957:145)
    at performWorkOnRootViaSchedulerTask (http://localhost:3210/node_modules/.vite/deps/react-dom_client.js?v=c58539c0:9059:4)
    at MessagePort.performWorkUntilDeadline (http://localhost:3210/node_modules/.vite/deps/react-dom_client.js?v=c58539c0:36:38)
[   19484ms] [ERROR] TypeError: Cannot read properties of null (reading 'length')
    at v.render (https://cdn.assets.salla.network/dev/@salla.sa/twilight/9b1ad668bb386735f64a045e4c13b4c5508ad4c8/p-8f2ecff5.entry.js:4:25557)
    at Yt (https://cdn.assets.salla.network/dev/@salla.sa/twilight/9b1ad668bb386735f64a045e4c13b4c5508ad4c8/p-Cz6ID6IN.js:4:19885)
    at qt (https://cdn.assets.salla.network/dev/@salla.sa/twilight/9b1ad668bb386735f64a045e4c13b4c5508ad4c8/p-Cz6ID6IN.js:4:19696)
    at https://cdn.assets.salla.network/dev/@salla.sa/twilight/9b1ad668bb386735f64a045e4c13b4c5508ad4c8/p-Cz6ID6IN.js:4:19351 JSHandle@node @ http://localhost:3210/@vite/client:532
[   19691ms] [ERROR] TypeError: Cannot read properties of null (reading 'length')
    at v.emitPromotionViewed (https://cdn.assets.salla.network/dev/@salla.sa/twilight/9b1ad668bb386735f64a045e4c13b4c5508ad4c8/p-8f2ecff5.entry.js:4:22121)
    at v.componentDidLoad (https://cdn.assets.salla.network/dev/@salla.sa/twilight/9b1ad668bb386735f64a045e4c13b4c5508ad4c8/p-8f2ecff5.entry.js:4:25334)
    at Kt (https://cdn.assets.salla.network/dev/@salla.sa/twilight/9b1ad668bb386735f64a045e4c13b4c5508ad4c8/p-Cz6ID6IN.js:4:22621)
    at Gt (https://cdn.assets.salla.network/dev/@salla.sa/twilight/9b1ad668bb386735f64a045e4c13b4c5508ad4c8/p-Cz6ID6IN.js:4:22203)
    at e (https://cdn.assets.salla.network/dev/@salla.sa/twilight/9b1ad668bb386735f64a045e4c13b4c5508ad4c8/p-Cz6ID6IN.js:4:19785)
    at qt (https://cdn.assets.salla.network/dev/@salla.sa/twilight/9b1ad668bb386735f64a045e4c13b4c5508ad4c8/p-Cz6ID6IN.js:4:19804)
    at https://cdn.assets.salla.network/dev/@salla.sa/twilight/9b1ad668bb386735f64a045e4c13b4c5508ad4c8/p-Cz6ID6IN.js:4:19351 JSHandle@node @ http://localhost:3210/@vite/client:532
[   83916ms] [LOG] [offline-api] browser: api.salla.dev + cdn.salla.network -> http://127.0.0.1:5178 @ http://localhost:3210/%D8%B2%D8%A8%D8%AF%D8%A9-%D8%A7%D9%84%D9%81%D9%88%D9%84-%D8%A7%D9%84%D8%B3%D9%88%D8%AF%D8%A7%D9%86%D9%8A-%D8%A7%D9%84%D8%B7%D8%A8%D9%8A%D8%B9%D9%8A%D8%A9-1-%D9%83%D8%AC%D9%85-%D9%85%D8%A7%D9%8A-%D8%A8%D8%B1%D9%88%D8%AA%D9%8A%D9%86-%D8%A7%D9%88%D8%A8%D8%AA%D9%8A%D9%85%D8%A7%D9%84-%D8%A7%D9%83%D8%B3/p547650018?storeId=1888890798:0
[   84578ms] [INFO] %cDownload the React DevTools for a better development experience: https://react.dev/link/react-devtools font-weight:bold @ http://localhost:3210/node_modules/.vite/deps/react-dom_client.js?v=c58539c0:14335
[   84692ms] [WARNING] [Twilight] Could not hydrate twilight context: no root match in router state @ http://localhost:3210/@vite/client:532
[   84794ms] [ERROR] The result of getServerSnapshot should be cached to avoid an infinite loop @ http://localhost:3210/@vite/client:532
[   84829ms] [ERROR] A tree hydrated but some attributes of the server rendered HTML didn't match the client properties. This won't be patched up. This can happen if a SSR-ed Client Component used:

- A server/client branch `if (typeof window !== 'undefined')`.
- Variable input such as `Date.now()` or `Math.random()` which changes each time it's called.
- Date formatting in a user's locale which doesn't match the server.
- External changing data without sending a snapshot of it along with the HTML.
- Invalid HTML tag nesting.

It can also happen if the client has a browser extension installed which messes with the HTML before React loaded.

%s%s https://react.dev/link/hydration-mismatch 

  ...
    <ThemeDocumentSync>
    <TanStackDocumentSync>
    <NavigationSetup>
      <NavigationProvider navigate={function}>
        <LinkProvider adapter={{...}}>
          <WidgetHead>
          <AppsSnippets>
          <HookSlot>
          <Suspense>
          <OptimalXLayout>
            <div className="app-inner ...">
              <Sprite>
              <SkipLink>
              <Header>
                <header ref={{current:null}} className="store-head..." suppressHydrationWarning={true} ...>
                  <HookSlot>
                  <div>
                  <AnnouncementBar>
                  <UtilityBar>
                  <div className="ox-mainbar">
                    <MainBar>
                      <div className="ox-mainbar...">
                        <Logo width={112} priority={true} className="ox-mainbar...">
                          <Link to="/" className="ox-logo ox..." aria-label="Optimal X">
                            <TanStackLinkAdapter ref={null} to="/" className="ox-logo ox..." aria-label="Optimal X" ...>
                              <a
                                className="ox-logo ox-mainbar__logo"
                                style={undefined}
                                title={undefined}
                                target={undefined}
                                rel={undefined}
                                onClick={function handleClick}
                                aria-label="Optimal X"
                                data-spa-link=""
                                ref={{current:null}}
                                onBlur={function handleLeave}
                                onFocus={function}
                                onMouseEnter={function}
                                onMouseLeave={function handleLeave}
                                onTouchStart={function handleTouchStart}
+                               href="/services"
-                               href="/"
                              >
                        ...
                          ...
                            <TanStackLinkAdapter ref={null} to="/latest-pr..." className="ox-nav__link" data-spa-link="">
                              <a
                                className="ox-nav__link"
                                style={undefined}
                                title={undefined}
                                target={undefined}
                                rel={undefined}
                                onClick={function handleClick}
                                aria-label={undefined}
                                data-spa-link=""
                                ref={{current:null}}
                                onBlur={function handleLeave}
                                onFocus={function}
                                onMouseEnter={function}
                                onMouseLeave={function handleLeave}
                                onTouchStart={function handleTouchStart}
+                               href="/services/latest-products"
-                               href="/latest-products"
                              >
+                               المنتجات
                          ...
                            <TanStackLinkAdapter ref={null} to="/search?q=..." className="ox-nav__link" data-spa-link="">
                              <a
                                className="ox-nav__link"
                                style={undefined}
                                title={undefined}
                                target={undefined}
                                rel={undefined}
                                onClick={function handleClick}
                                aria-label={undefined}
                                data-spa-link=""
                                ref={{current:null}}
                                onBlur={function handleLeave}
                                onFocus={function}
                                onMouseEnter={function}
                                onMouseLeave={function handleLeave}
                                onTouchStart={function handleTouchStart}
+                               href="/services/search?q=%D8%A7%D9%84%D9%85%D9%83%D9%85%D9%84%D8%A7%D8%AA"
-                               href="/search?q=%D8%A7%D9%84%D9%85%D9%83%D9%85%D9%84%D8%A7%D8%AA"
                              >
+                               المكملات
                          ...
                            <TanStackLinkAdapter ref={null} to="/search?q=..." className="ox-nav__link" data-spa-link="">
                              <a
                                className="ox-nav__link"
                                style={undefined}
                                title={undefined}
                                target={undefined}
                                rel={undefined}
                                onClick={function handleClick}
                                aria-label={undefined}
                                data-spa-link=""
                                ref={{current:null}}
                                onBlur={function handleLeave}
                                onFocus={function}
                                onMouseEnter={function}
                                onMouseLeave={function handleLeave}
                                onTouchStart={function handleTouchStart}
+                               href="/services/search?q=%D8%A7%D9%84%D8%A8%D8%B1%D9%88%D8%AA%D9%8A%D9%86"
-                               href="/search?q=%D8%A7%D9%84%D8%A8%D8%B1%D9%88%D8%AA%D9%8A%D9%86"
                              >
+                               البروتين
                          ...
                            <TanStackLinkAdapter ref={null} to="/services" className="ox-nav__link" data-spa-link="">
                              <a
                                className="ox-nav__link"
                                style={undefined}
                                title={undefined}
                                target={undefined}
                                rel={undefined}
                                onClick={function handleClick}
                                aria-label={undefined}
                                data-spa-link=""
                                ref={{current:null}}
                                onBlur={function handleLeave}
                                onFocus={function}
                                onMouseEnter={function}
                                onMouseLeave={function handleLeave}
                                onTouchStart={function handleTouchStart}
+                               href="/services/services"
-                               href="/services"
                              >
+                               اسأل قبل أن تشتري
                          ...
                            <TanStackLinkAdapter ref={null} to="/search?q=..." className="ox-nav__link" data-spa-link="">
                              <a
                                className="ox-nav__link"
                                style={undefined}
                                title={undefined}
                                target={undefined}
                                rel={undefined}
                                onClick={function handleClick}
                                aria-label={undefined}
                                data-spa-link=""
                                ref={{current:null}}
                                onBlur={function handleLeave}
                                onFocus={function}
                                onMouseEnter={function}
                                onMouseLeave={function handleLeave}
                                onTouchStart={function handleTouchStart}
+                               href="/services/search?q=%D8%A7%D9%84%D8%AE%D8%B7%D8%B7%20%D8%A7%D9%84%D8%BA%D8%B0%D8%..."
-                               href="/search?q=%D8%A7%D9%84%D8%AE%D8%B7%D8%B7%20%D8%A7%D9%84%D8%BA%D8%B0%D8%A7%D8%A6%..."
                              >
+                               الخطط الغذائية
                          ...
                            <TanStackLinkAdapter ref={null} to="/about" className="ox-nav__link" data-spa-link="">
                              <a
                                className="ox-nav__link"
                                style={undefined}
                                title={undefined}
                                target={undefined}
                                rel={undefined}
                                onClick={function handleClick}
                                aria-label={undefined}
                                data-spa-link=""
                                ref={{current:null}}
                                onBlur={function handleLeave}
                                onFocus={function}
                                onMouseEnter={function}
                                onMouseLeave={function handleLeave}
                                onTouchStart={function handleTouchStart}
+                               href="/services/about"
-                               href="/about"
                              >
+                               عن اوبتيمال اكس
                        <SearchField>
                        <div className="ox-mainbar..." ref={{current:null}}>
                          <Link to="/account/w..." className="ox-iconbtn..." aria-label="المفضلة">
                            <TanStackLinkAdapter ref={null} to="/account/w..." className="ox-iconbtn..." ...>
                              <a
                                className="ox-iconbtn ox-wishlist"
                                style={undefined}
                                title={undefined}
                                target={undefined}
                                rel={undefined}
                                onClick={function handleClick}
                                aria-label="المفضلة"
                                data-spa-link=""
                                ref={{current:null}}
                                onBlur={function handleLeave}
                                onFocus={function}
                                onMouseEnter={function}
                                onMouseLeave={function handleLeave}
                                onTouchStart={function handleTouchStart}
+                               href="/services/account/wishlist"
-                               href="/account/wishlist"
                              >
                          ...
                    ...
                      <div className="ox-mobileb..." ref={{current:null}}>
                        <button>
                        <Logo width={108} priority={true} className="ox-mobileb...">
                          <Link to="/" className="ox-logo ox..." aria-label="Optimal X">
                            <TanStackLinkAdapter ref={null} to="/" className="ox-logo ox..." aria-label="Optimal X" ...>
                              <a
                                className="ox-logo ox-mobilebar__logo"
                                style={undefined}
                                title={undefined}
                                target={undefined}
                                rel={undefined}
                                onClick={function handleClick}
                                aria-label="Optimal X"
                                data-spa-link=""
                                ref={{current:null}}
                                onBlur={function handleLeave}
                                onFocus={function}
                                onMouseEnter={function}
                                onMouseLeave={function handleLeave}
                                onTouchStart={function handleTouchStart}
+                               href="/services"
-                               href="/"
                              >
                        ...
                  ...
              <main>
              ...
                <nav className="ox-footer_..." aria-label="روابط الصفحة" data-testid="ox-footer-...">
                  ...
                    <div className="ox-footer_...">
                      <ul>
                        <li>
                          <Link to="/about" className="ox-footer_...">
                            <TanStackLinkAdapter ref={null} to="/about" className="ox-footer_..." data-spa-link="">
                              <a
                                className="ox-footer__link"
                                style={undefined}
                                title={undefined}
                                target={undefined}
                                rel={undefined}
                                onClick={function handleClick}
                                aria-label={undefined}
                                data-spa-link=""
                                ref={{current:null}}
                                onBlur={function handleLeave}
                                onFocus={function}
                                onMouseEnter={function}
                                onMouseLeave={function handleLeave}
                                onTouchStart={function handleTouchStart}
+                               href="/services/about"
-                               href="/about"
                              >
+                               من نحن
                  ...
                    <div className="ox-footer_...">
                      <ul>
                        <li>
                          <Link to="/contact" className="ox-footer_...">
                            <TanStackLinkAdapter ref={null} to="/contact" className="ox-footer_..." data-spa-link="">
                              <a
                                className="ox-footer__link"
                                style={undefined}
                                title={undefined}
                                target={undefined}
                                rel={undefined}
                                onClick={function handleClick}
                                aria-label={undefined}
                                data-spa-link=""
                                ref={{current:null}}
                                onBlur={function handleLeave}
                                onFocus={function}
                                onMouseEnter={function}
                                onMouseLeave={function handleLeave}
                                onTouchStart={function handleTouchStart}
+                               href="/services/contact"
-                               href="/contact"
                              >
+                               تواصل معنا
                        <li>
                        <li>
                          <Link to="/services" className="ox-footer_...">
                            <TanStackLinkAdapter ref={null} to="/services" className="ox-footer_..." data-spa-link="">
                              <a
                                className="ox-footer__link"
                                style={undefined}
                                title={undefined}
                                target={undefined}
                                rel={undefined}
                                onClick={function handleClick}
                                aria-label={undefined}
                                data-spa-link=""
                                ref={{current:null}}
                                onBlur={function handleLeave}
                                onFocus={function}
                                onMouseEnter={function}
                                onMouseLeave={function handleLeave}
                                onTouchStart={function handleTouchStart}
+                               href="/services/services"
-                               href="/services"
                              >
+                               الأسئلة الشائعة
                  ...
                    <div className="ox-footer_...">
                      <ul>
                        <li>
                          <Link to="/search?q=..." className="ox-footer_...">
                            <TanStackLinkAdapter ref={null} to="/search?q=..." className="ox-footer_..." data-spa-link="">
                              <a
                                className="ox-footer__link"
                                style={undefined}
                                title={undefined}
                                target={undefined}
                                rel={undefined}
                                onClick={function handleClick}
                                aria-label={undefined}
                                data-spa-link=""
                                ref={{current:null}}
                                onBlur={function handleLeave}
                                onFocus={function}
                                onMouseEnter={function}
                                onMouseLeave={function handleLeave}
                                onTouchStart={function handleTouchStart}
+                               href="/services/search?q=%D8%A7%D9%84%D9%85%D9%83%D9%85%D9%84%D8%A7%D8%AA"
-                               href="/search?q=%D8%A7%D9%84%D9%85%D9%83%D9%85%D9%84%D8%A7%D8%AA"
                              >
+                               المكملات
                        <li>
                          <Link to="/search?q=..." className="ox-footer_...">
                            <TanStackLinkAdapter ref={null} to="/search?q=..." className="ox-footer_..." data-spa-link="">
                              <a
                                className="ox-footer__link"
                                style={undefined}
                                title={undefined}
                                target={undefined}
                                rel={undefined}
                                onClick={function handleClick}
                                aria-label={undefined}
                                data-spa-link=""
                                ref={{current:null}}
                                onBlur={function handleLeave}
                                onFocus={function}
                                onMouseEnter={function}
                                onMouseLeave={function handleLeave}
                                onTouchStart={function handleTouchStart}
+                               href="/services/search?q=%D8%A7%D9%84%D8%A8%D8%B1%D9%88%D8%AA%D9%8A%D9%86"
-                               href="/search?q=%D8%A7%D9%84%D8%A8%D8%B1%D9%88%D8%AA%D9%8A%D9%86"
                              >
+                               البروتين
                        <li>
                          <Link to="/search?q=..." className="ox-footer_...">
                            <TanStackLinkAdapter ref={null} to="/search?q=..." className="ox-footer_..." data-spa-link="">
                              <a
                                className="ox-footer__link"
                                style={undefined}
                                title={undefined}
                                target={undefined}
                                rel={undefined}
                                onClick={function handleClick}
                                aria-label={undefined}
                                data-spa-link=""
                                ref={{current:null}}
                                onBlur={function handleLeave}
                                onFocus={function}
                                onMouseEnter={function}
                                onMouseLeave={function handleLeave}
                                onTouchStart={function handleTouchStart}
+                               href="/services/search?q=%D8%A7%D9%84%D8%AA%D8%BA%D8%B0%D9%8A%D8%A9"
-                               href="/search?q=%D8%A7%D9%84%D8%AA%D8%BA%D8%B0%D9%8A%D8%A9"
                              >
+                               التغذية
                        <li>
                          <Link to="/search?q=..." className="ox-footer_...">
                            <TanStackLinkAdapter ref={null} to="/search?q=..." className="ox-footer_..." data-spa-link="">
                              <a
                                className="ox-footer__link"
                                style={undefined}
                                title={undefined}
                                target={undefined}
                                rel={undefined}
                                onClick={function handleClick}
                                aria-label={undefined}
                                data-spa-link=""
                                ref={{current:null}}
                                onBlur={function handleLeave}
                                onFocus={function}
                                onMouseEnter={function}
                                onMouseLeave={function handleLeave}
                                onTouchStart={function handleTouchStart}
+                               href="/services/search?q=%D8%A7%D9%84%D8%AE%D8%B7%D8%B7%20%D8%A7%D9%84%D8%BA%D8%B0%D8%..."
-                               href="/search?q=%D8%A7%D9%84%D8%AE%D8%B7%D8%B7%20%D8%A7%D9%84%D8%BA%D8%B0%D8%A7%D8%A6%..."
                              >
+                               الخطط الغذائية
              ...
            <BottomTabBar>
              <nav className="ox-tabbar" aria-label="تنقل سريع" data-testid="ox-tabbar">
                <ul className="ox-tabbar_...">
                  <li>
                    <Link to="/" className="ox-tab">
                      <TanStackLinkAdapter ref={null} to="/" className="ox-tab" data-spa-link="">
                        <a
+                         className="ox-tab"
-                         className="ox-tab is-active"
                          style={undefined}
                          title={undefined}
                          target={undefined}
                          rel={undefined}
                          onClick={function handleClick}
                          aria-label={undefined}
                          data-spa-link=""
                          ref={{current:null}}
                          onBlur={function handleLeave}
                          onFocus={function}
                          onMouseEnter={function}
                          onMouseLeave={function handleLeave}
                          onTouchStart={function handleTouchStart}
+                         href="/services"
-                         href="/"
-                         aria-current="page"
                        >
                  <li>
                  <li>
                    <Link to="/search" className="ox-tab">
                      <TanStackLinkAdapter ref={null} to="/search" className="ox-tab" data-spa-link="">
                        <a
                          className="ox-tab"
                          style={undefined}
                          title={undefined}
                          target={undefined}
                          rel={undefined}
                          onClick={function handleClick}
                          aria-label={undefined}
                          data-spa-link=""
                          ref={{current:null}}
                          onBlur={function handleLeave}
                          onFocus={function}
                          onMouseEnter={function}
                          onMouseLeave={function handleLeave}
                          onTouchStart={function handleTouchStart}
+                         href="/services/search"
-                         href="/search"
                        >
                  <li>
                    <Link to="/cart" className="ox-tab">
                      <TanStackLinkAdapter ref={null} to="/cart" className="ox-tab" data-spa-link="">
                        <a
                          className="ox-tab"
                          style={undefined}
                          title={undefined}
                          target={undefined}
                          rel={undefined}
                          onClick={function handleClick}
                          aria-label={undefined}
                          data-spa-link=""
                          ref={{current:null}}
                          onBlur={function handleLeave}
                          onFocus={function}
                          onMouseEnter={function}
                          onMouseLeave={function handleLeave}
                          onTouchStart={function handleTouchStart}
+                         href="/services/cart"
-                         href="/cart"
                        >
                  <li>
                    <Link to="/account/p..." className="ox-tab">
                      <TanStackLinkAdapter ref={null} to="/account/p..." className="ox-tab" data-spa-link="">
                        <a
                          className="ox-tab"
                          style={undefined}
                          title={undefined}
                          target={undefined}
                          rel={undefined}
                          onClick={function handleClick}
                          aria-label={undefined}
                          data-spa-link=""
                          ref={{current:null}}
                          onBlur={function handleLeave}
                          onFocus={function}
                          onMouseEnter={function}
                          onMouseLeave={function handleLeave}
                          onTouchStart={function handleTouchStart}
+                         href="/services/account/profile"
-                         href="/account/profile"
                        >
            ...
          ...
 @ http://localhost:3210/@vite/client:532
[   85741ms] [ERROR] A tree hydrated but some attributes of the server rendered HTML didn't match the client properties. This won't be patched up. This can happen if a SSR-ed Client Component used:

- A server/client branch `if (typeof window !== 'undefined')`.
- Variable input such as `Date.now()` or `Math.random()` which changes each time it's called.
- Date formatting in a user's locale which doesn't match the server.
- External changing data without sending a snapshot of it along with the HTML.
- Invalid HTML tag nesting.

It can also happen if the client has a browser extension installed which messes with the HTML before React loaded.

%s%s https://react.dev/link/hydration-mismatch 

  ...
    <div className="app-inner ...">
      <Sprite>
      <SkipLink>
      <Header>
      <main>
      <Footer>
        <footer className="store-foot..." suppressHydrationWarning={true} data-testid="ox-footer">
          <HookSlot>
          <div>
          <FooterBottom>
            <div className="ox-footer_..." data-testid="ox-footer-...">
              <span>
              <div className="ox-footer_...">
                <p className="ox-footer_...">
                  <Suspense fallback={null}>
                    <HookSlot name="copyright" context={{...}} fallback={<Copyright>}>
                      <Copyright storeName="Optimal X">
                        <Link to="/" className="hover:text...">
                          <TanStackLinkAdapter ref={null} to="/" className="hover:text..." data-spa-link="">
                            <a
                              className="hover:text-primary"
                              style={undefined}
                              title={undefined}
                              target={undefined}
                              rel={undefined}
                              onClick={function handleClick}
                              aria-label={undefined}
                              data-spa-link=""
                              ref={{current:null}}
                              onBlur={function handleLeave}
                              onFocus={function}
                              onMouseEnter={function}
                              onMouseLeave={function handleLeave}
                              onTouchStart={function handleTouchStart}
+                             href="/services"
-                             href="/"
                            >
+                             Optimal X
                        ...
          ...
      ...
 @ http://localhost:3210/@vite/client:532
[   85867ms] [ERROR] A tree hydrated but some attributes of the server rendered HTML didn't match the client properties. This won't be patched up. This can happen if a SSR-ed Client Component used:

- A server/client branch `if (typeof window !== 'undefined')`.
- Variable input such as `Date.now()` or `Math.random()` which changes each time it's called.
- Date formatting in a user's locale which doesn't match the server.
- External changing data without sending a snapshot of it along with the HTML.
- Invalid HTML tag nesting.

It can also happen if the client has a browser extension installed which messes with the HTML before React loaded.

%s%s https://react.dev/link/hydration-mismatch 

  ...
    <ProductComponent>
      <ProductPage page={{slug:"prod...", ...}} product={{id:547650018, ...}}>
        <div className="ox-pdp ox-...">
          <div className="ox-container">
            <OxBreadcrumb page={{slug:"prod...", ...}} className="ox-crumbs ...">
              <Breadcrumb page={{slug:"prod...", ...}} className="ox-crumbs ...">
                <BreadcrumbTrail2 items={[...]} className="ox-crumbs ...">
                  <nav className="ox-crumbs ..." aria-label="Breadcrumb">
                    <ol className="s-breadcru..." itemScope={true} itemType="https://sc...">
                      <li className={"s-breadc..."} aria-current={undefined} itemProp="itemListEl..." itemScope={true} ...>
                        <Link to="/" itemProp="item">
                          <TanStackLinkAdapter ref={null} to="/" itemProp="item" data-spa-link="">
                            <a
                              className={undefined}
                              style={undefined}
                              title={undefined}
                              target={undefined}
                              rel={undefined}
                              onClick={function handleClick}
                              aria-label={undefined}
                              itemProp="item"
                              data-spa-link=""
                              ref={{current:null}}
                              onBlur={function handleLeave}
                              onFocus={function}
                              onMouseEnter={function}
                              onMouseLeave={function handleLeave}
                              onTouchStart={function handleTouchStart}
+                             href="/services"
-                             href="/"
                            >
                        ...
                      ...
                ...
            ...
          ...
 @ http://localhost:3210/@vite/client:532
[   85903ms] [ERROR] A tree hydrated but some attributes of the server rendered HTML didn't match the client properties. This won't be patched up. This can happen if a SSR-ed Client Component used:

- A server/client branch `if (typeof window !== 'undefined')`.
- Variable input such as `Date.now()` or `Math.random()` which changes each time it's called.
- Date formatting in a user's locale which doesn't match the server.
- External changing data without sending a snapshot of it along with the HTML.
- Invalid HTML tag nesting.

It can also happen if the client has a browser extension installed which messes with the HTML before React loaded.

%s%s https://react.dev/link/hydration-mismatch 

  ...
    <ProductComponent>
      <ProductPage page={{slug:"prod...", ...}} product={{id:547650018, ...}}>
        <div className="ox-pdp ox-...">
          <div className="ox-container">
            <OxBreadcrumb page={{slug:"prod...", ...}} className="ox-crumbs ...">
              <Breadcrumb page={{slug:"prod...", ...}} className="ox-crumbs ...">
                <BreadcrumbTrail2 items={[...]} className="ox-crumbs ...">
                  <nav className="ox-crumbs ..." aria-label="Breadcrumb">
                    <ol className="s-breadcru..." itemScope={true} itemType="https://sc...">
                      <li className={"s-breadc..."} aria-current={undefined} itemProp="itemListEl..." itemScope={true} ...>
                        <Link to="/" itemProp="item">
                          <TanStackLinkAdapter ref={null} to="/" itemProp="item" data-spa-link="">
                            <a
                              className={undefined}
                              style={undefined}
                              title={undefined}
                              target={undefined}
                              rel={undefined}
                              onClick={function handleClick}
                              aria-label={undefined}
                              itemProp="item"
                              data-spa-link=""
                              ref={{current:null}}
                              onBlur={function handleLeave}
                              onFocus={function}
                              onMouseEnter={function}
                              onMouseLeave={function handleLeave}
                              onTouchStart={function handleTouchStart}
+                             href="/services"
-                             href="/"
                            >
                        ...
                      ...
                ...
            ...
          ...
 @ http://localhost:3210/@vite/client:532
[   85936ms] [ERROR] A tree hydrated but some attributes of the server rendered HTML didn't match the client properties. This won't be patched up. This can happen if a SSR-ed Client Component used:

- A server/client branch `if (typeof window !== 'undefined')`.
- Variable input such as `Date.now()` or `Math.random()` which changes each time it's called.
- Date formatting in a user's locale which doesn't match the server.
- External changing data without sending a snapshot of it along with the HTML.
- Invalid HTML tag nesting.

It can also happen if the client has a browser extension installed which messes with the HTML before React loaded.

%s%s https://react.dev/link/hydration-mismatch 

  ...
    <ProductComponent>
      <ProductPage page={{slug:"prod...", ...}} product={{id:547650018, ...}}>
        <div className="ox-pdp ox-...">
          <div className="ox-container">
            <OxBreadcrumb page={{slug:"prod...", ...}} className="ox-crumbs ...">
              <Breadcrumb page={{slug:"prod...", ...}} className="ox-crumbs ...">
                <BreadcrumbTrail2 items={[...]} className="ox-crumbs ...">
                  <nav className="ox-crumbs ..." aria-label="Breadcrumb">
                    <ol className="s-breadcru..." itemScope={true} itemType="https://sc...">
                      <li className={"s-breadc..."} aria-current={undefined} itemProp="itemListEl..." itemScope={true} ...>
                        <Link to="/" itemProp="item">
                          <TanStackLinkAdapter ref={null} to="/" itemProp="item" data-spa-link="">
                            <a
                              className={undefined}
                              style={undefined}
                              title={undefined}
                              target={undefined}
                              rel={undefined}
                              onClick={function handleClick}
                              aria-label={undefined}
                              itemProp="item"
                              data-spa-link=""
                              ref={{current:null}}
                              onBlur={function handleLeave}
                              onFocus={function}
                              onMouseEnter={function}
                              onMouseLeave={function handleLeave}
                              onTouchStart={function handleTouchStart}
+                             href="/services"
-                             href="/"
                            >
                        ...
                      ...
                ...
            ...
          ...
 @ http://localhost:3210/@vite/client:532
[   85978ms] [ERROR] A tree hydrated but some attributes of the server rendered HTML didn't match the client properties. This won't be patched up. This can happen if a SSR-ed Client Component used:

- A server/client branch `if (typeof window !== 'undefined')`.
- Variable input such as `Date.now()` or `Math.random()` which changes each time it's called.
- Date formatting in a user's locale which doesn't match the server.
- External changing data without sending a snapshot of it along with the HTML.
- Invalid HTML tag nesting.

It can also happen if the client has a browser extension installed which messes with the HTML before React loaded.

%s%s https://react.dev/link/hydration-mismatch 

  ...
    <ProductComponent>
      <ProductPage page={{slug:"prod...", ...}} product={{id:547650018, ...}}>
        <div className="ox-pdp ox-...">
          <div className="ox-container">
            <OxBreadcrumb page={{slug:"prod...", ...}} className="ox-crumbs ...">
              <Breadcrumb page={{slug:"prod...", ...}} className="ox-crumbs ...">
                <BreadcrumbTrail2 items={[...]} className="ox-crumbs ...">
                  <nav className="ox-crumbs ..." aria-label="Breadcrumb">
                    <ol className="s-breadcru..." itemScope={true} itemType="https://sc...">
                      <li className={"s-breadc..."} aria-current={undefined} itemProp="itemListEl..." itemScope={true} ...>
                        <Link to="/" itemProp="item">
                          <TanStackLinkAdapter ref={null} to="/" itemProp="item" data-spa-link="">
                            <a
                              className={undefined}
                              style={undefined}
                              title={undefined}
                              target={undefined}
                              rel={undefined}
                              onClick={function handleClick}
                              aria-label={undefined}
                              itemProp="item"
                              data-spa-link=""
                              ref={{current:null}}
                              onBlur={function handleLeave}
                              onFocus={function}
                              onMouseEnter={function}
                              onMouseLeave={function handleLeave}
                              onTouchStart={function handleTouchStart}
+                             href="/services"
-                             href="/"
                            >
                        ...
                      ...
                ...
            ...
          ...
 @ http://localhost:3210/@vite/client:532
[  125602ms] [ERROR] TypeError: Cannot read properties of null (reading 'length')
    at v.render (https://cdn.assets.salla.network/dev/@salla.sa/twilight/9b1ad668bb386735f64a045e4c13b4c5508ad4c8/p-8f2ecff5.entry.js:4:25557)
    at Yt (https://cdn.assets.salla.network/dev/@salla.sa/twilight/9b1ad668bb386735f64a045e4c13b4c5508ad4c8/p-Cz6ID6IN.js:4:19885)
    at qt (https://cdn.assets.salla.network/dev/@salla.sa/twilight/9b1ad668bb386735f64a045e4c13b4c5508ad4c8/p-Cz6ID6IN.js:4:19696)
    at https://cdn.assets.salla.network/dev/@salla.sa/twilight/9b1ad668bb386735f64a045e4c13b4c5508ad4c8/p-Cz6ID6IN.js:4:19351 JSHandle@node @ http://localhost:3210/@vite/client:532
[  125850ms] [ERROR] TypeError: Cannot read properties of null (reading 'length')
    at v.emitPromotionViewed (https://cdn.assets.salla.network/dev/@salla.sa/twilight/9b1ad668bb386735f64a045e4c13b4c5508ad4c8/p-8f2ecff5.entry.js:4:22121)
    at v.componentDidLoad (https://cdn.assets.salla.network/dev/@salla.sa/twilight/9b1ad668bb386735f64a045e4c13b4c5508ad4c8/p-8f2ecff5.entry.js:4:25334)
    at Kt (https://cdn.assets.salla.network/dev/@salla.sa/twilight/9b1ad668bb386735f64a045e4c13b4c5508ad4c8/p-Cz6ID6IN.js:4:22621)
    at Gt (https://cdn.assets.salla.network/dev/@salla.sa/twilight/9b1ad668bb386735f64a045e4c13b4c5508ad4c8/p-Cz6ID6IN.js:4:22203)
    at e (https://cdn.assets.salla.network/dev/@salla.sa/twilight/9b1ad668bb386735f64a045e4c13b4c5508ad4c8/p-Cz6ID6IN.js:4:19785)
    at qt (https://cdn.assets.salla.network/dev/@salla.sa/twilight/9b1ad668bb386735f64a045e4c13b4c5508ad4c8/p-Cz6ID6IN.js:4:19804)
    at https://cdn.assets.salla.network/dev/@salla.sa/twilight/9b1ad668bb386735f64a045e4c13b4c5508ad4c8/p-Cz6ID6IN.js:4:19351 JSHandle@node @ http://localhost:3210/@vite/client:532
[ 1303078ms] [LOG] [HomeComponentRenderer] RENDER: path=ox-hero, index=0, renderCount=1 @ http://localhost:3210/node_modules/.pnpm/@salla.sa+twilight-theme-en_c3cd9c099c8c4c71b5353d842e4aee2e/node_modules/@salla.sa/twilight-theme-engine/dist/chunk-WITIL2MK.js?v=c58539c0:670
[ 1303080ms] [LOG] [HomeComponentRenderer] RENDER: path=ox-hero, index=0, renderCount=2 @ http://localhost:3210/node_modules/.pnpm/@salla.sa+twilight-theme-en_c3cd9c099c8c4c71b5353d842e4aee2e/node_modules/@salla.sa/twilight-theme-engine/dist/chunk-WITIL2MK.js?v=c58539c0:670
[ 1303090ms] [LOG] [HomeComponentRenderer] RENDER: path=ox-trust-strip, index=1, renderCount=1 @ http://localhost:3210/node_modules/.pnpm/@salla.sa+twilight-theme-en_c3cd9c099c8c4c71b5353d842e4aee2e/node_modules/@salla.sa/twilight-theme-engine/dist/chunk-WITIL2MK.js?v=c58539c0:670
[ 1303090ms] [LOG] [HomeComponentRenderer] RENDER: path=ox-trust-strip, index=1, renderCount=2 @ http://localhost:3210/node_modules/.pnpm/@salla.sa+twilight-theme-en_c3cd9c099c8c4c71b5353d842e4aee2e/node_modules/@salla.sa/twilight-theme-engine/dist/chunk-WITIL2MK.js?v=c58539c0:670
[ 1303097ms] [LOG] [HomeComponentRenderer] RENDER: path=ox-goals, index=2, renderCount=1 @ http://localhost:3210/node_modules/.pnpm/@salla.sa+twilight-theme-en_c3cd9c099c8c4c71b5353d842e4aee2e/node_modules/@salla.sa/twilight-theme-engine/dist/chunk-WITIL2MK.js?v=c58539c0:670
[ 1303097ms] [LOG] [HomeComponentRenderer] RENDER: path=ox-goals, index=2, renderCount=2 @ http://localhost:3210/node_modules/.pnpm/@salla.sa+twilight-theme-en_c3cd9c099c8c4c71b5353d842e4aee2e/node_modules/@salla.sa/twilight-theme-engine/dist/chunk-WITIL2MK.js?v=c58539c0:670
[ 1303120ms] [LOG] [HomeComponentRenderer] RENDER: path=ox-products, index=3, renderCount=1 @ http://localhost:3210/node_modules/.pnpm/@salla.sa+twilight-theme-en_c3cd9c099c8c4c71b5353d842e4aee2e/node_modules/@salla.sa/twilight-theme-engine/dist/chunk-WITIL2MK.js?v=c58539c0:670
[ 1303121ms] [LOG] [HomeComponentRenderer] RENDER: path=ox-products, index=3, renderCount=2 @ http://localhost:3210/node_modules/.pnpm/@salla.sa+twilight-theme-en_c3cd9c099c8c4c71b5353d842e4aee2e/node_modules/@salla.sa/twilight-theme-engine/dist/chunk-WITIL2MK.js?v=c58539c0:670
[ 1303125ms] [LOG] [HomeComponentRenderer] RENDER: path=ox-poster, index=4, renderCount=1 @ http://localhost:3210/node_modules/.pnpm/@salla.sa+twilight-theme-en_c3cd9c099c8c4c71b5353d842e4aee2e/node_modules/@salla.sa/twilight-theme-engine/dist/chunk-WITIL2MK.js?v=c58539c0:670
[ 1303125ms] [LOG] [HomeComponentRenderer] RENDER: path=ox-poster, index=4, renderCount=2 @ http://localhost:3210/node_modules/.pnpm/@salla.sa+twilight-theme-en_c3cd9c099c8c4c71b5353d842e4aee2e/node_modules/@salla.sa/twilight-theme-engine/dist/chunk-WITIL2MK.js?v=c58539c0:670
[ 1303126ms] [LOG] [HomeComponentRenderer] RENDER: path=ox-posters, index=5, renderCount=1 @ http://localhost:3210/node_modules/.pnpm/@salla.sa+twilight-theme-en_c3cd9c099c8c4c71b5353d842e4aee2e/node_modules/@salla.sa/twilight-theme-engine/dist/chunk-WITIL2MK.js?v=c58539c0:670
[ 1303127ms] [LOG] [HomeComponentRenderer] RENDER: path=ox-posters, index=5, renderCount=2 @ http://localhost:3210/node_modules/.pnpm/@salla.sa+twilight-theme-en_c3cd9c099c8c4c71b5353d842e4aee2e/node_modules/@salla.sa/twilight-theme-engine/dist/chunk-WITIL2MK.js?v=c58539c0:670
[ 1303129ms] [LOG] [HomeComponentRenderer] RENDER: path=ox-products-secondary, index=6, renderCount=1 @ http://localhost:3210/node_modules/.pnpm/@salla.sa+twilight-theme-en_c3cd9c099c8c4c71b5353d842e4aee2e/node_modules/@salla.sa/twilight-theme-engine/dist/chunk-WITIL2MK.js?v=c58539c0:670
[ 1303129ms] [LOG] [HomeComponentRenderer] RENDER: path=ox-products-secondary, index=6, renderCount=2 @ http://localhost:3210/node_modules/.pnpm/@salla.sa+twilight-theme-en_c3cd9c099c8c4c71b5353d842e4aee2e/node_modules/@salla.sa/twilight-theme-engine/dist/chunk-WITIL2MK.js?v=c58539c0:670
[ 1303131ms] [LOG] [HomeComponentRenderer] RENDER: path=ox-categories, index=7, renderCount=1 @ http://localhost:3210/node_modules/.pnpm/@salla.sa+twilight-theme-en_c3cd9c099c8c4c71b5353d842e4aee2e/node_modules/@salla.sa/twilight-theme-engine/dist/chunk-WITIL2MK.js?v=c58539c0:670
[ 1303131ms] [LOG] [HomeComponentRenderer] RENDER: path=ox-categories, index=7, renderCount=2 @ http://localhost:3210/node_modules/.pnpm/@salla.sa+twilight-theme-en_c3cd9c099c8c4c71b5353d842e4aee2e/node_modules/@salla.sa/twilight-theme-engine/dist/chunk-WITIL2MK.js?v=c58539c0:670
[ 1303134ms] [LOG] [HomeComponentRenderer] RENDER: path=ox-brands, index=8, renderCount=1 @ http://localhost:3210/node_modules/.pnpm/@salla.sa+twilight-theme-en_c3cd9c099c8c4c71b5353d842e4aee2e/node_modules/@salla.sa/twilight-theme-engine/dist/chunk-WITIL2MK.js?v=c58539c0:670
[ 1303134ms] [LOG] [HomeComponentRenderer] RENDER: path=ox-brands, index=8, renderCount=2 @ http://localhost:3210/node_modules/.pnpm/@salla.sa+twilight-theme-en_c3cd9c099c8c4c71b5353d842e4aee2e/node_modules/@salla.sa/twilight-theme-engine/dist/chunk-WITIL2MK.js?v=c58539c0:670
[ 1303136ms] [LOG] [HomeComponentRenderer] RENDER: path=ox-services, index=9, renderCount=1 @ http://localhost:3210/node_modules/.pnpm/@salla.sa+twilight-theme-en_c3cd9c099c8c4c71b5353d842e4aee2e/node_modules/@salla.sa/twilight-theme-engine/dist/chunk-WITIL2MK.js?v=c58539c0:670
[ 1303136ms] [LOG] [HomeComponentRenderer] RENDER: path=ox-services, index=9, renderCount=2 @ http://localhost:3210/node_modules/.pnpm/@salla.sa+twilight-theme-en_c3cd9c099c8c4c71b5353d842e4aee2e/node_modules/@salla.sa/twilight-theme-engine/dist/chunk-WITIL2MK.js?v=c58539c0:670
[ 1303139ms] [LOG] [HomeComponentRenderer] RENDER: path=ox-guides, index=10, renderCount=1 @ http://localhost:3210/node_modules/.pnpm/@salla.sa+twilight-theme-en_c3cd9c099c8c4c71b5353d842e4aee2e/node_modules/@salla.sa/twilight-theme-engine/dist/chunk-WITIL2MK.js?v=c58539c0:670
[ 1303140ms] [LOG] [HomeComponentRenderer] RENDER: path=ox-guides, index=10, renderCount=2 @ http://localhost:3210/node_modules/.pnpm/@salla.sa+twilight-theme-en_c3cd9c099c8c4c71b5353d842e4aee2e/node_modules/@salla.sa/twilight-theme-engine/dist/chunk-WITIL2MK.js?v=c58539c0:670
[ 1303141ms] [LOG] [HomeComponentRenderer] RENDER: path=ox-branch, index=11, renderCount=1 @ http://localhost:3210/node_modules/.pnpm/@salla.sa+twilight-theme-en_c3cd9c099c8c4c71b5353d842e4aee2e/node_modules/@salla.sa/twilight-theme-engine/dist/chunk-WITIL2MK.js?v=c58539c0:670
[ 1303141ms] [LOG] [HomeComponentRenderer] RENDER: path=ox-branch, index=11, renderCount=2 @ http://localhost:3210/node_modules/.pnpm/@salla.sa+twilight-theme-en_c3cd9c099c8c4c71b5353d842e4aee2e/node_modules/@salla.sa/twilight-theme-engine/dist/chunk-WITIL2MK.js?v=c58539c0:670
[ 1303143ms] [LOG] [HomeComponentRenderer] RENDER: path=ox-certifications, index=12, renderCount=1 @ http://localhost:3210/node_modules/.pnpm/@salla.sa+twilight-theme-en_c3cd9c099c8c4c71b5353d842e4aee2e/node_modules/@salla.sa/twilight-theme-engine/dist/chunk-WITIL2MK.js?v=c58539c0:670
[ 1303144ms] [LOG] [HomeComponentRenderer] RENDER: path=ox-certifications, index=12, renderCount=2 @ http://localhost:3210/node_modules/.pnpm/@salla.sa+twilight-theme-en_c3cd9c099c8c4c71b5353d842e4aee2e/node_modules/@salla.sa/twilight-theme-engine/dist/chunk-WITIL2MK.js?v=c58539c0:670
[ 1303144ms] [LOG] [HomeComponentRenderer] RENDER: path=ox-faq, index=13, renderCount=1 @ http://localhost:3210/node_modules/.pnpm/@salla.sa+twilight-theme-en_c3cd9c099c8c4c71b5353d842e4aee2e/node_modules/@salla.sa/twilight-theme-engine/dist/chunk-WITIL2MK.js?v=c58539c0:670
[ 1303145ms] [LOG] [HomeComponentRenderer] RENDER: path=ox-faq, index=13, renderCount=2 @ http://localhost:3210/node_modules/.pnpm/@salla.sa+twilight-theme-en_c3cd9c099c8c4c71b5353d842e4aee2e/node_modules/@salla.sa/twilight-theme-engine/dist/chunk-WITIL2MK.js?v=c58539c0:670
[ 1303146ms] [LOG] [HomeComponentRenderer] RENDER: path=ox-newsletter, index=14, renderCount=1 @ http://localhost:3210/node_modules/.pnpm/@salla.sa+twilight-theme-en_c3cd9c099c8c4c71b5353d842e4aee2e/node_modules/@salla.sa/twilight-theme-engine/dist/chunk-WITIL2MK.js?v=c58539c0:670
[ 1303146ms] [LOG] [HomeComponentRenderer] RENDER: path=ox-newsletter, index=14, renderCount=2 @ http://localhost:3210/node_modules/.pnpm/@salla.sa+twilight-theme-en_c3cd9c099c8c4c71b5353d842e4aee2e/node_modules/@salla.sa/twilight-theme-engine/dist/chunk-WITIL2MK.js?v=c58539c0:670
[ 1303147ms] [LOG] [HomeComponentRenderer] RENDER: path=ox-banner, index=15, renderCount=1 @ http://localhost:3210/node_modules/.pnpm/@salla.sa+twilight-theme-en_c3cd9c099c8c4c71b5353d842e4aee2e/node_modules/@salla.sa/twilight-theme-engine/dist/chunk-WITIL2MK.js?v=c58539c0:670
[ 1303147ms] [LOG] [HomeComponentRenderer] RENDER: path=ox-banner, index=15, renderCount=2 @ http://localhost:3210/node_modules/.pnpm/@salla.sa+twilight-theme-en_c3cd9c099c8c4c71b5353d842e4aee2e/node_modules/@salla.sa/twilight-theme-engine/dist/chunk-WITIL2MK.js?v=c58539c0:670
[ 1303226ms] [LOG] [HomeComponentRenderer] MOUNT: path=ox-hero, index=0, renderCount=2 @ http://localhost:3210/node_modules/.pnpm/@salla.sa+twilight-theme-en_c3cd9c099c8c4c71b5353d842e4aee2e/node_modules/@salla.sa/twilight-theme-engine/dist/chunk-WITIL2MK.js?v=c58539c0:673
[ 1303227ms] [LOG] [HomeComponentRenderer] MOUNT: path=ox-trust-strip, index=1, renderCount=2 @ http://localhost:3210/node_modules/.pnpm/@salla.sa+twilight-theme-en_c3cd9c099c8c4c71b5353d842e4aee2e/node_modules/@salla.sa/twilight-theme-engine/dist/chunk-WITIL2MK.js?v=c58539c0:673
[ 1303228ms] [LOG] [HomeComponentRenderer] MOUNT: path=ox-goals, index=2, renderCount=2 @ http://localhost:3210/node_modules/.pnpm/@salla.sa+twilight-theme-en_c3cd9c099c8c4c71b5353d842e4aee2e/node_modules/@salla.sa/twilight-theme-engine/dist/chunk-WITIL2MK.js?v=c58539c0:673
[ 1303229ms] [LOG] [HomeComponentRenderer] MOUNT: path=ox-products, index=3, renderCount=2 @ http://localhost:3210/node_modules/.pnpm/@salla.sa+twilight-theme-en_c3cd9c099c8c4c71b5353d842e4aee2e/node_modules/@salla.sa/twilight-theme-engine/dist/chunk-WITIL2MK.js?v=c58539c0:673
[ 1303230ms] [LOG] [HomeComponentRenderer] MOUNT: path=ox-poster, index=4, renderCount=2 @ http://localhost:3210/node_modules/.pnpm/@salla.sa+twilight-theme-en_c3cd9c099c8c4c71b5353d842e4aee2e/node_modules/@salla.sa/twilight-theme-engine/dist/chunk-WITIL2MK.js?v=c58539c0:673
[ 1303230ms] [LOG] [HomeComponentRenderer] MOUNT: path=ox-posters, index=5, renderCount=2 @ http://localhost:3210/node_modules/.pnpm/@salla.sa+twilight-theme-en_c3cd9c099c8c4c71b5353d842e4aee2e/node_modules/@salla.sa/twilight-theme-engine/dist/chunk-WITIL2MK.js?v=c58539c0:673
[ 1303231ms] [LOG] [HomeComponentRenderer] MOUNT: path=ox-products-secondary, index=6, renderCount=2 @ http://localhost:3210/node_modules/.pnpm/@salla.sa+twilight-theme-en_c3cd9c099c8c4c71b5353d842e4aee2e/node_modules/@salla.sa/twilight-theme-engine/dist/chunk-WITIL2MK.js?v=c58539c0:673
[ 1303232ms] [LOG] [HomeComponentRenderer] MOUNT: path=ox-categories, index=7, renderCount=2 @ http://localhost:3210/node_modules/.pnpm/@salla.sa+twilight-theme-en_c3cd9c099c8c4c71b5353d842e4aee2e/node_modules/@salla.sa/twilight-theme-engine/dist/chunk-WITIL2MK.js?v=c58539c0:673
[ 1303233ms] [LOG] [HomeComponentRenderer] MOUNT: path=ox-brands, index=8, renderCount=2 @ http://localhost:3210/node_modules/.pnpm/@salla.sa+twilight-theme-en_c3cd9c099c8c4c71b5353d842e4aee2e/node_modules/@salla.sa/twilight-theme-engine/dist/chunk-WITIL2MK.js?v=c58539c0:673
[ 1303233ms] [LOG] [HomeComponentRenderer] MOUNT: path=ox-services, index=9, renderCount=2 @ http://localhost:3210/node_modules/.pnpm/@salla.sa+twilight-theme-en_c3cd9c099c8c4c71b5353d842e4aee2e/node_modules/@salla.sa/twilight-theme-engine/dist/chunk-WITIL2MK.js?v=c58539c0:673
[ 1303234ms] [LOG] [HomeComponentRenderer] MOUNT: path=ox-guides, index=10, renderCount=2 @ http://localhost:3210/node_modules/.pnpm/@salla.sa+twilight-theme-en_c3cd9c099c8c4c71b5353d842e4aee2e/node_modules/@salla.sa/twilight-theme-engine/dist/chunk-WITIL2MK.js?v=c58539c0:673
[ 1303234ms] [LOG] [HomeComponentRenderer] MOUNT: path=ox-branch, index=11, renderCount=2 @ http://localhost:3210/node_modules/.pnpm/@salla.sa+twilight-theme-en_c3cd9c099c8c4c71b5353d842e4aee2e/node_modules/@salla.sa/twilight-theme-engine/dist/chunk-WITIL2MK.js?v=c58539c0:673
[ 1303235ms] [LOG] [HomeComponentRenderer] MOUNT: path=ox-certifications, index=12, renderCount=2 @ http://localhost:3210/node_modules/.pnpm/@salla.sa+twilight-theme-en_c3cd9c099c8c4c71b5353d842e4aee2e/node_modules/@salla.sa/twilight-theme-engine/dist/chunk-WITIL2MK.js?v=c58539c0:673
[ 1303236ms] [LOG] [HomeComponentRenderer] MOUNT: path=ox-faq, index=13, renderCount=2 @ http://localhost:3210/node_modules/.pnpm/@salla.sa+twilight-theme-en_c3cd9c099c8c4c71b5353d842e4aee2e/node_modules/@salla.sa/twilight-theme-engine/dist/chunk-WITIL2MK.js?v=c58539c0:673
[ 1303236ms] [LOG] [HomeComponentRenderer] MOUNT: path=ox-newsletter, index=14, renderCount=2 @ http://localhost:3210/node_modules/.pnpm/@salla.sa+twilight-theme-en_c3cd9c099c8c4c71b5353d842e4aee2e/node_modules/@salla.sa/twilight-theme-engine/dist/chunk-WITIL2MK.js?v=c58539c0:673
[ 1303237ms] [LOG] [HomeComponentRenderer] MOUNT: path=ox-banner, index=15, renderCount=2 @ http://localhost:3210/node_modules/.pnpm/@salla.sa+twilight-theme-en_c3cd9c099c8c4c71b5353d842e4aee2e/node_modules/@salla.sa/twilight-theme-engine/dist/chunk-WITIL2MK.js?v=c58539c0:673
[ 1303249ms] [LOG] [HomeComponentRenderer] UNMOUNT: path=ox-hero, index=0 @ http://localhost:3210/node_modules/.pnpm/@salla.sa+twilight-theme-en_c3cd9c099c8c4c71b5353d842e4aee2e/node_modules/@salla.sa/twilight-theme-engine/dist/chunk-WITIL2MK.js?v=c58539c0:675
[ 1303249ms] [LOG] [HomeComponentRenderer] UNMOUNT: path=ox-trust-strip, index=1 @ http://localhost:3210/node_modules/.pnpm/@salla.sa+twilight-theme-en_c3cd9c099c8c4c71b5353d842e4aee2e/node_modules/@salla.sa/twilight-theme-engine/dist/chunk-WITIL2MK.js?v=c58539c0:675
[ 1303249ms] [LOG] [HomeComponentRenderer] UNMOUNT: path=ox-goals, index=2 @ http://localhost:3210/node_modules/.pnpm/@salla.sa+twilight-theme-en_c3cd9c099c8c4c71b5353d842e4aee2e/node_modules/@salla.sa/twilight-theme-engine/dist/chunk-WITIL2MK.js?v=c58539c0:675
[ 1303250ms] [LOG] [HomeComponentRenderer] UNMOUNT: path=ox-products, index=3 @ http://localhost:3210/node_modules/.pnpm/@salla.sa+twilight-theme-en_c3cd9c099c8c4c71b5353d842e4aee2e/node_modules/@salla.sa/twilight-theme-engine/dist/chunk-WITIL2MK.js?v=c58539c0:675
[ 1303250ms] [LOG] [HomeComponentRenderer] UNMOUNT: path=ox-poster, index=4 @ http://localhost:3210/node_modules/.pnpm/@salla.sa+twilight-theme-en_c3cd9c099c8c4c71b5353d842e4aee2e/node_modules/@salla.sa/twilight-theme-engine/dist/chunk-WITIL2MK.js?v=c58539c0:675
[ 1303251ms] [LOG] [HomeComponentRenderer] UNMOUNT: path=ox-posters, index=5 @ http://localhost:3210/node_modules/.pnpm/@salla.sa+twilight-theme-en_c3cd9c099c8c4c71b5353d842e4aee2e/node_modules/@salla.sa/twilight-theme-engine/dist/chunk-WITIL2MK.js?v=c58539c0:675
[ 1303251ms] [LOG] [HomeComponentRenderer] UNMOUNT: path=ox-products-secondary, index=6 @ http://localhost:3210/node_modules/.pnpm/@salla.sa+twilight-theme-en_c3cd9c099c8c4c71b5353d842e4aee2e/node_modules/@salla.sa/twilight-theme-engine/dist/chunk-WITIL2MK.js?v=c58539c0:675
[ 1303251ms] [LOG] [HomeComponentRenderer] UNMOUNT: path=ox-categories, index=7 @ http://localhost:3210/node_modules/.pnpm/@salla.sa+twilight-theme-en_c3cd9c099c8c4c71b5353d842e4aee2e/node_modules/@salla.sa/twilight-theme-engine/dist/chunk-WITIL2MK.js?v=c58539c0:675
[ 1303252ms] [LOG] [HomeComponentRenderer] UNMOUNT: path=ox-brands, index=8 @ http://localhost:3210/node_modules/.pnpm/@salla.sa+twilight-theme-en_c3cd9c099c8c4c71b5353d842e4aee2e/node_modules/@salla.sa/twilight-theme-engine/dist/chunk-WITIL2MK.js?v=c58539c0:675
[ 1303252ms] [LOG] [HomeComponentRenderer] UNMOUNT: path=ox-services, index=9 @ http://localhost:3210/node_modules/.pnpm/@salla.sa+twilight-theme-en_c3cd9c099c8c4c71b5353d842e4aee2e/node_modules/@salla.sa/twilight-theme-engine/dist/chunk-WITIL2MK.js?v=c58539c0:675
[ 1303252ms] [LOG] [HomeComponentRenderer] UNMOUNT: path=ox-guides, index=10 @ http://localhost:3210/node_modules/.pnpm/@salla.sa+twilight-theme-en_c3cd9c099c8c4c71b5353d842e4aee2e/node_modules/@salla.sa/twilight-theme-engine/dist/chunk-WITIL2MK.js?v=c58539c0:675
[ 1303253ms] [LOG] [HomeComponentRenderer] UNMOUNT: path=ox-branch, index=11 @ http://localhost:3210/node_modules/.pnpm/@salla.sa+twilight-theme-en_c3cd9c099c8c4c71b5353d842e4aee2e/node_modules/@salla.sa/twilight-theme-engine/dist/chunk-WITIL2MK.js?v=c58539c0:675
[ 1303253ms] [LOG] [HomeComponentRenderer] UNMOUNT: path=ox-certifications, index=12 @ http://localhost:3210/node_modules/.pnpm/@salla.sa+twilight-theme-en_c3cd9c099c8c4c71b5353d842e4aee2e/node_modules/@salla.sa/twilight-theme-engine/dist/chunk-WITIL2MK.js?v=c58539c0:675
[ 1303254ms] [LOG] [HomeComponentRenderer] UNMOUNT: path=ox-faq, index=13 @ http://localhost:3210/node_modules/.pnpm/@salla.sa+twilight-theme-en_c3cd9c099c8c4c71b5353d842e4aee2e/node_modules/@salla.sa/twilight-theme-engine/dist/chunk-WITIL2MK.js?v=c58539c0:675
[ 1303254ms] [LOG] [HomeComponentRenderer] UNMOUNT: path=ox-newsletter, index=14 @ http://localhost:3210/node_modules/.pnpm/@salla.sa+twilight-theme-en_c3cd9c099c8c4c71b5353d842e4aee2e/node_modules/@salla.sa/twilight-theme-engine/dist/chunk-WITIL2MK.js?v=c58539c0:675
[ 1303255ms] [LOG] [HomeComponentRenderer] UNMOUNT: path=ox-banner, index=15 @ http://localhost:3210/node_modules/.pnpm/@salla.sa+twilight-theme-en_c3cd9c099c8c4c71b5353d842e4aee2e/node_modules/@salla.sa/twilight-theme-engine/dist/chunk-WITIL2MK.js?v=c58539c0:675
[ 1303264ms] [LOG] [HomeComponentRenderer] MOUNT: path=ox-hero, index=0, renderCount=2 @ http://localhost:3210/node_modules/.pnpm/@salla.sa+twilight-theme-en_c3cd9c099c8c4c71b5353d842e4aee2e/node_modules/@salla.sa/twilight-theme-engine/dist/chunk-WITIL2MK.js?v=c58539c0:673
[ 1303264ms] [LOG] [HomeComponentRenderer] MOUNT: path=ox-trust-strip, index=1, renderCount=2 @ http://localhost:3210/node_modules/.pnpm/@salla.sa+twilight-theme-en_c3cd9c099c8c4c71b5353d842e4aee2e/node_modules/@salla.sa/twilight-theme-engine/dist/chunk-WITIL2MK.js?v=c58539c0:673
[ 1303265ms] [LOG] [HomeComponentRenderer] MOUNT: path=ox-goals, index=2, renderCount=2 @ http://localhost:3210/node_modules/.pnpm/@salla.sa+twilight-theme-en_c3cd9c099c8c4c71b5353d842e4aee2e/node_modules/@salla.sa/twilight-theme-engine/dist/chunk-WITIL2MK.js?v=c58539c0:673
[ 1303265ms] [LOG] [HomeComponentRenderer] MOUNT: path=ox-products, index=3, renderCount=2 @ http://localhost:3210/node_modules/.pnpm/@salla.sa+twilight-theme-en_c3cd9c099c8c4c71b5353d842e4aee2e/node_modules/@salla.sa/twilight-theme-engine/dist/chunk-WITIL2MK.js?v=c58539c0:673
[ 1303265ms] [LOG] [HomeComponentRenderer] MOUNT: path=ox-poster, index=4, renderCount=2 @ http://localhost:3210/node_modules/.pnpm/@salla.sa+twilight-theme-en_c3cd9c099c8c4c71b5353d842e4aee2e/node_modules/@salla.sa/twilight-theme-engine/dist/chunk-WITIL2MK.js?v=c58539c0:673
[ 1303266ms] [LOG] [HomeComponentRenderer] MOUNT: path=ox-posters, index=5, renderCount=2 @ http://localhost:3210/node_modules/.pnpm/@salla.sa+twilight-theme-en_c3cd9c099c8c4c71b5353d842e4aee2e/node_modules/@salla.sa/twilight-theme-engine/dist/chunk-WITIL2MK.js?v=c58539c0:673
[ 1303266ms] [LOG] [HomeComponentRenderer] MOUNT: path=ox-products-secondary, index=6, renderCount=2 @ http://localhost:3210/node_modules/.pnpm/@salla.sa+twilight-theme-en_c3cd9c099c8c4c71b5353d842e4aee2e/node_modules/@salla.sa/twilight-theme-engine/dist/chunk-WITIL2MK.js?v=c58539c0:673
[ 1303266ms] [LOG] [HomeComponentRenderer] MOUNT: path=ox-categories, index=7, renderCount=2 @ http://localhost:3210/node_modules/.pnpm/@salla.sa+twilight-theme-en_c3cd9c099c8c4c71b5353d842e4aee2e/node_modules/@salla.sa/twilight-theme-engine/dist/chunk-WITIL2MK.js?v=c58539c0:673
[ 1303266ms] [LOG] [HomeComponentRenderer] MOUNT: path=ox-brands, index=8, renderCount=2 @ http://localhost:3210/node_modules/.pnpm/@salla.sa+twilight-theme-en_c3cd9c099c8c4c71b5353d842e4aee2e/node_modules/@salla.sa/twilight-theme-engine/dist/chunk-WITIL2MK.js?v=c58539c0:673
[ 1303267ms] [LOG] [HomeComponentRenderer] MOUNT: path=ox-services, index=9, renderCount=2 @ http://localhost:3210/node_modules/.pnpm/@salla.sa+twilight-theme-en_c3cd9c099c8c4c71b5353d842e4aee2e/node_modules/@salla.sa/twilight-theme-engine/dist/chunk-WITIL2MK.js?v=c58539c0:673
[ 1303267ms] [LOG] [HomeComponentRenderer] MOUNT: path=ox-guides, index=10, renderCount=2 @ http://localhost:3210/node_modules/.pnpm/@salla.sa+twilight-theme-en_c3cd9c099c8c4c71b5353d842e4aee2e/node_modules/@salla.sa/twilight-theme-engine/dist/chunk-WITIL2MK.js?v=c58539c0:673
[ 1303267ms] [LOG] [HomeComponentRenderer] MOUNT: path=ox-branch, index=11, renderCount=2 @ http://localhost:3210/node_modules/.pnpm/@salla.sa+twilight-theme-en_c3cd9c099c8c4c71b5353d842e4aee2e/node_modules/@salla.sa/twilight-theme-engine/dist/chunk-WITIL2MK.js?v=c58539c0:673
[ 1303267ms] [LOG] [HomeComponentRenderer] MOUNT: path=ox-certifications, index=12, renderCount=2 @ http://localhost:3210/node_modules/.pnpm/@salla.sa+twilight-theme-en_c3cd9c099c8c4c71b5353d842e4aee2e/node_modules/@salla.sa/twilight-theme-engine/dist/chunk-WITIL2MK.js?v=c58539c0:673
[ 1303267ms] [LOG] [HomeComponentRenderer] MOUNT: path=ox-faq, index=13, renderCount=2 @ http://localhost:3210/node_modules/.pnpm/@salla.sa+twilight-theme-en_c3cd9c099c8c4c71b5353d842e4aee2e/node_modules/@salla.sa/twilight-theme-engine/dist/chunk-WITIL2MK.js?v=c58539c0:673
[ 1303268ms] [LOG] [HomeComponentRenderer] MOUNT: path=ox-newsletter, index=14, renderCount=2 @ http://localhost:3210/node_modules/.pnpm/@salla.sa+twilight-theme-en_c3cd9c099c8c4c71b5353d842e4aee2e/node_modules/@salla.sa/twilight-theme-engine/dist/chunk-WITIL2MK.js?v=c58539c0:673
[ 1303268ms] [LOG] [HomeComponentRenderer] MOUNT: path=ox-banner, index=15, renderCount=2 @ http://localhost:3210/node_modules/.pnpm/@salla.sa+twilight-theme-en_c3cd9c099c8c4c71b5353d842e4aee2e/node_modules/@salla.sa/twilight-theme-engine/dist/chunk-WITIL2MK.js?v=c58539c0:673
[ 1304912ms] [ERROR] [store.settings] Failed: TypeError: Failed to execute 'set' on 'Headers': String contains non ISO-8859-1 code point.
    at ky.extend.hooks.beforeRequest (http://localhost:3210/node_modules/.pnpm/@salla.sa+twilight-theme-en_c3cd9c099c8c4c71b5353d842e4aee2e/node_modules/@salla.sa/twilight-theme-engine/dist/chunk-O6XXHXC4.js?v=c58539c0:95:25)
    at http://localhost:3210/node_modules/.pnpm/ky@2.1.0/node_modules/ky/distribution/core/Ky.js?v=c58539c0:731:73
    at #raceWithTotalTimeout (http://localhost:3210/node_modules/.pnpm/ky@2.1.0/node_modules/ky/distribution/core/Ky.js?v=c58539c0:572:20)
    at #runBeforeRequestHooks (http://localhost:3210/node_modules/.pnpm/ky@2.1.0/node_modules/ky/distribution/core/Ky.js?v=c58539c0:731:60)
    at function_ (http://localhost:3210/node_modules/.pnpm/ky@2.1.0/node_modules/ky/distribution/core/Ky.js?v=c58539c0:117:74)
    at async http://localhost:3210/node_modules/.pnpm/ky@2.1.0/node_modules/ky/distribution/core/Ky.js?v=c58539c0:195:24
    at async result.<computed> [as json] (http://localhost:3210/node_modules/.pnpm/ky@2.1.0/node_modules/ky/distribution/core/Ky.js?v=c58539c0:219:34)
    at async Object.settings (http://localhost:3210/node_modules/.pnpm/@salla.sa+twilight-theme-en_c3cd9c099c8c4c71b5353d842e4aee2e/node_modules/@salla.sa/twilight-theme-engine/dist/chunk-WMSOSA74.js?v=c58539c0:34:20) @ http://localhost:3210/@vite/client:532
[ 1312701ms] [ERROR] [store.settings] Failed: TypeError: Failed to execute 'set' on 'Headers': String contains non ISO-8859-1 code point.
    at ky.extend.hooks.beforeRequest (http://localhost:3210/node_modules/.pnpm/@salla.sa+twilight-theme-en_c3cd9c099c8c4c71b5353d842e4aee2e/node_modules/@salla.sa/twilight-theme-engine/dist/chunk-O6XXHXC4.js?v=c58539c0:95:25)
    at http://localhost:3210/node_modules/.pnpm/ky@2.1.0/node_modules/ky/distribution/core/Ky.js?v=c58539c0:731:73
    at #raceWithTotalTimeout (http://localhost:3210/node_modules/.pnpm/ky@2.1.0/node_modules/ky/distribution/core/Ky.js?v=c58539c0:572:20)
    at #runBeforeRequestHooks (http://localhost:3210/node_modules/.pnpm/ky@2.1.0/node_modules/ky/distribution/core/Ky.js?v=c58539c0:731:60)
    at function_ (http://localhost:3210/node_modules/.pnpm/ky@2.1.0/node_modules/ky/distribution/core/Ky.js?v=c58539c0:117:74)
    at async http://localhost:3210/node_modules/.pnpm/ky@2.1.0/node_modules/ky/distribution/core/Ky.js?v=c58539c0:195:24
    at async result.<computed> [as json] (http://localhost:3210/node_modules/.pnpm/ky@2.1.0/node_modules/ky/distribution/core/Ky.js?v=c58539c0:219:34)
    at async Object.settings (http://localhost:3210/node_modules/.pnpm/@salla.sa+twilight-theme-en_c3cd9c099c8c4c71b5353d842e4aee2e/node_modules/@salla.sa/twilight-theme-engine/dist/chunk-WMSOSA74.js?v=c58539c0:34:20) @ http://localhost:3210/@vite/client:532
[ 1321483ms] [ERROR] %o

%s

%s
 RangeError: Invalid language tag: p2000960449
    at new NumberFormat (<anonymous>)
    at getCachedIntl (http://localhost:3210/node_modules/.pnpm/@salla.sa+twilight-theme-en_c3cd9c099c8c4c71b5353d842e4aee2e/node_modules/@salla.sa/twilight-theme-engine/dist/chunk-DTWFNS3F.js?v=c58539c0:337:9)
    at format (http://localhost:3210/node_modules/.pnpm/@salla.sa+twilight-theme-en_c3cd9c099c8c4c71b5353d842e4aee2e/node_modules/@salla.sa/twilight-theme-engine/dist/chunk-DTWFNS3F.js?v=c58539c0:378:19)
    at Price (http://localhost:3210/app/components/common/Price.tsx:65:40)
    at Object.react_stack_bottom_frame (http://localhost:3210/node_modules/.vite/deps/react-dom_client.js?v=c58539c0:12866:12)
    at renderWithHooks (http://localhost:3210/node_modules/.vite/deps/react-dom_client.js?v=c58539c0:4213:19)
    at updateFunctionComponent (http://localhost:3210/node_modules/.vite/deps/react-dom_client.js?v=c58539c0:5569:16)
    at beginWork (http://localhost:3210/node_modules/.vite/deps/react-dom_client.js?v=c58539c0:6140:20)
    at runWithFiberInDEV (http://localhost:3210/node_modules/.vite/deps/react-dom_client.js?v=c58539c0:851:66)
    at performUnitOfWork (http://localhost:3210/node_modules/.vite/deps/react-dom_client.js?v=c58539c0:8429:92) The above error occurred in the <Price> component. React will try to recreate this component tree from scratch using the error boundary you provided, CatchBoundary. @ http://localhost:3210/@vite/client:532
[ 1321484ms] [WARNING] Warning: Error in route match: /{-$locale}/$slug/p{$id}/ar/p2000960449 @ http://localhost:3210/@vite/client:532
[ 1321485ms] [LOG] [HomeComponentRenderer] UNMOUNT: path=ox-hero, index=0 @ http://localhost:3210/node_modules/.pnpm/@salla.sa+twilight-theme-en_c3cd9c099c8c4c71b5353d842e4aee2e/node_modules/@salla.sa/twilight-theme-engine/dist/chunk-WITIL2MK.js?v=c58539c0:675
[ 1321486ms] [LOG] [HomeComponentRenderer] UNMOUNT: path=ox-trust-strip, index=1 @ http://localhost:3210/node_modules/.pnpm/@salla.sa+twilight-theme-en_c3cd9c099c8c4c71b5353d842e4aee2e/node_modules/@salla.sa/twilight-theme-engine/dist/chunk-WITIL2MK.js?v=c58539c0:675
[ 1321486ms] [LOG] [HomeComponentRenderer] UNMOUNT: path=ox-goals, index=2 @ http://localhost:3210/node_modules/.pnpm/@salla.sa+twilight-theme-en_c3cd9c099c8c4c71b5353d842e4aee2e/node_modules/@salla.sa/twilight-theme-engine/dist/chunk-WITIL2MK.js?v=c58539c0:675
[ 1321487ms] [LOG] [HomeComponentRenderer] UNMOUNT: path=ox-products, index=3 @ http://localhost:3210/node_modules/.pnpm/@salla.sa+twilight-theme-en_c3cd9c099c8c4c71b5353d842e4aee2e/node_modules/@salla.sa/twilight-theme-engine/dist/chunk-WITIL2MK.js?v=c58539c0:675
[ 1321488ms] [LOG] [HomeComponentRenderer] UNMOUNT: path=ox-poster, index=4 @ http://localhost:3210/node_modules/.pnpm/@salla.sa+twilight-theme-en_c3cd9c099c8c4c71b5353d842e4aee2e/node_modules/@salla.sa/twilight-theme-engine/dist/chunk-WITIL2MK.js?v=c58539c0:675
[ 1321488ms] [LOG] [HomeComponentRenderer] UNMOUNT: path=ox-posters, index=5 @ http://localhost:3210/node_modules/.pnpm/@salla.sa+twilight-theme-en_c3cd9c099c8c4c71b5353d842e4aee2e/node_modules/@salla.sa/twilight-theme-engine/dist/chunk-WITIL2MK.js?v=c58539c0:675
[ 1321489ms] [LOG] [HomeComponentRenderer] UNMOUNT: path=ox-products-secondary, index=6 @ http://localhost:3210/node_modules/.pnpm/@salla.sa+twilight-theme-en_c3cd9c099c8c4c71b5353d842e4aee2e/node_modules/@salla.sa/twilight-theme-engine/dist/chunk-WITIL2MK.js?v=c58539c0:675
[ 1321489ms] [LOG] [HomeComponentRenderer] UNMOUNT: path=ox-categories, index=7 @ http://localhost:3210/node_modules/.pnpm/@salla.sa+twilight-theme-en_c3cd9c099c8c4c71b5353d842e4aee2e/node_modules/@salla.sa/twilight-theme-engine/dist/chunk-WITIL2MK.js?v=c58539c0:675
[ 1321490ms] [LOG] [HomeComponentRenderer] UNMOUNT: path=ox-brands, index=8 @ http://localhost:3210/node_modules/.pnpm/@salla.sa+twilight-theme-en_c3cd9c099c8c4c71b5353d842e4aee2e/node_modules/@salla.sa/twilight-theme-engine/dist/chunk-WITIL2MK.js?v=c58539c0:675
[ 1321490ms] [LOG] [HomeComponentRenderer] UNMOUNT: path=ox-services, index=9 @ http://localhost:3210/node_modules/.pnpm/@salla.sa+twilight-theme-en_c3cd9c099c8c4c71b5353d842e4aee2e/node_modules/@salla.sa/twilight-theme-engine/dist/chunk-WITIL2MK.js?v=c58539c0:675
[ 1321491ms] [LOG] [HomeComponentRenderer] UNMOUNT: path=ox-guides, index=10 @ http://localhost:3210/node_modules/.pnpm/@salla.sa+twilight-theme-en_c3cd9c099c8c4c71b5353d842e4aee2e/node_modules/@salla.sa/twilight-theme-engine/dist/chunk-WITIL2MK.js?v=c58539c0:675
[ 1321491ms] [LOG] [HomeComponentRenderer] UNMOUNT: path=ox-branch, index=11 @ http://localhost:3210/node_modules/.pnpm/@salla.sa+twilight-theme-en_c3cd9c099c8c4c71b5353d842e4aee2e/node_modules/@salla.sa/twilight-theme-engine/dist/chunk-WITIL2MK.js?v=c58539c0:675
[ 1321492ms] [LOG] [HomeComponentRenderer] UNMOUNT: path=ox-certifications, index=12 @ http://localhost:3210/node_modules/.pnpm/@salla.sa+twilight-theme-en_c3cd9c099c8c4c71b5353d842e4aee2e/node_modules/@salla.sa/twilight-theme-engine/dist/chunk-WITIL2MK.js?v=c58539c0:675
[ 1321492ms] [LOG] [HomeComponentRenderer] UNMOUNT: path=ox-faq, index=13 @ http://localhost:3210/node_modules/.pnpm/@salla.sa+twilight-theme-en_c3cd9c099c8c4c71b5353d842e4aee2e/node_modules/@salla.sa/twilight-theme-engine/dist/chunk-WITIL2MK.js?v=c58539c0:675
[ 1321493ms] [LOG] [HomeComponentRenderer] UNMOUNT: path=ox-newsletter, index=14 @ http://localhost:3210/node_modules/.pnpm/@salla.sa+twilight-theme-en_c3cd9c099c8c4c71b5353d842e4aee2e/node_modules/@salla.sa/twilight-theme-engine/dist/chunk-WITIL2MK.js?v=c58539c0:675
[ 1321493ms] [LOG] [HomeComponentRenderer] UNMOUNT: path=ox-banner, index=15 @ http://localhost:3210/node_modules/.pnpm/@salla.sa+twilight-theme-en_c3cd9c099c8c4c71b5353d842e4aee2e/node_modules/@salla.sa/twilight-theme-engine/dist/chunk-WITIL2MK.js?v=c58539c0:675
[ 1323245ms] [LOG] [HomeComponentRenderer] RENDER: path=ox-hero, index=0, renderCount=1 @ http://localhost:3210/node_modules/.pnpm/@salla.sa+twilight-theme-en_c3cd9c099c8c4c71b5353d842e4aee2e/node_modules/@salla.sa/twilight-theme-engine/dist/chunk-WITIL2MK.js?v=c58539c0:670
[ 1323245ms] [LOG] [HomeComponentRenderer] RENDER: path=ox-hero, index=0, renderCount=2 @ http://localhost:3210/node_modules/.pnpm/@salla.sa+twilight-theme-en_c3cd9c099c8c4c71b5353d842e4aee2e/node_modules/@salla.sa/twilight-theme-engine/dist/chunk-WITIL2MK.js?v=c58539c0:670
[ 1323250ms] [LOG] [HomeComponentRenderer] RENDER: path=ox-trust-strip, index=1, renderCount=1 @ http://localhost:3210/node_modules/.pnpm/@salla.sa+twilight-theme-en_c3cd9c099c8c4c71b5353d842e4aee2e/node_modules/@salla.sa/twilight-theme-engine/dist/chunk-WITIL2MK.js?v=c58539c0:670
[ 1323250ms] [LOG] [HomeComponentRenderer] RENDER: path=ox-trust-strip, index=1, renderCount=2 @ http://localhost:3210/node_modules/.pnpm/@salla.sa+twilight-theme-en_c3cd9c099c8c4c71b5353d842e4aee2e/node_modules/@salla.sa/twilight-theme-engine/dist/chunk-WITIL2MK.js?v=c58539c0:670
[ 1323255ms] [LOG] [HomeComponentRenderer] RENDER: path=ox-goals, index=2, renderCount=1 @ http://localhost:3210/node_modules/.pnpm/@salla.sa+twilight-theme-en_c3cd9c099c8c4c71b5353d842e4aee2e/node_modules/@salla.sa/twilight-theme-engine/dist/chunk-WITIL2MK.js?v=c58539c0:670
[ 1323256ms] [LOG] [HomeComponentRenderer] RENDER: path=ox-goals, index=2, renderCount=2 @ http://localhost:3210/node_modules/.pnpm/@salla.sa+twilight-theme-en_c3cd9c099c8c4c71b5353d842e4aee2e/node_modules/@salla.sa/twilight-theme-engine/dist/chunk-WITIL2MK.js?v=c58539c0:670
[ 1323269ms] [LOG] [HomeComponentRenderer] RENDER: path=ox-products, index=3, renderCount=1 @ http://localhost:3210/node_modules/.pnpm/@salla.sa+twilight-theme-en_c3cd9c099c8c4c71b5353d842e4aee2e/node_modules/@salla.sa/twilight-theme-engine/dist/chunk-WITIL2MK.js?v=c58539c0:670
[ 1323270ms] [LOG] [HomeComponentRenderer] RENDER: path=ox-products, index=3, renderCount=2 @ http://localhost:3210/node_modules/.pnpm/@salla.sa+twilight-theme-en_c3cd9c099c8c4c71b5353d842e4aee2e/node_modules/@salla.sa/twilight-theme-engine/dist/chunk-WITIL2MK.js?v=c58539c0:670
[ 1323271ms] [LOG] [HomeComponentRenderer] RENDER: path=ox-poster, index=4, renderCount=1 @ http://localhost:3210/node_modules/.pnpm/@salla.sa+twilight-theme-en_c3cd9c099c8c4c71b5353d842e4aee2e/node_modules/@salla.sa/twilight-theme-engine/dist/chunk-WITIL2MK.js?v=c58539c0:670
[ 1323273ms] [LOG] [HomeComponentRenderer] RENDER: path=ox-poster, index=4, renderCount=2 @ http://localhost:3210/node_modules/.pnpm/@salla.sa+twilight-theme-en_c3cd9c099c8c4c71b5353d842e4aee2e/node_modules/@salla.sa/twilight-theme-engine/dist/chunk-WITIL2MK.js?v=c58539c0:670
[ 1323273ms] [LOG] [HomeComponentRenderer] RENDER: path=ox-posters, index=5, renderCount=1 @ http://localhost:3210/node_modules/.pnpm/@salla.sa+twilight-theme-en_c3cd9c099c8c4c71b5353d842e4aee2e/node_modules/@salla.sa/twilight-theme-engine/dist/chunk-WITIL2MK.js?v=c58539c0:670
[ 1323274ms] [LOG] [HomeComponentRenderer] RENDER: path=ox-posters, index=5, renderCount=2 @ http://localhost:3210/node_modules/.pnpm/@salla.sa+twilight-theme-en_c3cd9c099c8c4c71b5353d842e4aee2e/node_modules/@salla.sa/twilight-theme-engine/dist/chunk-WITIL2MK.js?v=c58539c0:670
[ 1323275ms] [LOG] [HomeComponentRenderer] RENDER: path=ox-products-secondary, index=6, renderCount=1 @ http://localhost:3210/node_modules/.pnpm/@salla.sa+twilight-theme-en_c3cd9c099c8c4c71b5353d842e4aee2e/node_modules/@salla.sa/twilight-theme-engine/dist/chunk-WITIL2MK.js?v=c58539c0:670
[ 1323275ms] [LOG] [HomeComponentRenderer] RENDER: path=ox-products-secondary, index=6, renderCount=2 @ http://localhost:3210/node_modules/.pnpm/@salla.sa+twilight-theme-en_c3cd9c099c8c4c71b5353d842e4aee2e/node_modules/@salla.sa/twilight-theme-engine/dist/chunk-WITIL2MK.js?v=c58539c0:670
[ 1323277ms] [LOG] [HomeComponentRenderer] RENDER: path=ox-categories, index=7, renderCount=1 @ http://localhost:3210/node_modules/.pnpm/@salla.sa+twilight-theme-en_c3cd9c099c8c4c71b5353d842e4aee2e/node_modules/@salla.sa/twilight-theme-engine/dist/chunk-WITIL2MK.js?v=c58539c0:670
[ 1323277ms] [LOG] [HomeComponentRenderer] RENDER: path=ox-categories, index=7, renderCount=2 @ http://localhost:3210/node_modules/.pnpm/@salla.sa+twilight-theme-en_c3cd9c099c8c4c71b5353d842e4aee2e/node_modules/@salla.sa/twilight-theme-engine/dist/chunk-WITIL2MK.js?v=c58539c0:670
[ 1323279ms] [LOG] [HomeComponentRenderer] RENDER: path=ox-brands, index=8, renderCount=1 @ http://localhost:3210/node_modules/.pnpm/@salla.sa+twilight-theme-en_c3cd9c099c8c4c71b5353d842e4aee2e/node_modules/@salla.sa/twilight-theme-engine/dist/chunk-WITIL2MK.js?v=c58539c0:670
[ 1323279ms] [LOG] [HomeComponentRenderer] RENDER: path=ox-brands, index=8, renderCount=2 @ http://localhost:3210/node_modules/.pnpm/@salla.sa+twilight-theme-en_c3cd9c099c8c4c71b5353d842e4aee2e/node_modules/@salla.sa/twilight-theme-engine/dist/chunk-WITIL2MK.js?v=c58539c0:670
[ 1323279ms] [LOG] [HomeComponentRenderer] RENDER: path=ox-services, index=9, renderCount=1 @ http://localhost:3210/node_modules/.pnpm/@salla.sa+twilight-theme-en_c3cd9c099c8c4c71b5353d842e4aee2e/node_modules/@salla.sa/twilight-theme-engine/dist/chunk-WITIL2MK.js?v=c58539c0:670
[ 1323280ms] [LOG] [HomeComponentRenderer] RENDER: path=ox-services, index=9, renderCount=2 @ http://localhost:3210/node_modules/.pnpm/@salla.sa+twilight-theme-en_c3cd9c099c8c4c71b5353d842e4aee2e/node_modules/@salla.sa/twilight-theme-engine/dist/chunk-WITIL2MK.js?v=c58539c0:670
[ 1323281ms] [LOG] [HomeComponentRenderer] RENDER: path=ox-guides, index=10, renderCount=1 @ http://localhost:3210/node_modules/.pnpm/@salla.sa+twilight-theme-en_c3cd9c099c8c4c71b5353d842e4aee2e/node_modules/@salla.sa/twilight-theme-engine/dist/chunk-WITIL2MK.js?v=c58539c0:670
[ 1323281ms] [LOG] [HomeComponentRenderer] RENDER: path=ox-guides, index=10, renderCount=2 @ http://localhost:3210/node_modules/.pnpm/@salla.sa+twilight-theme-en_c3cd9c099c8c4c71b5353d842e4aee2e/node_modules/@salla.sa/twilight-theme-engine/dist/chunk-WITIL2MK.js?v=c58539c0:670
[ 1323281ms] [LOG] [HomeComponentRenderer] RENDER: path=ox-branch, index=11, renderCount=1 @ http://localhost:3210/node_modules/.pnpm/@salla.sa+twilight-theme-en_c3cd9c099c8c4c71b5353d842e4aee2e/node_modules/@salla.sa/twilight-theme-engine/dist/chunk-WITIL2MK.js?v=c58539c0:670
[ 1323282ms] [LOG] [HomeComponentRenderer] RENDER: path=ox-branch, index=11, renderCount=2 @ http://localhost:3210/node_modules/.pnpm/@salla.sa+twilight-theme-en_c3cd9c099c8c4c71b5353d842e4aee2e/node_modules/@salla.sa/twilight-theme-engine/dist/chunk-WITIL2MK.js?v=c58539c0:670
[ 1323283ms] [LOG] [HomeComponentRenderer] RENDER: path=ox-certifications, index=12, renderCount=1 @ http://localhost:3210/node_modules/.pnpm/@salla.sa+twilight-theme-en_c3cd9c099c8c4c71b5353d842e4aee2e/node_modules/@salla.sa/twilight-theme-engine/dist/chunk-WITIL2MK.js?v=c58539c0:670
[ 1323283ms] [LOG] [HomeComponentRenderer] RENDER: path=ox-certifications, index=12, renderCount=2 @ http://localhost:3210/node_modules/.pnpm/@salla.sa+twilight-theme-en_c3cd9c099c8c4c71b5353d842e4aee2e/node_modules/@salla.sa/twilight-theme-engine/dist/chunk-WITIL2MK.js?v=c58539c0:670
[ 1323283ms] [LOG] [HomeComponentRenderer] RENDER: path=ox-faq, index=13, renderCount=1 @ http://localhost:3210/node_modules/.pnpm/@salla.sa+twilight-theme-en_c3cd9c099c8c4c71b5353d842e4aee2e/node_modules/@salla.sa/twilight-theme-engine/dist/chunk-WITIL2MK.js?v=c58539c0:670
[ 1323283ms] [LOG] [HomeComponentRenderer] RENDER: path=ox-faq, index=13, renderCount=2 @ http://localhost:3210/node_modules/.pnpm/@salla.sa+twilight-theme-en_c3cd9c099c8c4c71b5353d842e4aee2e/node_modules/@salla.sa/twilight-theme-engine/dist/chunk-WITIL2MK.js?v=c58539c0:670
[ 1323285ms] [LOG] [HomeComponentRenderer] RENDER: path=ox-newsletter, index=14, renderCount=1 @ http://localhost:3210/node_modules/.pnpm/@salla.sa+twilight-theme-en_c3cd9c099c8c4c71b5353d842e4aee2e/node_modules/@salla.sa/twilight-theme-engine/dist/chunk-WITIL2MK.js?v=c58539c0:670
[ 1323285ms] [LOG] [HomeComponentRenderer] RENDER: path=ox-newsletter, index=14, renderCount=2 @ http://localhost:3210/node_modules/.pnpm/@salla.sa+twilight-theme-en_c3cd9c099c8c4c71b5353d842e4aee2e/node_modules/@salla.sa/twilight-theme-engine/dist/chunk-WITIL2MK.js?v=c58539c0:670
[ 1323285ms] [LOG] [HomeComponentRenderer] RENDER: path=ox-banner, index=15, renderCount=1 @ http://localhost:3210/node_modules/.pnpm/@salla.sa+twilight-theme-en_c3cd9c099c8c4c71b5353d842e4aee2e/node_modules/@salla.sa/twilight-theme-engine/dist/chunk-WITIL2MK.js?v=c58539c0:670
[ 1323286ms] [LOG] [HomeComponentRenderer] RENDER: path=ox-banner, index=15, renderCount=2 @ http://localhost:3210/node_modules/.pnpm/@salla.sa+twilight-theme-en_c3cd9c099c8c4c71b5353d842e4aee2e/node_modules/@salla.sa/twilight-theme-engine/dist/chunk-WITIL2MK.js?v=c58539c0:670
[ 1323314ms] [LOG] [HomeComponentRenderer] MOUNT: path=ox-hero, index=0, renderCount=2 @ http://localhost:3210/node_modules/.pnpm/@salla.sa+twilight-theme-en_c3cd9c099c8c4c71b5353d842e4aee2e/node_modules/@salla.sa/twilight-theme-engine/dist/chunk-WITIL2MK.js?v=c58539c0:673
[ 1323314ms] [LOG] [HomeComponentRenderer] MOUNT: path=ox-trust-strip, index=1, renderCount=2 @ http://localhost:3210/node_modules/.pnpm/@salla.sa+twilight-theme-en_c3cd9c099c8c4c71b5353d842e4aee2e/node_modules/@salla.sa/twilight-theme-engine/dist/chunk-WITIL2MK.js?v=c58539c0:673
[ 1323315ms] [LOG] [HomeComponentRenderer] MOUNT: path=ox-goals, index=2, renderCount=2 @ http://localhost:3210/node_modules/.pnpm/@salla.sa+twilight-theme-en_c3cd9c099c8c4c71b5353d842e4aee2e/node_modules/@salla.sa/twilight-theme-engine/dist/chunk-WITIL2MK.js?v=c58539c0:673
[ 1323316ms] [LOG] [HomeComponentRenderer] MOUNT: path=ox-products, index=3, renderCount=2 @ http://localhost:3210/node_modules/.pnpm/@salla.sa+twilight-theme-en_c3cd9c099c8c4c71b5353d842e4aee2e/node_modules/@salla.sa/twilight-theme-engine/dist/chunk-WITIL2MK.js?v=c58539c0:673
[ 1323317ms] [LOG] [HomeComponentRenderer] MOUNT: path=ox-poster, index=4, renderCount=2 @ http://localhost:3210/node_modules/.pnpm/@salla.sa+twilight-theme-en_c3cd9c099c8c4c71b5353d842e4aee2e/node_modules/@salla.sa/twilight-theme-engine/dist/chunk-WITIL2MK.js?v=c58539c0:673
[ 1323317ms] [LOG] [HomeComponentRenderer] MOUNT: path=ox-posters, index=5, renderCount=2 @ http://localhost:3210/node_modules/.pnpm/@salla.sa+twilight-theme-en_c3cd9c099c8c4c71b5353d842e4aee2e/node_modules/@salla.sa/twilight-theme-engine/dist/chunk-WITIL2MK.js?v=c58539c0:673
[ 1323318ms] [LOG] [HomeComponentRenderer] MOUNT: path=ox-products-secondary, index=6, renderCount=2 @ http://localhost:3210/node_modules/.pnpm/@salla.sa+twilight-theme-en_c3cd9c099c8c4c71b5353d842e4aee2e/node_modules/@salla.sa/twilight-theme-engine/dist/chunk-WITIL2MK.js?v=c58539c0:673
[ 1323319ms] [LOG] [HomeComponentRenderer] MOUNT: path=ox-categories, index=7, renderCount=2 @ http://localhost:3210/node_modules/.pnpm/@salla.sa+twilight-theme-en_c3cd9c099c8c4c71b5353d842e4aee2e/node_modules/@salla.sa/twilight-theme-engine/dist/chunk-WITIL2MK.js?v=c58539c0:673
[ 1323320ms] [LOG] [HomeComponentRenderer] MOUNT: path=ox-brands, index=8, renderCount=2 @ http://localhost:3210/node_modules/.pnpm/@salla.sa+twilight-theme-en_c3cd9c099c8c4c71b5353d842e4aee2e/node_modules/@salla.sa/twilight-theme-engine/dist/chunk-WITIL2MK.js?v=c58539c0:673
[ 1323320ms] [LOG] [HomeComponentRenderer] MOUNT: path=ox-services, index=9, renderCount=2 @ http://localhost:3210/node_modules/.pnpm/@salla.sa+twilight-theme-en_c3cd9c099c8c4c71b5353d842e4aee2e/node_modules/@salla.sa/twilight-theme-engine/dist/chunk-WITIL2MK.js?v=c58539c0:673
[ 1323321ms] [LOG] [HomeComponentRenderer] MOUNT: path=ox-guides, index=10, renderCount=2 @ http://localhost:3210/node_modules/.pnpm/@salla.sa+twilight-theme-en_c3cd9c099c8c4c71b5353d842e4aee2e/node_modules/@salla.sa/twilight-theme-engine/dist/chunk-WITIL2MK.js?v=c58539c0:673
[ 1323322ms] [LOG] [HomeComponentRenderer] MOUNT: path=ox-branch, index=11, renderCount=2 @ http://localhost:3210/node_modules/.pnpm/@salla.sa+twilight-theme-en_c3cd9c099c8c4c71b5353d842e4aee2e/node_modules/@salla.sa/twilight-theme-engine/dist/chunk-WITIL2MK.js?v=c58539c0:673
[ 1323323ms] [LOG] [HomeComponentRenderer] MOUNT: path=ox-certifications, index=12, renderCount=2 @ http://localhost:3210/node_modules/.pnpm/@salla.sa+twilight-theme-en_c3cd9c099c8c4c71b5353d842e4aee2e/node_modules/@salla.sa/twilight-theme-engine/dist/chunk-WITIL2MK.js?v=c58539c0:673
[ 1323324ms] [LOG] [HomeComponentRenderer] MOUNT: path=ox-faq, index=13, renderCount=2 @ http://localhost:3210/node_modules/.pnpm/@salla.sa+twilight-theme-en_c3cd9c099c8c4c71b5353d842e4aee2e/node_modules/@salla.sa/twilight-theme-engine/dist/chunk-WITIL2MK.js?v=c58539c0:673
[ 1323325ms] [LOG] [HomeComponentRenderer] MOUNT: path=ox-newsletter, index=14, renderCount=2 @ http://localhost:3210/node_modules/.pnpm/@salla.sa+twilight-theme-en_c3cd9c099c8c4c71b5353d842e4aee2e/node_modules/@salla.sa/twilight-theme-engine/dist/chunk-WITIL2MK.js?v=c58539c0:673
[ 1323326ms] [LOG] [HomeComponentRenderer] MOUNT: path=ox-banner, index=15, renderCount=2 @ http://localhost:3210/node_modules/.pnpm/@salla.sa+twilight-theme-en_c3cd9c099c8c4c71b5353d842e4aee2e/node_modules/@salla.sa/twilight-theme-engine/dist/chunk-WITIL2MK.js?v=c58539c0:673
[ 1323338ms] [LOG] [HomeComponentRenderer] UNMOUNT: path=ox-hero, index=0 @ http://localhost:3210/node_modules/.pnpm/@salla.sa+twilight-theme-en_c3cd9c099c8c4c71b5353d842e4aee2e/node_modules/@salla.sa/twilight-theme-engine/dist/chunk-WITIL2MK.js?v=c58539c0:675
[ 1323338ms] [LOG] [HomeComponentRenderer] UNMOUNT: path=ox-trust-strip, index=1 @ http://localhost:3210/node_modules/.pnpm/@salla.sa+twilight-theme-en_c3cd9c099c8c4c71b5353d842e4aee2e/node_modules/@salla.sa/twilight-theme-engine/dist/chunk-WITIL2MK.js?v=c58539c0:675
[ 1323339ms] [LOG] [HomeComponentRenderer] UNMOUNT: path=ox-goals, index=2 @ http://localhost:3210/node_modules/.pnpm/@salla.sa+twilight-theme-en_c3cd9c099c8c4c71b5353d842e4aee2e/node_modules/@salla.sa/twilight-theme-engine/dist/chunk-WITIL2MK.js?v=c58539c0:675
[ 1323339ms] [LOG] [HomeComponentRenderer] UNMOUNT: path=ox-products, index=3 @ http://localhost:3210/node_modules/.pnpm/@salla.sa+twilight-theme-en_c3cd9c099c8c4c71b5353d842e4aee2e/node_modules/@salla.sa/twilight-theme-engine/dist/chunk-WITIL2MK.js?v=c58539c0:675
[ 1323340ms] [LOG] [HomeComponentRenderer] UNMOUNT: path=ox-poster, index=4 @ http://localhost:3210/node_modules/.pnpm/@salla.sa+twilight-theme-en_c3cd9c099c8c4c71b5353d842e4aee2e/node_modules/@salla.sa/twilight-theme-engine/dist/chunk-WITIL2MK.js?v=c58539c0:675
[ 1323340ms] [LOG] [HomeComponentRenderer] UNMOUNT: path=ox-posters, index=5 @ http://localhost:3210/node_modules/.pnpm/@salla.sa+twilight-theme-en_c3cd9c099c8c4c71b5353d842e4aee2e/node_modules/@salla.sa/twilight-theme-engine/dist/chunk-WITIL2MK.js?v=c58539c0:675
[ 1323340ms] [LOG] [HomeComponentRenderer] UNMOUNT: path=ox-products-secondary, index=6 @ http://localhost:3210/node_modules/.pnpm/@salla.sa+twilight-theme-en_c3cd9c099c8c4c71b5353d842e4aee2e/node_modules/@salla.sa/twilight-theme-engine/dist/chunk-WITIL2MK.js?v=c58539c0:675
[ 1323341ms] [LOG] [HomeComponentRenderer] UNMOUNT: path=ox-categories, index=7 @ http://localhost:3210/node_modules/.pnpm/@salla.sa+twilight-theme-en_c3cd9c099c8c4c71b5353d842e4aee2e/node_modules/@salla.sa/twilight-theme-engine/dist/chunk-WITIL2MK.js?v=c58539c0:675
[ 1323341ms] [LOG] [HomeComponentRenderer] UNMOUNT: path=ox-brands, index=8 @ http://localhost:3210/node_modules/.pnpm/@salla.sa+twilight-theme-en_c3cd9c099c8c4c71b5353d842e4aee2e/node_modules/@salla.sa/twilight-theme-engine/dist/chunk-WITIL2MK.js?v=c58539c0:675
[ 1323341ms] [LOG] [HomeComponentRenderer] UNMOUNT: path=ox-services, index=9 @ http://localhost:3210/node_modules/.pnpm/@salla.sa+twilight-theme-en_c3cd9c099c8c4c71b5353d842e4aee2e/node_modules/@salla.sa/twilight-theme-engine/dist/chunk-WITIL2MK.js?v=c58539c0:675
[ 1323342ms] [LOG] [HomeComponentRenderer] UNMOUNT: path=ox-guides, index=10 @ http://localhost:3210/node_modules/.pnpm/@salla.sa+twilight-theme-en_c3cd9c099c8c4c71b5353d842e4aee2e/node_modules/@salla.sa/twilight-theme-engine/dist/chunk-WITIL2MK.js?v=c58539c0:675
[ 1323342ms] [LOG] [HomeComponentRenderer] UNMOUNT: path=ox-branch, index=11 @ http://localhost:3210/node_modules/.pnpm/@salla.sa+twilight-theme-en_c3cd9c099c8c4c71b5353d842e4aee2e/node_modules/@salla.sa/twilight-theme-engine/dist/chunk-WITIL2MK.js?v=c58539c0:675
[ 1323342ms] [LOG] [HomeComponentRenderer] UNMOUNT: path=ox-certifications, index=12 @ http://localhost:3210/node_modules/.pnpm/@salla.sa+twilight-theme-en_c3cd9c099c8c4c71b5353d842e4aee2e/node_modules/@salla.sa/twilight-theme-engine/dist/chunk-WITIL2MK.js?v=c58539c0:675
[ 1323343ms] [LOG] [HomeComponentRenderer] UNMOUNT: path=ox-faq, index=13 @ http://localhost:3210/node_modules/.pnpm/@salla.sa+twilight-theme-en_c3cd9c099c8c4c71b5353d842e4aee2e/node_modules/@salla.sa/twilight-theme-engine/dist/chunk-WITIL2MK.js?v=c58539c0:675
[ 1323343ms] [LOG] [HomeComponentRenderer] UNMOUNT: path=ox-newsletter, index=14 @ http://localhost:3210/node_modules/.pnpm/@salla.sa+twilight-theme-en_c3cd9c099c8c4c71b5353d842e4aee2e/node_modules/@salla.sa/twilight-theme-engine/dist/chunk-WITIL2MK.js?v=c58539c0:675
[ 1323343ms] [LOG] [HomeComponentRenderer] UNMOUNT: path=ox-banner, index=15 @ http://localhost:3210/node_modules/.pnpm/@salla.sa+twilight-theme-en_c3cd9c099c8c4c71b5353d842e4aee2e/node_modules/@salla.sa/twilight-theme-engine/dist/chunk-WITIL2MK.js?v=c58539c0:675
[ 1323351ms] [LOG] [HomeComponentRenderer] MOUNT: path=ox-hero, index=0, renderCount=2 @ http://localhost:3210/node_modules/.pnpm/@salla.sa+twilight-theme-en_c3cd9c099c8c4c71b5353d842e4aee2e/node_modules/@salla.sa/twilight-theme-engine/dist/chunk-WITIL2MK.js?v=c58539c0:673
[ 1323352ms] [LOG] [HomeComponentRenderer] MOUNT: path=ox-trust-strip, index=1, renderCount=2 @ http://localhost:3210/node_modules/.pnpm/@salla.sa+twilight-theme-en_c3cd9c099c8c4c71b5353d842e4aee2e/node_modules/@salla.sa/twilight-theme-engine/dist/chunk-WITIL2MK.js?v=c58539c0:673
[ 1323352ms] [LOG] [HomeComponentRenderer] MOUNT: path=ox-goals, index=2, renderCount=2 @ http://localhost:3210/node_modules/.pnpm/@salla.sa+twilight-theme-en_c3cd9c099c8c4c71b5353d842e4aee2e/node_modules/@salla.sa/twilight-theme-engine/dist/chunk-WITIL2MK.js?v=c58539c0:673
[ 1323353ms] [LOG] [HomeComponentRenderer] MOUNT: path=ox-products, index=3, renderCount=2 @ http://localhost:3210/node_modules/.pnpm/@salla.sa+twilight-theme-en_c3cd9c099c8c4c71b5353d842e4aee2e/node_modules/@salla.sa/twilight-theme-engine/dist/chunk-WITIL2MK.js?v=c58539c0:673
[ 1323353ms] [LOG] [HomeComponentRenderer] MOUNT: path=ox-poster, index=4, renderCount=2 @ http://localhost:3210/node_modules/.pnpm/@salla.sa+twilight-theme-en_c3cd9c099c8c4c71b5353d842e4aee2e/node_modules/@salla.sa/twilight-theme-engine/dist/chunk-WITIL2MK.js?v=c58539c0:673
[ 1323353ms] [LOG] [HomeComponentRenderer] MOUNT: path=ox-posters, index=5, renderCount=2 @ http://localhost:3210/node_modules/.pnpm/@salla.sa+twilight-theme-en_c3cd9c099c8c4c71b5353d842e4aee2e/node_modules/@salla.sa/twilight-theme-engine/dist/chunk-WITIL2MK.js?v=c58539c0:673
[ 1323354ms] [LOG] [HomeComponentRenderer] MOUNT: path=ox-products-secondary, index=6, renderCount=2 @ http://localhost:3210/node_modules/.pnpm/@salla.sa+twilight-theme-en_c3cd9c099c8c4c71b5353d842e4aee2e/node_modules/@salla.sa/twilight-theme-engine/dist/chunk-WITIL2MK.js?v=c58539c0:673
[ 1323354ms] [LOG] [HomeComponentRenderer] MOUNT: path=ox-categories, index=7, renderCount=2 @ http://localhost:3210/node_modules/.pnpm/@salla.sa+twilight-theme-en_c3cd9c099c8c4c71b5353d842e4aee2e/node_modules/@salla.sa/twilight-theme-engine/dist/chunk-WITIL2MK.js?v=c58539c0:673
[ 1323354ms] [LOG] [HomeComponentRenderer] MOUNT: path=ox-brands, index=8, renderCount=2 @ http://localhost:3210/node_modules/.pnpm/@salla.sa+twilight-theme-en_c3cd9c099c8c4c71b5353d842e4aee2e/node_modules/@salla.sa/twilight-theme-engine/dist/chunk-WITIL2MK.js?v=c58539c0:673
[ 1323355ms] [LOG] [HomeComponentRenderer] MOUNT: path=ox-services, index=9, renderCount=2 @ http://localhost:3210/node_modules/.pnpm/@salla.sa+twilight-theme-en_c3cd9c099c8c4c71b5353d842e4aee2e/node_modules/@salla.sa/twilight-theme-engine/dist/chunk-WITIL2MK.js?v=c58539c0:673
[ 1323356ms] [LOG] [HomeComponentRenderer] MOUNT: path=ox-guides, index=10, renderCount=2 @ http://localhost:3210/node_modules/.pnpm/@salla.sa+twilight-theme-en_c3cd9c099c8c4c71b5353d842e4aee2e/node_modules/@salla.sa/twilight-theme-engine/dist/chunk-WITIL2MK.js?v=c58539c0:673
[ 1323356ms] [LOG] [HomeComponentRenderer] MOUNT: path=ox-branch, index=11, renderCount=2 @ http://localhost:3210/node_modules/.pnpm/@salla.sa+twilight-theme-en_c3cd9c099c8c4c71b5353d842e4aee2e/node_modules/@salla.sa/twilight-theme-engine/dist/chunk-WITIL2MK.js?v=c58539c0:673
[ 1323357ms] [LOG] [HomeComponentRenderer] MOUNT: path=ox-certifications, index=12, renderCount=2 @ http://localhost:3210/node_modules/.pnpm/@salla.sa+twilight-theme-en_c3cd9c099c8c4c71b5353d842e4aee2e/node_modules/@salla.sa/twilight-theme-engine/dist/chunk-WITIL2MK.js?v=c58539c0:673
[ 1323357ms] [LOG] [HomeComponentRenderer] MOUNT: path=ox-faq, index=13, renderCount=2 @ http://localhost:3210/node_modules/.pnpm/@salla.sa+twilight-theme-en_c3cd9c099c8c4c71b5353d842e4aee2e/node_modules/@salla.sa/twilight-theme-engine/dist/chunk-WITIL2MK.js?v=c58539c0:673
[ 1323357ms] [LOG] [HomeComponentRenderer] MOUNT: path=ox-newsletter, index=14, renderCount=2 @ http://localhost:3210/node_modules/.pnpm/@salla.sa+twilight-theme-en_c3cd9c099c8c4c71b5353d842e4aee2e/node_modules/@salla.sa/twilight-theme-engine/dist/chunk-WITIL2MK.js?v=c58539c0:673
[ 1323358ms] [LOG] [HomeComponentRenderer] MOUNT: path=ox-banner, index=15, renderCount=2 @ http://localhost:3210/node_modules/.pnpm/@salla.sa+twilight-theme-en_c3cd9c099c8c4c71b5353d842e4aee2e/node_modules/@salla.sa/twilight-theme-engine/dist/chunk-WITIL2MK.js?v=c58539c0:673
[ 1323517ms] [ERROR] %o

%s

%s
 RangeError: Invalid language tag: p2000960449
    at new NumberFormat (<anonymous>)
    at getCachedIntl (http://localhost:3210/node_modules/.pnpm/@salla.sa+twilight-theme-en_c3cd9c099c8c4c71b5353d842e4aee2e/node_modules/@salla.sa/twilight-theme-engine/dist/chunk-DTWFNS3F.js?v=c58539c0:337:9)
    at format (http://localhost:3210/node_modules/.pnpm/@salla.sa+twilight-theme-en_c3cd9c099c8c4c71b5353d842e4aee2e/node_modules/@salla.sa/twilight-theme-engine/dist/chunk-DTWFNS3F.js?v=c58539c0:378:19)
    at Price (http://localhost:3210/app/components/common/Price.tsx:65:40)
    at Object.react_stack_bottom_frame (http://localhost:3210/node_modules/.vite/deps/react-dom_client.js?v=c58539c0:12866:12)
    at renderWithHooks (http://localhost:3210/node_modules/.vite/deps/react-dom_client.js?v=c58539c0:4213:19)
    at updateFunctionComponent (http://localhost:3210/node_modules/.vite/deps/react-dom_client.js?v=c58539c0:5569:16)
    at beginWork (http://localhost:3210/node_modules/.vite/deps/react-dom_client.js?v=c58539c0:6140:20)
    at runWithFiberInDEV (http://localhost:3210/node_modules/.vite/deps/react-dom_client.js?v=c58539c0:851:66)
    at performUnitOfWork (http://localhost:3210/node_modules/.vite/deps/react-dom_client.js?v=c58539c0:8429:92) The above error occurred in the <Price> component. React will try to recreate this component tree from scratch using the error boundary you provided, ComponentErrorBoundary. @ http://localhost:3210/@vite/client:532
[ 1323519ms] [LOG] %c[ERROR]%c background: #dc2626; color: white; padding: 2px 6px; border-radius: 3px; font-weight: bold; color: inherit; Invalid language tag: p2000960449 @ http://localhost:3210/node_modules/.pnpm/@salla.sa+twilight-theme-en_c3cd9c099c8c4c71b5353d842e4aee2e/node_modules/@salla.sa/twilight-theme-engine/dist/chunk-DTWFNS3F.js?v=c58539c0:1217
[ 1323519ms] [LOG] %c[COMPONENT]%c color: #7c3aed; font-weight: bold; color: inherit; ox-products-secondary @ http://localhost:3210/node_modules/.pnpm/@salla.sa+twilight-theme-en_c3cd9c099c8c4c71b5353d842e4aee2e/node_modules/@salla.sa/twilight-theme-engine/dist/chunk-DTWFNS3F.js?v=c58539c0:1220
[ 1323520ms] [LOG] %c[POSITION]%c color: #7c3aed; font-weight: bold; color: inherit; 7 @ http://localhost:3210/node_modules/.pnpm/@salla.sa+twilight-theme-en_c3cd9c099c8c4c71b5353d842e4aee2e/node_modules/@salla.sa/twilight-theme-engine/dist/chunk-DTWFNS3F.js?v=c58539c0:1220
[ 1323520ms] [LOG] %c[URL]%c color: #7c3aed; font-weight: bold; color: inherit; http://localhost:3210/services @ http://localhost:3210/node_modules/.pnpm/@salla.sa+twilight-theme-en_c3cd9c099c8c4c71b5353d842e4aee2e/node_modules/@salla.sa/twilight-theme-engine/dist/chunk-DTWFNS3F.js?v=c58539c0:1220
[ 1323521ms] [LOG] %c[TIME]%c color: #7c3aed; font-weight: bold; color: inherit; 2026-09-21T01:01:07.119Z @ http://localhost:3210/node_modules/.pnpm/@salla.sa+twilight-theme-en_c3cd9c099c8c4c71b5353d842e4aee2e/node_modules/@salla.sa/twilight-theme-engine/dist/chunk-DTWFNS3F.js?v=c58539c0:1220
[ 1323522ms] [LOG] %cSTACK TRACE color: #7c3aed; font-weight: bold; @ http://localhost:3210/node_modules/.pnpm/@salla.sa+twilight-theme-en_c3cd9c099c8c4c71b5353d842e4aee2e/node_modules/@salla.sa/twilight-theme-engine/dist/chunk-DTWFNS3F.js?v=c58539c0:1226
[ 1323523ms] [ERROR] RangeError: Invalid language tag: p2000960449
    at new NumberFormat (<anonymous>)
    at getCachedIntl (http://localhost:3210/node_modules/.pnpm/@salla.sa+twilight-theme-en_c3cd9c099c8c4c71b5353d842e4aee2e/node_modules/@salla.sa/twilight-theme-engine/dist/chunk-DTWFNS3F.js?v=c58539c0:337:9)
    at format (http://localhost:3210/node_modules/.pnpm/@salla.sa+twilight-theme-en_c3cd9c099c8c4c71b5353d842e4aee2e/node_modules/@salla.sa/twilight-theme-engine/dist/chunk-DTWFNS3F.js?v=c58539c0:378:19)
    at Price (http://localhost:3210/app/components/common/Price.tsx:65:40)
    at Object.react_stack_bottom_frame (http://localhost:3210/node_modules/.vite/deps/react-dom_client.js?v=c58539c0:12866:12)
    at renderWithHooks (http://localhost:3210/node_modules/.vite/deps/react-dom_client.js?v=c58539c0:4213:19)
    at updateFunctionComponent (http://localhost:3210/node_modules/.vite/deps/react-dom_client.js?v=c58539c0:5569:16)
    at beginWork (http://localhost:3210/node_modules/.vite/deps/react-dom_client.js?v=c58539c0:6140:20)
    at runWithFiberInDEV (http://localhost:3210/node_modules/.vite/deps/react-dom_client.js?v=c58539c0:851:66)
    at performUnitOfWork (http://localhost:3210/node_modules/.vite/deps/react-dom_client.js?v=c58539c0:8429:92) @ http://localhost:3210/@vite/client:532
[ 1323523ms] [LOG] %cCOMPONENT STACK color: #7c3aed; font-weight: bold; @ http://localhost:3210/node_modules/.pnpm/@salla.sa+twilight-theme-en_c3cd9c099c8c4c71b5353d842e4aee2e/node_modules/@salla.sa/twilight-theme-engine/dist/chunk-DTWFNS3F.js?v=c58539c0:1226
[ 1323524ms] [ERROR] 
    at Price (http://localhost:3210/app/components/common/Price.tsx:53:25)
    at div (<anonymous>)
    at div (<anonymous>)
    at article (<anonymous>)
    at OxProductCard (http://localhost:3210/app/components/product/OxProductCard.tsx:59:71)
    at ProductCard2 (http://localhost:3210/node_modules/.pnpm/@salla.sa+twilight-theme-en_c3cd9c099c8c4c71b5353d842e4aee2e/node_modules/@salla.sa/twilight-theme-engine/dist/chunk-UQRLBMIO.js?v=c58539c0:220:21)
    at li (<anonymous>)
    at ul (<anonymous>)
    at div (<anonymous>)
    at ProductsGridWrapper (http://localhost:3210/app/components/blocks/ProductsGridWrapper.tsx:31:39)
    at div (<anonymous>)
    at section (<anonymous>)
    at OxProductsSecondary (http://localhost:3210/app/components/home/OxProductsSecondary.tsx:34:39)
    at ComponentErrorBoundary (http://localhost:3210/node_modules/.pnpm/@salla.sa+twilight-theme-en_c3cd9c099c8c4c71b5353d842e4aee2e/node_modules/@salla.sa/twilight-theme-engine/dist/chunk-WITIL2MK.js?v=c58539c0:479:3)
    at Suspense (<anonymous>)
    at section (<anonymous>)
    at RenderWhenVisible2 (http://localhost:3210/node_modules/.pnpm/@salla.sa+twilight-theme-en_c3cd9c099c8c4c71b5353d842e4aee2e/node_modules/@salla.sa/twilight-theme-engine/dist/RenderWhenVisible-F44J5MMG.js?v=c58539c0:13:3)
    at HomeComponentRenderer2 (http://localhost:3210/node_modules/.pnpm/@salla.sa+twilight-theme-en_c3cd9c099c8c4c71b5353d842e4aee2e/node_modules/@salla.sa/twilight-theme-engine/dist/chunk-WITIL2MK.js?v=c58539c0:667:68)
    at HomePage2 (http://localhost:3210/node_modules/.pnpm/@salla.sa+twilight-theme-en_c3cd9c099c8c4c71b5353d842e4aee2e/node_modules/@salla.sa/twilight-theme-engine/dist/chunk-L42W6YS3.js?v=c58539c0:39:42)
    at DefaultHome (http://localhost:3210/app/components/home/DefaultHome.tsx:16:31)
    at HomeComponent (http://localhost:3210/app/routes/index.tsx?tsr-split=component:32:21)
    at Lazy (<anonymous>)
    at MatchInnerImpl (http://localhost:3210/node_modules/.pnpm/@tanstack+react-router@1.17_0324b09fb330d273432cf03cb1178e53/node_modules/@tanstack/react-router/dist/esm/Match.js?v=c58539c0:77:57)
    at SafeFragment (http://localhost:3210/node_modules/.pnpm/@tanstack+react-router@1.17_0324b09fb330d273432cf03cb1178e53/node_modules/@tanstack/react-router/dist/esm/SafeFragment.js?v=c58539c0:5:57)
    at CatchBoundary (http://localhost:3210/node_modules/.pnpm/@tanstack+react-router@1.17_0324b09fb330d273432cf03cb1178e53/node_modules/@tanstack/react-router/dist/esm/CatchBoundary.js?v=c58539c0:8:3)
    at Suspense (<anonymous>)
    at SafeFragment (http://localhost:3210/node_modules/.pnpm/@tanstack+react-router@1.17_0324b09fb330d273432cf03cb1178e53/node_modules/@tanstack/react-router/dist/esm/SafeFragment.js?v=c58539c0:5:57)
    at MatchView (http://localhost:3210/node_modules/.pnpm/@tanstack+react-router@1.17_0324b09fb330d273432cf03cb1178e53/node_modules/@tanstack/react-router/dist/esm/Match.js?v=c58539c0:36:22)
    at MatchImpl (http://localhost:3210/node_modules/.pnpm/@tanstack+react-router@1.17_0324b09fb330d273432cf03cb1178e53/node_modules/@tanstack/react-router/dist/esm/Match.js?v=c58539c0:25:47)
    at OutletImpl (http://localhost:3210/node_modules/.pnpm/@tanstack+react-router@1.17_0324b09fb330d273432cf03cb1178e53/node_modules/@tanstack/react-router/dist/esm/Match.js?v=c58539c0:132:37)
    at SplitComponent (<anonymous>)
    at Lazy (<anonymous>)
    at MatchInnerImpl (http://localhost:3210/node_modules/.pnpm/@tanstack+react-router@1.17_0324b09fb330d273432cf03cb1178e53/node_modules/@tanstack/react-router/dist/esm/Match.js?v=c58539c0:77:57)
    at SafeFragment (http://localhost:3210/node_modules/.pnpm/@tanstack+react-router@1.17_0324b09fb330d273432cf03cb1178e53/node_modules/@tanstack/react-router/dist/esm/SafeFragment.js?v=c58539c0:5:57)
    at CatchBoundary (http://localhost:3210/node_modules/.pnpm/@tanstack+react-router@1.17_0324b09fb330d273432cf03cb1178e53/node_modules/@tanstack/react-router/dist/esm/CatchBoundary.js?v=c58539c0:8:3)
    at Suspense (<anonymous>)
    at SafeFragment (http://localhost:3210/node_modules/.pnpm/@tanstack+react-router@1.17_0324b09fb330d273432cf03cb1178e53/node_modules/@tanstack/react-router/dist/esm/SafeFragment.js?v=c58539c0:5:57)
    at MatchView (http://localhost:3210/node_modules/.pnpm/@tanstack+react-router@1.17_0324b09fb330d273432cf03cb1178e53/node_modules/@tanstack/react-router/dist/esm/Match.js?v=c58539c0:36:22)
    at MatchImpl (http://localhost:3210/node_modules/.pnpm/@tanstack+react-router@1.17_0324b09fb330d273432cf03cb1178e53/node_modules/@tanstack/react-router/dist/esm/Match.js?v=c58539c0:25:47)
    at Suspense (<anonymous>)
    at OutletImpl (http://localhost:3210/node_modules/.pnpm/@tanstack+react-router@1.17_0324b09fb330d273432cf03cb1178e53/node_modules/@tanstack/react-router/dist/esm/Match.js?v=c58539c0:132:37)
    at MatchInnerImpl (http://localhost:3210/node_modules/.pnpm/@tanstack+react-router@1.17_0324b09fb330d273432cf03cb1178e53/node_modules/@tanstack/react-router/dist/esm/Match.js?v=c58539c0:77:57)
    at CatchBoundary (http://localhost:3210/node_modules/.pnpm/@tanstack+react-router@1.17_0324b09fb330d273432cf03cb1178e53/node_modules/@tanstack/react-router/dist/esm/CatchBoundary.js?v=c58539c0:8:3)
    at CatchNotFound (http://localhost:3210/node_modules/.pnpm/@tanstack+react-router@1.17_0324b09fb330d273432cf03cb1178e53/node_modules/@tanstack/react-router/dist/esm/not-found.js?v=c58539c0:10:17)
    at CatchBoundary (http://localhost:3210/node_modules/.pnpm/@tanstack+react-router@1.17_0324b09fb330d273432cf03cb1178e53/node_modules/@tanstack/react-router/dist/esm/CatchBoundary.js?v=c58539c0:8:3)
    at Suspense (<anonymous>)
    at main (<anonymous>)
    at div (<anonymous>)
    at OptimalXLayout (http://localhost:3210/app/components/layout/OptimalXLayout.tsx:35:34)
    at LinkProvider (http://localhost:3210/node_modules/.pnpm/@salla.sa+twilight-theme-en_c3cd9c099c8c4c71b5353d842e4aee2e/node_modules/@salla.sa/twilight-theme-engine/dist/chunk-BYMOPN2S.js?v=c58539c0:20:25)
    at NavigationProvider (http://localhost:3210/node_modules/.pnpm/@salla.sa+twilight-theme-en_c3cd9c099c8c4c71b5353d842e4aee2e/node_modules/@salla.sa/twilight-theme-engine/dist/chunk-JK77XRXR.js?v=c58539c0:76:3)
    at NavigationSetup (http://localhost:3210/node_modules/.pnpm/@salla.sa+twilight-theme-en_c3cd9c099c8c4c71b5353d842e4aee2e/node_modules/@salla.sa/twilight-theme-engine/dist/chunk-QUUSMVCP.js?v=c58539c0:67:28)
    at I18nextProvider (http://localhost:3210/node_modules/.vite/deps/@salla__sa_twilight-theme-engine_n_react-i18next.js?v=c58539c0:1103:28)
    at I18nProvider (http://localhost:3210/node_modules/.pnpm/@salla.sa+twilight-theme-en_c3cd9c099c8c4c71b5353d842e4aee2e/node_modules/@salla.sa/twilight-theme-engine/dist/chunk-TYNZ5B2B.js?v=c58539c0:18:3)
    at DocumentClassProvider (http://localhost:3210/node_modules/.pnpm/@salla.sa+twilight-theme-en_c3cd9c099c8c4c71b5353d842e4aee2e/node_modules/@salla.sa/twilight-theme-engine/dist/chunk-JWXJPJBO.js?v=c58539c0:33:34)
    at TwilightProvider (http://localhost:3210/node_modules/.pnpm/@salla.sa+twilight-theme-en_c3cd9c099c8c4c71b5353d842e4aee2e/node_modules/@salla.sa/twilight-theme-engine/dist/chunk-DTWFNS3F.js?v=c58539c0:1130:29)
    at body (<anonymous>)
    at html (<anonymous>)
    at RootComponent (http://localhost:3210/app/routes/__root.tsx?t=1789951204460:50:26)
    at MatchView (http://localhost:3210/node_modules/.pnpm/@tanstack+react-router@1.17_0324b09fb330d273432cf03cb1178e53/node_modules/@tanstack/react-router/dist/esm/Match.js?v=c58539c0:36:22)
    at MatchImpl (http://localhost:3210/node_modules/.pnpm/@tanstack+react-router@1.17_0324b09fb330d273432cf03cb1178e53/node_modules/@tanstack/react-router/dist/esm/Match.js?v=c58539c0:25:47)
    at CatchBoundary (http://localhost:3210/node_modules/.pnpm/@tanstack+react-router@1.17_0324b09fb330d273432cf03cb1178e53/node_modules/@tanstack/react-router/dist/esm/CatchBoundary.js?v=c58539c0:8:3)
    at MatchesInner (http://localhost:3210/node_modules/.pnpm/@tanstack+react-router@1.17_0324b09fb330d273432cf03cb1178e53/node_modules/@tanstack/react-router/dist/esm/Matches.js?v=c58539c0:32:17)
    at SafeFragment (http://localhost:3210/node_modules/.pnpm/@tanstack+react-router@1.17_0324b09fb330d273432cf03cb1178e53/node_modules/@tanstack/react-router/dist/esm/SafeFragment.js?v=c58539c0:5:57)
    at Matches (http://localhost:3210/node_modules/.pnpm/@tanstack+react-router@1.17_0324b09fb330d273432cf03cb1178e53/node_modules/@tanstack/react-router/dist/esm/Matches.js?v=c58539c0:21:17)
    at QueryClientProvider (http://localhost:3210/node_modules/.vite/deps/@tanstack_react-query.js?v=c58539c0:2562:30)
    at opts.router.options.Wrap (http://localhost:3210/node_modules/.pnpm/@tanstack+react-router-ssr-_58318f780554ca5837f0fb3dd49022cb/node_modules/@tanstack/react-router-ssr-query/dist/esm/index.js?v=c58539c0:10:32)
    at RouterContextProvider (http://localhost:3210/node_modules/.pnpm/@tanstack+react-router@1.17_0324b09fb330d273432cf03cb1178e53/node_modules/@tanstack/react-router/dist/esm/RouterProvider.js?v=c58539c0:12:34)
    at RouterProvider (http://localhost:3210/node_modules/.pnpm/@tanstack+react-router@1.17_0324b09fb330d273432cf03cb1178e53/node_modules/@tanstack/react-router/dist/esm/RouterProvider.js?v=c58539c0:37:27)
    at AwaitInner (http://localhost:3210/node_modules/.pnpm/@tanstack+react-router@1.17_0324b09fb330d273432cf03cb1178e53/node_modules/@tanstack/react-router/dist/esm/awaited.js?v=c58539c0:27:15)
    at Await (http://localhost:3210/node_modules/.pnpm/@tanstack+react-router@1.17_0324b09fb330d273432cf03cb1178e53/node_modules/@tanstack/react-router/dist/esm/awaited.js?v=c58539c0:20:12)
    at StartClient (<anonymous>) @ http://localhost:3210/@vite/client:532
[ 1323525ms] [LOG] %cCOMPONENT DATA color: #7c3aed; font-weight: bold; @ http://localhost:3210/node_modules/.pnpm/@salla.sa+twilight-theme-en_c3cd9c099c8c4c71b5353d842e4aee2e/node_modules/@salla.sa/twilight-theme-engine/dist/chunk-DTWFNS3F.js?v=c58539c0:1222
[ 1323526ms] [DIR] {path: ox-products-secondary, key: default-ox-products-secondary, title: null} @ http://localhost:3210/node_modules/.pnpm/@salla.sa+twilight-theme-en_c3cd9c099c8c4c71b5353d842e4aee2e/node_modules/@salla.sa/twilight-theme-engine/dist/chunk-DTWFNS3F.js?v=c58539c0:1223
[ 1323534ms] [ERROR] %o

%s

%s
 RangeError: Invalid language tag: p2000960449
    at new NumberFormat (<anonymous>)
    at getCachedIntl (http://localhost:3210/node_modules/.pnpm/@salla.sa+twilight-theme-en_c3cd9c099c8c4c71b5353d842e4aee2e/node_modules/@salla.sa/twilight-theme-engine/dist/chunk-DTWFNS3F.js?v=c58539c0:337:9)
    at format (http://localhost:3210/node_modules/.pnpm/@salla.sa+twilight-theme-en_c3cd9c099c8c4c71b5353d842e4aee2e/node_modules/@salla.sa/twilight-theme-engine/dist/chunk-DTWFNS3F.js?v=c58539c0:378:19)
    at Price (http://localhost:3210/app/components/common/Price.tsx:65:40)
    at Object.react_stack_bottom_frame (http://localhost:3210/node_modules/.vite/deps/react-dom_client.js?v=c58539c0:12866:12)
    at renderWithHooks (http://localhost:3210/node_modules/.vite/deps/react-dom_client.js?v=c58539c0:4213:19)
    at updateFunctionComponent (http://localhost:3210/node_modules/.vite/deps/react-dom_client.js?v=c58539c0:5569:16)
    at beginWork (http://localhost:3210/node_modules/.vite/deps/react-dom_client.js?v=c58539c0:6140:20)
    at runWithFiberInDEV (http://localhost:3210/node_modules/.vite/deps/react-dom_client.js?v=c58539c0:851:66)
    at performUnitOfWork (http://localhost:3210/node_modules/.vite/deps/react-dom_client.js?v=c58539c0:8429:92) The above error occurred in the <Price> component. React will try to recreate this component tree from scratch using the error boundary you provided, ComponentErrorBoundary. @ http://localhost:3210/@vite/client:532
[ 1323536ms] [LOG] %c[ERROR]%c background: #dc2626; color: white; padding: 2px 6px; border-radius: 3px; font-weight: bold; color: inherit; Invalid language tag: p2000960449 @ http://localhost:3210/node_modules/.pnpm/@salla.sa+twilight-theme-en_c3cd9c099c8c4c71b5353d842e4aee2e/node_modules/@salla.sa/twilight-theme-engine/dist/chunk-DTWFNS3F.js?v=c58539c0:1217
[ 1323537ms] [LOG] %c[COMPONENT]%c color: #7c3aed; font-weight: bold; color: inherit; ox-services @ http://localhost:3210/node_modules/.pnpm/@salla.sa+twilight-theme-en_c3cd9c099c8c4c71b5353d842e4aee2e/node_modules/@salla.sa/twilight-theme-engine/dist/chunk-DTWFNS3F.js?v=c58539c0:1220
[ 1323538ms] [LOG] %c[POSITION]%c color: #7c3aed; font-weight: bold; color: inherit; 10 @ http://localhost:3210/node_modules/.pnpm/@salla.sa+twilight-theme-en_c3cd9c099c8c4c71b5353d842e4aee2e/node_modules/@salla.sa/twilight-theme-engine/dist/chunk-DTWFNS3F.js?v=c58539c0:1220
[ 1323539ms] [LOG] %c[URL]%c color: #7c3aed; font-weight: bold; color: inherit; http://localhost:3210/services @ http://localhost:3210/node_modules/.pnpm/@salla.sa+twilight-theme-en_c3cd9c099c8c4c71b5353d842e4aee2e/node_modules/@salla.sa/twilight-theme-engine/dist/chunk-DTWFNS3F.js?v=c58539c0:1220
[ 1323540ms] [LOG] %c[TIME]%c color: #7c3aed; font-weight: bold; color: inherit; 2026-09-21T01:01:07.137Z @ http://localhost:3210/node_modules/.pnpm/@salla.sa+twilight-theme-en_c3cd9c099c8c4c71b5353d842e4aee2e/node_modules/@salla.sa/twilight-theme-engine/dist/chunk-DTWFNS3F.js?v=c58539c0:1220
[ 1323541ms] [LOG] %cSTACK TRACE color: #7c3aed; font-weight: bold; @ http://localhost:3210/node_modules/.pnpm/@salla.sa+twilight-theme-en_c3cd9c099c8c4c71b5353d842e4aee2e/node_modules/@salla.sa/twilight-theme-engine/dist/chunk-DTWFNS3F.js?v=c58539c0:1226
[ 1323542ms] [ERROR] RangeError: Invalid language tag: p2000960449
    at new NumberFormat (<anonymous>)
    at getCachedIntl (http://localhost:3210/node_modules/.pnpm/@salla.sa+twilight-theme-en_c3cd9c099c8c4c71b5353d842e4aee2e/node_modules/@salla.sa/twilight-theme-engine/dist/chunk-DTWFNS3F.js?v=c58539c0:337:9)
    at format (http://localhost:3210/node_modules/.pnpm/@salla.sa+twilight-theme-en_c3cd9c099c8c4c71b5353d842e4aee2e/node_modules/@salla.sa/twilight-theme-engine/dist/chunk-DTWFNS3F.js?v=c58539c0:378:19)
    at Price (http://localhost:3210/app/components/common/Price.tsx:65:40)
    at Object.react_stack_bottom_frame (http://localhost:3210/node_modules/.vite/deps/react-dom_client.js?v=c58539c0:12866:12)
    at renderWithHooks (http://localhost:3210/node_modules/.vite/deps/react-dom_client.js?v=c58539c0:4213:19)
    at updateFunctionComponent (http://localhost:3210/node_modules/.vite/deps/react-dom_client.js?v=c58539c0:5569:16)
    at beginWork (http://localhost:3210/node_modules/.vite/deps/react-dom_client.js?v=c58539c0:6140:20)
    at runWithFiberInDEV (http://localhost:3210/node_modules/.vite/deps/react-dom_client.js?v=c58539c0:851:66)
    at performUnitOfWork (http://localhost:3210/node_modules/.vite/deps/react-dom_client.js?v=c58539c0:8429:92) @ http://localhost:3210/@vite/client:532
[ 1323542ms] [LOG] %cCOMPONENT STACK color: #7c3aed; font-weight: bold; @ http://localhost:3210/node_modules/.pnpm/@salla.sa+twilight-theme-en_c3cd9c099c8c4c71b5353d842e4aee2e/node_modules/@salla.sa/twilight-theme-engine/dist/chunk-DTWFNS3F.js?v=c58539c0:1226
[ 1323543ms] [ERROR] 
    at Price (http://localhost:3210/app/components/common/Price.tsx:53:25)
    at p (<anonymous>)
    at article (<anonymous>)
    at ChannelCard (http://localhost:3210/app/components/blocks/ChannelCard.tsx:37:31)
    at div (<anonymous>)
    at div (<anonymous>)
    at div (<anonymous>)
    at section (<anonymous>)
    at OxServices (http://localhost:3210/app/components/home/OxServices.tsx:60:30)
    at ComponentErrorBoundary (http://localhost:3210/node_modules/.pnpm/@salla.sa+twilight-theme-en_c3cd9c099c8c4c71b5353d842e4aee2e/node_modules/@salla.sa/twilight-theme-engine/dist/chunk-WITIL2MK.js?v=c58539c0:479:3)
    at Suspense (<anonymous>)
    at section (<anonymous>)
    at RenderWhenVisible2 (http://localhost:3210/node_modules/.pnpm/@salla.sa+twilight-theme-en_c3cd9c099c8c4c71b5353d842e4aee2e/node_modules/@salla.sa/twilight-theme-engine/dist/RenderWhenVisible-F44J5MMG.js?v=c58539c0:13:3)
    at HomeComponentRenderer2 (http://localhost:3210/node_modules/.pnpm/@salla.sa+twilight-theme-en_c3cd9c099c8c4c71b5353d842e4aee2e/node_modules/@salla.sa/twilight-theme-engine/dist/chunk-WITIL2MK.js?v=c58539c0:667:68)
    at HomePage2 (http://localhost:3210/node_modules/.pnpm/@salla.sa+twilight-theme-en_c3cd9c099c8c4c71b5353d842e4aee2e/node_modules/@salla.sa/twilight-theme-engine/dist/chunk-L42W6YS3.js?v=c58539c0:39:42)
    at DefaultHome (http://localhost:3210/app/components/home/DefaultHome.tsx:16:31)
    at HomeComponent (http://localhost:3210/app/routes/index.tsx?tsr-split=component:32:21)
    at Lazy (<anonymous>)
    at MatchInnerImpl (http://localhost:3210/node_modules/.pnpm/@tanstack+react-router@1.17_0324b09fb330d273432cf03cb1178e53/node_modules/@tanstack/react-router/dist/esm/Match.js?v=c58539c0:77:57)
    at SafeFragment (http://localhost:3210/node_modules/.pnpm/@tanstack+react-router@1.17_0324b09fb330d273432cf03cb1178e53/node_modules/@tanstack/react-router/dist/esm/SafeFragment.js?v=c58539c0:5:57)
    at CatchBoundary (http://localhost:3210/node_modules/.pnpm/@tanstack+react-router@1.17_0324b09fb330d273432cf03cb1178e53/node_modules/@tanstack/react-router/dist/esm/CatchBoundary.js?v=c58539c0:8:3)
    at Suspense (<anonymous>)
    at SafeFragment (http://localhost:3210/node_modules/.pnpm/@tanstack+react-router@1.17_0324b09fb330d273432cf03cb1178e53/node_modules/@tanstack/react-router/dist/esm/SafeFragment.js?v=c58539c0:5:57)
    at MatchView (http://localhost:3210/node_modules/.pnpm/@tanstack+react-router@1.17_0324b09fb330d273432cf03cb1178e53/node_modules/@tanstack/react-router/dist/esm/Match.js?v=c58539c0:36:22)
    at MatchImpl (http://localhost:3210/node_modules/.pnpm/@tanstack+react-router@1.17_0324b09fb330d273432cf03cb1178e53/node_modules/@tanstack/react-router/dist/esm/Match.js?v=c58539c0:25:47)
    at OutletImpl (http://localhost:3210/node_modules/.pnpm/@tanstack+react-router@1.17_0324b09fb330d273432cf03cb1178e53/node_modules/@tanstack/react-router/dist/esm/Match.js?v=c58539c0:132:37)
    at SplitComponent (<anonymous>)
    at Lazy (<anonymous>)
    at MatchInnerImpl (http://localhost:3210/node_modules/.pnpm/@tanstack+react-router@1.17_0324b09fb330d273432cf03cb1178e53/node_modules/@tanstack/react-router/dist/esm/Match.js?v=c58539c0:77:57)
    at SafeFragment (http://localhost:3210/node_modules/.pnpm/@tanstack+react-router@1.17_0324b09fb330d273432cf03cb1178e53/node_modules/@tanstack/react-router/dist/esm/SafeFragment.js?v=c58539c0:5:57)
    at CatchBoundary (http://localhost:3210/node_modules/.pnpm/@tanstack+react-router@1.17_0324b09fb330d273432cf03cb1178e53/node_modules/@tanstack/react-router/dist/esm/CatchBoundary.js?v=c58539c0:8:3)
    at Suspense (<anonymous>)
    at SafeFragment (http://localhost:3210/node_modules/.pnpm/@tanstack+react-router@1.17_0324b09fb330d273432cf03cb1178e53/node_modules/@tanstack/react-router/dist/esm/SafeFragment.js?v=c58539c0:5:57)
    at MatchView (http://localhost:3210/node_modules/.pnpm/@tanstack+react-router@1.17_0324b09fb330d273432cf03cb1178e53/node_modules/@tanstack/react-router/dist/esm/Match.js?v=c58539c0:36:22)
    at MatchImpl (http://localhost:3210/node_modules/.pnpm/@tanstack+react-router@1.17_0324b09fb330d273432cf03cb1178e53/node_modules/@tanstack/react-router/dist/esm/Match.js?v=c58539c0:25:47)
    at Suspense (<anonymous>)
    at OutletImpl (http://localhost:3210/node_modules/.pnpm/@tanstack+react-router@1.17_0324b09fb330d273432cf03cb1178e53/node_modules/@tanstack/react-router/dist/esm/Match.js?v=c58539c0:132:37)
    at MatchInnerImpl (http://localhost:3210/node_modules/.pnpm/@tanstack+react-router@1.17_0324b09fb330d273432cf03cb1178e53/node_modules/@tanstack/react-router/dist/esm/Match.js?v=c58539c0:77:57)
    at CatchBoundary (http://localhost:3210/node_modules/.pnpm/@tanstack+react-router@1.17_0324b09fb330d273432cf03cb1178e53/node_modules/@tanstack/react-router/dist/esm/CatchBoundary.js?v=c58539c0:8:3)
    at CatchNotFound (http://localhost:3210/node_modules/.pnpm/@tanstack+react-router@1.17_0324b09fb330d273432cf03cb1178e53/node_modules/@tanstack/react-router/dist/esm/not-found.js?v=c58539c0:10:17)
    at CatchBoundary (http://localhost:3210/node_modules/.pnpm/@tanstack+react-router@1.17_0324b09fb330d273432cf03cb1178e53/node_modules/@tanstack/react-router/dist/esm/CatchBoundary.js?v=c58539c0:8:3)
    at Suspense (<anonymous>)
    at main (<anonymous>)
    at div (<anonymous>)
    at OptimalXLayout (http://localhost:3210/app/components/layout/OptimalXLayout.tsx:35:34)
    at LinkProvider (http://localhost:3210/node_modules/.pnpm/@salla.sa+twilight-theme-en_c3cd9c099c8c4c71b5353d842e4aee2e/node_modules/@salla.sa/twilight-theme-engine/dist/chunk-BYMOPN2S.js?v=c58539c0:20:25)
    at NavigationProvider (http://localhost:3210/node_modules/.pnpm/@salla.sa+twilight-theme-en_c3cd9c099c8c4c71b5353d842e4aee2e/node_modules/@salla.sa/twilight-theme-engine/dist/chunk-JK77XRXR.js?v=c58539c0:76:3)
    at NavigationSetup (http://localhost:3210/node_modules/.pnpm/@salla.sa+twilight-theme-en_c3cd9c099c8c4c71b5353d842e4aee2e/node_modules/@salla.sa/twilight-theme-engine/dist/chunk-QUUSMVCP.js?v=c58539c0:67:28)
    at I18nextProvider (http://localhost:3210/node_modules/.vite/deps/@salla__sa_twilight-theme-engine_n_react-i18next.js?v=c58539c0:1103:28)
    at I18nProvider (http://localhost:3210/node_modules/.pnpm/@salla.sa+twilight-theme-en_c3cd9c099c8c4c71b5353d842e4aee2e/node_modules/@salla.sa/twilight-theme-engine/dist/chunk-TYNZ5B2B.js?v=c58539c0:18:3)
    at DocumentClassProvider (http://localhost:3210/node_modules/.pnpm/@salla.sa+twilight-theme-en_c3cd9c099c8c4c71b5353d842e4aee2e/node_modules/@salla.sa/twilight-theme-engine/dist/chunk-JWXJPJBO.js?v=c58539c0:33:34)
    at TwilightProvider (http://localhost:3210/node_modules/.pnpm/@salla.sa+twilight-theme-en_c3cd9c099c8c4c71b5353d842e4aee2e/node_modules/@salla.sa/twilight-theme-engine/dist/chunk-DTWFNS3F.js?v=c58539c0:1130:29)
    at body (<anonymous>)
    at html (<anonymous>)
    at RootComponent (http://localhost:3210/app/routes/__root.tsx?t=1789951204460:50:26)
    at MatchView (http://localhost:3210/node_modules/.pnpm/@tanstack+react-router@1.17_0324b09fb330d273432cf03cb1178e53/node_modules/@tanstack/react-router/dist/esm/Match.js?v=c58539c0:36:22)
    at MatchImpl (http://localhost:3210/node_modules/.pnpm/@tanstack+react-router@1.17_0324b09fb330d273432cf03cb1178e53/node_modules/@tanstack/react-router/dist/esm/Match.js?v=c58539c0:25:47)
    at CatchBoundary (http://localhost:3210/node_modules/.pnpm/@tanstack+react-router@1.17_0324b09fb330d273432cf03cb1178e53/node_modules/@tanstack/react-router/dist/esm/CatchBoundary.js?v=c58539c0:8:3)
    at MatchesInner (http://localhost:3210/node_modules/.pnpm/@tanstack+react-router@1.17_0324b09fb330d273432cf03cb1178e53/node_modules/@tanstack/react-router/dist/esm/Matches.js?v=c58539c0:32:17)
    at SafeFragment (http://localhost:3210/node_modules/.pnpm/@tanstack+react-router@1.17_0324b09fb330d273432cf03cb1178e53/node_modules/@tanstack/react-router/dist/esm/SafeFragment.js?v=c58539c0:5:57)
    at Matches (http://localhost:3210/node_modules/.pnpm/@tanstack+react-router@1.17_0324b09fb330d273432cf03cb1178e53/node_modules/@tanstack/react-router/dist/esm/Matches.js?v=c58539c0:21:17)
    at QueryClientProvider (http://localhost:3210/node_modules/.vite/deps/@tanstack_react-query.js?v=c58539c0:2562:30)
    at opts.router.options.Wrap (http://localhost:3210/node_modules/.pnpm/@tanstack+react-router-ssr-_58318f780554ca5837f0fb3dd49022cb/node_modules/@tanstack/react-router-ssr-query/dist/esm/index.js?v=c58539c0:10:32)
    at RouterContextProvider (http://localhost:3210/node_modules/.pnpm/@tanstack+react-router@1.17_0324b09fb330d273432cf03cb1178e53/node_modules/@tanstack/react-router/dist/esm/RouterProvider.js?v=c58539c0:12:34)
    at RouterProvider (http://localhost:3210/node_modules/.pnpm/@tanstack+react-router@1.17_0324b09fb330d273432cf03cb1178e53/node_modules/@tanstack/react-router/dist/esm/RouterProvider.js?v=c58539c0:37:27)
    at AwaitInner (http://localhost:3210/node_modules/.pnpm/@tanstack+react-router@1.17_0324b09fb330d273432cf03cb1178e53/node_modules/@tanstack/react-router/dist/esm/awaited.js?v=c58539c0:27:15)
    at Await (http://localhost:3210/node_modules/.pnpm/@tanstack+react-router@1.17_0324b09fb330d273432cf03cb1178e53/node_modules/@tanstack/react-router/dist/esm/awaited.js?v=c58539c0:20:12)
    at StartClient (<anonymous>) @ http://localhost:3210/@vite/client:532
[ 1323544ms] [LOG] %cCOMPONENT DATA color: #7c3aed; font-weight: bold; @ http://localhost:3210/node_modules/.pnpm/@salla.sa+twilight-theme-en_c3cd9c099c8c4c71b5353d842e4aee2e/node_modules/@salla.sa/twilight-theme-engine/dist/chunk-DTWFNS3F.js?v=c58539c0:1222
[ 1323545ms] [DIR] {path: ox-services, key: default-ox-services, image: null, title: null} @ http://localhost:3210/node_modules/.pnpm/@salla.sa+twilight-theme-en_c3cd9c099c8c4c71b5353d842e4aee2e/node_modules/@salla.sa/twilight-theme-engine/dist/chunk-DTWFNS3F.js?v=c58539c0:1223
[ 1325602ms] [ERROR] %o

%s

%s
 RangeError: Invalid language tag: p2000960449
    at new NumberFormat (<anonymous>)
    at getCachedIntl (http://localhost:3210/node_modules/.pnpm/@salla.sa+twilight-theme-en_c3cd9c099c8c4c71b5353d842e4aee2e/node_modules/@salla.sa/twilight-theme-engine/dist/chunk-DTWFNS3F.js?v=c58539c0:337:9)
    at format (http://localhost:3210/node_modules/.pnpm/@salla.sa+twilight-theme-en_c3cd9c099c8c4c71b5353d842e4aee2e/node_modules/@salla.sa/twilight-theme-engine/dist/chunk-DTWFNS3F.js?v=c58539c0:378:19)
    at Price (http://localhost:3210/app/components/common/Price.tsx:65:40)
    at Object.react_stack_bottom_frame (http://localhost:3210/node_modules/.vite/deps/react-dom_client.js?v=c58539c0:12866:12)
    at renderWithHooks (http://localhost:3210/node_modules/.vite/deps/react-dom_client.js?v=c58539c0:4213:19)
    at updateFunctionComponent (http://localhost:3210/node_modules/.vite/deps/react-dom_client.js?v=c58539c0:5569:16)
    at beginWork (http://localhost:3210/node_modules/.vite/deps/react-dom_client.js?v=c58539c0:6140:20)
    at runWithFiberInDEV (http://localhost:3210/node_modules/.vite/deps/react-dom_client.js?v=c58539c0:851:66)
    at performUnitOfWork (http://localhost:3210/node_modules/.vite/deps/react-dom_client.js?v=c58539c0:8429:92) The above error occurred in the <Price> component. React will try to recreate this component tree from scratch using the error boundary you provided, ComponentErrorBoundary. @ http://localhost:3210/@vite/client:532
[ 1325603ms] [LOG] %c[ERROR]%c background: #dc2626; color: white; padding: 2px 6px; border-radius: 3px; font-weight: bold; color: inherit; Invalid language tag: p2000960449 @ http://localhost:3210/node_modules/.pnpm/@salla.sa+twilight-theme-en_c3cd9c099c8c4c71b5353d842e4aee2e/node_modules/@salla.sa/twilight-theme-engine/dist/chunk-DTWFNS3F.js?v=c58539c0:1217
[ 1325603ms] [LOG] %c[COMPONENT]%c color: #7c3aed; font-weight: bold; color: inherit; ox-products @ http://localhost:3210/node_modules/.pnpm/@salla.sa+twilight-theme-en_c3cd9c099c8c4c71b5353d842e4aee2e/node_modules/@salla.sa/twilight-theme-engine/dist/chunk-DTWFNS3F.js?v=c58539c0:1220
[ 1325604ms] [LOG] %c[POSITION]%c color: #7c3aed; font-weight: bold; color: inherit; 4 @ http://localhost:3210/node_modules/.pnpm/@salla.sa+twilight-theme-en_c3cd9c099c8c4c71b5353d842e4aee2e/node_modules/@salla.sa/twilight-theme-engine/dist/chunk-DTWFNS3F.js?v=c58539c0:1220
[ 1325605ms] [LOG] %c[URL]%c color: #7c3aed; font-weight: bold; color: inherit; http://localhost:3210/services @ http://localhost:3210/node_modules/.pnpm/@salla.sa+twilight-theme-en_c3cd9c099c8c4c71b5353d842e4aee2e/node_modules/@salla.sa/twilight-theme-engine/dist/chunk-DTWFNS3F.js?v=c58539c0:1220
[ 1325606ms] [LOG] %c[TIME]%c color: #7c3aed; font-weight: bold; color: inherit; 2026-09-21T01:01:09.203Z @ http://localhost:3210/node_modules/.pnpm/@salla.sa+twilight-theme-en_c3cd9c099c8c4c71b5353d842e4aee2e/node_modules/@salla.sa/twilight-theme-engine/dist/chunk-DTWFNS3F.js?v=c58539c0:1220
[ 1325606ms] [LOG] %cSTACK TRACE color: #7c3aed; font-weight: bold; @ http://localhost:3210/node_modules/.pnpm/@salla.sa+twilight-theme-en_c3cd9c099c8c4c71b5353d842e4aee2e/node_modules/@salla.sa/twilight-theme-engine/dist/chunk-DTWFNS3F.js?v=c58539c0:1226
[ 1325607ms] [ERROR] RangeError: Invalid language tag: p2000960449
    at new NumberFormat (<anonymous>)
    at getCachedIntl (http://localhost:3210/node_modules/.pnpm/@salla.sa+twilight-theme-en_c3cd9c099c8c4c71b5353d842e4aee2e/node_modules/@salla.sa/twilight-theme-engine/dist/chunk-DTWFNS3F.js?v=c58539c0:337:9)
    at format (http://localhost:3210/node_modules/.pnpm/@salla.sa+twilight-theme-en_c3cd9c099c8c4c71b5353d842e4aee2e/node_modules/@salla.sa/twilight-theme-engine/dist/chunk-DTWFNS3F.js?v=c58539c0:378:19)
    at Price (http://localhost:3210/app/components/common/Price.tsx:65:40)
    at Object.react_stack_bottom_frame (http://localhost:3210/node_modules/.vite/deps/react-dom_client.js?v=c58539c0:12866:12)
    at renderWithHooks (http://localhost:3210/node_modules/.vite/deps/react-dom_client.js?v=c58539c0:4213:19)
    at updateFunctionComponent (http://localhost:3210/node_modules/.vite/deps/react-dom_client.js?v=c58539c0:5569:16)
    at beginWork (http://localhost:3210/node_modules/.vite/deps/react-dom_client.js?v=c58539c0:6140:20)
    at runWithFiberInDEV (http://localhost:3210/node_modules/.vite/deps/react-dom_client.js?v=c58539c0:851:66)
    at performUnitOfWork (http://localhost:3210/node_modules/.vite/deps/react-dom_client.js?v=c58539c0:8429:92) @ http://localhost:3210/@vite/client:532
[ 1325608ms] [LOG] %cCOMPONENT STACK color: #7c3aed; font-weight: bold; @ http://localhost:3210/node_modules/.pnpm/@salla.sa+twilight-theme-en_c3cd9c099c8c4c71b5353d842e4aee2e/node_modules/@salla.sa/twilight-theme-engine/dist/chunk-DTWFNS3F.js?v=c58539c0:1226
[ 1325608ms] [ERROR] 
    at Price (http://localhost:3210/app/components/common/Price.tsx:53:25)
    at div (<anonymous>)
    at div (<anonymous>)
    at article (<anonymous>)
    at OxProductCard (http://localhost:3210/app/components/product/OxProductCard.tsx:59:71)
    at ProductCard2 (http://localhost:3210/node_modules/.pnpm/@salla.sa+twilight-theme-en_c3cd9c099c8c4c71b5353d842e4aee2e/node_modules/@salla.sa/twilight-theme-engine/dist/chunk-UQRLBMIO.js?v=c58539c0:220:21)
    at li (<anonymous>)
    at ul (<anonymous>)
    at div (<anonymous>)
    at ProductsGridWrapper (http://localhost:3210/app/components/blocks/ProductsGridWrapper.tsx:31:39)
    at div (<anonymous>)
    at section (<anonymous>)
    at OxProducts (http://localhost:3210/app/components/home/OxProducts.tsx:33:30)
    at ComponentErrorBoundary (http://localhost:3210/node_modules/.pnpm/@salla.sa+twilight-theme-en_c3cd9c099c8c4c71b5353d842e4aee2e/node_modules/@salla.sa/twilight-theme-engine/dist/chunk-WITIL2MK.js?v=c58539c0:479:3)
    at Suspense (<anonymous>)
    at section (<anonymous>)
    at RenderWhenVisible2 (http://localhost:3210/node_modules/.pnpm/@salla.sa+twilight-theme-en_c3cd9c099c8c4c71b5353d842e4aee2e/node_modules/@salla.sa/twilight-theme-engine/dist/RenderWhenVisible-F44J5MMG.js?v=c58539c0:13:3)
    at HomeComponentRenderer2 (http://localhost:3210/node_modules/.pnpm/@salla.sa+twilight-theme-en_c3cd9c099c8c4c71b5353d842e4aee2e/node_modules/@salla.sa/twilight-theme-engine/dist/chunk-WITIL2MK.js?v=c58539c0:667:68)
    at HomePage2 (http://localhost:3210/node_modules/.pnpm/@salla.sa+twilight-theme-en_c3cd9c099c8c4c71b5353d842e4aee2e/node_modules/@salla.sa/twilight-theme-engine/dist/chunk-L42W6YS3.js?v=c58539c0:39:42)
    at DefaultHome (http://localhost:3210/app/components/home/DefaultHome.tsx:16:31)
    at HomeComponent (http://localhost:3210/app/routes/index.tsx?tsr-split=component:32:21)
    at Lazy (<anonymous>)
    at MatchInnerImpl (http://localhost:3210/node_modules/.pnpm/@tanstack+react-router@1.17_0324b09fb330d273432cf03cb1178e53/node_modules/@tanstack/react-router/dist/esm/Match.js?v=c58539c0:77:57)
    at SafeFragment (http://localhost:3210/node_modules/.pnpm/@tanstack+react-router@1.17_0324b09fb330d273432cf03cb1178e53/node_modules/@tanstack/react-router/dist/esm/SafeFragment.js?v=c58539c0:5:57)
    at CatchBoundary (http://localhost:3210/node_modules/.pnpm/@tanstack+react-router@1.17_0324b09fb330d273432cf03cb1178e53/node_modules/@tanstack/react-router/dist/esm/CatchBoundary.js?v=c58539c0:8:3)
    at Suspense (<anonymous>)
    at SafeFragment (http://localhost:3210/node_modules/.pnpm/@tanstack+react-router@1.17_0324b09fb330d273432cf03cb1178e53/node_modules/@tanstack/react-router/dist/esm/SafeFragment.js?v=c58539c0:5:57)
    at MatchView (http://localhost:3210/node_modules/.pnpm/@tanstack+react-router@1.17_0324b09fb330d273432cf03cb1178e53/node_modules/@tanstack/react-router/dist/esm/Match.js?v=c58539c0:36:22)
    at MatchImpl (http://localhost:3210/node_modules/.pnpm/@tanstack+react-router@1.17_0324b09fb330d273432cf03cb1178e53/node_modules/@tanstack/react-router/dist/esm/Match.js?v=c58539c0:25:47)
    at OutletImpl (http://localhost:3210/node_modules/.pnpm/@tanstack+react-router@1.17_0324b09fb330d273432cf03cb1178e53/node_modules/@tanstack/react-router/dist/esm/Match.js?v=c58539c0:132:37)
    at SplitComponent (<anonymous>)
    at Lazy (<anonymous>)
    at MatchInnerImpl (http://localhost:3210/node_modules/.pnpm/@tanstack+react-router@1.17_0324b09fb330d273432cf03cb1178e53/node_modules/@tanstack/react-router/dist/esm/Match.js?v=c58539c0:77:57)
    at SafeFragment (http://localhost:3210/node_modules/.pnpm/@tanstack+react-router@1.17_0324b09fb330d273432cf03cb1178e53/node_modules/@tanstack/react-router/dist/esm/SafeFragment.js?v=c58539c0:5:57)
    at CatchBoundary (http://localhost:3210/node_modules/.pnpm/@tanstack+react-router@1.17_0324b09fb330d273432cf03cb1178e53/node_modules/@tanstack/react-router/dist/esm/CatchBoundary.js?v=c58539c0:8:3)
    at Suspense (<anonymous>)
    at SafeFragment (http://localhost:3210/node_modules/.pnpm/@tanstack+react-router@1.17_0324b09fb330d273432cf03cb1178e53/node_modules/@tanstack/react-router/dist/esm/SafeFragment.js?v=c58539c0:5:57)
    at MatchView (http://localhost:3210/node_modules/.pnpm/@tanstack+react-router@1.17_0324b09fb330d273432cf03cb1178e53/node_modules/@tanstack/react-router/dist/esm/Match.js?v=c58539c0:36:22)
    at MatchImpl (http://localhost:3210/node_modules/.pnpm/@tanstack+react-router@1.17_0324b09fb330d273432cf03cb1178e53/node_modules/@tanstack/react-router/dist/esm/Match.js?v=c58539c0:25:47)
    at Suspense (<anonymous>)
    at OutletImpl (http://localhost:3210/node_modules/.pnpm/@tanstack+react-router@1.17_0324b09fb330d273432cf03cb1178e53/node_modules/@tanstack/react-router/dist/esm/Match.js?v=c58539c0:132:37)
    at MatchInnerImpl (http://localhost:3210/node_modules/.pnpm/@tanstack+react-router@1.17_0324b09fb330d273432cf03cb1178e53/node_modules/@tanstack/react-router/dist/esm/Match.js?v=c58539c0:77:57)
    at CatchBoundary (http://localhost:3210/node_modules/.pnpm/@tanstack+react-router@1.17_0324b09fb330d273432cf03cb1178e53/node_modules/@tanstack/react-router/dist/esm/CatchBoundary.js?v=c58539c0:8:3)
    at CatchNotFound (http://localhost:3210/node_modules/.pnpm/@tanstack+react-router@1.17_0324b09fb330d273432cf03cb1178e53/node_modules/@tanstack/react-router/dist/esm/not-found.js?v=c58539c0:10:17)
    at CatchBoundary (http://localhost:3210/node_modules/.pnpm/@tanstack+react-router@1.17_0324b09fb330d273432cf03cb1178e53/node_modules/@tanstack/react-router/dist/esm/CatchBoundary.js?v=c58539c0:8:3)
    at Suspense (<anonymous>)
    at main (<anonymous>)
    at div (<anonymous>)
    at OptimalXLayout (http://localhost:3210/app/components/layout/OptimalXLayout.tsx:35:34)
    at LinkProvider (http://localhost:3210/node_modules/.pnpm/@salla.sa+twilight-theme-en_c3cd9c099c8c4c71b5353d842e4aee2e/node_modules/@salla.sa/twilight-theme-engine/dist/chunk-BYMOPN2S.js?v=c58539c0:20:25)
    at NavigationProvider (http://localhost:3210/node_modules/.pnpm/@salla.sa+twilight-theme-en_c3cd9c099c8c4c71b5353d842e4aee2e/node_modules/@salla.sa/twilight-theme-engine/dist/chunk-JK77XRXR.js?v=c58539c0:76:3)
    at NavigationSetup (http://localhost:3210/node_modules/.pnpm/@salla.sa+twilight-theme-en_c3cd9c099c8c4c71b5353d842e4aee2e/node_modules/@salla.sa/twilight-theme-engine/dist/chunk-QUUSMVCP.js?v=c58539c0:67:28)
    at I18nextProvider (http://localhost:3210/node_modules/.vite/deps/@salla__sa_twilight-theme-engine_n_react-i18next.js?v=c58539c0:1103:28)
    at I18nProvider (http://localhost:3210/node_modules/.pnpm/@salla.sa+twilight-theme-en_c3cd9c099c8c4c71b5353d842e4aee2e/node_modules/@salla.sa/twilight-theme-engine/dist/chunk-TYNZ5B2B.js?v=c58539c0:18:3)
    at DocumentClassProvider (http://localhost:3210/node_modules/.pnpm/@salla.sa+twilight-theme-en_c3cd9c099c8c4c71b5353d842e4aee2e/node_modules/@salla.sa/twilight-theme-engine/dist/chunk-JWXJPJBO.js?v=c58539c0:33:34)
    at TwilightProvider (http://localhost:3210/node_modules/.pnpm/@salla.sa+twilight-theme-en_c3cd9c099c8c4c71b5353d842e4aee2e/node_modules/@salla.sa/twilight-theme-engine/dist/chunk-DTWFNS3F.js?v=c58539c0:1130:29)
    at body (<anonymous>)
    at html (<anonymous>)
    at RootComponent (http://localhost:3210/app/routes/__root.tsx?t=1789951204460:50:26)
    at MatchView (http://localhost:3210/node_modules/.pnpm/@tanstack+react-router@1.17_0324b09fb330d273432cf03cb1178e53/node_modules/@tanstack/react-router/dist/esm/Match.js?v=c58539c0:36:22)
    at MatchImpl (http://localhost:3210/node_modules/.pnpm/@tanstack+react-router@1.17_0324b09fb330d273432cf03cb1178e53/node_modules/@tanstack/react-router/dist/esm/Match.js?v=c58539c0:25:47)
    at CatchBoundary (http://localhost:3210/node_modules/.pnpm/@tanstack+react-router@1.17_0324b09fb330d273432cf03cb1178e53/node_modules/@tanstack/react-router/dist/esm/CatchBoundary.js?v=c58539c0:8:3)
    at MatchesInner (http://localhost:3210/node_modules/.pnpm/@tanstack+react-router@1.17_0324b09fb330d273432cf03cb1178e53/node_modules/@tanstack/react-router/dist/esm/Matches.js?v=c58539c0:32:17)
    at SafeFragment (http://localhost:3210/node_modules/.pnpm/@tanstack+react-router@1.17_0324b09fb330d273432cf03cb1178e53/node_modules/@tanstack/react-router/dist/esm/SafeFragment.js?v=c58539c0:5:57)
    at Matches (http://localhost:3210/node_modules/.pnpm/@tanstack+react-router@1.17_0324b09fb330d273432cf03cb1178e53/node_modules/@tanstack/react-router/dist/esm/Matches.js?v=c58539c0:21:17)
    at QueryClientProvider (http://localhost:3210/node_modules/.vite/deps/@tanstack_react-query.js?v=c58539c0:2562:30)
    at opts.router.options.Wrap (http://localhost:3210/node_modules/.pnpm/@tanstack+react-router-ssr-_58318f780554ca5837f0fb3dd49022cb/node_modules/@tanstack/react-router-ssr-query/dist/esm/index.js?v=c58539c0:10:32)
    at RouterContextProvider (http://localhost:3210/node_modules/.pnpm/@tanstack+react-router@1.17_0324b09fb330d273432cf03cb1178e53/node_modules/@tanstack/react-router/dist/esm/RouterProvider.js?v=c58539c0:12:34)
    at RouterProvider (http://localhost:3210/node_modules/.pnpm/@tanstack+react-router@1.17_0324b09fb330d273432cf03cb1178e53/node_modules/@tanstack/react-router/dist/esm/RouterProvider.js?v=c58539c0:37:27)
    at AwaitInner (http://localhost:3210/node_modules/.pnpm/@tanstack+react-router@1.17_0324b09fb330d273432cf03cb1178e53/node_modules/@tanstack/react-router/dist/esm/awaited.js?v=c58539c0:27:15)
    at Await (http://localhost:3210/node_modules/.pnpm/@tanstack+react-router@1.17_0324b09fb330d273432cf03cb1178e53/node_modules/@tanstack/react-router/dist/esm/awaited.js?v=c58539c0:20:12)
    at StartClient (<anonymous>) @ http://localhost:3210/@vite/client:532
[ 1325609ms] [LOG] %cCOMPONENT DATA color: #7c3aed; font-weight: bold; @ http://localhost:3210/node_modules/.pnpm/@salla.sa+twilight-theme-en_c3cd9c099c8c4c71b5353d842e4aee2e/node_modules/@salla.sa/twilight-theme-engine/dist/chunk-DTWFNS3F.js?v=c58539c0:1222
[ 1325609ms] [DIR] {path: ox-products, key: default-ox-products, title: null, products: Array(0)} @ http://localhost:3210/node_modules/.pnpm/@salla.sa+twilight-theme-en_c3cd9c099c8c4c71b5353d842e4aee2e/node_modules/@salla.sa/twilight-theme-engine/dist/chunk-DTWFNS3F.js?v=c58539c0:1223
[ 1337192ms] [LOG] [offline-api] browser: api.salla.dev + cdn.salla.network -> http://127.0.0.1:5178 @ http://localhost:3210/:0
[ 1338365ms] [INFO] %cDownload the React DevTools for a better development experience: https://react.dev/link/react-devtools font-weight:bold @ http://localhost:3210/node_modules/.vite/deps/react-dom_client.js?v=c58539c0:14335
[ 1338543ms] [WARNING] [Twilight] Could not hydrate twilight context: no root match in router state @ http://localhost:3210/@vite/client:532
[ 1338690ms] [ERROR] The result of getServerSnapshot should be cached to avoid an infinite loop @ http://localhost:3210/@vite/client:532
[ 1338759ms] [ERROR] A tree hydrated but some attributes of the server rendered HTML didn't match the client properties. This won't be patched up. This can happen if a SSR-ed Client Component used:

- A server/client branch `if (typeof window !== 'undefined')`.
- Variable input such as `Date.now()` or `Math.random()` which changes each time it's called.
- Date formatting in a user's locale which doesn't match the server.
- External changing data without sending a snapshot of it along with the HTML.
- Invalid HTML tag nesting.

It can also happen if the client has a browser extension installed which messes with the HTML before React loaded.

%s%s https://react.dev/link/hydration-mismatch 

  ...
    <ThemeDocumentSync>
    <TanStackDocumentSync>
    <NavigationSetup>
      <NavigationProvider navigate={function}>
        <LinkProvider adapter={{...}}>
          <WidgetHead>
          <AppsSnippets>
          <HookSlot>
          <Suspense>
          <OptimalXLayout>
            <div>
            <BottomTabBar>
              <nav className="ox-tabbar" aria-label="تنقل سريع" data-testid="ox-tabbar">
                <ul className="ox-tabbar_...">
                  <li>
                    <Link to="/" className="ox-tab">
                      <TanStackLinkAdapter ref={null} to="/" className="ox-tab" data-spa-link="">
                        <a
+                         className="ox-tab active"
-                         className="ox-tab is-active active"
                          style={undefined}
                          title={undefined}
                          target={undefined}
                          rel={undefined}
                          onClick={function handleClick}
                          aria-label={undefined}
                          data-spa-link=""
                          ref={{current:null}}
                          onBlur={function handleLeave}
                          onFocus={function}
                          onMouseEnter={function}
                          onMouseLeave={function handleLeave}
                          onTouchStart={function handleTouchStart}
                          href="/"
                          data-status="active"
                          aria-current="page"
                        >
                  ...
            ...
          ...
 @ http://localhost:3210/@vite/client:532
[ 1339054ms] [LOG] [HomeComponentRenderer] RENDER: path=ox-hero, index=0, renderCount=1 @ http://localhost:3210/node_modules/.pnpm/@salla.sa+twilight-theme-en_c3cd9c099c8c4c71b5353d842e4aee2e/node_modules/@salla.sa/twilight-theme-engine/dist/chunk-WITIL2MK.js?v=c58539c0:670
[ 1339054ms] [LOG] [HomeComponentRenderer] RENDER: path=ox-hero, index=0, renderCount=2 @ http://localhost:3210/node_modules/.pnpm/@salla.sa+twilight-theme-en_c3cd9c099c8c4c71b5353d842e4aee2e/node_modules/@salla.sa/twilight-theme-engine/dist/chunk-WITIL2MK.js?v=c58539c0:670
[ 1339086ms] [LOG] [HomeComponentRenderer] RENDER: path=ox-hero, index=0, renderCount=1 @ http://localhost:3210/node_modules/.pnpm/@salla.sa+twilight-theme-en_c3cd9c099c8c4c71b5353d842e4aee2e/node_modules/@salla.sa/twilight-theme-engine/dist/chunk-WITIL2MK.js?v=c58539c0:670
[ 1339086ms] [LOG] [HomeComponentRenderer] RENDER: path=ox-hero, index=0, renderCount=2 @ http://localhost:3210/node_modules/.pnpm/@salla.sa+twilight-theme-en_c3cd9c099c8c4c71b5353d842e4aee2e/node_modules/@salla.sa/twilight-theme-engine/dist/chunk-WITIL2MK.js?v=c58539c0:670
[ 1339093ms] [LOG] [HomeComponentRenderer] RENDER: path=ox-hero, index=0, renderCount=1 @ http://localhost:3210/node_modules/.pnpm/@salla.sa+twilight-theme-en_c3cd9c099c8c4c71b5353d842e4aee2e/node_modules/@salla.sa/twilight-theme-engine/dist/chunk-WITIL2MK.js?v=c58539c0:670
[ 1339094ms] [LOG] [HomeComponentRenderer] RENDER: path=ox-hero, index=0, renderCount=2 @ http://localhost:3210/node_modules/.pnpm/@salla.sa+twilight-theme-en_c3cd9c099c8c4c71b5353d842e4aee2e/node_modules/@salla.sa/twilight-theme-engine/dist/chunk-WITIL2MK.js?v=c58539c0:670
[ 1339096ms] [LOG] [HomeComponentRenderer] RENDER: path=ox-trust-strip, index=1, renderCount=1 @ http://localhost:3210/node_modules/.pnpm/@salla.sa+twilight-theme-en_c3cd9c099c8c4c71b5353d842e4aee2e/node_modules/@salla.sa/twilight-theme-engine/dist/chunk-WITIL2MK.js?v=c58539c0:670
[ 1339097ms] [LOG] [HomeComponentRenderer] RENDER: path=ox-trust-strip, index=1, renderCount=2 @ http://localhost:3210/node_modules/.pnpm/@salla.sa+twilight-theme-en_c3cd9c099c8c4c71b5353d842e4aee2e/node_modules/@salla.sa/twilight-theme-engine/dist/chunk-WITIL2MK.js?v=c58539c0:670
[ 1339097ms] [LOG] [HomeComponentRenderer] RENDER: path=ox-goals, index=2, renderCount=1 @ http://localhost:3210/node_modules/.pnpm/@salla.sa+twilight-theme-en_c3cd9c099c8c4c71b5353d842e4aee2e/node_modules/@salla.sa/twilight-theme-engine/dist/chunk-WITIL2MK.js?v=c58539c0:670
[ 1339098ms] [LOG] [HomeComponentRenderer] RENDER: path=ox-goals, index=2, renderCount=2 @ http://localhost:3210/node_modules/.pnpm/@salla.sa+twilight-theme-en_c3cd9c099c8c4c71b5353d842e4aee2e/node_modules/@salla.sa/twilight-theme-engine/dist/chunk-WITIL2MK.js?v=c58539c0:670
[ 1339098ms] [LOG] [HomeComponentRenderer] RENDER: path=ox-products, index=3, renderCount=1 @ http://localhost:3210/node_modules/.pnpm/@salla.sa+twilight-theme-en_c3cd9c099c8c4c71b5353d842e4aee2e/node_modules/@salla.sa/twilight-theme-engine/dist/chunk-WITIL2MK.js?v=c58539c0:670
[ 1339099ms] [LOG] [HomeComponentRenderer] RENDER: path=ox-products, index=3, renderCount=2 @ http://localhost:3210/node_modules/.pnpm/@salla.sa+twilight-theme-en_c3cd9c099c8c4c71b5353d842e4aee2e/node_modules/@salla.sa/twilight-theme-engine/dist/chunk-WITIL2MK.js?v=c58539c0:670
[ 1339101ms] [LOG] [HomeComponentRenderer] RENDER: path=ox-poster, index=4, renderCount=1 @ http://localhost:3210/node_modules/.pnpm/@salla.sa+twilight-theme-en_c3cd9c099c8c4c71b5353d842e4aee2e/node_modules/@salla.sa/twilight-theme-engine/dist/chunk-WITIL2MK.js?v=c58539c0:670
[ 1339102ms] [LOG] [HomeComponentRenderer] RENDER: path=ox-poster, index=4, renderCount=2 @ http://localhost:3210/node_modules/.pnpm/@salla.sa+twilight-theme-en_c3cd9c099c8c4c71b5353d842e4aee2e/node_modules/@salla.sa/twilight-theme-engine/dist/chunk-WITIL2MK.js?v=c58539c0:670
[ 1339102ms] [LOG] [HomeComponentRenderer] RENDER: path=ox-posters, index=5, renderCount=1 @ http://localhost:3210/node_modules/.pnpm/@salla.sa+twilight-theme-en_c3cd9c099c8c4c71b5353d842e4aee2e/node_modules/@salla.sa/twilight-theme-engine/dist/chunk-WITIL2MK.js?v=c58539c0:670
[ 1339102ms] [LOG] [HomeComponentRenderer] RENDER: path=ox-posters, index=5, renderCount=2 @ http://localhost:3210/node_modules/.pnpm/@salla.sa+twilight-theme-en_c3cd9c099c8c4c71b5353d842e4aee2e/node_modules/@salla.sa/twilight-theme-engine/dist/chunk-WITIL2MK.js?v=c58539c0:670
[ 1339105ms] [LOG] [HomeComponentRenderer] RENDER: path=ox-products-secondary, index=6, renderCount=1 @ http://localhost:3210/node_modules/.pnpm/@salla.sa+twilight-theme-en_c3cd9c099c8c4c71b5353d842e4aee2e/node_modules/@salla.sa/twilight-theme-engine/dist/chunk-WITIL2MK.js?v=c58539c0:670
[ 1339106ms] [LOG] [HomeComponentRenderer] RENDER: path=ox-products-secondary, index=6, renderCount=2 @ http://localhost:3210/node_modules/.pnpm/@salla.sa+twilight-theme-en_c3cd9c099c8c4c71b5353d842e4aee2e/node_modules/@salla.sa/twilight-theme-engine/dist/chunk-WITIL2MK.js?v=c58539c0:670
[ 1339108ms] [LOG] [HomeComponentRenderer] RENDER: path=ox-categories, index=7, renderCount=1 @ http://localhost:3210/node_modules/.pnpm/@salla.sa+twilight-theme-en_c3cd9c099c8c4c71b5353d842e4aee2e/node_modules/@salla.sa/twilight-theme-engine/dist/chunk-WITIL2MK.js?v=c58539c0:670
[ 1339108ms] [LOG] [HomeComponentRenderer] RENDER: path=ox-categories, index=7, renderCount=2 @ http://localhost:3210/node_modules/.pnpm/@salla.sa+twilight-theme-en_c3cd9c099c8c4c71b5353d842e4aee2e/node_modules/@salla.sa/twilight-theme-engine/dist/chunk-WITIL2MK.js?v=c58539c0:670
[ 1339110ms] [LOG] [HomeComponentRenderer] RENDER: path=ox-brands, index=8, renderCount=1 @ http://localhost:3210/node_modules/.pnpm/@salla.sa+twilight-theme-en_c3cd9c099c8c4c71b5353d842e4aee2e/node_modules/@salla.sa/twilight-theme-engine/dist/chunk-WITIL2MK.js?v=c58539c0:670
[ 1339111ms] [LOG] [HomeComponentRenderer] RENDER: path=ox-brands, index=8, renderCount=2 @ http://localhost:3210/node_modules/.pnpm/@salla.sa+twilight-theme-en_c3cd9c099c8c4c71b5353d842e4aee2e/node_modules/@salla.sa/twilight-theme-engine/dist/chunk-WITIL2MK.js?v=c58539c0:670
[ 1339111ms] [LOG] [HomeComponentRenderer] RENDER: path=ox-services, index=9, renderCount=1 @ http://localhost:3210/node_modules/.pnpm/@salla.sa+twilight-theme-en_c3cd9c099c8c4c71b5353d842e4aee2e/node_modules/@salla.sa/twilight-theme-engine/dist/chunk-WITIL2MK.js?v=c58539c0:670
[ 1339112ms] [LOG] [HomeComponentRenderer] RENDER: path=ox-services, index=9, renderCount=2 @ http://localhost:3210/node_modules/.pnpm/@salla.sa+twilight-theme-en_c3cd9c099c8c4c71b5353d842e4aee2e/node_modules/@salla.sa/twilight-theme-engine/dist/chunk-WITIL2MK.js?v=c58539c0:670
[ 1339113ms] [LOG] [HomeComponentRenderer] RENDER: path=ox-guides, index=10, renderCount=1 @ http://localhost:3210/node_modules/.pnpm/@salla.sa+twilight-theme-en_c3cd9c099c8c4c71b5353d842e4aee2e/node_modules/@salla.sa/twilight-theme-engine/dist/chunk-WITIL2MK.js?v=c58539c0:670
[ 1339114ms] [LOG] [HomeComponentRenderer] RENDER: path=ox-guides, index=10, renderCount=2 @ http://localhost:3210/node_modules/.pnpm/@salla.sa+twilight-theme-en_c3cd9c099c8c4c71b5353d842e4aee2e/node_modules/@salla.sa/twilight-theme-engine/dist/chunk-WITIL2MK.js?v=c58539c0:670
[ 1339114ms] [LOG] [HomeComponentRenderer] RENDER: path=ox-branch, index=11, renderCount=1 @ http://localhost:3210/node_modules/.pnpm/@salla.sa+twilight-theme-en_c3cd9c099c8c4c71b5353d842e4aee2e/node_modules/@salla.sa/twilight-theme-engine/dist/chunk-WITIL2MK.js?v=c58539c0:670
[ 1339114ms] [LOG] [HomeComponentRenderer] RENDER: path=ox-branch, index=11, renderCount=2 @ http://localhost:3210/node_modules/.pnpm/@salla.sa+twilight-theme-en_c3cd9c099c8c4c71b5353d842e4aee2e/node_modules/@salla.sa/twilight-theme-engine/dist/chunk-WITIL2MK.js?v=c58539c0:670
[ 1339116ms] [LOG] [HomeComponentRenderer] RENDER: path=ox-certifications, index=12, renderCount=1 @ http://localhost:3210/node_modules/.pnpm/@salla.sa+twilight-theme-en_c3cd9c099c8c4c71b5353d842e4aee2e/node_modules/@salla.sa/twilight-theme-engine/dist/chunk-WITIL2MK.js?v=c58539c0:670
[ 1339116ms] [LOG] [HomeComponentRenderer] RENDER: path=ox-certifications, index=12, renderCount=2 @ http://localhost:3210/node_modules/.pnpm/@salla.sa+twilight-theme-en_c3cd9c099c8c4c71b5353d842e4aee2e/node_modules/@salla.sa/twilight-theme-engine/dist/chunk-WITIL2MK.js?v=c58539c0:670
[ 1339117ms] [LOG] [HomeComponentRenderer] RENDER: path=ox-faq, index=13, renderCount=1 @ http://localhost:3210/node_modules/.pnpm/@salla.sa+twilight-theme-en_c3cd9c099c8c4c71b5353d842e4aee2e/node_modules/@salla.sa/twilight-theme-engine/dist/chunk-WITIL2MK.js?v=c58539c0:670
[ 1339117ms] [LOG] [HomeComponentRenderer] RENDER: path=ox-faq, index=13, renderCount=2 @ http://localhost:3210/node_modules/.pnpm/@salla.sa+twilight-theme-en_c3cd9c099c8c4c71b5353d842e4aee2e/node_modules/@salla.sa/twilight-theme-engine/dist/chunk-WITIL2MK.js?v=c58539c0:670
[ 1339119ms] [LOG] [HomeComponentRenderer] RENDER: path=ox-newsletter, index=14, renderCount=1 @ http://localhost:3210/node_modules/.pnpm/@salla.sa+twilight-theme-en_c3cd9c099c8c4c71b5353d842e4aee2e/node_modules/@salla.sa/twilight-theme-engine/dist/chunk-WITIL2MK.js?v=c58539c0:670
[ 1339119ms] [LOG] [HomeComponentRenderer] RENDER: path=ox-newsletter, index=14, renderCount=2 @ http://localhost:3210/node_modules/.pnpm/@salla.sa+twilight-theme-en_c3cd9c099c8c4c71b5353d842e4aee2e/node_modules/@salla.sa/twilight-theme-engine/dist/chunk-WITIL2MK.js?v=c58539c0:670
[ 1339119ms] [LOG] [HomeComponentRenderer] RENDER: path=ox-banner, index=15, renderCount=1 @ http://localhost:3210/node_modules/.pnpm/@salla.sa+twilight-theme-en_c3cd9c099c8c4c71b5353d842e4aee2e/node_modules/@salla.sa/twilight-theme-engine/dist/chunk-WITIL2MK.js?v=c58539c0:670
[ 1339120ms] [LOG] [HomeComponentRenderer] RENDER: path=ox-banner, index=15, renderCount=2 @ http://localhost:3210/node_modules/.pnpm/@salla.sa+twilight-theme-en_c3cd9c099c8c4c71b5353d842e4aee2e/node_modules/@salla.sa/twilight-theme-engine/dist/chunk-WITIL2MK.js?v=c58539c0:670
[ 1339124ms] [LOG] [HomeComponentRenderer] MOUNT: path=ox-hero, index=0, renderCount=2 @ http://localhost:3210/node_modules/.pnpm/@salla.sa+twilight-theme-en_c3cd9c099c8c4c71b5353d842e4aee2e/node_modules/@salla.sa/twilight-theme-engine/dist/chunk-WITIL2MK.js?v=c58539c0:673
[ 1339125ms] [LOG] [HomeComponentRenderer] MOUNT: path=ox-trust-strip, index=1, renderCount=2 @ http://localhost:3210/node_modules/.pnpm/@salla.sa+twilight-theme-en_c3cd9c099c8c4c71b5353d842e4aee2e/node_modules/@salla.sa/twilight-theme-engine/dist/chunk-WITIL2MK.js?v=c58539c0:673
[ 1339125ms] [LOG] [HomeComponentRenderer] MOUNT: path=ox-goals, index=2, renderCount=2 @ http://localhost:3210/node_modules/.pnpm/@salla.sa+twilight-theme-en_c3cd9c099c8c4c71b5353d842e4aee2e/node_modules/@salla.sa/twilight-theme-engine/dist/chunk-WITIL2MK.js?v=c58539c0:673
[ 1339126ms] [LOG] [HomeComponentRenderer] MOUNT: path=ox-products, index=3, renderCount=2 @ http://localhost:3210/node_modules/.pnpm/@salla.sa+twilight-theme-en_c3cd9c099c8c4c71b5353d842e4aee2e/node_modules/@salla.sa/twilight-theme-engine/dist/chunk-WITIL2MK.js?v=c58539c0:673
[ 1339127ms] [LOG] [HomeComponentRenderer] MOUNT: path=ox-poster, index=4, renderCount=2 @ http://localhost:3210/node_modules/.pnpm/@salla.sa+twilight-theme-en_c3cd9c099c8c4c71b5353d842e4aee2e/node_modules/@salla.sa/twilight-theme-engine/dist/chunk-WITIL2MK.js?v=c58539c0:673
[ 1339127ms] [LOG] [HomeComponentRenderer] MOUNT: path=ox-posters, index=5, renderCount=2 @ http://localhost:3210/node_modules/.pnpm/@salla.sa+twilight-theme-en_c3cd9c099c8c4c71b5353d842e4aee2e/node_modules/@salla.sa/twilight-theme-engine/dist/chunk-WITIL2MK.js?v=c58539c0:673
[ 1339128ms] [LOG] [HomeComponentRenderer] MOUNT: path=ox-products-secondary, index=6, renderCount=2 @ http://localhost:3210/node_modules/.pnpm/@salla.sa+twilight-theme-en_c3cd9c099c8c4c71b5353d842e4aee2e/node_modules/@salla.sa/twilight-theme-engine/dist/chunk-WITIL2MK.js?v=c58539c0:673
[ 1339128ms] [LOG] [HomeComponentRenderer] MOUNT: path=ox-categories, index=7, renderCount=2 @ http://localhost:3210/node_modules/.pnpm/@salla.sa+twilight-theme-en_c3cd9c099c8c4c71b5353d842e4aee2e/node_modules/@salla.sa/twilight-theme-engine/dist/chunk-WITIL2MK.js?v=c58539c0:673
[ 1339129ms] [LOG] [HomeComponentRenderer] MOUNT: path=ox-brands, index=8, renderCount=2 @ http://localhost:3210/node_modules/.pnpm/@salla.sa+twilight-theme-en_c3cd9c099c8c4c71b5353d842e4aee2e/node_modules/@salla.sa/twilight-theme-engine/dist/chunk-WITIL2MK.js?v=c58539c0:673
[ 1339129ms] [LOG] [HomeComponentRenderer] MOUNT: path=ox-services, index=9, renderCount=2 @ http://localhost:3210/node_modules/.pnpm/@salla.sa+twilight-theme-en_c3cd9c099c8c4c71b5353d842e4aee2e/node_modules/@salla.sa/twilight-theme-engine/dist/chunk-WITIL2MK.js?v=c58539c0:673
[ 1339130ms] [LOG] [HomeComponentRenderer] MOUNT: path=ox-guides, index=10, renderCount=2 @ http://localhost:3210/node_modules/.pnpm/@salla.sa+twilight-theme-en_c3cd9c099c8c4c71b5353d842e4aee2e/node_modules/@salla.sa/twilight-theme-engine/dist/chunk-WITIL2MK.js?v=c58539c0:673
[ 1339130ms] [LOG] [HomeComponentRenderer] MOUNT: path=ox-branch, index=11, renderCount=2 @ http://localhost:3210/node_modules/.pnpm/@salla.sa+twilight-theme-en_c3cd9c099c8c4c71b5353d842e4aee2e/node_modules/@salla.sa/twilight-theme-engine/dist/chunk-WITIL2MK.js?v=c58539c0:673
[ 1339131ms] [LOG] [HomeComponentRenderer] MOUNT: path=ox-certifications, index=12, renderCount=2 @ http://localhost:3210/node_modules/.pnpm/@salla.sa+twilight-theme-en_c3cd9c099c8c4c71b5353d842e4aee2e/node_modules/@salla.sa/twilight-theme-engine/dist/chunk-WITIL2MK.js?v=c58539c0:673
[ 1339131ms] [LOG] [HomeComponentRenderer] MOUNT: path=ox-faq, index=13, renderCount=2 @ http://localhost:3210/node_modules/.pnpm/@salla.sa+twilight-theme-en_c3cd9c099c8c4c71b5353d842e4aee2e/node_modules/@salla.sa/twilight-theme-engine/dist/chunk-WITIL2MK.js?v=c58539c0:673
[ 1339132ms] [LOG] [HomeComponentRenderer] MOUNT: path=ox-newsletter, index=14, renderCount=2 @ http://localhost:3210/node_modules/.pnpm/@salla.sa+twilight-theme-en_c3cd9c099c8c4c71b5353d842e4aee2e/node_modules/@salla.sa/twilight-theme-engine/dist/chunk-WITIL2MK.js?v=c58539c0:673
[ 1339132ms] [LOG] [HomeComponentRenderer] MOUNT: path=ox-banner, index=15, renderCount=2 @ http://localhost:3210/node_modules/.pnpm/@salla.sa+twilight-theme-en_c3cd9c099c8c4c71b5353d842e4aee2e/node_modules/@salla.sa/twilight-theme-engine/dist/chunk-WITIL2MK.js?v=c58539c0:673
[ 1339411ms] Error: Hydration failed because the server rendered HTML didn't match the client. As a result this tree will be regenerated on the client. This can happen if a SSR-ed Client Component used:

- A server/client branch `if (typeof window !== 'undefined')`.
- Variable input such as `Date.now()` or `Math.random()` which changes each time it's called.
- Date formatting in a user's locale which doesn't match the server.
- External changing data without sending a snapshot of it along with the HTML.
- Invalid HTML tag nesting.

It can also happen if the client has a browser extension installed which messes with the HTML before React loaded.

https://react.dev/link/hydration-mismatch

  ...
    <Matches>
      <Transitioner>
      <SafeFragment fallback={<Context>}>
        <MatchesInner>
          <CatchBoundary getResetKey={function getResetKey} onCatch={function}>
            <MatchImpl routeId="__root__">
              <MatchView router={{...}} match={{id:"__root__/", ...}}>
                <RootComponent>
                  <html lang="ar" dir="rtl" suppressHydrationWarning={true}>
                    <head>
                    <body suppressHydrationWarning={true}>
                      <noscript>
                      <TwilightProvider>
                      <Suspense fallback={null}>
                        <TanStackRouterDevtools position="bottom-right">
+                         <div ref={{current:null}}>
                      ...

    at throwOnHydrationMismatch (http://localhost:3210/node_modules/.vite/deps/react-dom_client.js?v=c58539c0:2968:51)
    at beginWork (http://localhost:3210/node_modules/.vite/deps/react-dom_client.js?v=c58539c0:6200:914)
    at runWithFiberInDEV (http://localhost:3210/node_modules/.vite/deps/react-dom_client.js?v=c58539c0:851:66)
    at performUnitOfWork (http://localhost:3210/node_modules/.vite/deps/react-dom_client.js?v=c58539c0:8429:92)
    at workLoopConcurrentByScheduler (http://localhost:3210/node_modules/.vite/deps/react-dom_client.js?v=c58539c0:8425:55)
    at renderRootConcurrent (http://localhost:3210/node_modules/.vite/deps/react-dom_client.js?v=c58539c0:8408:64)
    at performWorkOnRoot (http://localhost:3210/node_modules/.vite/deps/react-dom_client.js?v=c58539c0:7957:145)
    at performWorkOnRootViaSchedulerTask (http://localhost:3210/node_modules/.vite/deps/react-dom_client.js?v=c58539c0:9059:4)
    at MessagePort.performWorkUntilDeadline (http://localhost:3210/node_modules/.vite/deps/react-dom_client.js?v=c58539c0:36:38)
[ 1341708ms] [LOG] [HomeComponentRenderer] UNMOUNT: path=ox-hero, index=0 @ http://localhost:3210/node_modules/.pnpm/@salla.sa+twilight-theme-en_c3cd9c099c8c4c71b5353d842e4aee2e/node_modules/@salla.sa/twilight-theme-engine/dist/chunk-WITIL2MK.js?v=c58539c0:675
[ 1341708ms] [LOG] [HomeComponentRenderer] UNMOUNT: path=ox-trust-strip, index=1 @ http://localhost:3210/node_modules/.pnpm/@salla.sa+twilight-theme-en_c3cd9c099c8c4c71b5353d842e4aee2e/node_modules/@salla.sa/twilight-theme-engine/dist/chunk-WITIL2MK.js?v=c58539c0:675
[ 1341709ms] [LOG] [HomeComponentRenderer] UNMOUNT: path=ox-goals, index=2 @ http://localhost:3210/node_modules/.pnpm/@salla.sa+twilight-theme-en_c3cd9c099c8c4c71b5353d842e4aee2e/node_modules/@salla.sa/twilight-theme-engine/dist/chunk-WITIL2MK.js?v=c58539c0:675
[ 1341709ms] [LOG] [HomeComponentRenderer] UNMOUNT: path=ox-products, index=3 @ http://localhost:3210/node_modules/.pnpm/@salla.sa+twilight-theme-en_c3cd9c099c8c4c71b5353d842e4aee2e/node_modules/@salla.sa/twilight-theme-engine/dist/chunk-WITIL2MK.js?v=c58539c0:675
[ 1341710ms] [LOG] [HomeComponentRenderer] UNMOUNT: path=ox-poster, index=4 @ http://localhost:3210/node_modules/.pnpm/@salla.sa+twilight-theme-en_c3cd9c099c8c4c71b5353d842e4aee2e/node_modules/@salla.sa/twilight-theme-engine/dist/chunk-WITIL2MK.js?v=c58539c0:675
[ 1341710ms] [LOG] [HomeComponentRenderer] UNMOUNT: path=ox-posters, index=5 @ http://localhost:3210/node_modules/.pnpm/@salla.sa+twilight-theme-en_c3cd9c099c8c4c71b5353d842e4aee2e/node_modules/@salla.sa/twilight-theme-engine/dist/chunk-WITIL2MK.js?v=c58539c0:675
[ 1341710ms] [LOG] [HomeComponentRenderer] UNMOUNT: path=ox-products-secondary, index=6 @ http://localhost:3210/node_modules/.pnpm/@salla.sa+twilight-theme-en_c3cd9c099c8c4c71b5353d842e4aee2e/node_modules/@salla.sa/twilight-theme-engine/dist/chunk-WITIL2MK.js?v=c58539c0:675
[ 1341711ms] [LOG] [HomeComponentRenderer] UNMOUNT: path=ox-categories, index=7 @ http://localhost:3210/node_modules/.pnpm/@salla.sa+twilight-theme-en_c3cd9c099c8c4c71b5353d842e4aee2e/node_modules/@salla.sa/twilight-theme-engine/dist/chunk-WITIL2MK.js?v=c58539c0:675
[ 1341711ms] [LOG] [HomeComponentRenderer] UNMOUNT: path=ox-brands, index=8 @ http://localhost:3210/node_modules/.pnpm/@salla.sa+twilight-theme-en_c3cd9c099c8c4c71b5353d842e4aee2e/node_modules/@salla.sa/twilight-theme-engine/dist/chunk-WITIL2MK.js?v=c58539c0:675
[ 1341711ms] [LOG] [HomeComponentRenderer] UNMOUNT: path=ox-services, index=9 @ http://localhost:3210/node_modules/.pnpm/@salla.sa+twilight-theme-en_c3cd9c099c8c4c71b5353d842e4aee2e/node_modules/@salla.sa/twilight-theme-engine/dist/chunk-WITIL2MK.js?v=c58539c0:675
[ 1341712ms] [LOG] [HomeComponentRenderer] UNMOUNT: path=ox-guides, index=10 @ http://localhost:3210/node_modules/.pnpm/@salla.sa+twilight-theme-en_c3cd9c099c8c4c71b5353d842e4aee2e/node_modules/@salla.sa/twilight-theme-engine/dist/chunk-WITIL2MK.js?v=c58539c0:675
[ 1341712ms] [LOG] [HomeComponentRenderer] UNMOUNT: path=ox-branch, index=11 @ http://localhost:3210/node_modules/.pnpm/@salla.sa+twilight-theme-en_c3cd9c099c8c4c71b5353d842e4aee2e/node_modules/@salla.sa/twilight-theme-engine/dist/chunk-WITIL2MK.js?v=c58539c0:675
[ 1341712ms] [LOG] [HomeComponentRenderer] UNMOUNT: path=ox-certifications, index=12 @ http://localhost:3210/node_modules/.pnpm/@salla.sa+twilight-theme-en_c3cd9c099c8c4c71b5353d842e4aee2e/node_modules/@salla.sa/twilight-theme-engine/dist/chunk-WITIL2MK.js?v=c58539c0:675
[ 1341713ms] [LOG] [HomeComponentRenderer] UNMOUNT: path=ox-faq, index=13 @ http://localhost:3210/node_modules/.pnpm/@salla.sa+twilight-theme-en_c3cd9c099c8c4c71b5353d842e4aee2e/node_modules/@salla.sa/twilight-theme-engine/dist/chunk-WITIL2MK.js?v=c58539c0:675
[ 1341713ms] [LOG] [HomeComponentRenderer] UNMOUNT: path=ox-newsletter, index=14 @ http://localhost:3210/node_modules/.pnpm/@salla.sa+twilight-theme-en_c3cd9c099c8c4c71b5353d842e4aee2e/node_modules/@salla.sa/twilight-theme-engine/dist/chunk-WITIL2MK.js?v=c58539c0:675
[ 1341713ms] [LOG] [HomeComponentRenderer] UNMOUNT: path=ox-banner, index=15 @ http://localhost:3210/node_modules/.pnpm/@salla.sa+twilight-theme-en_c3cd9c099c8c4c71b5353d842e4aee2e/node_modules/@salla.sa/twilight-theme-engine/dist/chunk-WITIL2MK.js?v=c58539c0:675
[ 1352809ms] [ERROR] [store.settings] Failed: TypeError: Failed to execute 'set' on 'Headers': String contains non ISO-8859-1 code point.
    at ky.extend.hooks.beforeRequest (http://localhost:3210/node_modules/.pnpm/@salla.sa+twilight-theme-en_c3cd9c099c8c4c71b5353d842e4aee2e/node_modules/@salla.sa/twilight-theme-engine/dist/chunk-O6XXHXC4.js?v=c58539c0:95:25)
    at http://localhost:3210/node_modules/.pnpm/ky@2.1.0/node_modules/ky/distribution/core/Ky.js?v=c58539c0:731:73
    at #raceWithTotalTimeout (http://localhost:3210/node_modules/.pnpm/ky@2.1.0/node_modules/ky/distribution/core/Ky.js?v=c58539c0:572:20)
    at #runBeforeRequestHooks (http://localhost:3210/node_modules/.pnpm/ky@2.1.0/node_modules/ky/distribution/core/Ky.js?v=c58539c0:731:60)
    at function_ (http://localhost:3210/node_modules/.pnpm/ky@2.1.0/node_modules/ky/distribution/core/Ky.js?v=c58539c0:117:74)
    at async http://localhost:3210/node_modules/.pnpm/ky@2.1.0/node_modules/ky/distribution/core/Ky.js?v=c58539c0:195:24
    at async result.<computed> [as json] (http://localhost:3210/node_modules/.pnpm/ky@2.1.0/node_modules/ky/distribution/core/Ky.js?v=c58539c0:219:34)
    at async Object.settings (http://localhost:3210/node_modules/.pnpm/@salla.sa+twilight-theme-en_c3cd9c099c8c4c71b5353d842e4aee2e/node_modules/@salla.sa/twilight-theme-engine/dist/chunk-WMSOSA74.js?v=c58539c0:34:20) @ http://localhost:3210/@vite/client:532
[ 1377937ms] Transition was skipped. New ViewTransition started
[ 1377942ms] Transition was skipped. New ViewTransition started
[ 1377942ms] Transition was skipped. New ViewTransition started
[ 1377945ms] Transition was skipped. New ViewTransition started
[ 1377945ms] Transition was skipped. New ViewTransition started
[ 1377966ms] Transition was skipped. New ViewTransition started
[ 1377967ms] Transition was skipped. New ViewTransition started
[ 1377967ms] Transition was skipped. New ViewTransition started
[ 1377967ms] Transition was skipped. New ViewTransition started
[ 1377967ms] Transition was skipped. New ViewTransition started
[ 1377977ms] Transition was skipped. New ViewTransition started
[ 1377977ms] Transition was skipped. New ViewTransition started
[ 1377977ms] Transition was skipped. New ViewTransition started
[ 8667946ms] [LOG] [vite] server connection lost. Polling for restart... @ http://localhost:3210/@vite/client:1002
[48309251ms] [ERROR] Failed to load resource: net::ERR_INTERNET_DISCONNECTED @ https://cdn.assets.salla.network/dev/@salla.sa/twilight/9b1ad668bb386735f64a045e4c13b4c5508ad4c8/twilight.esm.js:0
[48309252ms] [ERROR] Failed to load resource: net::ERR_INTERNET_DISCONNECTED @ https://cdn.assets.salla.network/static/lit/3.3.3/lit.js:0
[48309291ms] [ERROR] Failed to load resource: net::ERR_INTERNET_DISCONNECTED @ https://cdn.assets.salla.network/static/fonts/sallaicons.css?v=2.0.5:0
[48313397ms] [LOG] [offline-api] browser: api.salla.dev + cdn.salla.network -> http://127.0.0.1:5178 @ http://localhost:3210/services:0
[48315653ms] [INFO] %cDownload the React DevTools for a better development experience: https://react.dev/link/react-devtools font-weight:bold @ http://localhost:3210/node_modules/.vite/deps/react-dom_client.js?v=c58539c0:14335
[48315862ms] [WARNING] [Twilight] Could not hydrate twilight context: no root match in router state @ http://localhost:3210/@vite/client:532
[48316041ms] [ERROR] The result of getServerSnapshot should be cached to avoid an infinite loop @ http://localhost:3210/@vite/client:532
[48316106ms] [ERROR] A tree hydrated but some attributes of the server rendered HTML didn't match the client properties. This won't be patched up. This can happen if a SSR-ed Client Component used:

- A server/client branch `if (typeof window !== 'undefined')`.
- Variable input such as `Date.now()` or `Math.random()` which changes each time it's called.
- Date formatting in a user's locale which doesn't match the server.
- External changing data without sending a snapshot of it along with the HTML.
- Invalid HTML tag nesting.

It can also happen if the client has a browser extension installed which messes with the HTML before React loaded.

%s%s https://react.dev/link/hydration-mismatch 

  ...
    <ThemeDocumentSync>
    <TanStackDocumentSync>
    <NavigationSetup>
      <NavigationProvider navigate={function}>
        <LinkProvider adapter={{...}}>
          <WidgetHead>
          <AppsSnippets>
          <HookSlot>
          <Suspense>
          <OptimalXLayout>
            <div>
            <BottomTabBar>
              <nav className="ox-tabbar" aria-label="تنقل سريع" data-testid="ox-tabbar">
                <ul className="ox-tabbar_...">
                  <li>
                    <Link to="/" className="ox-tab">
                      <TanStackLinkAdapter ref={null} to="/" className="ox-tab" data-spa-link="">
                        <a
+                         className="ox-tab active"
-                         className="ox-tab is-active active"
                          style={undefined}
                          title={undefined}
                          target={undefined}
                          rel={undefined}
                          onClick={function handleClick}
                          aria-label={undefined}
                          data-spa-link=""
                          ref={{current:null}}
                          onBlur={function handleLeave}
                          onFocus={function}
                          onMouseEnter={function}
                          onMouseLeave={function handleLeave}
                          onTouchStart={function handleTouchStart}
                          href="/services"
                          data-status="active"
                          aria-current="page"
                        >
                  ...
            ...
          ...
 @ http://localhost:3210/@vite/client:532
[48316788ms] [LOG] [HomeComponentRenderer] RENDER: path=ox-hero, index=0, renderCount=1 @ http://localhost:3210/node_modules/.pnpm/@salla.sa+twilight-theme-en_c3cd9c099c8c4c71b5353d842e4aee2e/node_modules/@salla.sa/twilight-theme-engine/dist/chunk-WITIL2MK.js?v=c58539c0:670
[48316789ms] [LOG] [HomeComponentRenderer] RENDER: path=ox-hero, index=0, renderCount=2 @ http://localhost:3210/node_modules/.pnpm/@salla.sa+twilight-theme-en_c3cd9c099c8c4c71b5353d842e4aee2e/node_modules/@salla.sa/twilight-theme-engine/dist/chunk-WITIL2MK.js?v=c58539c0:670
[48316806ms] [LOG] [HomeComponentRenderer] RENDER: path=ox-hero, index=0, renderCount=1 @ http://localhost:3210/node_modules/.pnpm/@salla.sa+twilight-theme-en_c3cd9c099c8c4c71b5353d842e4aee2e/node_modules/@salla.sa/twilight-theme-engine/dist/chunk-WITIL2MK.js?v=c58539c0:670
[48316807ms] [LOG] [HomeComponentRenderer] RENDER: path=ox-hero, index=0, renderCount=2 @ http://localhost:3210/node_modules/.pnpm/@salla.sa+twilight-theme-en_c3cd9c099c8c4c71b5353d842e4aee2e/node_modules/@salla.sa/twilight-theme-engine/dist/chunk-WITIL2MK.js?v=c58539c0:670
[48316813ms] [LOG] [HomeComponentRenderer] RENDER: path=ox-trust-strip, index=1, renderCount=1 @ http://localhost:3210/node_modules/.pnpm/@salla.sa+twilight-theme-en_c3cd9c099c8c4c71b5353d842e4aee2e/node_modules/@salla.sa/twilight-theme-engine/dist/chunk-WITIL2MK.js?v=c58539c0:670
[48316813ms] [LOG] [HomeComponentRenderer] RENDER: path=ox-trust-strip, index=1, renderCount=2 @ http://localhost:3210/node_modules/.pnpm/@salla.sa+twilight-theme-en_c3cd9c099c8c4c71b5353d842e4aee2e/node_modules/@salla.sa/twilight-theme-engine/dist/chunk-WITIL2MK.js?v=c58539c0:670
[48316814ms] [LOG] [HomeComponentRenderer] RENDER: path=ox-goals, index=2, renderCount=1 @ http://localhost:3210/node_modules/.pnpm/@salla.sa+twilight-theme-en_c3cd9c099c8c4c71b5353d842e4aee2e/node_modules/@salla.sa/twilight-theme-engine/dist/chunk-WITIL2MK.js?v=c58539c0:670
[48316815ms] [LOG] [HomeComponentRenderer] RENDER: path=ox-goals, index=2, renderCount=2 @ http://localhost:3210/node_modules/.pnpm/@salla.sa+twilight-theme-en_c3cd9c099c8c4c71b5353d842e4aee2e/node_modules/@salla.sa/twilight-theme-engine/dist/chunk-WITIL2MK.js?v=c58539c0:670
[48316816ms] [LOG] [HomeComponentRenderer] RENDER: path=ox-products, index=3, renderCount=1 @ http://localhost:3210/node_modules/.pnpm/@salla.sa+twilight-theme-en_c3cd9c099c8c4c71b5353d842e4aee2e/node_modules/@salla.sa/twilight-theme-engine/dist/chunk-WITIL2MK.js?v=c58539c0:670
[48316816ms] [LOG] [HomeComponentRenderer] RENDER: path=ox-products, index=3, renderCount=2 @ http://localhost:3210/node_modules/.pnpm/@salla.sa+twilight-theme-en_c3cd9c099c8c4c71b5353d842e4aee2e/node_modules/@salla.sa/twilight-theme-engine/dist/chunk-WITIL2MK.js?v=c58539c0:670
[48316850ms] [LOG] [HomeComponentRenderer] RENDER: path=ox-hero, index=0, renderCount=1 @ http://localhost:3210/node_modules/.pnpm/@salla.sa+twilight-theme-en_c3cd9c099c8c4c71b5353d842e4aee2e/node_modules/@salla.sa/twilight-theme-engine/dist/chunk-WITIL2MK.js?v=c58539c0:670
[48316851ms] [LOG] [HomeComponentRenderer] RENDER: path=ox-hero, index=0, renderCount=2 @ http://localhost:3210/node_modules/.pnpm/@salla.sa+twilight-theme-en_c3cd9c099c8c4c71b5353d842e4aee2e/node_modules/@salla.sa/twilight-theme-engine/dist/chunk-WITIL2MK.js?v=c58539c0:670
[48316852ms] [LOG] [HomeComponentRenderer] RENDER: path=ox-trust-strip, index=1, renderCount=1 @ http://localhost:3210/node_modules/.pnpm/@salla.sa+twilight-theme-en_c3cd9c099c8c4c71b5353d842e4aee2e/node_modules/@salla.sa/twilight-theme-engine/dist/chunk-WITIL2MK.js?v=c58539c0:670
[48316852ms] [LOG] [HomeComponentRenderer] RENDER: path=ox-trust-strip, index=1, renderCount=2 @ http://localhost:3210/node_modules/.pnpm/@salla.sa+twilight-theme-en_c3cd9c099c8c4c71b5353d842e4aee2e/node_modules/@salla.sa/twilight-theme-engine/dist/chunk-WITIL2MK.js?v=c58539c0:670
[48316854ms] [LOG] [HomeComponentRenderer] RENDER: path=ox-goals, index=2, renderCount=1 @ http://localhost:3210/node_modules/.pnpm/@salla.sa+twilight-theme-en_c3cd9c099c8c4c71b5353d842e4aee2e/node_modules/@salla.sa/twilight-theme-engine/dist/chunk-WITIL2MK.js?v=c58539c0:670
[48316854ms] [LOG] [HomeComponentRenderer] RENDER: path=ox-goals, index=2, renderCount=2 @ http://localhost:3210/node_modules/.pnpm/@salla.sa+twilight-theme-en_c3cd9c099c8c4c71b5353d842e4aee2e/node_modules/@salla.sa/twilight-theme-engine/dist/chunk-WITIL2MK.js?v=c58539c0:670
[48316855ms] [LOG] [HomeComponentRenderer] RENDER: path=ox-products, index=3, renderCount=1 @ http://localhost:3210/node_modules/.pnpm/@salla.sa+twilight-theme-en_c3cd9c099c8c4c71b5353d842e4aee2e/node_modules/@salla.sa/twilight-theme-engine/dist/chunk-WITIL2MK.js?v=c58539c0:670
[48316855ms] [LOG] [HomeComponentRenderer] RENDER: path=ox-products, index=3, renderCount=2 @ http://localhost:3210/node_modules/.pnpm/@salla.sa+twilight-theme-en_c3cd9c099c8c4c71b5353d842e4aee2e/node_modules/@salla.sa/twilight-theme-engine/dist/chunk-WITIL2MK.js?v=c58539c0:670
[48316867ms] [LOG] [HomeComponentRenderer] RENDER: path=ox-poster, index=4, renderCount=1 @ http://localhost:3210/node_modules/.pnpm/@salla.sa+twilight-theme-en_c3cd9c099c8c4c71b5353d842e4aee2e/node_modules/@salla.sa/twilight-theme-engine/dist/chunk-WITIL2MK.js?v=c58539c0:670
[48316867ms] [LOG] [HomeComponentRenderer] RENDER: path=ox-poster, index=4, renderCount=2 @ http://localhost:3210/node_modules/.pnpm/@salla.sa+twilight-theme-en_c3cd9c099c8c4c71b5353d842e4aee2e/node_modules/@salla.sa/twilight-theme-engine/dist/chunk-WITIL2MK.js?v=c58539c0:670
[48316868ms] [LOG] [HomeComponentRenderer] RENDER: path=ox-posters, index=5, renderCount=1 @ http://localhost:3210/node_modules/.pnpm/@salla.sa+twilight-theme-en_c3cd9c099c8c4c71b5353d842e4aee2e/node_modules/@salla.sa/twilight-theme-engine/dist/chunk-WITIL2MK.js?v=c58539c0:670
[48316868ms] [LOG] [HomeComponentRenderer] RENDER: path=ox-posters, index=5, renderCount=2 @ http://localhost:3210/node_modules/.pnpm/@salla.sa+twilight-theme-en_c3cd9c099c8c4c71b5353d842e4aee2e/node_modules/@salla.sa/twilight-theme-engine/dist/chunk-WITIL2MK.js?v=c58539c0:670
[48316871ms] [LOG] [HomeComponentRenderer] RENDER: path=ox-products-secondary, index=6, renderCount=1 @ http://localhost:3210/node_modules/.pnpm/@salla.sa+twilight-theme-en_c3cd9c099c8c4c71b5353d842e4aee2e/node_modules/@salla.sa/twilight-theme-engine/dist/chunk-WITIL2MK.js?v=c58539c0:670
[48316872ms] [LOG] [HomeComponentRenderer] RENDER: path=ox-products-secondary, index=6, renderCount=2 @ http://localhost:3210/node_modules/.pnpm/@salla.sa+twilight-theme-en_c3cd9c099c8c4c71b5353d842e4aee2e/node_modules/@salla.sa/twilight-theme-engine/dist/chunk-WITIL2MK.js?v=c58539c0:670
[48316874ms] [LOG] [HomeComponentRenderer] RENDER: path=ox-categories, index=7, renderCount=1 @ http://localhost:3210/node_modules/.pnpm/@salla.sa+twilight-theme-en_c3cd9c099c8c4c71b5353d842e4aee2e/node_modules/@salla.sa/twilight-theme-engine/dist/chunk-WITIL2MK.js?v=c58539c0:670
[48316875ms] [LOG] [HomeComponentRenderer] RENDER: path=ox-categories, index=7, renderCount=2 @ http://localhost:3210/node_modules/.pnpm/@salla.sa+twilight-theme-en_c3cd9c099c8c4c71b5353d842e4aee2e/node_modules/@salla.sa/twilight-theme-engine/dist/chunk-WITIL2MK.js?v=c58539c0:670
[48316884ms] [LOG] [HomeComponentRenderer] RENDER: path=ox-brands, index=8, renderCount=1 @ http://localhost:3210/node_modules/.pnpm/@salla.sa+twilight-theme-en_c3cd9c099c8c4c71b5353d842e4aee2e/node_modules/@salla.sa/twilight-theme-engine/dist/chunk-WITIL2MK.js?v=c58539c0:670
[48316884ms] [LOG] [HomeComponentRenderer] RENDER: path=ox-brands, index=8, renderCount=2 @ http://localhost:3210/node_modules/.pnpm/@salla.sa+twilight-theme-en_c3cd9c099c8c4c71b5353d842e4aee2e/node_modules/@salla.sa/twilight-theme-engine/dist/chunk-WITIL2MK.js?v=c58539c0:670
[48316885ms] [LOG] [HomeComponentRenderer] RENDER: path=ox-services, index=9, renderCount=1 @ http://localhost:3210/node_modules/.pnpm/@salla.sa+twilight-theme-en_c3cd9c099c8c4c71b5353d842e4aee2e/node_modules/@salla.sa/twilight-theme-engine/dist/chunk-WITIL2MK.js?v=c58539c0:670
[48316886ms] [LOG] [HomeComponentRenderer] RENDER: path=ox-services, index=9, renderCount=2 @ http://localhost:3210/node_modules/.pnpm/@salla.sa+twilight-theme-en_c3cd9c099c8c4c71b5353d842e4aee2e/node_modules/@salla.sa/twilight-theme-engine/dist/chunk-WITIL2MK.js?v=c58539c0:670
[48316888ms] [LOG] [HomeComponentRenderer] RENDER: path=ox-guides, index=10, renderCount=1 @ http://localhost:3210/node_modules/.pnpm/@salla.sa+twilight-theme-en_c3cd9c099c8c4c71b5353d842e4aee2e/node_modules/@salla.sa/twilight-theme-engine/dist/chunk-WITIL2MK.js?v=c58539c0:670
[48316888ms] [LOG] [HomeComponentRenderer] RENDER: path=ox-guides, index=10, renderCount=2 @ http://localhost:3210/node_modules/.pnpm/@salla.sa+twilight-theme-en_c3cd9c099c8c4c71b5353d842e4aee2e/node_modules/@salla.sa/twilight-theme-engine/dist/chunk-WITIL2MK.js?v=c58539c0:670
[48316889ms] [LOG] [HomeComponentRenderer] RENDER: path=ox-branch, index=11, renderCount=1 @ http://localhost:3210/node_modules/.pnpm/@salla.sa+twilight-theme-en_c3cd9c099c8c4c71b5353d842e4aee2e/node_modules/@salla.sa/twilight-theme-engine/dist/chunk-WITIL2MK.js?v=c58539c0:670
[48316889ms] [LOG] [HomeComponentRenderer] RENDER: path=ox-branch, index=11, renderCount=2 @ http://localhost:3210/node_modules/.pnpm/@salla.sa+twilight-theme-en_c3cd9c099c8c4c71b5353d842e4aee2e/node_modules/@salla.sa/twilight-theme-engine/dist/chunk-WITIL2MK.js?v=c58539c0:670
[48316891ms] [LOG] [HomeComponentRenderer] RENDER: path=ox-certifications, index=12, renderCount=1 @ http://localhost:3210/node_modules/.pnpm/@salla.sa+twilight-theme-en_c3cd9c099c8c4c71b5353d842e4aee2e/node_modules/@salla.sa/twilight-theme-engine/dist/chunk-WITIL2MK.js?v=c58539c0:670
[48316891ms] [LOG] [HomeComponentRenderer] RENDER: path=ox-certifications, index=12, renderCount=2 @ http://localhost:3210/node_modules/.pnpm/@salla.sa+twilight-theme-en_c3cd9c099c8c4c71b5353d842e4aee2e/node_modules/@salla.sa/twilight-theme-engine/dist/chunk-WITIL2MK.js?v=c58539c0:670
[48316892ms] [LOG] [HomeComponentRenderer] RENDER: path=ox-faq, index=13, renderCount=1 @ http://localhost:3210/node_modules/.pnpm/@salla.sa+twilight-theme-en_c3cd9c099c8c4c71b5353d842e4aee2e/node_modules/@salla.sa/twilight-theme-engine/dist/chunk-WITIL2MK.js?v=c58539c0:670
[48316892ms] [LOG] [HomeComponentRenderer] RENDER: path=ox-faq, index=13, renderCount=2 @ http://localhost:3210/node_modules/.pnpm/@salla.sa+twilight-theme-en_c3cd9c099c8c4c71b5353d842e4aee2e/node_modules/@salla.sa/twilight-theme-engine/dist/chunk-WITIL2MK.js?v=c58539c0:670
[48316894ms] [LOG] [HomeComponentRenderer] RENDER: path=ox-newsletter, index=14, renderCount=1 @ http://localhost:3210/node_modules/.pnpm/@salla.sa+twilight-theme-en_c3cd9c099c8c4c71b5353d842e4aee2e/node_modules/@salla.sa/twilight-theme-engine/dist/chunk-WITIL2MK.js?v=c58539c0:670
[48316895ms] [LOG] [HomeComponentRenderer] RENDER: path=ox-newsletter, index=14, renderCount=2 @ http://localhost:3210/node_modules/.pnpm/@salla.sa+twilight-theme-en_c3cd9c099c8c4c71b5353d842e4aee2e/node_modules/@salla.sa/twilight-theme-engine/dist/chunk-WITIL2MK.js?v=c58539c0:670
[48316897ms] [LOG] [HomeComponentRenderer] RENDER: path=ox-banner, index=15, renderCount=1 @ http://localhost:3210/node_modules/.pnpm/@salla.sa+twilight-theme-en_c3cd9c099c8c4c71b5353d842e4aee2e/node_modules/@salla.sa/twilight-theme-engine/dist/chunk-WITIL2MK.js?v=c58539c0:670
[48316898ms] [LOG] [HomeComponentRenderer] RENDER: path=ox-banner, index=15, renderCount=2 @ http://localhost:3210/node_modules/.pnpm/@salla.sa+twilight-theme-en_c3cd9c099c8c4c71b5353d842e4aee2e/node_modules/@salla.sa/twilight-theme-engine/dist/chunk-WITIL2MK.js?v=c58539c0:670
[48317118ms] Error: Hydration failed because the server rendered HTML didn't match the client. As a result this tree will be regenerated on the client. This can happen if a SSR-ed Client Component used:

- A server/client branch `if (typeof window !== 'undefined')`.
- Variable input such as `Date.now()` or `Math.random()` which changes each time it's called.
- Date formatting in a user's locale which doesn't match the server.
- External changing data without sending a snapshot of it along with the HTML.
- Invalid HTML tag nesting.

It can also happen if the client has a browser extension installed which messes with the HTML before React loaded.

https://react.dev/link/hydration-mismatch

  ...
    <Matches>
      <Transitioner>
      <SafeFragment fallback={<Context>}>
        <MatchesInner>
          <CatchBoundary getResetKey={function getResetKey} onCatch={function}>
            <MatchImpl routeId="__root__">
              <MatchView router={{...}} match={{id:"__root__/", ...}}>
                <RootComponent>
                  <html lang="ar" dir="rtl" suppressHydrationWarning={true}>
                    <head>
                    <body suppressHydrationWarning={true}>
                      <noscript>
                      <TwilightProvider>
                      <Suspense fallback={null}>
                        <TanStackRouterDevtools position="bottom-right">
+                         <div ref={{current:null}}>
                      ...

    at throwOnHydrationMismatch (http://localhost:3210/node_modules/.vite/deps/react-dom_client.js?v=c58539c0:2968:51)
    at beginWork (http://localhost:3210/node_modules/.vite/deps/react-dom_client.js?v=c58539c0:6200:914)
    at runWithFiberInDEV (http://localhost:3210/node_modules/.vite/deps/react-dom_client.js?v=c58539c0:851:66)
    at performUnitOfWork (http://localhost:3210/node_modules/.vite/deps/react-dom_client.js?v=c58539c0:8429:92)
    at workLoopConcurrentByScheduler (http://localhost:3210/node_modules/.vite/deps/react-dom_client.js?v=c58539c0:8425:55)
    at renderRootConcurrent (http://localhost:3210/node_modules/.vite/deps/react-dom_client.js?v=c58539c0:8408:64)
    at performWorkOnRoot (http://localhost:3210/node_modules/.vite/deps/react-dom_client.js?v=c58539c0:7957:145)
    at performWorkOnRootViaSchedulerTask (http://localhost:3210/node_modules/.vite/deps/react-dom_client.js?v=c58539c0:9059:4)
    at MessagePort.performWorkUntilDeadline (http://localhost:3210/node_modules/.vite/deps/react-dom_client.js?v=c58539c0:36:38)
[48316917ms] [LOG] [HomeComponentRenderer] MOUNT: path=ox-hero, index=0, renderCount=2 @ http://localhost:3210/node_modules/.pnpm/@salla.sa+twilight-theme-en_c3cd9c099c8c4c71b5353d842e4aee2e/node_modules/@salla.sa/twilight-theme-engine/dist/chunk-WITIL2MK.js?v=c58539c0:673
[48316918ms] [LOG] [HomeComponentRenderer] MOUNT: path=ox-trust-strip, index=1, renderCount=2 @ http://localhost:3210/node_modules/.pnpm/@salla.sa+twilight-theme-en_c3cd9c099c8c4c71b5353d842e4aee2e/node_modules/@salla.sa/twilight-theme-engine/dist/chunk-WITIL2MK.js?v=c58539c0:673
[48316918ms] [LOG] [HomeComponentRenderer] MOUNT: path=ox-goals, index=2, renderCount=2 @ http://localhost:3210/node_modules/.pnpm/@salla.sa+twilight-theme-en_c3cd9c099c8c4c71b5353d842e4aee2e/node_modules/@salla.sa/twilight-theme-engine/dist/chunk-WITIL2MK.js?v=c58539c0:673
[48316920ms] [LOG] [HomeComponentRenderer] MOUNT: path=ox-products, index=3, renderCount=2 @ http://localhost:3210/node_modules/.pnpm/@salla.sa+twilight-theme-en_c3cd9c099c8c4c71b5353d842e4aee2e/node_modules/@salla.sa/twilight-theme-engine/dist/chunk-WITIL2MK.js?v=c58539c0:673
[48316920ms] [LOG] [HomeComponentRenderer] MOUNT: path=ox-poster, index=4, renderCount=2 @ http://localhost:3210/node_modules/.pnpm/@salla.sa+twilight-theme-en_c3cd9c099c8c4c71b5353d842e4aee2e/node_modules/@salla.sa/twilight-theme-engine/dist/chunk-WITIL2MK.js?v=c58539c0:673
[48316921ms] [LOG] [HomeComponentRenderer] MOUNT: path=ox-posters, index=5, renderCount=2 @ http://localhost:3210/node_modules/.pnpm/@salla.sa+twilight-theme-en_c3cd9c099c8c4c71b5353d842e4aee2e/node_modules/@salla.sa/twilight-theme-engine/dist/chunk-WITIL2MK.js?v=c58539c0:673
[48316922ms] [LOG] [HomeComponentRenderer] MOUNT: path=ox-products-secondary, index=6, renderCount=2 @ http://localhost:3210/node_modules/.pnpm/@salla.sa+twilight-theme-en_c3cd9c099c8c4c71b5353d842e4aee2e/node_modules/@salla.sa/twilight-theme-engine/dist/chunk-WITIL2MK.js?v=c58539c0:673
[48316923ms] [LOG] [HomeComponentRenderer] MOUNT: path=ox-categories, index=7, renderCount=2 @ http://localhost:3210/node_modules/.pnpm/@salla.sa+twilight-theme-en_c3cd9c099c8c4c71b5353d842e4aee2e/node_modules/@salla.sa/twilight-theme-engine/dist/chunk-WITIL2MK.js?v=c58539c0:673
[48316924ms] [LOG] [HomeComponentRenderer] MOUNT: path=ox-brands, index=8, renderCount=2 @ http://localhost:3210/node_modules/.pnpm/@salla.sa+twilight-theme-en_c3cd9c099c8c4c71b5353d842e4aee2e/node_modules/@salla.sa/twilight-theme-engine/dist/chunk-WITIL2MK.js?v=c58539c0:673
[48316925ms] [LOG] [HomeComponentRenderer] MOUNT: path=ox-services, index=9, renderCount=2 @ http://localhost:3210/node_modules/.pnpm/@salla.sa+twilight-theme-en_c3cd9c099c8c4c71b5353d842e4aee2e/node_modules/@salla.sa/twilight-theme-engine/dist/chunk-WITIL2MK.js?v=c58539c0:673
[48316926ms] [LOG] [HomeComponentRenderer] MOUNT: path=ox-guides, index=10, renderCount=2 @ http://localhost:3210/node_modules/.pnpm/@salla.sa+twilight-theme-en_c3cd9c099c8c4c71b5353d842e4aee2e/node_modules/@salla.sa/twilight-theme-engine/dist/chunk-WITIL2MK.js?v=c58539c0:673
[48316928ms] [LOG] [HomeComponentRenderer] MOUNT: path=ox-branch, index=11, renderCount=2 @ http://localhost:3210/node_modules/.pnpm/@salla.sa+twilight-theme-en_c3cd9c099c8c4c71b5353d842e4aee2e/node_modules/@salla.sa/twilight-theme-engine/dist/chunk-WITIL2MK.js?v=c58539c0:673
[48316928ms] [LOG] [HomeComponentRenderer] MOUNT: path=ox-certifications, index=12, renderCount=2 @ http://localhost:3210/node_modules/.pnpm/@salla.sa+twilight-theme-en_c3cd9c099c8c4c71b5353d842e4aee2e/node_modules/@salla.sa/twilight-theme-engine/dist/chunk-WITIL2MK.js?v=c58539c0:673
[48316929ms] [LOG] [HomeComponentRenderer] MOUNT: path=ox-faq, index=13, renderCount=2 @ http://localhost:3210/node_modules/.pnpm/@salla.sa+twilight-theme-en_c3cd9c099c8c4c71b5353d842e4aee2e/node_modules/@salla.sa/twilight-theme-engine/dist/chunk-WITIL2MK.js?v=c58539c0:673
[48316930ms] [LOG] [HomeComponentRenderer] MOUNT: path=ox-newsletter, index=14, renderCount=2 @ http://localhost:3210/node_modules/.pnpm/@salla.sa+twilight-theme-en_c3cd9c099c8c4c71b5353d842e4aee2e/node_modules/@salla.sa/twilight-theme-engine/dist/chunk-WITIL2MK.js?v=c58539c0:673
[48316931ms] [LOG] [HomeComponentRenderer] MOUNT: path=ox-banner, index=15, renderCount=2 @ http://localhost:3210/node_modules/.pnpm/@salla.sa+twilight-theme-en_c3cd9c099c8c4c71b5353d842e4aee2e/node_modules/@salla.sa/twilight-theme-engine/dist/chunk-WITIL2MK.js?v=c58539c0:673
[48550542ms] [LOG] [vite] server connection lost. Polling for restart... @ http://localhost:3210/@vite/client:1002
[49021402ms] [ERROR] Failed to load resource: net::ERR_INTERNET_DISCONNECTED @ https://cdn.assets.salla.network/dev/@salla.sa/twilight/9b1ad668bb386735f64a045e4c13b4c5508ad4c8/twilight.esm.js:0
[49021402ms] [ERROR] Failed to load resource: net::ERR_INTERNET_DISCONNECTED @ https://cdn.assets.salla.network/static/lit/3.3.3/lit.js:0
[49021405ms] [ERROR] Failed to load resource: net::ERR_INTERNET_DISCONNECTED @ https://cdn.assets.salla.network/static/fonts/sallaicons.css?v=2.0.5:0
[49022037ms] [LOG] [offline-api] browser: api.salla.dev + cdn.salla.network -> http://127.0.0.1:5178 @ http://localhost:3210/services:0
[49022488ms] [INFO] %cDownload the React DevTools for a better development experience: https://react.dev/link/react-devtools font-weight:bold @ http://localhost:3210/node_modules/.vite/deps/react-dom_client.js?v=c58539c0:14335
[49022618ms] [WARNING] [Twilight] Could not hydrate twilight context: no root match in router state @ http://localhost:3210/@vite/client:532
[49022880ms] [ERROR] The result of getServerSnapshot should be cached to avoid an infinite loop @ http://localhost:3210/@vite/client:532
[49022951ms] [ERROR] A tree hydrated but some attributes of the server rendered HTML didn't match the client properties. This won't be patched up. This can happen if a SSR-ed Client Component used:

- A server/client branch `if (typeof window !== 'undefined')`.
- Variable input such as `Date.now()` or `Math.random()` which changes each time it's called.
- Date formatting in a user's locale which doesn't match the server.
- External changing data without sending a snapshot of it along with the HTML.
- Invalid HTML tag nesting.

It can also happen if the client has a browser extension installed which messes with the HTML before React loaded.

%s%s https://react.dev/link/hydration-mismatch 

  ...
    <ThemeDocumentSync>
    <TanStackDocumentSync>
    <NavigationSetup>
      <NavigationProvider navigate={function}>
        <LinkProvider adapter={{...}}>
          <WidgetHead>
          <AppsSnippets>
          <HookSlot>
          <Suspense>
          <OptimalXLayout>
            <div>
            <BottomTabBar>
              <nav className="ox-tabbar" aria-label="تنقل سريع" data-testid="ox-tabbar">
                <ul className="ox-tabbar_...">
                  <li>
                    <Link to="/" className="ox-tab">
                      <TanStackLinkAdapter ref={null} to="/" className="ox-tab" data-spa-link="">
                        <a
+                         className="ox-tab active"
-                         className="ox-tab is-active active"
                          style={undefined}
                          title={undefined}
                          target={undefined}
                          rel={undefined}
                          onClick={function handleClick}
                          aria-label={undefined}
                          data-spa-link=""
                          ref={{current:null}}
                          onBlur={function handleLeave}
                          onFocus={function}
                          onMouseEnter={function}
                          onMouseLeave={function handleLeave}
                          onTouchStart={function handleTouchStart}
                          href="/services"
                          data-status="active"
                          aria-current="page"
                        >
                  ...
            ...
          ...
 @ http://localhost:3210/@vite/client:532
[49023496ms] [LOG] [HomeComponentRenderer] RENDER: path=ox-hero, index=0, renderCount=1 @ http://localhost:3210/node_modules/.pnpm/@salla.sa+twilight-theme-en_c3cd9c099c8c4c71b5353d842e4aee2e/node_modules/@salla.sa/twilight-theme-engine/dist/chunk-WITIL2MK.js?v=c58539c0:670
[49023497ms] [LOG] [HomeComponentRenderer] RENDER: path=ox-hero, index=0, renderCount=2 @ http://localhost:3210/node_modules/.pnpm/@salla.sa+twilight-theme-en_c3cd9c099c8c4c71b5353d842e4aee2e/node_modules/@salla.sa/twilight-theme-engine/dist/chunk-WITIL2MK.js?v=c58539c0:670
[49023501ms] Error: Hydration failed because the server rendered HTML didn't match the client. As a result this tree will be regenerated on the client. This can happen if a SSR-ed Client Component used:

- A server/client branch `if (typeof window !== 'undefined')`.
- Variable input such as `Date.now()` or `Math.random()` which changes each time it's called.
- Date formatting in a user's locale which doesn't match the server.
- External changing data without sending a snapshot of it along with the HTML.
- Invalid HTML tag nesting.

It can also happen if the client has a browser extension installed which messes with the HTML before React loaded.

https://react.dev/link/hydration-mismatch

  ...
    <Matches>
      <Transitioner>
      <SafeFragment fallback={<Context>}>
        <MatchesInner>
          <CatchBoundary getResetKey={function getResetKey} onCatch={function}>
            <MatchImpl routeId="__root__">
              <MatchView router={{...}} match={{id:"__root__/", ...}}>
                <RootComponent>
                  <html lang="ar" dir="rtl" suppressHydrationWarning={true}>
                    <head>
                    <body suppressHydrationWarning={true}>
                      <noscript>
                      <TwilightProvider>
                      <Suspense fallback={null}>
                        <TanStackRouterDevtools position="bottom-right">
+                         <div ref={{current:null}}>
                      ...

    at throwOnHydrationMismatch (http://localhost:3210/node_modules/.vite/deps/react-dom_client.js?v=c58539c0:2968:51)
    at beginWork (http://localhost:3210/node_modules/.vite/deps/react-dom_client.js?v=c58539c0:6200:914)
    at runWithFiberInDEV (http://localhost:3210/node_modules/.vite/deps/react-dom_client.js?v=c58539c0:851:66)
    at performUnitOfWork (http://localhost:3210/node_modules/.vite/deps/react-dom_client.js?v=c58539c0:8429:92)
    at workLoopConcurrentByScheduler (http://localhost:3210/node_modules/.vite/deps/react-dom_client.js?v=c58539c0:8425:55)
    at renderRootConcurrent (http://localhost:3210/node_modules/.vite/deps/react-dom_client.js?v=c58539c0:8408:64)
    at performWorkOnRoot (http://localhost:3210/node_modules/.vite/deps/react-dom_client.js?v=c58539c0:7957:145)
    at performWorkOnRootViaSchedulerTask (http://localhost:3210/node_modules/.vite/deps/react-dom_client.js?v=c58539c0:9059:4)
    at MessagePort.performWorkUntilDeadline (http://localhost:3210/node_modules/.vite/deps/react-dom_client.js?v=c58539c0:36:38)
[49023517ms] [LOG] [HomeComponentRenderer] RENDER: path=ox-hero, index=0, renderCount=1 @ http://localhost:3210/node_modules/.pnpm/@salla.sa+twilight-theme-en_c3cd9c099c8c4c71b5353d842e4aee2e/node_modules/@salla.sa/twilight-theme-engine/dist/chunk-WITIL2MK.js?v=c58539c0:670
[49023517ms] [LOG] [HomeComponentRenderer] RENDER: path=ox-hero, index=0, renderCount=2 @ http://localhost:3210/node_modules/.pnpm/@salla.sa+twilight-theme-en_c3cd9c099c8c4c71b5353d842e4aee2e/node_modules/@salla.sa/twilight-theme-engine/dist/chunk-WITIL2MK.js?v=c58539c0:670
[49023518ms] [LOG] [HomeComponentRenderer] RENDER: path=ox-trust-strip, index=1, renderCount=1 @ http://localhost:3210/node_modules/.pnpm/@salla.sa+twilight-theme-en_c3cd9c099c8c4c71b5353d842e4aee2e/node_modules/@salla.sa/twilight-theme-engine/dist/chunk-WITIL2MK.js?v=c58539c0:670
[49023518ms] [LOG] [HomeComponentRenderer] RENDER: path=ox-trust-strip, index=1, renderCount=2 @ http://localhost:3210/node_modules/.pnpm/@salla.sa+twilight-theme-en_c3cd9c099c8c4c71b5353d842e4aee2e/node_modules/@salla.sa/twilight-theme-engine/dist/chunk-WITIL2MK.js?v=c58539c0:670
[49023519ms] [LOG] [HomeComponentRenderer] RENDER: path=ox-goals, index=2, renderCount=1 @ http://localhost:3210/node_modules/.pnpm/@salla.sa+twilight-theme-en_c3cd9c099c8c4c71b5353d842e4aee2e/node_modules/@salla.sa/twilight-theme-engine/dist/chunk-WITIL2MK.js?v=c58539c0:670
[49023519ms] [LOG] [HomeComponentRenderer] RENDER: path=ox-goals, index=2, renderCount=2 @ http://localhost:3210/node_modules/.pnpm/@salla.sa+twilight-theme-en_c3cd9c099c8c4c71b5353d842e4aee2e/node_modules/@salla.sa/twilight-theme-engine/dist/chunk-WITIL2MK.js?v=c58539c0:670
[49023519ms] [LOG] [HomeComponentRenderer] RENDER: path=ox-products, index=3, renderCount=1 @ http://localhost:3210/node_modules/.pnpm/@salla.sa+twilight-theme-en_c3cd9c099c8c4c71b5353d842e4aee2e/node_modules/@salla.sa/twilight-theme-engine/dist/chunk-WITIL2MK.js?v=c58539c0:670
[49023520ms] [LOG] [HomeComponentRenderer] RENDER: path=ox-products, index=3, renderCount=2 @ http://localhost:3210/node_modules/.pnpm/@salla.sa+twilight-theme-en_c3cd9c099c8c4c71b5353d842e4aee2e/node_modules/@salla.sa/twilight-theme-engine/dist/chunk-WITIL2MK.js?v=c58539c0:670
[49023522ms] [LOG] [HomeComponentRenderer] RENDER: path=ox-poster, index=4, renderCount=1 @ http://localhost:3210/node_modules/.pnpm/@salla.sa+twilight-theme-en_c3cd9c099c8c4c71b5353d842e4aee2e/node_modules/@salla.sa/twilight-theme-engine/dist/chunk-WITIL2MK.js?v=c58539c0:670
[49023522ms] [LOG] [HomeComponentRenderer] RENDER: path=ox-poster, index=4, renderCount=2 @ http://localhost:3210/node_modules/.pnpm/@salla.sa+twilight-theme-en_c3cd9c099c8c4c71b5353d842e4aee2e/node_modules/@salla.sa/twilight-theme-engine/dist/chunk-WITIL2MK.js?v=c58539c0:670
[49023523ms] [LOG] [HomeComponentRenderer] RENDER: path=ox-posters, index=5, renderCount=1 @ http://localhost:3210/node_modules/.pnpm/@salla.sa+twilight-theme-en_c3cd9c099c8c4c71b5353d842e4aee2e/node_modules/@salla.sa/twilight-theme-engine/dist/chunk-WITIL2MK.js?v=c58539c0:670
[49023524ms] [LOG] [HomeComponentRenderer] RENDER: path=ox-posters, index=5, renderCount=2 @ http://localhost:3210/node_modules/.pnpm/@salla.sa+twilight-theme-en_c3cd9c099c8c4c71b5353d842e4aee2e/node_modules/@salla.sa/twilight-theme-engine/dist/chunk-WITIL2MK.js?v=c58539c0:670
[49023525ms] [LOG] [HomeComponentRenderer] RENDER: path=ox-products-secondary, index=6, renderCount=1 @ http://localhost:3210/node_modules/.pnpm/@salla.sa+twilight-theme-en_c3cd9c099c8c4c71b5353d842e4aee2e/node_modules/@salla.sa/twilight-theme-engine/dist/chunk-WITIL2MK.js?v=c58539c0:670
[49023526ms] [LOG] [HomeComponentRenderer] RENDER: path=ox-products-secondary, index=6, renderCount=2 @ http://localhost:3210/node_modules/.pnpm/@salla.sa+twilight-theme-en_c3cd9c099c8c4c71b5353d842e4aee2e/node_modules/@salla.sa/twilight-theme-engine/dist/chunk-WITIL2MK.js?v=c58539c0:670
[49023527ms] [LOG] [HomeComponentRenderer] RENDER: path=ox-categories, index=7, renderCount=1 @ http://localhost:3210/node_modules/.pnpm/@salla.sa+twilight-theme-en_c3cd9c099c8c4c71b5353d842e4aee2e/node_modules/@salla.sa/twilight-theme-engine/dist/chunk-WITIL2MK.js?v=c58539c0:670
[49023527ms] [LOG] [HomeComponentRenderer] RENDER: path=ox-categories, index=7, renderCount=2 @ http://localhost:3210/node_modules/.pnpm/@salla.sa+twilight-theme-en_c3cd9c099c8c4c71b5353d842e4aee2e/node_modules/@salla.sa/twilight-theme-engine/dist/chunk-WITIL2MK.js?v=c58539c0:670
[49023529ms] [LOG] [HomeComponentRenderer] RENDER: path=ox-brands, index=8, renderCount=1 @ http://localhost:3210/node_modules/.pnpm/@salla.sa+twilight-theme-en_c3cd9c099c8c4c71b5353d842e4aee2e/node_modules/@salla.sa/twilight-theme-engine/dist/chunk-WITIL2MK.js?v=c58539c0:670
[49023530ms] [LOG] [HomeComponentRenderer] RENDER: path=ox-brands, index=8, renderCount=2 @ http://localhost:3210/node_modules/.pnpm/@salla.sa+twilight-theme-en_c3cd9c099c8c4c71b5353d842e4aee2e/node_modules/@salla.sa/twilight-theme-engine/dist/chunk-WITIL2MK.js?v=c58539c0:670
[49023530ms] [LOG] [HomeComponentRenderer] RENDER: path=ox-services, index=9, renderCount=1 @ http://localhost:3210/node_modules/.pnpm/@salla.sa+twilight-theme-en_c3cd9c099c8c4c71b5353d842e4aee2e/node_modules/@salla.sa/twilight-theme-engine/dist/chunk-WITIL2MK.js?v=c58539c0:670
[49023530ms] [LOG] [HomeComponentRenderer] RENDER: path=ox-services, index=9, renderCount=2 @ http://localhost:3210/node_modules/.pnpm/@salla.sa+twilight-theme-en_c3cd9c099c8c4c71b5353d842e4aee2e/node_modules/@salla.sa/twilight-theme-engine/dist/chunk-WITIL2MK.js?v=c58539c0:670
[49023532ms] [LOG] [HomeComponentRenderer] RENDER: path=ox-guides, index=10, renderCount=1 @ http://localhost:3210/node_modules/.pnpm/@salla.sa+twilight-theme-en_c3cd9c099c8c4c71b5353d842e4aee2e/node_modules/@salla.sa/twilight-theme-engine/dist/chunk-WITIL2MK.js?v=c58539c0:670
[49023532ms] [LOG] [HomeComponentRenderer] RENDER: path=ox-guides, index=10, renderCount=2 @ http://localhost:3210/node_modules/.pnpm/@salla.sa+twilight-theme-en_c3cd9c099c8c4c71b5353d842e4aee2e/node_modules/@salla.sa/twilight-theme-engine/dist/chunk-WITIL2MK.js?v=c58539c0:670
[49023533ms] [LOG] [HomeComponentRenderer] RENDER: path=ox-branch, index=11, renderCount=1 @ http://localhost:3210/node_modules/.pnpm/@salla.sa+twilight-theme-en_c3cd9c099c8c4c71b5353d842e4aee2e/node_modules/@salla.sa/twilight-theme-engine/dist/chunk-WITIL2MK.js?v=c58539c0:670
[49023533ms] [LOG] [HomeComponentRenderer] RENDER: path=ox-branch, index=11, renderCount=2 @ http://localhost:3210/node_modules/.pnpm/@salla.sa+twilight-theme-en_c3cd9c099c8c4c71b5353d842e4aee2e/node_modules/@salla.sa/twilight-theme-engine/dist/chunk-WITIL2MK.js?v=c58539c0:670
[49023536ms] [LOG] [HomeComponentRenderer] RENDER: path=ox-certifications, index=12, renderCount=1 @ http://localhost:3210/node_modules/.pnpm/@salla.sa+twilight-theme-en_c3cd9c099c8c4c71b5353d842e4aee2e/node_modules/@salla.sa/twilight-theme-engine/dist/chunk-WITIL2MK.js?v=c58539c0:670
[49023536ms] [LOG] [HomeComponentRenderer] RENDER: path=ox-certifications, index=12, renderCount=2 @ http://localhost:3210/node_modules/.pnpm/@salla.sa+twilight-theme-en_c3cd9c099c8c4c71b5353d842e4aee2e/node_modules/@salla.sa/twilight-theme-engine/dist/chunk-WITIL2MK.js?v=c58539c0:670
[49023537ms] [LOG] [HomeComponentRenderer] RENDER: path=ox-faq, index=13, renderCount=1 @ http://localhost:3210/node_modules/.pnpm/@salla.sa+twilight-theme-en_c3cd9c099c8c4c71b5353d842e4aee2e/node_modules/@salla.sa/twilight-theme-engine/dist/chunk-WITIL2MK.js?v=c58539c0:670
[49023537ms] [LOG] [HomeComponentRenderer] RENDER: path=ox-faq, index=13, renderCount=2 @ http://localhost:3210/node_modules/.pnpm/@salla.sa+twilight-theme-en_c3cd9c099c8c4c71b5353d842e4aee2e/node_modules/@salla.sa/twilight-theme-engine/dist/chunk-WITIL2MK.js?v=c58539c0:670
[49023544ms] [LOG] [HomeComponentRenderer] RENDER: path=ox-newsletter, index=14, renderCount=1 @ http://localhost:3210/node_modules/.pnpm/@salla.sa+twilight-theme-en_c3cd9c099c8c4c71b5353d842e4aee2e/node_modules/@salla.sa/twilight-theme-engine/dist/chunk-WITIL2MK.js?v=c58539c0:670
[49023544ms] [LOG] [HomeComponentRenderer] RENDER: path=ox-newsletter, index=14, renderCount=2 @ http://localhost:3210/node_modules/.pnpm/@salla.sa+twilight-theme-en_c3cd9c099c8c4c71b5353d842e4aee2e/node_modules/@salla.sa/twilight-theme-engine/dist/chunk-WITIL2MK.js?v=c58539c0:670
[49023545ms] [LOG] [HomeComponentRenderer] RENDER: path=ox-banner, index=15, renderCount=1 @ http://localhost:3210/node_modules/.pnpm/@salla.sa+twilight-theme-en_c3cd9c099c8c4c71b5353d842e4aee2e/node_modules/@salla.sa/twilight-theme-engine/dist/chunk-WITIL2MK.js?v=c58539c0:670
[49023545ms] [LOG] [HomeComponentRenderer] RENDER: path=ox-banner, index=15, renderCount=2 @ http://localhost:3210/node_modules/.pnpm/@salla.sa+twilight-theme-en_c3cd9c099c8c4c71b5353d842e4aee2e/node_modules/@salla.sa/twilight-theme-engine/dist/chunk-WITIL2MK.js?v=c58539c0:670
[49023616ms] [LOG] [HomeComponentRenderer] MOUNT: path=ox-hero, index=0, renderCount=2 @ http://localhost:3210/node_modules/.pnpm/@salla.sa+twilight-theme-en_c3cd9c099c8c4c71b5353d842e4aee2e/node_modules/@salla.sa/twilight-theme-engine/dist/chunk-WITIL2MK.js?v=c58539c0:673
[49023616ms] [LOG] [HomeComponentRenderer] MOUNT: path=ox-trust-strip, index=1, renderCount=2 @ http://localhost:3210/node_modules/.pnpm/@salla.sa+twilight-theme-en_c3cd9c099c8c4c71b5353d842e4aee2e/node_modules/@salla.sa/twilight-theme-engine/dist/chunk-WITIL2MK.js?v=c58539c0:673
[49023618ms] [LOG] [HomeComponentRenderer] MOUNT: path=ox-goals, index=2, renderCount=2 @ http://localhost:3210/node_modules/.pnpm/@salla.sa+twilight-theme-en_c3cd9c099c8c4c71b5353d842e4aee2e/node_modules/@salla.sa/twilight-theme-engine/dist/chunk-WITIL2MK.js?v=c58539c0:673
[49023619ms] [LOG] [HomeComponentRenderer] MOUNT: path=ox-products, index=3, renderCount=2 @ http://localhost:3210/node_modules/.pnpm/@salla.sa+twilight-theme-en_c3cd9c099c8c4c71b5353d842e4aee2e/node_modules/@salla.sa/twilight-theme-engine/dist/chunk-WITIL2MK.js?v=c58539c0:673
[49023619ms] [LOG] [HomeComponentRenderer] MOUNT: path=ox-poster, index=4, renderCount=2 @ http://localhost:3210/node_modules/.pnpm/@salla.sa+twilight-theme-en_c3cd9c099c8c4c71b5353d842e4aee2e/node_modules/@salla.sa/twilight-theme-engine/dist/chunk-WITIL2MK.js?v=c58539c0:673
[49023620ms] [LOG] [HomeComponentRenderer] MOUNT: path=ox-posters, index=5, renderCount=2 @ http://localhost:3210/node_modules/.pnpm/@salla.sa+twilight-theme-en_c3cd9c099c8c4c71b5353d842e4aee2e/node_modules/@salla.sa/twilight-theme-engine/dist/chunk-WITIL2MK.js?v=c58539c0:673
[49023621ms] [LOG] [HomeComponentRenderer] MOUNT: path=ox-products-secondary, index=6, renderCount=2 @ http://localhost:3210/node_modules/.pnpm/@salla.sa+twilight-theme-en_c3cd9c099c8c4c71b5353d842e4aee2e/node_modules/@salla.sa/twilight-theme-engine/dist/chunk-WITIL2MK.js?v=c58539c0:673
[49023622ms] [LOG] [HomeComponentRenderer] MOUNT: path=ox-categories, index=7, renderCount=2 @ http://localhost:3210/node_modules/.pnpm/@salla.sa+twilight-theme-en_c3cd9c099c8c4c71b5353d842e4aee2e/node_modules/@salla.sa/twilight-theme-engine/dist/chunk-WITIL2MK.js?v=c58539c0:673
[49023623ms] [LOG] [HomeComponentRenderer] MOUNT: path=ox-brands, index=8, renderCount=2 @ http://localhost:3210/node_modules/.pnpm/@salla.sa+twilight-theme-en_c3cd9c099c8c4c71b5353d842e4aee2e/node_modules/@salla.sa/twilight-theme-engine/dist/chunk-WITIL2MK.js?v=c58539c0:673
[49023623ms] [LOG] [HomeComponentRenderer] MOUNT: path=ox-services, index=9, renderCount=2 @ http://localhost:3210/node_modules/.pnpm/@salla.sa+twilight-theme-en_c3cd9c099c8c4c71b5353d842e4aee2e/node_modules/@salla.sa/twilight-theme-engine/dist/chunk-WITIL2MK.js?v=c58539c0:673
[49023625ms] [LOG] [HomeComponentRenderer] MOUNT: path=ox-guides, index=10, renderCount=2 @ http://localhost:3210/node_modules/.pnpm/@salla.sa+twilight-theme-en_c3cd9c099c8c4c71b5353d842e4aee2e/node_modules/@salla.sa/twilight-theme-engine/dist/chunk-WITIL2MK.js?v=c58539c0:673
[49023625ms] [LOG] [HomeComponentRenderer] MOUNT: path=ox-branch, index=11, renderCount=2 @ http://localhost:3210/node_modules/.pnpm/@salla.sa+twilight-theme-en_c3cd9c099c8c4c71b5353d842e4aee2e/node_modules/@salla.sa/twilight-theme-engine/dist/chunk-WITIL2MK.js?v=c58539c0:673
[49023626ms] [LOG] [HomeComponentRenderer] MOUNT: path=ox-certifications, index=12, renderCount=2 @ http://localhost:3210/node_modules/.pnpm/@salla.sa+twilight-theme-en_c3cd9c099c8c4c71b5353d842e4aee2e/node_modules/@salla.sa/twilight-theme-engine/dist/chunk-WITIL2MK.js?v=c58539c0:673
[49023627ms] [LOG] [HomeComponentRenderer] MOUNT: path=ox-faq, index=13, renderCount=2 @ http://localhost:3210/node_modules/.pnpm/@salla.sa+twilight-theme-en_c3cd9c099c8c4c71b5353d842e4aee2e/node_modules/@salla.sa/twilight-theme-engine/dist/chunk-WITIL2MK.js?v=c58539c0:673
[49023627ms] [LOG] [HomeComponentRenderer] MOUNT: path=ox-newsletter, index=14, renderCount=2 @ http://localhost:3210/node_modules/.pnpm/@salla.sa+twilight-theme-en_c3cd9c099c8c4c71b5353d842e4aee2e/node_modules/@salla.sa/twilight-theme-engine/dist/chunk-WITIL2MK.js?v=c58539c0:673
[49023628ms] [LOG] [HomeComponentRenderer] MOUNT: path=ox-banner, index=15, renderCount=2 @ http://localhost:3210/node_modules/.pnpm/@salla.sa+twilight-theme-en_c3cd9c099c8c4c71b5353d842e4aee2e/node_modules/@salla.sa/twilight-theme-engine/dist/chunk-WITIL2MK.js?v=c58539c0:673
[49277145ms] [LOG] [vite] server connection lost. Polling for restart... @ http://localhost:3210/@vite/client:1002
[49759100ms] [ERROR] Failed to load resource: net::ERR_INTERNET_DISCONNECTED @ https://cdn.assets.salla.network/dev/@salla.sa/twilight/9b1ad668bb386735f64a045e4c13b4c5508ad4c8/twilight.esm.js:0
[49759102ms] [ERROR] Failed to load resource: net::ERR_INTERNET_DISCONNECTED @ https://cdn.assets.salla.network/static/lit/3.3.3/lit.js:0
[49759105ms] [ERROR] Failed to load resource: net::ERR_INTERNET_DISCONNECTED @ https://cdn.assets.salla.network/static/fonts/sallaicons.css?v=2.0.5:0
[49759894ms] [LOG] [offline-api] browser: api.salla.dev + cdn.salla.network -> http://127.0.0.1:5178 @ http://localhost:3210/services:0
[49760652ms] [INFO] %cDownload the React DevTools for a better development experience: https://react.dev/link/react-devtools font-weight:bold @ http://localhost:3210/node_modules/.vite/deps/react-dom_client.js?v=c58539c0:14335
[49760783ms] [WARNING] [Twilight] Could not hydrate twilight context: no root match in router state @ http://localhost:3210/@vite/client:532
[49761018ms] [ERROR] The result of getServerSnapshot should be cached to avoid an infinite loop @ http://localhost:3210/@vite/client:532
[49761053ms] [ERROR] A tree hydrated but some attributes of the server rendered HTML didn't match the client properties. This won't be patched up. This can happen if a SSR-ed Client Component used:

- A server/client branch `if (typeof window !== 'undefined')`.
- Variable input such as `Date.now()` or `Math.random()` which changes each time it's called.
- Date formatting in a user's locale which doesn't match the server.
- External changing data without sending a snapshot of it along with the HTML.
- Invalid HTML tag nesting.

It can also happen if the client has a browser extension installed which messes with the HTML before React loaded.

%s%s https://react.dev/link/hydration-mismatch 

  ...
    <ThemeDocumentSync>
    <TanStackDocumentSync>
    <NavigationSetup>
      <NavigationProvider navigate={function}>
        <LinkProvider adapter={{...}}>
          <WidgetHead>
          <AppsSnippets>
          <HookSlot>
          <Suspense>
          <OptimalXLayout>
            <div>
            <BottomTabBar>
              <nav className="ox-tabbar" aria-label="تنقل سريع" data-testid="ox-tabbar">
                <ul className="ox-tabbar_...">
                  <li>
                    <Link to="/" className="ox-tab">
                      <TanStackLinkAdapter ref={null} to="/" className="ox-tab" data-spa-link="">
                        <a
+                         className="ox-tab active"
-                         className="ox-tab is-active active"
                          style={undefined}
                          title={undefined}
                          target={undefined}
                          rel={undefined}
                          onClick={function handleClick}
                          aria-label={undefined}
                          data-spa-link=""
                          ref={{current:null}}
                          onBlur={function handleLeave}
                          onFocus={function}
                          onMouseEnter={function}
                          onMouseLeave={function handleLeave}
                          onTouchStart={function handleTouchStart}
                          href="/services"
                          data-status="active"
                          aria-current="page"
                        >
                  ...
            ...
          ...
 @ http://localhost:3210/@vite/client:532
[49761571ms] [LOG] [HomeComponentRenderer] RENDER: path=ox-hero, index=0, renderCount=1 @ http://localhost:3210/node_modules/.pnpm/@salla.sa+twilight-theme-en_c3cd9c099c8c4c71b5353d842e4aee2e/node_modules/@salla.sa/twilight-theme-engine/dist/chunk-WITIL2MK.js?v=c58539c0:670
[49761571ms] [LOG] [HomeComponentRenderer] RENDER: path=ox-hero, index=0, renderCount=2 @ http://localhost:3210/node_modules/.pnpm/@salla.sa+twilight-theme-en_c3cd9c099c8c4c71b5353d842e4aee2e/node_modules/@salla.sa/twilight-theme-engine/dist/chunk-WITIL2MK.js?v=c58539c0:670
[49761578ms] Error: Hydration failed because the server rendered HTML didn't match the client. As a result this tree will be regenerated on the client. This can happen if a SSR-ed Client Component used:

- A server/client branch `if (typeof window !== 'undefined')`.
- Variable input such as `Date.now()` or `Math.random()` which changes each time it's called.
- Date formatting in a user's locale which doesn't match the server.
- External changing data without sending a snapshot of it along with the HTML.
- Invalid HTML tag nesting.

It can also happen if the client has a browser extension installed which messes with the HTML before React loaded.

https://react.dev/link/hydration-mismatch

  ...
    <Matches>
      <Transitioner>
      <SafeFragment fallback={<Context>}>
        <MatchesInner>
          <CatchBoundary getResetKey={function getResetKey} onCatch={function}>
            <MatchImpl routeId="__root__">
              <MatchView router={{...}} match={{id:"__root__/", ...}}>
                <RootComponent>
                  <html lang="ar" dir="rtl" suppressHydrationWarning={true}>
                    <head>
                    <body suppressHydrationWarning={true}>
                      <noscript>
                      <TwilightProvider>
                      <Suspense fallback={null}>
                        <TanStackRouterDevtools position="bottom-right">
+                         <div ref={{current:null}}>
                      ...

    at throwOnHydrationMismatch (http://localhost:3210/node_modules/.vite/deps/react-dom_client.js?v=c58539c0:2968:51)
    at beginWork (http://localhost:3210/node_modules/.vite/deps/react-dom_client.js?v=c58539c0:6200:914)
    at runWithFiberInDEV (http://localhost:3210/node_modules/.vite/deps/react-dom_client.js?v=c58539c0:851:66)
    at performUnitOfWork (http://localhost:3210/node_modules/.vite/deps/react-dom_client.js?v=c58539c0:8429:92)
    at workLoopConcurrentByScheduler (http://localhost:3210/node_modules/.vite/deps/react-dom_client.js?v=c58539c0:8425:55)
    at renderRootConcurrent (http://localhost:3210/node_modules/.vite/deps/react-dom_client.js?v=c58539c0:8408:64)
    at performWorkOnRoot (http://localhost:3210/node_modules/.vite/deps/react-dom_client.js?v=c58539c0:7957:145)
    at performWorkOnRootViaSchedulerTask (http://localhost:3210/node_modules/.vite/deps/react-dom_client.js?v=c58539c0:9059:4)
    at MessagePort.performWorkUntilDeadline (http://localhost:3210/node_modules/.vite/deps/react-dom_client.js?v=c58539c0:36:38)
[49761589ms] [LOG] [HomeComponentRenderer] RENDER: path=ox-hero, index=0, renderCount=1 @ http://localhost:3210/node_modules/.pnpm/@salla.sa+twilight-theme-en_c3cd9c099c8c4c71b5353d842e4aee2e/node_modules/@salla.sa/twilight-theme-engine/dist/chunk-WITIL2MK.js?v=c58539c0:670
[49761590ms] [LOG] [HomeComponentRenderer] RENDER: path=ox-hero, index=0, renderCount=2 @ http://localhost:3210/node_modules/.pnpm/@salla.sa+twilight-theme-en_c3cd9c099c8c4c71b5353d842e4aee2e/node_modules/@salla.sa/twilight-theme-engine/dist/chunk-WITIL2MK.js?v=c58539c0:670
[49761592ms] [LOG] [HomeComponentRenderer] RENDER: path=ox-trust-strip, index=1, renderCount=1 @ http://localhost:3210/node_modules/.pnpm/@salla.sa+twilight-theme-en_c3cd9c099c8c4c71b5353d842e4aee2e/node_modules/@salla.sa/twilight-theme-engine/dist/chunk-WITIL2MK.js?v=c58539c0:670
[49761593ms] [LOG] [HomeComponentRenderer] RENDER: path=ox-trust-strip, index=1, renderCount=2 @ http://localhost:3210/node_modules/.pnpm/@salla.sa+twilight-theme-en_c3cd9c099c8c4c71b5353d842e4aee2e/node_modules/@salla.sa/twilight-theme-engine/dist/chunk-WITIL2MK.js?v=c58539c0:670
[49761593ms] [LOG] [HomeComponentRenderer] RENDER: path=ox-goals, index=2, renderCount=1 @ http://localhost:3210/node_modules/.pnpm/@salla.sa+twilight-theme-en_c3cd9c099c8c4c71b5353d842e4aee2e/node_modules/@salla.sa/twilight-theme-engine/dist/chunk-WITIL2MK.js?v=c58539c0:670
[49761593ms] [LOG] [HomeComponentRenderer] RENDER: path=ox-goals, index=2, renderCount=2 @ http://localhost:3210/node_modules/.pnpm/@salla.sa+twilight-theme-en_c3cd9c099c8c4c71b5353d842e4aee2e/node_modules/@salla.sa/twilight-theme-engine/dist/chunk-WITIL2MK.js?v=c58539c0:670
[49761594ms] [LOG] [HomeComponentRenderer] RENDER: path=ox-products, index=3, renderCount=1 @ http://localhost:3210/node_modules/.pnpm/@salla.sa+twilight-theme-en_c3cd9c099c8c4c71b5353d842e4aee2e/node_modules/@salla.sa/twilight-theme-engine/dist/chunk-WITIL2MK.js?v=c58539c0:670
[49761594ms] [LOG] [HomeComponentRenderer] RENDER: path=ox-products, index=3, renderCount=2 @ http://localhost:3210/node_modules/.pnpm/@salla.sa+twilight-theme-en_c3cd9c099c8c4c71b5353d842e4aee2e/node_modules/@salla.sa/twilight-theme-engine/dist/chunk-WITIL2MK.js?v=c58539c0:670
[49761596ms] [LOG] [HomeComponentRenderer] RENDER: path=ox-poster, index=4, renderCount=1 @ http://localhost:3210/node_modules/.pnpm/@salla.sa+twilight-theme-en_c3cd9c099c8c4c71b5353d842e4aee2e/node_modules/@salla.sa/twilight-theme-engine/dist/chunk-WITIL2MK.js?v=c58539c0:670
[49761596ms] [LOG] [HomeComponentRenderer] RENDER: path=ox-poster, index=4, renderCount=2 @ http://localhost:3210/node_modules/.pnpm/@salla.sa+twilight-theme-en_c3cd9c099c8c4c71b5353d842e4aee2e/node_modules/@salla.sa/twilight-theme-engine/dist/chunk-WITIL2MK.js?v=c58539c0:670
[49761597ms] [LOG] [HomeComponentRenderer] RENDER: path=ox-posters, index=5, renderCount=1 @ http://localhost:3210/node_modules/.pnpm/@salla.sa+twilight-theme-en_c3cd9c099c8c4c71b5353d842e4aee2e/node_modules/@salla.sa/twilight-theme-engine/dist/chunk-WITIL2MK.js?v=c58539c0:670
[49761598ms] [LOG] [HomeComponentRenderer] RENDER: path=ox-posters, index=5, renderCount=2 @ http://localhost:3210/node_modules/.pnpm/@salla.sa+twilight-theme-en_c3cd9c099c8c4c71b5353d842e4aee2e/node_modules/@salla.sa/twilight-theme-engine/dist/chunk-WITIL2MK.js?v=c58539c0:670
[49761599ms] [LOG] [HomeComponentRenderer] RENDER: path=ox-products-secondary, index=6, renderCount=1 @ http://localhost:3210/node_modules/.pnpm/@salla.sa+twilight-theme-en_c3cd9c099c8c4c71b5353d842e4aee2e/node_modules/@salla.sa/twilight-theme-engine/dist/chunk-WITIL2MK.js?v=c58539c0:670
[49761601ms] [LOG] [HomeComponentRenderer] RENDER: path=ox-products-secondary, index=6, renderCount=2 @ http://localhost:3210/node_modules/.pnpm/@salla.sa+twilight-theme-en_c3cd9c099c8c4c71b5353d842e4aee2e/node_modules/@salla.sa/twilight-theme-engine/dist/chunk-WITIL2MK.js?v=c58539c0:670
[49761603ms] [LOG] [HomeComponentRenderer] RENDER: path=ox-categories, index=7, renderCount=1 @ http://localhost:3210/node_modules/.pnpm/@salla.sa+twilight-theme-en_c3cd9c099c8c4c71b5353d842e4aee2e/node_modules/@salla.sa/twilight-theme-engine/dist/chunk-WITIL2MK.js?v=c58539c0:670
[49761603ms] [LOG] [HomeComponentRenderer] RENDER: path=ox-categories, index=7, renderCount=2 @ http://localhost:3210/node_modules/.pnpm/@salla.sa+twilight-theme-en_c3cd9c099c8c4c71b5353d842e4aee2e/node_modules/@salla.sa/twilight-theme-engine/dist/chunk-WITIL2MK.js?v=c58539c0:670
[49761605ms] [LOG] [HomeComponentRenderer] RENDER: path=ox-brands, index=8, renderCount=1 @ http://localhost:3210/node_modules/.pnpm/@salla.sa+twilight-theme-en_c3cd9c099c8c4c71b5353d842e4aee2e/node_modules/@salla.sa/twilight-theme-engine/dist/chunk-WITIL2MK.js?v=c58539c0:670
[49761606ms] [LOG] [HomeComponentRenderer] RENDER: path=ox-brands, index=8, renderCount=2 @ http://localhost:3210/node_modules/.pnpm/@salla.sa+twilight-theme-en_c3cd9c099c8c4c71b5353d842e4aee2e/node_modules/@salla.sa/twilight-theme-engine/dist/chunk-WITIL2MK.js?v=c58539c0:670
[49761606ms] [LOG] [HomeComponentRenderer] RENDER: path=ox-services, index=9, renderCount=1 @ http://localhost:3210/node_modules/.pnpm/@salla.sa+twilight-theme-en_c3cd9c099c8c4c71b5353d842e4aee2e/node_modules/@salla.sa/twilight-theme-engine/dist/chunk-WITIL2MK.js?v=c58539c0:670
[49761606ms] [LOG] [HomeComponentRenderer] RENDER: path=ox-services, index=9, renderCount=2 @ http://localhost:3210/node_modules/.pnpm/@salla.sa+twilight-theme-en_c3cd9c099c8c4c71b5353d842e4aee2e/node_modules/@salla.sa/twilight-theme-engine/dist/chunk-WITIL2MK.js?v=c58539c0:670
[49761608ms] [LOG] [HomeComponentRenderer] RENDER: path=ox-guides, index=10, renderCount=1 @ http://localhost:3210/node_modules/.pnpm/@salla.sa+twilight-theme-en_c3cd9c099c8c4c71b5353d842e4aee2e/node_modules/@salla.sa/twilight-theme-engine/dist/chunk-WITIL2MK.js?v=c58539c0:670
[49761608ms] [LOG] [HomeComponentRenderer] RENDER: path=ox-guides, index=10, renderCount=2 @ http://localhost:3210/node_modules/.pnpm/@salla.sa+twilight-theme-en_c3cd9c099c8c4c71b5353d842e4aee2e/node_modules/@salla.sa/twilight-theme-engine/dist/chunk-WITIL2MK.js?v=c58539c0:670
[49761609ms] [LOG] [HomeComponentRenderer] RENDER: path=ox-branch, index=11, renderCount=1 @ http://localhost:3210/node_modules/.pnpm/@salla.sa+twilight-theme-en_c3cd9c099c8c4c71b5353d842e4aee2e/node_modules/@salla.sa/twilight-theme-engine/dist/chunk-WITIL2MK.js?v=c58539c0:670
[49761609ms] [LOG] [HomeComponentRenderer] RENDER: path=ox-branch, index=11, renderCount=2 @ http://localhost:3210/node_modules/.pnpm/@salla.sa+twilight-theme-en_c3cd9c099c8c4c71b5353d842e4aee2e/node_modules/@salla.sa/twilight-theme-engine/dist/chunk-WITIL2MK.js?v=c58539c0:670
[49761610ms] [LOG] [HomeComponentRenderer] RENDER: path=ox-certifications, index=12, renderCount=1 @ http://localhost:3210/node_modules/.pnpm/@salla.sa+twilight-theme-en_c3cd9c099c8c4c71b5353d842e4aee2e/node_modules/@salla.sa/twilight-theme-engine/dist/chunk-WITIL2MK.js?v=c58539c0:670
[49761610ms] [LOG] [HomeComponentRenderer] RENDER: path=ox-certifications, index=12, renderCount=2 @ http://localhost:3210/node_modules/.pnpm/@salla.sa+twilight-theme-en_c3cd9c099c8c4c71b5353d842e4aee2e/node_modules/@salla.sa/twilight-theme-engine/dist/chunk-WITIL2MK.js?v=c58539c0:670
[49761611ms] [LOG] [HomeComponentRenderer] RENDER: path=ox-faq, index=13, renderCount=1 @ http://localhost:3210/node_modules/.pnpm/@salla.sa+twilight-theme-en_c3cd9c099c8c4c71b5353d842e4aee2e/node_modules/@salla.sa/twilight-theme-engine/dist/chunk-WITIL2MK.js?v=c58539c0:670
[49761611ms] [LOG] [HomeComponentRenderer] RENDER: path=ox-faq, index=13, renderCount=2 @ http://localhost:3210/node_modules/.pnpm/@salla.sa+twilight-theme-en_c3cd9c099c8c4c71b5353d842e4aee2e/node_modules/@salla.sa/twilight-theme-engine/dist/chunk-WITIL2MK.js?v=c58539c0:670
[49761613ms] [LOG] [HomeComponentRenderer] RENDER: path=ox-newsletter, index=14, renderCount=1 @ http://localhost:3210/node_modules/.pnpm/@salla.sa+twilight-theme-en_c3cd9c099c8c4c71b5353d842e4aee2e/node_modules/@salla.sa/twilight-theme-engine/dist/chunk-WITIL2MK.js?v=c58539c0:670
[49761613ms] [LOG] [HomeComponentRenderer] RENDER: path=ox-newsletter, index=14, renderCount=2 @ http://localhost:3210/node_modules/.pnpm/@salla.sa+twilight-theme-en_c3cd9c099c8c4c71b5353d842e4aee2e/node_modules/@salla.sa/twilight-theme-engine/dist/chunk-WITIL2MK.js?v=c58539c0:670
[49761613ms] [LOG] [HomeComponentRenderer] RENDER: path=ox-banner, index=15, renderCount=1 @ http://localhost:3210/node_modules/.pnpm/@salla.sa+twilight-theme-en_c3cd9c099c8c4c71b5353d842e4aee2e/node_modules/@salla.sa/twilight-theme-engine/dist/chunk-WITIL2MK.js?v=c58539c0:670
[49761614ms] [LOG] [HomeComponentRenderer] RENDER: path=ox-banner, index=15, renderCount=2 @ http://localhost:3210/node_modules/.pnpm/@salla.sa+twilight-theme-en_c3cd9c099c8c4c71b5353d842e4aee2e/node_modules/@salla.sa/twilight-theme-engine/dist/chunk-WITIL2MK.js?v=c58539c0:670
[49761616ms] [LOG] [HomeComponentRenderer] MOUNT: path=ox-hero, index=0, renderCount=2 @ http://localhost:3210/node_modules/.pnpm/@salla.sa+twilight-theme-en_c3cd9c099c8c4c71b5353d842e4aee2e/node_modules/@salla.sa/twilight-theme-engine/dist/chunk-WITIL2MK.js?v=c58539c0:673
[49761616ms] [LOG] [HomeComponentRenderer] MOUNT: path=ox-trust-strip, index=1, renderCount=2 @ http://localhost:3210/node_modules/.pnpm/@salla.sa+twilight-theme-en_c3cd9c099c8c4c71b5353d842e4aee2e/node_modules/@salla.sa/twilight-theme-engine/dist/chunk-WITIL2MK.js?v=c58539c0:673
[49761617ms] [LOG] [HomeComponentRenderer] MOUNT: path=ox-goals, index=2, renderCount=2 @ http://localhost:3210/node_modules/.pnpm/@salla.sa+twilight-theme-en_c3cd9c099c8c4c71b5353d842e4aee2e/node_modules/@salla.sa/twilight-theme-engine/dist/chunk-WITIL2MK.js?v=c58539c0:673
[49761617ms] [LOG] [HomeComponentRenderer] MOUNT: path=ox-products, index=3, renderCount=2 @ http://localhost:3210/node_modules/.pnpm/@salla.sa+twilight-theme-en_c3cd9c099c8c4c71b5353d842e4aee2e/node_modules/@salla.sa/twilight-theme-engine/dist/chunk-WITIL2MK.js?v=c58539c0:673
[49761618ms] [LOG] [HomeComponentRenderer] MOUNT: path=ox-poster, index=4, renderCount=2 @ http://localhost:3210/node_modules/.pnpm/@salla.sa+twilight-theme-en_c3cd9c099c8c4c71b5353d842e4aee2e/node_modules/@salla.sa/twilight-theme-engine/dist/chunk-WITIL2MK.js?v=c58539c0:673
[49761619ms] [LOG] [HomeComponentRenderer] MOUNT: path=ox-posters, index=5, renderCount=2 @ http://localhost:3210/node_modules/.pnpm/@salla.sa+twilight-theme-en_c3cd9c099c8c4c71b5353d842e4aee2e/node_modules/@salla.sa/twilight-theme-engine/dist/chunk-WITIL2MK.js?v=c58539c0:673
[49761619ms] [LOG] [HomeComponentRenderer] MOUNT: path=ox-products-secondary, index=6, renderCount=2 @ http://localhost:3210/node_modules/.pnpm/@salla.sa+twilight-theme-en_c3cd9c099c8c4c71b5353d842e4aee2e/node_modules/@salla.sa/twilight-theme-engine/dist/chunk-WITIL2MK.js?v=c58539c0:673
[49761620ms] [LOG] [HomeComponentRenderer] MOUNT: path=ox-categories, index=7, renderCount=2 @ http://localhost:3210/node_modules/.pnpm/@salla.sa+twilight-theme-en_c3cd9c099c8c4c71b5353d842e4aee2e/node_modules/@salla.sa/twilight-theme-engine/dist/chunk-WITIL2MK.js?v=c58539c0:673
[49761620ms] [LOG] [HomeComponentRenderer] MOUNT: path=ox-brands, index=8, renderCount=2 @ http://localhost:3210/node_modules/.pnpm/@salla.sa+twilight-theme-en_c3cd9c099c8c4c71b5353d842e4aee2e/node_modules/@salla.sa/twilight-theme-engine/dist/chunk-WITIL2MK.js?v=c58539c0:673
[49761621ms] [LOG] [HomeComponentRenderer] MOUNT: path=ox-services, index=9, renderCount=2 @ http://localhost:3210/node_modules/.pnpm/@salla.sa+twilight-theme-en_c3cd9c099c8c4c71b5353d842e4aee2e/node_modules/@salla.sa/twilight-theme-engine/dist/chunk-WITIL2MK.js?v=c58539c0:673
[49761621ms] [LOG] [HomeComponentRenderer] MOUNT: path=ox-guides, index=10, renderCount=2 @ http://localhost:3210/node_modules/.pnpm/@salla.sa+twilight-theme-en_c3cd9c099c8c4c71b5353d842e4aee2e/node_modules/@salla.sa/twilight-theme-engine/dist/chunk-WITIL2MK.js?v=c58539c0:673
[49761622ms] [LOG] [HomeComponentRenderer] MOUNT: path=ox-branch, index=11, renderCount=2 @ http://localhost:3210/node_modules/.pnpm/@salla.sa+twilight-theme-en_c3cd9c099c8c4c71b5353d842e4aee2e/node_modules/@salla.sa/twilight-theme-engine/dist/chunk-WITIL2MK.js?v=c58539c0:673
[49761622ms] [LOG] [HomeComponentRenderer] MOUNT: path=ox-certifications, index=12, renderCount=2 @ http://localhost:3210/node_modules/.pnpm/@salla.sa+twilight-theme-en_c3cd9c099c8c4c71b5353d842e4aee2e/node_modules/@salla.sa/twilight-theme-engine/dist/chunk-WITIL2MK.js?v=c58539c0:673
[49761623ms] [LOG] [HomeComponentRenderer] MOUNT: path=ox-faq, index=13, renderCount=2 @ http://localhost:3210/node_modules/.pnpm/@salla.sa+twilight-theme-en_c3cd9c099c8c4c71b5353d842e4aee2e/node_modules/@salla.sa/twilight-theme-engine/dist/chunk-WITIL2MK.js?v=c58539c0:673
[49761624ms] [LOG] [HomeComponentRenderer] MOUNT: path=ox-newsletter, index=14, renderCount=2 @ http://localhost:3210/node_modules/.pnpm/@salla.sa+twilight-theme-en_c3cd9c099c8c4c71b5353d842e4aee2e/node_modules/@salla.sa/twilight-theme-engine/dist/chunk-WITIL2MK.js?v=c58539c0:673
[49761624ms] [LOG] [HomeComponentRenderer] MOUNT: path=ox-banner, index=15, renderCount=2 @ http://localhost:3210/node_modules/.pnpm/@salla.sa+twilight-theme-en_c3cd9c099c8c4c71b5353d842e4aee2e/node_modules/@salla.sa/twilight-theme-engine/dist/chunk-WITIL2MK.js?v=c58539c0:673
[49817592ms] [LOG] [vite] server connection lost. Polling for restart... @ http://localhost:3210/@vite/client:1002
[49839761ms] [LOG] [offline-api] browser: api.salla.dev + cdn.salla.network -> http://127.0.0.1:5178 @ http://localhost:3210/services:0
[49846075ms] [INFO] %cDownload the React DevTools for a better development experience: https://react.dev/link/react-devtools font-weight:bold @ http://localhost:3210/node_modules/.vite/deps/react-dom_client.js?v=99c71afd:14335
[49846260ms] [WARNING] [Twilight] Could not hydrate twilight context: no root match in router state @ http://localhost:3210/@vite/client:532
[49846519ms] [ERROR] The result of getServerSnapshot should be cached to avoid an infinite loop @ http://localhost:3210/@vite/client:532
[49846590ms] [ERROR] A tree hydrated but some attributes of the server rendered HTML didn't match the client properties. This won't be patched up. This can happen if a SSR-ed Client Component used:

- A server/client branch `if (typeof window !== 'undefined')`.
- Variable input such as `Date.now()` or `Math.random()` which changes each time it's called.
- Date formatting in a user's locale which doesn't match the server.
- External changing data without sending a snapshot of it along with the HTML.
- Invalid HTML tag nesting.

It can also happen if the client has a browser extension installed which messes with the HTML before React loaded.

%s%s https://react.dev/link/hydration-mismatch 

  ...
    <ThemeDocumentSync>
    <TanStackDocumentSync>
    <NavigationSetup>
      <NavigationProvider navigate={function}>
        <LinkProvider adapter={{...}}>
          <WidgetHead>
          <AppsSnippets>
          <HookSlot>
          <Suspense>
          <OptimalXLayout>
            <div>
            <BottomTabBar>
              <nav className="ox-tabbar" aria-label="تنقل سريع" data-testid="ox-tabbar">
                <ul className="ox-tabbar_...">
                  <li>
                    <Link to="/" className="ox-tab">
                      <TanStackLinkAdapter ref={null} to="/" className="ox-tab" data-spa-link="">
                        <a
+                         className="ox-tab active"
-                         className="ox-tab is-active active"
                          style={undefined}
                          title={undefined}
                          target={undefined}
                          rel={undefined}
                          onClick={function handleClick}
                          aria-label={undefined}
                          data-spa-link=""
                          ref={{current:null}}
                          onBlur={function handleLeave}
                          onFocus={function}
                          onMouseEnter={function}
                          onMouseLeave={function handleLeave}
                          onTouchStart={function handleTouchStart}
                          href="/services"
                          data-status="active"
                          aria-current="page"
                        >
                  ...
            ...
          ...
 @ http://localhost:3210/@vite/client:532
[49847203ms] [LOG] [HomeComponentRenderer] RENDER: path=ox-hero, index=0, renderCount=1 @ http://localhost:3210/node_modules/.pnpm/@salla.sa+twilight-theme-en_c3cd9c099c8c4c71b5353d842e4aee2e/node_modules/@salla.sa/twilight-theme-engine/dist/chunk-WITIL2MK.js?v=0ae3d3b2:670
[49847204ms] [LOG] [HomeComponentRenderer] RENDER: path=ox-hero, index=0, renderCount=2 @ http://localhost:3210/node_modules/.pnpm/@salla.sa+twilight-theme-en_c3cd9c099c8c4c71b5353d842e4aee2e/node_modules/@salla.sa/twilight-theme-engine/dist/chunk-WITIL2MK.js?v=0ae3d3b2:670
[49847302ms] [LOG] [HomeComponentRenderer] RENDER: path=ox-hero, index=0, renderCount=1 @ http://localhost:3210/node_modules/.pnpm/@salla.sa+twilight-theme-en_c3cd9c099c8c4c71b5353d842e4aee2e/node_modules/@salla.sa/twilight-theme-engine/dist/chunk-WITIL2MK.js?v=0ae3d3b2:670
[49847302ms] [LOG] [HomeComponentRenderer] RENDER: path=ox-hero, index=0, renderCount=2 @ http://localhost:3210/node_modules/.pnpm/@salla.sa+twilight-theme-en_c3cd9c099c8c4c71b5353d842e4aee2e/node_modules/@salla.sa/twilight-theme-engine/dist/chunk-WITIL2MK.js?v=0ae3d3b2:670
[49847303ms] [LOG] [HomeComponentRenderer] RENDER: path=ox-trust-strip, index=1, renderCount=1 @ http://localhost:3210/node_modules/.pnpm/@salla.sa+twilight-theme-en_c3cd9c099c8c4c71b5353d842e4aee2e/node_modules/@salla.sa/twilight-theme-engine/dist/chunk-WITIL2MK.js?v=0ae3d3b2:670
[49847304ms] [LOG] [HomeComponentRenderer] RENDER: path=ox-trust-strip, index=1, renderCount=2 @ http://localhost:3210/node_modules/.pnpm/@salla.sa+twilight-theme-en_c3cd9c099c8c4c71b5353d842e4aee2e/node_modules/@salla.sa/twilight-theme-engine/dist/chunk-WITIL2MK.js?v=0ae3d3b2:670
[49847304ms] [LOG] [HomeComponentRenderer] RENDER: path=ox-goals, index=2, renderCount=1 @ http://localhost:3210/node_modules/.pnpm/@salla.sa+twilight-theme-en_c3cd9c099c8c4c71b5353d842e4aee2e/node_modules/@salla.sa/twilight-theme-engine/dist/chunk-WITIL2MK.js?v=0ae3d3b2:670
[49847305ms] [LOG] [HomeComponentRenderer] RENDER: path=ox-goals, index=2, renderCount=2 @ http://localhost:3210/node_modules/.pnpm/@salla.sa+twilight-theme-en_c3cd9c099c8c4c71b5353d842e4aee2e/node_modules/@salla.sa/twilight-theme-engine/dist/chunk-WITIL2MK.js?v=0ae3d3b2:670
[49847309ms] [LOG] [HomeComponentRenderer] RENDER: path=ox-products, index=3, renderCount=1 @ http://localhost:3210/node_modules/.pnpm/@salla.sa+twilight-theme-en_c3cd9c099c8c4c71b5353d842e4aee2e/node_modules/@salla.sa/twilight-theme-engine/dist/chunk-WITIL2MK.js?v=0ae3d3b2:670
[49847309ms] [LOG] [HomeComponentRenderer] RENDER: path=ox-products, index=3, renderCount=2 @ http://localhost:3210/node_modules/.pnpm/@salla.sa+twilight-theme-en_c3cd9c099c8c4c71b5353d842e4aee2e/node_modules/@salla.sa/twilight-theme-engine/dist/chunk-WITIL2MK.js?v=0ae3d3b2:670
[49847311ms] [LOG] [HomeComponentRenderer] RENDER: path=ox-poster, index=4, renderCount=1 @ http://localhost:3210/node_modules/.pnpm/@salla.sa+twilight-theme-en_c3cd9c099c8c4c71b5353d842e4aee2e/node_modules/@salla.sa/twilight-theme-engine/dist/chunk-WITIL2MK.js?v=0ae3d3b2:670
[49847312ms] [LOG] [HomeComponentRenderer] RENDER: path=ox-poster, index=4, renderCount=2 @ http://localhost:3210/node_modules/.pnpm/@salla.sa+twilight-theme-en_c3cd9c099c8c4c71b5353d842e4aee2e/node_modules/@salla.sa/twilight-theme-engine/dist/chunk-WITIL2MK.js?v=0ae3d3b2:670
[49847312ms] [LOG] [HomeComponentRenderer] RENDER: path=ox-posters, index=5, renderCount=1 @ http://localhost:3210/node_modules/.pnpm/@salla.sa+twilight-theme-en_c3cd9c099c8c4c71b5353d842e4aee2e/node_modules/@salla.sa/twilight-theme-engine/dist/chunk-WITIL2MK.js?v=0ae3d3b2:670
[49847312ms] [LOG] [HomeComponentRenderer] RENDER: path=ox-posters, index=5, renderCount=2 @ http://localhost:3210/node_modules/.pnpm/@salla.sa+twilight-theme-en_c3cd9c099c8c4c71b5353d842e4aee2e/node_modules/@salla.sa/twilight-theme-engine/dist/chunk-WITIL2MK.js?v=0ae3d3b2:670
[49847314ms] [LOG] [HomeComponentRenderer] RENDER: path=ox-products-secondary, index=6, renderCount=1 @ http://localhost:3210/node_modules/.pnpm/@salla.sa+twilight-theme-en_c3cd9c099c8c4c71b5353d842e4aee2e/node_modules/@salla.sa/twilight-theme-engine/dist/chunk-WITIL2MK.js?v=0ae3d3b2:670
[49847314ms] [LOG] [HomeComponentRenderer] RENDER: path=ox-products-secondary, index=6, renderCount=2 @ http://localhost:3210/node_modules/.pnpm/@salla.sa+twilight-theme-en_c3cd9c099c8c4c71b5353d842e4aee2e/node_modules/@salla.sa/twilight-theme-engine/dist/chunk-WITIL2MK.js?v=0ae3d3b2:670
[49847316ms] [LOG] [HomeComponentRenderer] RENDER: path=ox-categories, index=7, renderCount=1 @ http://localhost:3210/node_modules/.pnpm/@salla.sa+twilight-theme-en_c3cd9c099c8c4c71b5353d842e4aee2e/node_modules/@salla.sa/twilight-theme-engine/dist/chunk-WITIL2MK.js?v=0ae3d3b2:670
[49847316ms] [LOG] [HomeComponentRenderer] RENDER: path=ox-categories, index=7, renderCount=2 @ http://localhost:3210/node_modules/.pnpm/@salla.sa+twilight-theme-en_c3cd9c099c8c4c71b5353d842e4aee2e/node_modules/@salla.sa/twilight-theme-engine/dist/chunk-WITIL2MK.js?v=0ae3d3b2:670
[49847317ms] [LOG] [HomeComponentRenderer] RENDER: path=ox-brands, index=8, renderCount=1 @ http://localhost:3210/node_modules/.pnpm/@salla.sa+twilight-theme-en_c3cd9c099c8c4c71b5353d842e4aee2e/node_modules/@salla.sa/twilight-theme-engine/dist/chunk-WITIL2MK.js?v=0ae3d3b2:670
[49847318ms] [LOG] [HomeComponentRenderer] RENDER: path=ox-brands, index=8, renderCount=2 @ http://localhost:3210/node_modules/.pnpm/@salla.sa+twilight-theme-en_c3cd9c099c8c4c71b5353d842e4aee2e/node_modules/@salla.sa/twilight-theme-engine/dist/chunk-WITIL2MK.js?v=0ae3d3b2:670
[49847318ms] [LOG] [HomeComponentRenderer] RENDER: path=ox-services, index=9, renderCount=1 @ http://localhost:3210/node_modules/.pnpm/@salla.sa+twilight-theme-en_c3cd9c099c8c4c71b5353d842e4aee2e/node_modules/@salla.sa/twilight-theme-engine/dist/chunk-WITIL2MK.js?v=0ae3d3b2:670
[49847318ms] [LOG] [HomeComponentRenderer] RENDER: path=ox-services, index=9, renderCount=2 @ http://localhost:3210/node_modules/.pnpm/@salla.sa+twilight-theme-en_c3cd9c099c8c4c71b5353d842e4aee2e/node_modules/@salla.sa/twilight-theme-engine/dist/chunk-WITIL2MK.js?v=0ae3d3b2:670
[49847323ms] [LOG] [HomeComponentRenderer] RENDER: path=ox-guides, index=10, renderCount=1 @ http://localhost:3210/node_modules/.pnpm/@salla.sa+twilight-theme-en_c3cd9c099c8c4c71b5353d842e4aee2e/node_modules/@salla.sa/twilight-theme-engine/dist/chunk-WITIL2MK.js?v=0ae3d3b2:670
[49847323ms] [LOG] [HomeComponentRenderer] RENDER: path=ox-guides, index=10, renderCount=2 @ http://localhost:3210/node_modules/.pnpm/@salla.sa+twilight-theme-en_c3cd9c099c8c4c71b5353d842e4aee2e/node_modules/@salla.sa/twilight-theme-engine/dist/chunk-WITIL2MK.js?v=0ae3d3b2:670
[49847324ms] [LOG] [HomeComponentRenderer] RENDER: path=ox-branch, index=11, renderCount=1 @ http://localhost:3210/node_modules/.pnpm/@salla.sa+twilight-theme-en_c3cd9c099c8c4c71b5353d842e4aee2e/node_modules/@salla.sa/twilight-theme-engine/dist/chunk-WITIL2MK.js?v=0ae3d3b2:670
[49847324ms] [LOG] [HomeComponentRenderer] RENDER: path=ox-branch, index=11, renderCount=2 @ http://localhost:3210/node_modules/.pnpm/@salla.sa+twilight-theme-en_c3cd9c099c8c4c71b5353d842e4aee2e/node_modules/@salla.sa/twilight-theme-engine/dist/chunk-WITIL2MK.js?v=0ae3d3b2:670
[49847325ms] [LOG] [HomeComponentRenderer] RENDER: path=ox-certifications, index=12, renderCount=1 @ http://localhost:3210/node_modules/.pnpm/@salla.sa+twilight-theme-en_c3cd9c099c8c4c71b5353d842e4aee2e/node_modules/@salla.sa/twilight-theme-engine/dist/chunk-WITIL2MK.js?v=0ae3d3b2:670
[49847325ms] [LOG] [HomeComponentRenderer] RENDER: path=ox-certifications, index=12, renderCount=2 @ http://localhost:3210/node_modules/.pnpm/@salla.sa+twilight-theme-en_c3cd9c099c8c4c71b5353d842e4aee2e/node_modules/@salla.sa/twilight-theme-engine/dist/chunk-WITIL2MK.js?v=0ae3d3b2:670
[49847326ms] [LOG] [HomeComponentRenderer] RENDER: path=ox-faq, index=13, renderCount=1 @ http://localhost:3210/node_modules/.pnpm/@salla.sa+twilight-theme-en_c3cd9c099c8c4c71b5353d842e4aee2e/node_modules/@salla.sa/twilight-theme-engine/dist/chunk-WITIL2MK.js?v=0ae3d3b2:670
[49847326ms] [LOG] [HomeComponentRenderer] RENDER: path=ox-faq, index=13, renderCount=2 @ http://localhost:3210/node_modules/.pnpm/@salla.sa+twilight-theme-en_c3cd9c099c8c4c71b5353d842e4aee2e/node_modules/@salla.sa/twilight-theme-engine/dist/chunk-WITIL2MK.js?v=0ae3d3b2:670
[49847327ms] [LOG] [HomeComponentRenderer] RENDER: path=ox-newsletter, index=14, renderCount=1 @ http://localhost:3210/node_modules/.pnpm/@salla.sa+twilight-theme-en_c3cd9c099c8c4c71b5353d842e4aee2e/node_modules/@salla.sa/twilight-theme-engine/dist/chunk-WITIL2MK.js?v=0ae3d3b2:670
[49847328ms] [LOG] [HomeComponentRenderer] RENDER: path=ox-newsletter, index=14, renderCount=2 @ http://localhost:3210/node_modules/.pnpm/@salla.sa+twilight-theme-en_c3cd9c099c8c4c71b5353d842e4aee2e/node_modules/@salla.sa/twilight-theme-engine/dist/chunk-WITIL2MK.js?v=0ae3d3b2:670
[49847331ms] [LOG] [HomeComponentRenderer] RENDER: path=ox-banner, index=15, renderCount=1 @ http://localhost:3210/node_modules/.pnpm/@salla.sa+twilight-theme-en_c3cd9c099c8c4c71b5353d842e4aee2e/node_modules/@salla.sa/twilight-theme-engine/dist/chunk-WITIL2MK.js?v=0ae3d3b2:670
[49847331ms] [LOG] [HomeComponentRenderer] RENDER: path=ox-banner, index=15, renderCount=2 @ http://localhost:3210/node_modules/.pnpm/@salla.sa+twilight-theme-en_c3cd9c099c8c4c71b5353d842e4aee2e/node_modules/@salla.sa/twilight-theme-engine/dist/chunk-WITIL2MK.js?v=0ae3d3b2:670
[49847334ms] [LOG] [HomeComponentRenderer] MOUNT: path=ox-hero, index=0, renderCount=2 @ http://localhost:3210/node_modules/.pnpm/@salla.sa+twilight-theme-en_c3cd9c099c8c4c71b5353d842e4aee2e/node_modules/@salla.sa/twilight-theme-engine/dist/chunk-WITIL2MK.js?v=0ae3d3b2:673
[49847335ms] [LOG] [HomeComponentRenderer] MOUNT: path=ox-trust-strip, index=1, renderCount=2 @ http://localhost:3210/node_modules/.pnpm/@salla.sa+twilight-theme-en_c3cd9c099c8c4c71b5353d842e4aee2e/node_modules/@salla.sa/twilight-theme-engine/dist/chunk-WITIL2MK.js?v=0ae3d3b2:673
[49847336ms] [LOG] [HomeComponentRenderer] MOUNT: path=ox-goals, index=2, renderCount=2 @ http://localhost:3210/node_modules/.pnpm/@salla.sa+twilight-theme-en_c3cd9c099c8c4c71b5353d842e4aee2e/node_modules/@salla.sa/twilight-theme-engine/dist/chunk-WITIL2MK.js?v=0ae3d3b2:673
[49847336ms] [LOG] [HomeComponentRenderer] MOUNT: path=ox-products, index=3, renderCount=2 @ http://localhost:3210/node_modules/.pnpm/@salla.sa+twilight-theme-en_c3cd9c099c8c4c71b5353d842e4aee2e/node_modules/@salla.sa/twilight-theme-engine/dist/chunk-WITIL2MK.js?v=0ae3d3b2:673
[49847338ms] [LOG] [HomeComponentRenderer] MOUNT: path=ox-poster, index=4, renderCount=2 @ http://localhost:3210/node_modules/.pnpm/@salla.sa+twilight-theme-en_c3cd9c099c8c4c71b5353d842e4aee2e/node_modules/@salla.sa/twilight-theme-engine/dist/chunk-WITIL2MK.js?v=0ae3d3b2:673
[49847339ms] [LOG] [HomeComponentRenderer] MOUNT: path=ox-posters, index=5, renderCount=2 @ http://localhost:3210/node_modules/.pnpm/@salla.sa+twilight-theme-en_c3cd9c099c8c4c71b5353d842e4aee2e/node_modules/@salla.sa/twilight-theme-engine/dist/chunk-WITIL2MK.js?v=0ae3d3b2:673
[49847339ms] [LOG] [HomeComponentRenderer] MOUNT: path=ox-products-secondary, index=6, renderCount=2 @ http://localhost:3210/node_modules/.pnpm/@salla.sa+twilight-theme-en_c3cd9c099c8c4c71b5353d842e4aee2e/node_modules/@salla.sa/twilight-theme-engine/dist/chunk-WITIL2MK.js?v=0ae3d3b2:673
[49847340ms] [LOG] [HomeComponentRenderer] MOUNT: path=ox-categories, index=7, renderCount=2 @ http://localhost:3210/node_modules/.pnpm/@salla.sa+twilight-theme-en_c3cd9c099c8c4c71b5353d842e4aee2e/node_modules/@salla.sa/twilight-theme-engine/dist/chunk-WITIL2MK.js?v=0ae3d3b2:673
[49847340ms] [LOG] [HomeComponentRenderer] MOUNT: path=ox-brands, index=8, renderCount=2 @ http://localhost:3210/node_modules/.pnpm/@salla.sa+twilight-theme-en_c3cd9c099c8c4c71b5353d842e4aee2e/node_modules/@salla.sa/twilight-theme-engine/dist/chunk-WITIL2MK.js?v=0ae3d3b2:673
[49847341ms] [LOG] [HomeComponentRenderer] MOUNT: path=ox-services, index=9, renderCount=2 @ http://localhost:3210/node_modules/.pnpm/@salla.sa+twilight-theme-en_c3cd9c099c8c4c71b5353d842e4aee2e/node_modules/@salla.sa/twilight-theme-engine/dist/chunk-WITIL2MK.js?v=0ae3d3b2:673
[49847342ms] [LOG] [HomeComponentRenderer] MOUNT: path=ox-guides, index=10, renderCount=2 @ http://localhost:3210/node_modules/.pnpm/@salla.sa+twilight-theme-en_c3cd9c099c8c4c71b5353d842e4aee2e/node_modules/@salla.sa/twilight-theme-engine/dist/chunk-WITIL2MK.js?v=0ae3d3b2:673
[49847343ms] [LOG] [HomeComponentRenderer] MOUNT: path=ox-branch, index=11, renderCount=2 @ http://localhost:3210/node_modules/.pnpm/@salla.sa+twilight-theme-en_c3cd9c099c8c4c71b5353d842e4aee2e/node_modules/@salla.sa/twilight-theme-engine/dist/chunk-WITIL2MK.js?v=0ae3d3b2:673
[49847343ms] [LOG] [HomeComponentRenderer] MOUNT: path=ox-certifications, index=12, renderCount=2 @ http://localhost:3210/node_modules/.pnpm/@salla.sa+twilight-theme-en_c3cd9c099c8c4c71b5353d842e4aee2e/node_modules/@salla.sa/twilight-theme-engine/dist/chunk-WITIL2MK.js?v=0ae3d3b2:673
[49847344ms] [LOG] [HomeComponentRenderer] MOUNT: path=ox-faq, index=13, renderCount=2 @ http://localhost:3210/node_modules/.pnpm/@salla.sa+twilight-theme-en_c3cd9c099c8c4c71b5353d842e4aee2e/node_modules/@salla.sa/twilight-theme-engine/dist/chunk-WITIL2MK.js?v=0ae3d3b2:673
[49847345ms] [LOG] [HomeComponentRenderer] MOUNT: path=ox-newsletter, index=14, renderCount=2 @ http://localhost:3210/node_modules/.pnpm/@salla.sa+twilight-theme-en_c3cd9c099c8c4c71b5353d842e4aee2e/node_modules/@salla.sa/twilight-theme-engine/dist/chunk-WITIL2MK.js?v=0ae3d3b2:673
[49847346ms] [LOG] [HomeComponentRenderer] MOUNT: path=ox-banner, index=15, renderCount=2 @ http://localhost:3210/node_modules/.pnpm/@salla.sa+twilight-theme-en_c3cd9c099c8c4c71b5353d842e4aee2e/node_modules/@salla.sa/twilight-theme-engine/dist/chunk-WITIL2MK.js?v=0ae3d3b2:673
[50111398ms] [ERROR] [store.settings] Failed: TypeError: Failed to execute 'set' on 'Headers': String contains non ISO-8859-1 code point.
    at ky.extend.hooks.beforeRequest (http://localhost:3210/node_modules/.pnpm/@salla.sa+twilight-theme-en_c3cd9c099c8c4c71b5353d842e4aee2e/node_modules/@salla.sa/twilight-theme-engine/dist/chunk-O6XXHXC4.js?v=0ae3d3b2:95:25)
    at http://localhost:3210/node_modules/.pnpm/ky@2.1.0/node_modules/ky/distribution/core/Ky.js?v=0ae3d3b2:731:73
    at #raceWithTotalTimeout (http://localhost:3210/node_modules/.pnpm/ky@2.1.0/node_modules/ky/distribution/core/Ky.js?v=0ae3d3b2:572:20)
    at #runBeforeRequestHooks (http://localhost:3210/node_modules/.pnpm/ky@2.1.0/node_modules/ky/distribution/core/Ky.js?v=0ae3d3b2:731:60)
    at function_ (http://localhost:3210/node_modules/.pnpm/ky@2.1.0/node_modules/ky/distribution/core/Ky.js?v=0ae3d3b2:117:74)
    at async http://localhost:3210/node_modules/.pnpm/ky@2.1.0/node_modules/ky/distribution/core/Ky.js?v=0ae3d3b2:195:24
    at async result.<computed> [as json] (http://localhost:3210/node_modules/.pnpm/ky@2.1.0/node_modules/ky/distribution/core/Ky.js?v=0ae3d3b2:219:34)
    at async Object.settings (http://localhost:3210/node_modules/.pnpm/@salla.sa+twilight-theme-en_c3cd9c099c8c4c71b5353d842e4aee2e/node_modules/@salla.sa/twilight-theme-engine/dist/chunk-WMSOSA74.js?v=0ae3d3b2:34:20) @ http://localhost:3210/@vite/client:532
[50112652ms] [ERROR] [store.settings] Failed: TypeError: Failed to execute 'set' on 'Headers': String contains non ISO-8859-1 code point.
    at ky.extend.hooks.beforeRequest (http://localhost:3210/node_modules/.pnpm/@salla.sa+twilight-theme-en_c3cd9c099c8c4c71b5353d842e4aee2e/node_modules/@salla.sa/twilight-theme-engine/dist/chunk-O6XXHXC4.js?v=0ae3d3b2:95:25)
    at http://localhost:3210/node_modules/.pnpm/ky@2.1.0/node_modules/ky/distribution/core/Ky.js?v=0ae3d3b2:731:73
    at #raceWithTotalTimeout (http://localhost:3210/node_modules/.pnpm/ky@2.1.0/node_modules/ky/distribution/core/Ky.js?v=0ae3d3b2:572:20)
    at #runBeforeRequestHooks (http://localhost:3210/node_modules/.pnpm/ky@2.1.0/node_modules/ky/distribution/core/Ky.js?v=0ae3d3b2:731:60)
    at function_ (http://localhost:3210/node_modules/.pnpm/ky@2.1.0/node_modules/ky/distribution/core/Ky.js?v=0ae3d3b2:117:74)
    at async http://localhost:3210/node_modules/.pnpm/ky@2.1.0/node_modules/ky/distribution/core/Ky.js?v=0ae3d3b2:195:24
    at async result.<computed> [as json] (http://localhost:3210/node_modules/.pnpm/ky@2.1.0/node_modules/ky/distribution/core/Ky.js?v=0ae3d3b2:219:34)
    at async Object.settings (http://localhost:3210/node_modules/.pnpm/@salla.sa+twilight-theme-en_c3cd9c099c8c4c71b5353d842e4aee2e/node_modules/@salla.sa/twilight-theme-engine/dist/chunk-WMSOSA74.js?v=0ae3d3b2:34:20) @ http://localhost:3210/@vite/client:532
[50906930ms] Transition was skipped. New ViewTransition started
[50906938ms] Transition was skipped. New ViewTransition started
[50906939ms] Transition was skipped. New ViewTransition started
[50906939ms] Transition was skipped. New ViewTransition started
[50906939ms] Transition was skipped. New ViewTransition started
[50906939ms] Transition was skipped. New ViewTransition started
[50906939ms] Transition was skipped. New ViewTransition started
[50906939ms] Transition was skipped. New ViewTransition started
[50906939ms] Transition was skipped. New ViewTransition started
[50906940ms] Transition was skipped. New ViewTransition started
[50906940ms] Transition was skipped. New ViewTransition started
[50906940ms] Transition was skipped. New ViewTransition started
[50906941ms] Transition was skipped. New ViewTransition started
[50911317ms] Transition was skipped. New ViewTransition started
[50911318ms] Transition was skipped. New ViewTransition started
[50911318ms] Transition was skipped. New ViewTransition started
[50911318ms] Transition was skipped. New ViewTransition started
[50911319ms] Transition was skipped. New ViewTransition started
[50911319ms] Transition was skipped. New ViewTransition started
[50911319ms] Transition was skipped. New ViewTransition started
[50911319ms] Transition was skipped. New ViewTransition started
[50911319ms] Transition was skipped. New ViewTransition started
[50911319ms] Transition was skipped. New ViewTransition started
[50911319ms] Transition was skipped. New ViewTransition started
[50911319ms] Transition was skipped. New ViewTransition started
[50911322ms] Transition was skipped. New ViewTransition started
[50915821ms] Transition was skipped. New ViewTransition started
[50915821ms] Transition was skipped. New ViewTransition started
[50915821ms] Transition was skipped. New ViewTransition started
[50915821ms] Transition was skipped. New ViewTransition started
[50915821ms] Transition was skipped. New ViewTransition started
[50915821ms] Transition was skipped. New ViewTransition started
[50915821ms] Transition was skipped. New ViewTransition started
[50915828ms] Transition was skipped. New ViewTransition started
[50915828ms] Transition was skipped. New ViewTransition started
[50915828ms] Transition was skipped. New ViewTransition started
[50915828ms] Transition was skipped. New ViewTransition started
[50915828ms] Transition was skipped. New ViewTransition started
[50915828ms] Transition was skipped. New ViewTransition started
[50919394ms] Transition was skipped. New ViewTransition started
[50919395ms] Transition was skipped. New ViewTransition started
[50919396ms] Transition was skipped. New ViewTransition started
[50919397ms] Transition was skipped. New ViewTransition started
[50919398ms] Transition was skipped. New ViewTransition started
[50919400ms] Transition was skipped. New ViewTransition started
[50919400ms] Transition was skipped. New ViewTransition started
[50919401ms] Transition was skipped. New ViewTransition started
[50919403ms] Transition was skipped. New ViewTransition started
[50919405ms] Transition was skipped. New ViewTransition started
[50919405ms] Transition was skipped. New ViewTransition started
[50919407ms] Transition was skipped. New ViewTransition started
[50919410ms] Transition was skipped. New ViewTransition started
[50923549ms] Transition was skipped. New ViewTransition started
[50923551ms] Transition was skipped. New ViewTransition started
[50923552ms] Transition was skipped. New ViewTransition started
[50923552ms] Transition was skipped. New ViewTransition started
[50923553ms] Transition was skipped. New ViewTransition started
[50923554ms] Transition was skipped. New ViewTransition started
[50923555ms] Transition was skipped. New ViewTransition started
[50923566ms] Transition was skipped. New ViewTransition started
[50923566ms] Transition was skipped. New ViewTransition started
[50923566ms] Transition was skipped. New ViewTransition started
[50923567ms] Transition was skipped. New ViewTransition started
[50923567ms] Transition was skipped. New ViewTransition started
[50923567ms] Transition was skipped. New ViewTransition started
[50927099ms] Transition was skipped. New ViewTransition started
[50927100ms] Transition was skipped. New ViewTransition started
[50927101ms] Transition was skipped. New ViewTransition started
[50927102ms] Transition was skipped. New ViewTransition started
[50927103ms] Transition was skipped. New ViewTransition started
[50927104ms] Transition was skipped. New ViewTransition started
[50927108ms] Transition was skipped. New ViewTransition started
[50927109ms] Transition was skipped. New ViewTransition started
[50927113ms] Transition was skipped. New ViewTransition started
[50927113ms] Transition was skipped. New ViewTransition started
[50927116ms] Transition was skipped. New ViewTransition started
[50927116ms] Transition was skipped. New ViewTransition started
[50927116ms] Transition was skipped. New ViewTransition started
[50930830ms] Transition was skipped. New ViewTransition started
[50930830ms] Transition was skipped. New ViewTransition started
[50930831ms] Transition was skipped. New ViewTransition started
[50930832ms] Transition was skipped. New ViewTransition started
[50930833ms] Transition was skipped. New ViewTransition started
[50930835ms] Transition was skipped. New ViewTransition started
[50930835ms] Transition was skipped. New ViewTransition started
[50930837ms] Transition was skipped. New ViewTransition started
[50930838ms] Transition was skipped. New ViewTransition started
[50930842ms] Transition was skipped. New ViewTransition started
[50930843ms] Transition was skipped. New ViewTransition started
[50930844ms] Transition was skipped. New ViewTransition started
[50930852ms] Transition was skipped. New ViewTransition started
[50934819ms] Transition was skipped. New ViewTransition started
[50934819ms] Transition was skipped. New ViewTransition started
[50934819ms] Transition was skipped. New ViewTransition started
[50934820ms] Transition was skipped. New ViewTransition started
[50934821ms] Transition was skipped. New ViewTransition started
[50934821ms] Transition was skipped. New ViewTransition started
[50934821ms] Transition was skipped. New ViewTransition started
[50934821ms] Transition was skipped. New ViewTransition started
[50934821ms] Transition was skipped. New ViewTransition started
[50934821ms] Transition was skipped. New ViewTransition started
[50934822ms] Transition was skipped. New ViewTransition started
[50934822ms] Transition was skipped. New ViewTransition started
[50934831ms] Transition was skipped. New ViewTransition started
[50940029ms] Transition was skipped. New ViewTransition started
[50940030ms] Transition was skipped. New ViewTransition started
[50940031ms] Transition was skipped. New ViewTransition started
[50940033ms] Transition was skipped. New ViewTransition started
[50940034ms] Transition was skipped. New ViewTransition started
[50940035ms] Transition was skipped. New ViewTransition started
[50940037ms] Transition was skipped. New ViewTransition started
[50940038ms] Transition was skipped. New ViewTransition started
[50940044ms] Transition was skipped. New ViewTransition started
[50940044ms] Transition was skipped. New ViewTransition started
[50940045ms] Transition was skipped. New ViewTransition started
[50940049ms] Transition was skipped. New ViewTransition started
[50940050ms] Transition was skipped. New ViewTransition started
[50943706ms] Transition was skipped. New ViewTransition started
[50943711ms] Transition was skipped. New ViewTransition started
[50943712ms] Transition was skipped. New ViewTransition started
[50943712ms] Transition was skipped. New ViewTransition started
[50943716ms] Transition was skipped. New ViewTransition started
[50943716ms] Transition was skipped. New ViewTransition started
[50943718ms] Transition was skipped. New ViewTransition started
[50943718ms] Transition was skipped. New ViewTransition started
[50943719ms] Transition was skipped. New ViewTransition started
[50943724ms] Transition was skipped. New ViewTransition started
[50943724ms] Transition was skipped. New ViewTransition started
[50943724ms] Transition was skipped. New ViewTransition started
[50943724ms] Transition was skipped. New ViewTransition started
[50947587ms] Transition was skipped. New ViewTransition started
[50947587ms] Transition was skipped. New ViewTransition started
[50947587ms] Transition was skipped. New ViewTransition started
[50947587ms] Transition was skipped. New ViewTransition started
[50947587ms] Transition was skipped. New ViewTransition started
[50947587ms] Transition was skipped. New ViewTransition started
[50947588ms] Transition was skipped. New ViewTransition started
[50947591ms] Transition was skipped. New ViewTransition started
[50947592ms] Transition was skipped. New ViewTransition started
[50947592ms] Transition was skipped. New ViewTransition started
[50947594ms] Transition was skipped. New ViewTransition started
[50947600ms] Transition was skipped. New ViewTransition started
[50947600ms] Transition was skipped. New ViewTransition started
[50951489ms] Transition was skipped. New ViewTransition started
[50951490ms] Transition was skipped. New ViewTransition started
[50951491ms] Transition was skipped. New ViewTransition started
[50951492ms] Transition was skipped. New ViewTransition started
[50951493ms] Transition was skipped. New ViewTransition started
[50951494ms] Transition was skipped. New ViewTransition started
[50951495ms] Transition was skipped. New ViewTransition started
[50951497ms] Transition was skipped. New ViewTransition started
[50951498ms] Transition was skipped. New ViewTransition started
[50951499ms] Transition was skipped. New ViewTransition started
[50951501ms] Transition was skipped. New ViewTransition started
[50951502ms] Transition was skipped. New ViewTransition started
[50951511ms] Transition was skipped. New ViewTransition started
[50955460ms] Transition was skipped. New ViewTransition started
[50955462ms] Transition was skipped. New ViewTransition started
[50955465ms] Transition was skipped. New ViewTransition started
[50955469ms] Transition was skipped. New ViewTransition started
[50955470ms] Transition was skipped. New ViewTransition started
[50955470ms] Transition was skipped. New ViewTransition started
[50955471ms] Transition was skipped. New ViewTransition started
[50955471ms] Transition was skipped. New ViewTransition started
[50955472ms] Transition was skipped. New ViewTransition started
[50955472ms] Transition was skipped. New ViewTransition started
[50955472ms] Transition was skipped. New ViewTransition started
[50955474ms] Transition was skipped. New ViewTransition started
[50955474ms] Transition was skipped. New ViewTransition started
[50959628ms] Transition was skipped. New ViewTransition started
[50959630ms] Transition was skipped. New ViewTransition started
[50959631ms] Transition was skipped. New ViewTransition started
[50959633ms] Transition was skipped. New ViewTransition started
[50959634ms] Transition was skipped. New ViewTransition started
[50959636ms] Transition was skipped. New ViewTransition started
[50959639ms] Transition was skipped. New ViewTransition started
[50959641ms] Transition was skipped. New ViewTransition started
[50959642ms] Transition was skipped. New ViewTransition started
[50959644ms] Transition was skipped. New ViewTransition started
[50959645ms] Transition was skipped. New ViewTransition started
[50959647ms] Transition was skipped. New ViewTransition started
[50959648ms] Transition was skipped. New ViewTransition started
[50965489ms] Transition was skipped. New ViewTransition started
[50965489ms] Transition was skipped. New ViewTransition started
[50965489ms] Transition was skipped. New ViewTransition started
[50965490ms] Transition was skipped. New ViewTransition started
[50965492ms] Transition was skipped. New ViewTransition started
[50965494ms] Transition was skipped. New ViewTransition started
[50965496ms] Transition was skipped. New ViewTransition started
[50965503ms] Transition was skipped. New ViewTransition started
[50965504ms] Transition was skipped. New ViewTransition started
[50965505ms] Transition was skipped. New ViewTransition started
[50965506ms] Transition was skipped. New ViewTransition started
[50965508ms] Transition was skipped. New ViewTransition started
[50965518ms] Transition was skipped. New ViewTransition started
[50969266ms] Transition was skipped. New ViewTransition started
[50969266ms] Transition was skipped. New ViewTransition started
[50969266ms] Transition was skipped. New ViewTransition started
[50969266ms] Transition was skipped. New ViewTransition started
[50969269ms] Transition was skipped. New ViewTransition started
[50969271ms] Transition was skipped. New ViewTransition started
[50969271ms] Transition was skipped. New ViewTransition started
[50969273ms] Transition was skipped. New ViewTransition started
[50969274ms] Transition was skipped. New ViewTransition started
[50969278ms] Transition was skipped. New ViewTransition started
[50969278ms] Transition was skipped. New ViewTransition started
[50969278ms] Transition was skipped. New ViewTransition started
[50969287ms] Transition was skipped. New ViewTransition started
[50990741ms] Transition was skipped. New ViewTransition started
[50990742ms] Transition was skipped. New ViewTransition started
[50990744ms] Transition was skipped. New ViewTransition started
[50990745ms] Transition was skipped. New ViewTransition started
[50990748ms] Transition was skipped. New ViewTransition started
[50990748ms] Transition was skipped. New ViewTransition started
[50990757ms] Transition was skipped. New ViewTransition started
[51011300ms] [ERROR] Failed to load resource: the server responded with a status of 500 (Internal Server Error) @ http://localhost:3210/app/components/layout/Header/useHeaderMenu.ts?t=1790002154800:0
[51011301ms] [ERROR] [vite] Failed to reload /app/components/home/OxCategories.tsx. This could be due to syntax errors or importing non-existent modules. (see errors above) @ http://localhost:3210/@vite/client:532
[51011302ms] [ERROR] [vite] Failed to reload /app/components/layout/Header/NavBar.tsx. This could be due to syntax errors or importing non-existent modules. (see errors above) @ http://localhost:3210/@vite/client:532
[51011302ms] [ERROR] [vite] Failed to reload /app/components/layout/Header/MobileDrawer.tsx. This could be due to syntax errors or importing non-existent modules. (see errors above) @ http://localhost:3210/@vite/client:532
[51011303ms] [ERROR] [vite] Failed to reload /app/components/home/OxPosters.tsx. This could be due to syntax errors or importing non-existent modules. (see errors above) @ http://localhost:3210/@vite/client:532
[51011303ms] [ERROR] [vite] Failed to reload /app/components/home/OxGoals.tsx. This could be due to syntax errors or importing non-existent modules. (see errors above) @ http://localhost:3210/@vite/client:532
[51011303ms] [ERROR] [vite] Failed to reload /app/components/layout/Footer/FooterColumns.tsx. This could be due to syntax errors or importing non-existent modules. (see errors above) @ http://localhost:3210/@vite/client:532
[51029358ms] [ERROR] Failed to load resource: the server responded with a status of 500 (Internal Server Error) @ http://localhost:3210/app/components/layout/Header/useHeaderMenu.ts?t=1790002172815:0
[51029359ms] [ERROR] [vite] Failed to reload /app/components/home/OxCategories.tsx. This could be due to syntax errors or importing non-existent modules. (see errors above) @ http://localhost:3210/@vite/client:532
[51029359ms] [ERROR] [vite] Failed to reload /app/components/layout/Footer/FooterColumns.tsx. This could be due to syntax errors or importing non-existent modules. (see errors above) @ http://localhost:3210/@vite/client:532
[51029360ms] [ERROR] [vite] Failed to reload /app/components/layout/Header/NavBar.tsx. This could be due to syntax errors or importing non-existent modules. (see errors above) @ http://localhost:3210/@vite/client:532
[51029361ms] [ERROR] [vite] Failed to reload /app/components/home/OxGoals.tsx. This could be due to syntax errors or importing non-existent modules. (see errors above) @ http://localhost:3210/@vite/client:532
[51029361ms] [ERROR] [vite] Failed to reload /app/components/home/OxPosters.tsx. This could be due to syntax errors or importing non-existent modules. (see errors above) @ http://localhost:3210/@vite/client:532
[51029361ms] [ERROR] [vite] Failed to reload /app/components/layout/Header/MobileDrawer.tsx. This could be due to syntax errors or importing non-existent modules. (see errors above) @ http://localhost:3210/@vite/client:532
[51041708ms] [ERROR] React has detected a change in the order of Hooks called by %s. This will lead to bugs and errors if not fixed. For more information, read the Rules of Hooks: https://react.dev/link/rules-of-hooks

   Previous render            Next render
   ------------------------------------------------------
%s   ^^^^^^^^^^^^^^^^^^^^^^^^^^^^^^^^^^^^^^^^^^^^^^^^^^^^^^
 NavBar 1. useContext                 useContext
2. useContext                 useContext
3. useMemo                    useMemo
4. useMemo                    useMemo
5. useRef                     useRef
6. useCallback                useCallback
7. useRef                     useRef
8. useCallback                useCallback
9. useState                   useState
10. useSyncExternalStore      useSyncExternalStore
11. useEffect                 useEffect
12. useRef                    useRef
13. useRef                    useRef
14. useMemo                   useMemo
15. useContext                useContext
16. useContext                useContext
17. useContext                useContext
18. useContext                useContext
19. useMemo                   useContext
 @ http://localhost:3210/@vite/client:532
[51041736ms] [ERROR] %o

%s

%s
 Error: Should have a queue. You are likely calling Hooks conditionally, which is not allowed. (https://react.dev/link/invalid-hook-call)
    at updateReducerImpl (http://localhost:3210/node_modules/.vite/deps/react-dom_client.js?v=99c71afd:4422:30)
    at updateReducer (http://localhost:3210/node_modules/.vite/deps/react-dom_client.js?v=99c71afd:4418:11)
    at Object.useState (http://localhost:3210/node_modules/.vite/deps/react-dom_client.js?v=99c71afd:13301:13)
    at exports.useState (http://localhost:3210/node_modules/.vite/deps/react.js?v=99c71afd:748:31)
    at useBaseQuery (http://localhost:3210/node_modules/.vite/deps/@tanstack_react-query.js?v=e75cd7a2:2705:34)
    at useQuery (http://localhost:3210/node_modules/.vite/deps/@tanstack_react-query.js?v=e75cd7a2:2733:9)
    at useHeaderMenu (http://localhost:3210/app/components/layout/Header/useHeaderMenu.ts?t=1790002185186:23:30)
    at NavBar (http://localhost:3210/app/components/layout/Header/NavBar.tsx?t=1790002185186:90:27)
    at Object.react_stack_bottom_frame (http://localhost:3210/node_modules/.vite/deps/react-dom_client.js?v=99c71afd:12866:12)
    at renderWithHooks (http://localhost:3210/node_modules/.vite/deps/react-dom_client.js?v=99c71afd:4213:19) The above error occurred in the <NavBar> component. React will try to recreate this component tree from scratch using the error boundary you provided, CatchBoundary. @ http://localhost:3210/@vite/client:532
[51041737ms] [WARNING] Warning: The following error wasn't caught by any route! At the very least, consider setting an 'errorComponent' in your RootRoute! @ http://localhost:3210/@vite/client:532
[51041738ms] [WARNING] Warning: Error: Should have a queue. You are likely calling Hooks conditionally, which is not allowed. (https://react.dev/link/invalid-hook-call)
    at updateReducerImpl (http://localhost:3210/node_modules/.vite/deps/react-dom_client.js?v=99c71afd:4422:30)
    at updateReducer (http://localhost:3210/node_modules/.vite/deps/react-dom_client.js?v=99c71afd:4418:11)
    at Object.useState (http://localhost:3210/node_modules/.vite/deps/react-dom_client.js?v=99c71afd:13301:13)
    at exports.useState (http://localhost:3210/node_modules/.vite/deps/react.js?v=99c71afd:748:31)
    at useBaseQuery (http://localhost:3210/node_modules/.vite/deps/@tanstack_react-query.js?v=e75cd7a2:2705:34)
    at useQuery (http://localhost:3210/node_modules/.vite/deps/@tanstack_react-query.js?v=e75cd7a2:2733:9)
    at useHeaderMenu (http://localhost:3210/app/components/layout/Header/useHeaderMenu.ts?t=1790002185186:23:30)
    at NavBar (http://localhost:3210/app/components/layout/Header/NavBar.tsx?t=1790002185186:90:27)
    at Object.react_stack_bottom_frame (http://localhost:3210/node_modules/.vite/deps/react-dom_client.js?v=99c71afd:12866:12)
    at renderWithHooks (http://localhost:3210/node_modules/.vite/deps/react-dom_client.js?v=99c71afd:4213:19) @ http://localhost:3210/@vite/client:532
[51041745ms] [LOG] [HomeComponentRenderer] UNMOUNT: path=ox-hero, index=0 @ http://localhost:3210/node_modules/.pnpm/@salla.sa+twilight-theme-en_c3cd9c099c8c4c71b5353d842e4aee2e/node_modules/@salla.sa/twilight-theme-engine/dist/chunk-WITIL2MK.js?v=0ae3d3b2:675
[51041745ms] [LOG] [HomeComponentRenderer] UNMOUNT: path=ox-trust-strip, index=1 @ http://localhost:3210/node_modules/.pnpm/@salla.sa+twilight-theme-en_c3cd9c099c8c4c71b5353d842e4aee2e/node_modules/@salla.sa/twilight-theme-engine/dist/chunk-WITIL2MK.js?v=0ae3d3b2:675
[51041745ms] [LOG] [HomeComponentRenderer] UNMOUNT: path=ox-goals, index=2 @ http://localhost:3210/node_modules/.pnpm/@salla.sa+twilight-theme-en_c3cd9c099c8c4c71b5353d842e4aee2e/node_modules/@salla.sa/twilight-theme-engine/dist/chunk-WITIL2MK.js?v=0ae3d3b2:675
[51041746ms] [LOG] [HomeComponentRenderer] UNMOUNT: path=ox-products, index=3 @ http://localhost:3210/node_modules/.pnpm/@salla.sa+twilight-theme-en_c3cd9c099c8c4c71b5353d842e4aee2e/node_modules/@salla.sa/twilight-theme-engine/dist/chunk-WITIL2MK.js?v=0ae3d3b2:675
[51041746ms] [LOG] [HomeComponentRenderer] UNMOUNT: path=ox-poster, index=4 @ http://localhost:3210/node_modules/.pnpm/@salla.sa+twilight-theme-en_c3cd9c099c8c4c71b5353d842e4aee2e/node_modules/@salla.sa/twilight-theme-engine/dist/chunk-WITIL2MK.js?v=0ae3d3b2:675
[51041746ms] [LOG] [HomeComponentRenderer] UNMOUNT: path=ox-posters, index=5 @ http://localhost:3210/node_modules/.pnpm/@salla.sa+twilight-theme-en_c3cd9c099c8c4c71b5353d842e4aee2e/node_modules/@salla.sa/twilight-theme-engine/dist/chunk-WITIL2MK.js?v=0ae3d3b2:675
[51041747ms] [LOG] [HomeComponentRenderer] UNMOUNT: path=ox-products-secondary, index=6 @ http://localhost:3210/node_modules/.pnpm/@salla.sa+twilight-theme-en_c3cd9c099c8c4c71b5353d842e4aee2e/node_modules/@salla.sa/twilight-theme-engine/dist/chunk-WITIL2MK.js?v=0ae3d3b2:675
[51041747ms] [LOG] [HomeComponentRenderer] UNMOUNT: path=ox-categories, index=7 @ http://localhost:3210/node_modules/.pnpm/@salla.sa+twilight-theme-en_c3cd9c099c8c4c71b5353d842e4aee2e/node_modules/@salla.sa/twilight-theme-engine/dist/chunk-WITIL2MK.js?v=0ae3d3b2:675
[51041747ms] [LOG] [HomeComponentRenderer] UNMOUNT: path=ox-brands, index=8 @ http://localhost:3210/node_modules/.pnpm/@salla.sa+twilight-theme-en_c3cd9c099c8c4c71b5353d842e4aee2e/node_modules/@salla.sa/twilight-theme-engine/dist/chunk-WITIL2MK.js?v=0ae3d3b2:675
[51041748ms] [LOG] [HomeComponentRenderer] UNMOUNT: path=ox-services, index=9 @ http://localhost:3210/node_modules/.pnpm/@salla.sa+twilight-theme-en_c3cd9c099c8c4c71b5353d842e4aee2e/node_modules/@salla.sa/twilight-theme-engine/dist/chunk-WITIL2MK.js?v=0ae3d3b2:675
[51041748ms] [LOG] [HomeComponentRenderer] UNMOUNT: path=ox-guides, index=10 @ http://localhost:3210/node_modules/.pnpm/@salla.sa+twilight-theme-en_c3cd9c099c8c4c71b5353d842e4aee2e/node_modules/@salla.sa/twilight-theme-engine/dist/chunk-WITIL2MK.js?v=0ae3d3b2:675
[51041749ms] [LOG] [HomeComponentRenderer] UNMOUNT: path=ox-branch, index=11 @ http://localhost:3210/node_modules/.pnpm/@salla.sa+twilight-theme-en_c3cd9c099c8c4c71b5353d842e4aee2e/node_modules/@salla.sa/twilight-theme-engine/dist/chunk-WITIL2MK.js?v=0ae3d3b2:675
[51041749ms] [LOG] [HomeComponentRenderer] UNMOUNT: path=ox-certifications, index=12 @ http://localhost:3210/node_modules/.pnpm/@salla.sa+twilight-theme-en_c3cd9c099c8c4c71b5353d842e4aee2e/node_modules/@salla.sa/twilight-theme-engine/dist/chunk-WITIL2MK.js?v=0ae3d3b2:675
[51041750ms] [LOG] [HomeComponentRenderer] UNMOUNT: path=ox-faq, index=13 @ http://localhost:3210/node_modules/.pnpm/@salla.sa+twilight-theme-en_c3cd9c099c8c4c71b5353d842e4aee2e/node_modules/@salla.sa/twilight-theme-engine/dist/chunk-WITIL2MK.js?v=0ae3d3b2:675
[51041750ms] [LOG] [HomeComponentRenderer] UNMOUNT: path=ox-newsletter, index=14 @ http://localhost:3210/node_modules/.pnpm/@salla.sa+twilight-theme-en_c3cd9c099c8c4c71b5353d842e4aee2e/node_modules/@salla.sa/twilight-theme-engine/dist/chunk-WITIL2MK.js?v=0ae3d3b2:675
[51041750ms] [LOG] [HomeComponentRenderer] UNMOUNT: path=ox-banner, index=15 @ http://localhost:3210/node_modules/.pnpm/@salla.sa+twilight-theme-en_c3cd9c099c8c4c71b5353d842e4aee2e/node_modules/@salla.sa/twilight-theme-engine/dist/chunk-WITIL2MK.js?v=0ae3d3b2:675
[51041973ms] [LOG] [HomeComponentRenderer] RENDER: path=ox-hero, index=0, renderCount=1 @ http://localhost:3210/node_modules/.pnpm/@salla.sa+twilight-theme-en_c3cd9c099c8c4c71b5353d842e4aee2e/node_modules/@salla.sa/twilight-theme-engine/dist/chunk-WITIL2MK.js?v=0ae3d3b2:670
[51041974ms] [LOG] [HomeComponentRenderer] RENDER: path=ox-hero, index=0, renderCount=2 @ http://localhost:3210/node_modules/.pnpm/@salla.sa+twilight-theme-en_c3cd9c099c8c4c71b5353d842e4aee2e/node_modules/@salla.sa/twilight-theme-engine/dist/chunk-WITIL2MK.js?v=0ae3d3b2:670
[51041982ms] [LOG] [HomeComponentRenderer] RENDER: path=ox-trust-strip, index=1, renderCount=1 @ http://localhost:3210/node_modules/.pnpm/@salla.sa+twilight-theme-en_c3cd9c099c8c4c71b5353d842e4aee2e/node_modules/@salla.sa/twilight-theme-engine/dist/chunk-WITIL2MK.js?v=0ae3d3b2:670
[51041982ms] [LOG] [HomeComponentRenderer] RENDER: path=ox-trust-strip, index=1, renderCount=2 @ http://localhost:3210/node_modules/.pnpm/@salla.sa+twilight-theme-en_c3cd9c099c8c4c71b5353d842e4aee2e/node_modules/@salla.sa/twilight-theme-engine/dist/chunk-WITIL2MK.js?v=0ae3d3b2:670
[51041989ms] [LOG] [HomeComponentRenderer] RENDER: path=ox-goals, index=2, renderCount=1 @ http://localhost:3210/node_modules/.pnpm/@salla.sa+twilight-theme-en_c3cd9c099c8c4c71b5353d842e4aee2e/node_modules/@salla.sa/twilight-theme-engine/dist/chunk-WITIL2MK.js?v=0ae3d3b2:670
[51041989ms] [LOG] [HomeComponentRenderer] RENDER: path=ox-goals, index=2, renderCount=2 @ http://localhost:3210/node_modules/.pnpm/@salla.sa+twilight-theme-en_c3cd9c099c8c4c71b5353d842e4aee2e/node_modules/@salla.sa/twilight-theme-engine/dist/chunk-WITIL2MK.js?v=0ae3d3b2:670
[51042008ms] [LOG] [HomeComponentRenderer] RENDER: path=ox-products, index=3, renderCount=1 @ http://localhost:3210/node_modules/.pnpm/@salla.sa+twilight-theme-en_c3cd9c099c8c4c71b5353d842e4aee2e/node_modules/@salla.sa/twilight-theme-engine/dist/chunk-WITIL2MK.js?v=0ae3d3b2:670
[51042009ms] [LOG] [HomeComponentRenderer] RENDER: path=ox-products, index=3, renderCount=2 @ http://localhost:3210/node_modules/.pnpm/@salla.sa+twilight-theme-en_c3cd9c099c8c4c71b5353d842e4aee2e/node_modules/@salla.sa/twilight-theme-engine/dist/chunk-WITIL2MK.js?v=0ae3d3b2:670
[51042011ms] [LOG] [HomeComponentRenderer] RENDER: path=ox-poster, index=4, renderCount=1 @ http://localhost:3210/node_modules/.pnpm/@salla.sa+twilight-theme-en_c3cd9c099c8c4c71b5353d842e4aee2e/node_modules/@salla.sa/twilight-theme-engine/dist/chunk-WITIL2MK.js?v=0ae3d3b2:670
[51042011ms] [LOG] [HomeComponentRenderer] RENDER: path=ox-poster, index=4, renderCount=2 @ http://localhost:3210/node_modules/.pnpm/@salla.sa+twilight-theme-en_c3cd9c099c8c4c71b5353d842e4aee2e/node_modules/@salla.sa/twilight-theme-engine/dist/chunk-WITIL2MK.js?v=0ae3d3b2:670
[51042011ms] [LOG] [HomeComponentRenderer] RENDER: path=ox-posters, index=5, renderCount=1 @ http://localhost:3210/node_modules/.pnpm/@salla.sa+twilight-theme-en_c3cd9c099c8c4c71b5353d842e4aee2e/node_modules/@salla.sa/twilight-theme-engine/dist/chunk-WITIL2MK.js?v=0ae3d3b2:670
[51042012ms] [LOG] [HomeComponentRenderer] RENDER: path=ox-posters, index=5, renderCount=2 @ http://localhost:3210/node_modules/.pnpm/@salla.sa+twilight-theme-en_c3cd9c099c8c4c71b5353d842e4aee2e/node_modules/@salla.sa/twilight-theme-engine/dist/chunk-WITIL2MK.js?v=0ae3d3b2:670
[51042013ms] [LOG] [HomeComponentRenderer] RENDER: path=ox-products-secondary, index=6, renderCount=1 @ http://localhost:3210/node_modules/.pnpm/@salla.sa+twilight-theme-en_c3cd9c099c8c4c71b5353d842e4aee2e/node_modules/@salla.sa/twilight-theme-engine/dist/chunk-WITIL2MK.js?v=0ae3d3b2:670
[51042014ms] [LOG] [HomeComponentRenderer] RENDER: path=ox-products-secondary, index=6, renderCount=2 @ http://localhost:3210/node_modules/.pnpm/@salla.sa+twilight-theme-en_c3cd9c099c8c4c71b5353d842e4aee2e/node_modules/@salla.sa/twilight-theme-engine/dist/chunk-WITIL2MK.js?v=0ae3d3b2:670
[51042015ms] [LOG] [HomeComponentRenderer] RENDER: path=ox-categories, index=7, renderCount=1 @ http://localhost:3210/node_modules/.pnpm/@salla.sa+twilight-theme-en_c3cd9c099c8c4c71b5353d842e4aee2e/node_modules/@salla.sa/twilight-theme-engine/dist/chunk-WITIL2MK.js?v=0ae3d3b2:670
[51042016ms] [LOG] [HomeComponentRenderer] RENDER: path=ox-categories, index=7, renderCount=2 @ http://localhost:3210/node_modules/.pnpm/@salla.sa+twilight-theme-en_c3cd9c099c8c4c71b5353d842e4aee2e/node_modules/@salla.sa/twilight-theme-engine/dist/chunk-WITIL2MK.js?v=0ae3d3b2:670
[51042018ms] [LOG] [HomeComponentRenderer] RENDER: path=ox-brands, index=8, renderCount=1 @ http://localhost:3210/node_modules/.pnpm/@salla.sa+twilight-theme-en_c3cd9c099c8c4c71b5353d842e4aee2e/node_modules/@salla.sa/twilight-theme-engine/dist/chunk-WITIL2MK.js?v=0ae3d3b2:670
[51042018ms] [LOG] [HomeComponentRenderer] RENDER: path=ox-brands, index=8, renderCount=2 @ http://localhost:3210/node_modules/.pnpm/@salla.sa+twilight-theme-en_c3cd9c099c8c4c71b5353d842e4aee2e/node_modules/@salla.sa/twilight-theme-engine/dist/chunk-WITIL2MK.js?v=0ae3d3b2:670
[51042019ms] [LOG] [HomeComponentRenderer] RENDER: path=ox-services, index=9, renderCount=1 @ http://localhost:3210/node_modules/.pnpm/@salla.sa+twilight-theme-en_c3cd9c099c8c4c71b5353d842e4aee2e/node_modules/@salla.sa/twilight-theme-engine/dist/chunk-WITIL2MK.js?v=0ae3d3b2:670
[51042019ms] [LOG] [HomeComponentRenderer] RENDER: path=ox-services, index=9, renderCount=2 @ http://localhost:3210/node_modules/.pnpm/@salla.sa+twilight-theme-en_c3cd9c099c8c4c71b5353d842e4aee2e/node_modules/@salla.sa/twilight-theme-engine/dist/chunk-WITIL2MK.js?v=0ae3d3b2:670
[51042020ms] [LOG] [HomeComponentRenderer] RENDER: path=ox-guides, index=10, renderCount=1 @ http://localhost:3210/node_modules/.pnpm/@salla.sa+twilight-theme-en_c3cd9c099c8c4c71b5353d842e4aee2e/node_modules/@salla.sa/twilight-theme-engine/dist/chunk-WITIL2MK.js?v=0ae3d3b2:670
[51042021ms] [LOG] [HomeComponentRenderer] RENDER: path=ox-guides, index=10, renderCount=2 @ http://localhost:3210/node_modules/.pnpm/@salla.sa+twilight-theme-en_c3cd9c099c8c4c71b5353d842e4aee2e/node_modules/@salla.sa/twilight-theme-engine/dist/chunk-WITIL2MK.js?v=0ae3d3b2:670
[51042021ms] [LOG] [HomeComponentRenderer] RENDER: path=ox-branch, index=11, renderCount=1 @ http://localhost:3210/node_modules/.pnpm/@salla.sa+twilight-theme-en_c3cd9c099c8c4c71b5353d842e4aee2e/node_modules/@salla.sa/twilight-theme-engine/dist/chunk-WITIL2MK.js?v=0ae3d3b2:670
[51042021ms] [LOG] [HomeComponentRenderer] RENDER: path=ox-branch, index=11, renderCount=2 @ http://localhost:3210/node_modules/.pnpm/@salla.sa+twilight-theme-en_c3cd9c099c8c4c71b5353d842e4aee2e/node_modules/@salla.sa/twilight-theme-engine/dist/chunk-WITIL2MK.js?v=0ae3d3b2:670
[51042023ms] [LOG] [HomeComponentRenderer] RENDER: path=ox-certifications, index=12, renderCount=1 @ http://localhost:3210/node_modules/.pnpm/@salla.sa+twilight-theme-en_c3cd9c099c8c4c71b5353d842e4aee2e/node_modules/@salla.sa/twilight-theme-engine/dist/chunk-WITIL2MK.js?v=0ae3d3b2:670
[51042023ms] [LOG] [HomeComponentRenderer] RENDER: path=ox-certifications, index=12, renderCount=2 @ http://localhost:3210/node_modules/.pnpm/@salla.sa+twilight-theme-en_c3cd9c099c8c4c71b5353d842e4aee2e/node_modules/@salla.sa/twilight-theme-engine/dist/chunk-WITIL2MK.js?v=0ae3d3b2:670
[51042024ms] [LOG] [HomeComponentRenderer] RENDER: path=ox-faq, index=13, renderCount=1 @ http://localhost:3210/node_modules/.pnpm/@salla.sa+twilight-theme-en_c3cd9c099c8c4c71b5353d842e4aee2e/node_modules/@salla.sa/twilight-theme-engine/dist/chunk-WITIL2MK.js?v=0ae3d3b2:670
[51042024ms] [LOG] [HomeComponentRenderer] RENDER: path=ox-faq, index=13, renderCount=2 @ http://localhost:3210/node_modules/.pnpm/@salla.sa+twilight-theme-en_c3cd9c099c8c4c71b5353d842e4aee2e/node_modules/@salla.sa/twilight-theme-engine/dist/chunk-WITIL2MK.js?v=0ae3d3b2:670
[51042025ms] [LOG] [HomeComponentRenderer] RENDER: path=ox-newsletter, index=14, renderCount=1 @ http://localhost:3210/node_modules/.pnpm/@salla.sa+twilight-theme-en_c3cd9c099c8c4c71b5353d842e4aee2e/node_modules/@salla.sa/twilight-theme-engine/dist/chunk-WITIL2MK.js?v=0ae3d3b2:670
[51042026ms] [LOG] [HomeComponentRenderer] RENDER: path=ox-newsletter, index=14, renderCount=2 @ http://localhost:3210/node_modules/.pnpm/@salla.sa+twilight-theme-en_c3cd9c099c8c4c71b5353d842e4aee2e/node_modules/@salla.sa/twilight-theme-engine/dist/chunk-WITIL2MK.js?v=0ae3d3b2:670
[51042026ms] [LOG] [HomeComponentRenderer] RENDER: path=ox-banner, index=15, renderCount=1 @ http://localhost:3210/node_modules/.pnpm/@salla.sa+twilight-theme-en_c3cd9c099c8c4c71b5353d842e4aee2e/node_modules/@salla.sa/twilight-theme-engine/dist/chunk-WITIL2MK.js?v=0ae3d3b2:670
[51042027ms] [LOG] [HomeComponentRenderer] RENDER: path=ox-banner, index=15, renderCount=2 @ http://localhost:3210/node_modules/.pnpm/@salla.sa+twilight-theme-en_c3cd9c099c8c4c71b5353d842e4aee2e/node_modules/@salla.sa/twilight-theme-engine/dist/chunk-WITIL2MK.js?v=0ae3d3b2:670
[51042114ms] [LOG] [HomeComponentRenderer] MOUNT: path=ox-hero, index=0, renderCount=2 @ http://localhost:3210/node_modules/.pnpm/@salla.sa+twilight-theme-en_c3cd9c099c8c4c71b5353d842e4aee2e/node_modules/@salla.sa/twilight-theme-engine/dist/chunk-WITIL2MK.js?v=0ae3d3b2:673
[51042115ms] [LOG] [HomeComponentRenderer] MOUNT: path=ox-trust-strip, index=1, renderCount=2 @ http://localhost:3210/node_modules/.pnpm/@salla.sa+twilight-theme-en_c3cd9c099c8c4c71b5353d842e4aee2e/node_modules/@salla.sa/twilight-theme-engine/dist/chunk-WITIL2MK.js?v=0ae3d3b2:673
[51042116ms] [LOG] [HomeComponentRenderer] MOUNT: path=ox-goals, index=2, renderCount=2 @ http://localhost:3210/node_modules/.pnpm/@salla.sa+twilight-theme-en_c3cd9c099c8c4c71b5353d842e4aee2e/node_modules/@salla.sa/twilight-theme-engine/dist/chunk-WITIL2MK.js?v=0ae3d3b2:673
[51042117ms] [LOG] [HomeComponentRenderer] MOUNT: path=ox-products, index=3, renderCount=2 @ http://localhost:3210/node_modules/.pnpm/@salla.sa+twilight-theme-en_c3cd9c099c8c4c71b5353d842e4aee2e/node_modules/@salla.sa/twilight-theme-engine/dist/chunk-WITIL2MK.js?v=0ae3d3b2:673
[51042118ms] [LOG] [HomeComponentRenderer] MOUNT: path=ox-poster, index=4, renderCount=2 @ http://localhost:3210/node_modules/.pnpm/@salla.sa+twilight-theme-en_c3cd9c099c8c4c71b5353d842e4aee2e/node_modules/@salla.sa/twilight-theme-engine/dist/chunk-WITIL2MK.js?v=0ae3d3b2:673
[51042119ms] [LOG] [HomeComponentRenderer] MOUNT: path=ox-posters, index=5, renderCount=2 @ http://localhost:3210/node_modules/.pnpm/@salla.sa+twilight-theme-en_c3cd9c099c8c4c71b5353d842e4aee2e/node_modules/@salla.sa/twilight-theme-engine/dist/chunk-WITIL2MK.js?v=0ae3d3b2:673
[51042119ms] [LOG] [HomeComponentRenderer] MOUNT: path=ox-products-secondary, index=6, renderCount=2 @ http://localhost:3210/node_modules/.pnpm/@salla.sa+twilight-theme-en_c3cd9c099c8c4c71b5353d842e4aee2e/node_modules/@salla.sa/twilight-theme-engine/dist/chunk-WITIL2MK.js?v=0ae3d3b2:673
[51042120ms] [LOG] [HomeComponentRenderer] MOUNT: path=ox-categories, index=7, renderCount=2 @ http://localhost:3210/node_modules/.pnpm/@salla.sa+twilight-theme-en_c3cd9c099c8c4c71b5353d842e4aee2e/node_modules/@salla.sa/twilight-theme-engine/dist/chunk-WITIL2MK.js?v=0ae3d3b2:673
[51042120ms] [LOG] [HomeComponentRenderer] MOUNT: path=ox-brands, index=8, renderCount=2 @ http://localhost:3210/node_modules/.pnpm/@salla.sa+twilight-theme-en_c3cd9c099c8c4c71b5353d842e4aee2e/node_modules/@salla.sa/twilight-theme-engine/dist/chunk-WITIL2MK.js?v=0ae3d3b2:673
[51042121ms] [LOG] [HomeComponentRenderer] MOUNT: path=ox-services, index=9, renderCount=2 @ http://localhost:3210/node_modules/.pnpm/@salla.sa+twilight-theme-en_c3cd9c099c8c4c71b5353d842e4aee2e/node_modules/@salla.sa/twilight-theme-engine/dist/chunk-WITIL2MK.js?v=0ae3d3b2:673
[51042122ms] [LOG] [HomeComponentRenderer] MOUNT: path=ox-guides, index=10, renderCount=2 @ http://localhost:3210/node_modules/.pnpm/@salla.sa+twilight-theme-en_c3cd9c099c8c4c71b5353d842e4aee2e/node_modules/@salla.sa/twilight-theme-engine/dist/chunk-WITIL2MK.js?v=0ae3d3b2:673
[51042123ms] [LOG] [HomeComponentRenderer] MOUNT: path=ox-branch, index=11, renderCount=2 @ http://localhost:3210/node_modules/.pnpm/@salla.sa+twilight-theme-en_c3cd9c099c8c4c71b5353d842e4aee2e/node_modules/@salla.sa/twilight-theme-engine/dist/chunk-WITIL2MK.js?v=0ae3d3b2:673
[51042124ms] [LOG] [HomeComponentRenderer] MOUNT: path=ox-certifications, index=12, renderCount=2 @ http://localhost:3210/node_modules/.pnpm/@salla.sa+twilight-theme-en_c3cd9c099c8c4c71b5353d842e4aee2e/node_modules/@salla.sa/twilight-theme-engine/dist/chunk-WITIL2MK.js?v=0ae3d3b2:673
[51042125ms] [LOG] [HomeComponentRenderer] MOUNT: path=ox-faq, index=13, renderCount=2 @ http://localhost:3210/node_modules/.pnpm/@salla.sa+twilight-theme-en_c3cd9c099c8c4c71b5353d842e4aee2e/node_modules/@salla.sa/twilight-theme-engine/dist/chunk-WITIL2MK.js?v=0ae3d3b2:673
[51042126ms] [LOG] [HomeComponentRenderer] MOUNT: path=ox-newsletter, index=14, renderCount=2 @ http://localhost:3210/node_modules/.pnpm/@salla.sa+twilight-theme-en_c3cd9c099c8c4c71b5353d842e4aee2e/node_modules/@salla.sa/twilight-theme-engine/dist/chunk-WITIL2MK.js?v=0ae3d3b2:673
[51042126ms] [LOG] [HomeComponentRenderer] MOUNT: path=ox-banner, index=15, renderCount=2 @ http://localhost:3210/node_modules/.pnpm/@salla.sa+twilight-theme-en_c3cd9c099c8c4c71b5353d842e4aee2e/node_modules/@salla.sa/twilight-theme-engine/dist/chunk-WITIL2MK.js?v=0ae3d3b2:673
[51063299ms] Transition was skipped. New ViewTransition started
[51063307ms] Transition was skipped. New ViewTransition started
[51063307ms] Transition was skipped. New ViewTransition started
[51063307ms] Transition was skipped. New ViewTransition started
[51063313ms] Transition was skipped. New ViewTransition started
[51063313ms] Transition was skipped. New ViewTransition started
[51063319ms] Transition was skipped. New ViewTransition started
[51063321ms] Transition was skipped. New ViewTransition started
[51072532ms] Transition was skipped. New ViewTransition started
[51072533ms] Transition was skipped. New ViewTransition started
[51072535ms] Transition was skipped. New ViewTransition started
[51072536ms] Transition was skipped. New ViewTransition started
[51072538ms] Transition was skipped. New ViewTransition started
[51072546ms] Transition was skipped. New ViewTransition started
[51072547ms] Transition was skipped. New ViewTransition started
[51072549ms] Transition was skipped. New ViewTransition started
[51080931ms] Transition was skipped. New ViewTransition started
[51080932ms] Transition was skipped. New ViewTransition started
[51080935ms] Transition was skipped. New ViewTransition started
[51080936ms] Transition was skipped. New ViewTransition started
[51080937ms] Transition was skipped. New ViewTransition started
[51080939ms] Transition was skipped. New ViewTransition started
[51080940ms] Transition was skipped. New ViewTransition started
[51080944ms] Transition was skipped. New ViewTransition started
[51089644ms] Transition was skipped. New ViewTransition started
[51089646ms] Transition was skipped. New ViewTransition started
[51089647ms] Transition was skipped. New ViewTransition started
[51089650ms] Transition was skipped. New ViewTransition started
[51089652ms] Transition was skipped. New ViewTransition started
[51089654ms] Transition was skipped. New ViewTransition started
[51089655ms] Transition was skipped. New ViewTransition started
[51089657ms] Transition was skipped. New ViewTransition started
[51098585ms] Transition was skipped. New ViewTransition started
[51098587ms] Transition was skipped. New ViewTransition started
[51098590ms] Transition was skipped. New ViewTransition started
[51098592ms] Transition was skipped. New ViewTransition started
[51098595ms] Transition was skipped. New ViewTransition started
[51098596ms] Transition was skipped. New ViewTransition started
[51098597ms] Transition was skipped. New ViewTransition started
[51098599ms] Transition was skipped. New ViewTransition started
[51106805ms] Transition was skipped. New ViewTransition started
[51106808ms] Transition was skipped. New ViewTransition started
[51106810ms] Transition was skipped. New ViewTransition started
[51106810ms] Transition was skipped. New ViewTransition started
[51106810ms] Transition was skipped. New ViewTransition started
[51106810ms] Transition was skipped. New ViewTransition started
[51106811ms] Transition was skipped. New ViewTransition started
[51106819ms] Transition was skipped. New ViewTransition started
[51152235ms] Transition was skipped. New ViewTransition started
[51152237ms] Transition was skipped. New ViewTransition started
[51152241ms] Transition was skipped. New ViewTransition started
[51152243ms] Transition was skipped. New ViewTransition started
[51152244ms] Transition was skipped. New ViewTransition started
[51152244ms] Transition was skipped. New ViewTransition started
[51152245ms] Transition was skipped. New ViewTransition started
[51152246ms] Transition was skipped. New ViewTransition started
[51152249ms] Transition was skipped. New ViewTransition started
[51152254ms] Transition was skipped. New ViewTransition started
[51152254ms] Transition was skipped. New ViewTransition started
[51152255ms] Transition was skipped. New ViewTransition started
[51152263ms] Transition was skipped. New ViewTransition started
[51156814ms] Transition was skipped. New ViewTransition started
[51156815ms] Transition was skipped. New ViewTransition started
[51156818ms] Transition was skipped. New ViewTransition started
[51156819ms] Transition was skipped. New ViewTransition started
[51156820ms] Transition was skipped. New ViewTransition started
[51156825ms] Transition was skipped. New ViewTransition started
[51156825ms] Transition was skipped. New ViewTransition started
[51156826ms] Transition was skipped. New ViewTransition started
[51156831ms] Transition was skipped. New ViewTransition started
[51156831ms] Transition was skipped. New ViewTransition started
[51156838ms] Transition was skipped. New ViewTransition started
[51156839ms] Transition was skipped. New ViewTransition started
[51156840ms] Transition was skipped. New ViewTransition started
[51773701ms] [ERROR] Failed to load resource: the server responded with a status of 500 (Internal Server Error) @ http://localhost:3210/app/routes/kitchen-sink.tsx?t=1790002917158:0
[51773728ms] [ERROR] [vite] Failed to reload /app/routes/kitchen-sink.tsx. This could be due to syntax errors or importing non-existent modules. (see errors above) @ http://localhost:3210/@vite/client:532
[51828164ms] [LOG] [offline-api] browser: api.salla.dev + cdn.salla.network -> http://127.0.0.1:5178 @ http://localhost:3210/services:0
[51829293ms] [INFO] %cDownload the React DevTools for a better development experience: https://react.dev/link/react-devtools font-weight:bold @ http://localhost:3210/node_modules/.vite/deps/react-dom_client.js?v=99c71afd:14335
[51829560ms] [WARNING] [Twilight] Could not hydrate twilight context: no root match in router state @ http://localhost:3210/@vite/client:532
[51829700ms] [ERROR] The result of getServerSnapshot should be cached to avoid an infinite loop @ http://localhost:3210/@vite/client:532
[51829755ms] [ERROR] A tree hydrated but some attributes of the server rendered HTML didn't match the client properties. This won't be patched up. This can happen if a SSR-ed Client Component used:

- A server/client branch `if (typeof window !== 'undefined')`.
- Variable input such as `Date.now()` or `Math.random()` which changes each time it's called.
- Date formatting in a user's locale which doesn't match the server.
- External changing data without sending a snapshot of it along with the HTML.
- Invalid HTML tag nesting.

It can also happen if the client has a browser extension installed which messes with the HTML before React loaded.

%s%s https://react.dev/link/hydration-mismatch 

  ...
    <ThemeDocumentSync>
    <TanStackDocumentSync>
    <NavigationSetup>
      <NavigationProvider navigate={function}>
        <LinkProvider adapter={{...}}>
          <WidgetHead>
          <AppsSnippets>
          <HookSlot>
          <Suspense>
          <OptimalXLayout>
            <div>
            <BottomTabBar>
              <nav className="ox-tabbar" aria-label="تنقل سريع" data-testid="ox-tabbar">
                <ul className="ox-tabbar_...">
                  <li>
                    <Link to="/" className="ox-tab">
                      <TanStackLinkAdapter ref={null} to="/" className="ox-tab" data-spa-link="">
                        <a
+                         className="ox-tab active"
-                         className="ox-tab is-active active"
                          style={undefined}
                          title={undefined}
                          target={undefined}
                          rel={undefined}
                          onClick={function handleClick}
                          aria-label={undefined}
                          data-spa-link=""
                          ref={{current:null}}
                          onBlur={function handleLeave}
                          onFocus={function}
                          onMouseEnter={function}
                          onMouseLeave={function handleLeave}
                          onTouchStart={function handleTouchStart}
                          href="/services"
                          data-status="active"
                          aria-current="page"
                        >
                  ...
            ...
          ...
 @ http://localhost:3210/@vite/client:532
[51830434ms] [LOG] [HomeComponentRenderer] RENDER: path=ox-hero, index=0, renderCount=1 @ http://localhost:3210/node_modules/.pnpm/@salla.sa+twilight-theme-en_c3cd9c099c8c4c71b5353d842e4aee2e/node_modules/@salla.sa/twilight-theme-engine/dist/chunk-WITIL2MK.js?v=0ae3d3b2:670
[51830434ms] [LOG] [HomeComponentRenderer] RENDER: path=ox-hero, index=0, renderCount=2 @ http://localhost:3210/node_modules/.pnpm/@salla.sa+twilight-theme-en_c3cd9c099c8c4c71b5353d842e4aee2e/node_modules/@salla.sa/twilight-theme-engine/dist/chunk-WITIL2MK.js?v=0ae3d3b2:670
[51830452ms] Error: Hydration failed because the server rendered HTML didn't match the client. As a result this tree will be regenerated on the client. This can happen if a SSR-ed Client Component used:

- A server/client branch `if (typeof window !== 'undefined')`.
- Variable input such as `Date.now()` or `Math.random()` which changes each time it's called.
- Date formatting in a user's locale which doesn't match the server.
- External changing data without sending a snapshot of it along with the HTML.
- Invalid HTML tag nesting.

It can also happen if the client has a browser extension installed which messes with the HTML before React loaded.

https://react.dev/link/hydration-mismatch

  ...
    <Matches>
      <Transitioner>
      <SafeFragment fallback={<Context>}>
        <MatchesInner>
          <CatchBoundary getResetKey={function getResetKey} onCatch={function}>
            <MatchImpl routeId="__root__">
              <MatchView router={{...}} match={{id:"__root__/", ...}}>
                <RootComponent>
                  <html lang="ar" dir="rtl" suppressHydrationWarning={true}>
                    <head>
                    <body suppressHydrationWarning={true}>
                      <noscript>
                      <TwilightProvider>
                      <Suspense fallback={null}>
                        <TanStackRouterDevtools position="bottom-right">
+                         <div ref={{current:null}}>
                      ...

    at throwOnHydrationMismatch (http://localhost:3210/node_modules/.vite/deps/react-dom_client.js?v=99c71afd:2968:51)
    at beginWork (http://localhost:3210/node_modules/.vite/deps/react-dom_client.js?v=99c71afd:6200:914)
    at runWithFiberInDEV (http://localhost:3210/node_modules/.vite/deps/react-dom_client.js?v=99c71afd:851:66)
    at performUnitOfWork (http://localhost:3210/node_modules/.vite/deps/react-dom_client.js?v=99c71afd:8429:92)
    at workLoopConcurrentByScheduler (http://localhost:3210/node_modules/.vite/deps/react-dom_client.js?v=99c71afd:8425:55)
    at renderRootConcurrent (http://localhost:3210/node_modules/.vite/deps/react-dom_client.js?v=99c71afd:8408:64)
    at performWorkOnRoot (http://localhost:3210/node_modules/.vite/deps/react-dom_client.js?v=99c71afd:7957:145)
    at performWorkOnRootViaSchedulerTask (http://localhost:3210/node_modules/.vite/deps/react-dom_client.js?v=99c71afd:9059:4)
    at MessagePort.performWorkUntilDeadline (http://localhost:3210/node_modules/.vite/deps/react-dom_client.js?v=99c71afd:36:38)
[51830464ms] [LOG] [HomeComponentRenderer] RENDER: path=ox-hero, index=0, renderCount=1 @ http://localhost:3210/node_modules/.pnpm/@salla.sa+twilight-theme-en_c3cd9c099c8c4c71b5353d842e4aee2e/node_modules/@salla.sa/twilight-theme-engine/dist/chunk-WITIL2MK.js?v=0ae3d3b2:670
[51830464ms] [LOG] [HomeComponentRenderer] RENDER: path=ox-hero, index=0, renderCount=2 @ http://localhost:3210/node_modules/.pnpm/@salla.sa+twilight-theme-en_c3cd9c099c8c4c71b5353d842e4aee2e/node_modules/@salla.sa/twilight-theme-engine/dist/chunk-WITIL2MK.js?v=0ae3d3b2:670
[51830465ms] [LOG] [HomeComponentRenderer] RENDER: path=ox-trust-strip, index=1, renderCount=1 @ http://localhost:3210/node_modules/.pnpm/@salla.sa+twilight-theme-en_c3cd9c099c8c4c71b5353d842e4aee2e/node_modules/@salla.sa/twilight-theme-engine/dist/chunk-WITIL2MK.js?v=0ae3d3b2:670
[51830465ms] [LOG] [HomeComponentRenderer] RENDER: path=ox-trust-strip, index=1, renderCount=2 @ http://localhost:3210/node_modules/.pnpm/@salla.sa+twilight-theme-en_c3cd9c099c8c4c71b5353d842e4aee2e/node_modules/@salla.sa/twilight-theme-engine/dist/chunk-WITIL2MK.js?v=0ae3d3b2:670
[51830465ms] [LOG] [HomeComponentRenderer] RENDER: path=ox-goals, index=2, renderCount=1 @ http://localhost:3210/node_modules/.pnpm/@salla.sa+twilight-theme-en_c3cd9c099c8c4c71b5353d842e4aee2e/node_modules/@salla.sa/twilight-theme-engine/dist/chunk-WITIL2MK.js?v=0ae3d3b2:670
[51830466ms] [LOG] [HomeComponentRenderer] RENDER: path=ox-goals, index=2, renderCount=2 @ http://localhost:3210/node_modules/.pnpm/@salla.sa+twilight-theme-en_c3cd9c099c8c4c71b5353d842e4aee2e/node_modules/@salla.sa/twilight-theme-engine/dist/chunk-WITIL2MK.js?v=0ae3d3b2:670
[51830466ms] [LOG] [HomeComponentRenderer] RENDER: path=ox-products, index=3, renderCount=1 @ http://localhost:3210/node_modules/.pnpm/@salla.sa+twilight-theme-en_c3cd9c099c8c4c71b5353d842e4aee2e/node_modules/@salla.sa/twilight-theme-engine/dist/chunk-WITIL2MK.js?v=0ae3d3b2:670
[51830466ms] [LOG] [HomeComponentRenderer] RENDER: path=ox-products, index=3, renderCount=2 @ http://localhost:3210/node_modules/.pnpm/@salla.sa+twilight-theme-en_c3cd9c099c8c4c71b5353d842e4aee2e/node_modules/@salla.sa/twilight-theme-engine/dist/chunk-WITIL2MK.js?v=0ae3d3b2:670
[51830469ms] [LOG] [HomeComponentRenderer] RENDER: path=ox-poster, index=4, renderCount=1 @ http://localhost:3210/node_modules/.pnpm/@salla.sa+twilight-theme-en_c3cd9c099c8c4c71b5353d842e4aee2e/node_modules/@salla.sa/twilight-theme-engine/dist/chunk-WITIL2MK.js?v=0ae3d3b2:670
[51830469ms] [LOG] [HomeComponentRenderer] RENDER: path=ox-poster, index=4, renderCount=2 @ http://localhost:3210/node_modules/.pnpm/@salla.sa+twilight-theme-en_c3cd9c099c8c4c71b5353d842e4aee2e/node_modules/@salla.sa/twilight-theme-engine/dist/chunk-WITIL2MK.js?v=0ae3d3b2:670
[51830469ms] [LOG] [HomeComponentRenderer] RENDER: path=ox-posters, index=5, renderCount=1 @ http://localhost:3210/node_modules/.pnpm/@salla.sa+twilight-theme-en_c3cd9c099c8c4c71b5353d842e4aee2e/node_modules/@salla.sa/twilight-theme-engine/dist/chunk-WITIL2MK.js?v=0ae3d3b2:670
[51830469ms] [LOG] [HomeComponentRenderer] RENDER: path=ox-posters, index=5, renderCount=2 @ http://localhost:3210/node_modules/.pnpm/@salla.sa+twilight-theme-en_c3cd9c099c8c4c71b5353d842e4aee2e/node_modules/@salla.sa/twilight-theme-engine/dist/chunk-WITIL2MK.js?v=0ae3d3b2:670
[51830470ms] [LOG] [HomeComponentRenderer] RENDER: path=ox-products-secondary, index=6, renderCount=1 @ http://localhost:3210/node_modules/.pnpm/@salla.sa+twilight-theme-en_c3cd9c099c8c4c71b5353d842e4aee2e/node_modules/@salla.sa/twilight-theme-engine/dist/chunk-WITIL2MK.js?v=0ae3d3b2:670
[51830471ms] [LOG] [HomeComponentRenderer] RENDER: path=ox-products-secondary, index=6, renderCount=2 @ http://localhost:3210/node_modules/.pnpm/@salla.sa+twilight-theme-en_c3cd9c099c8c4c71b5353d842e4aee2e/node_modules/@salla.sa/twilight-theme-engine/dist/chunk-WITIL2MK.js?v=0ae3d3b2:670
[51830472ms] [LOG] [HomeComponentRenderer] RENDER: path=ox-categories, index=7, renderCount=1 @ http://localhost:3210/node_modules/.pnpm/@salla.sa+twilight-theme-en_c3cd9c099c8c4c71b5353d842e4aee2e/node_modules/@salla.sa/twilight-theme-engine/dist/chunk-WITIL2MK.js?v=0ae3d3b2:670
[51830473ms] [LOG] [HomeComponentRenderer] RENDER: path=ox-categories, index=7, renderCount=2 @ http://localhost:3210/node_modules/.pnpm/@salla.sa+twilight-theme-en_c3cd9c099c8c4c71b5353d842e4aee2e/node_modules/@salla.sa/twilight-theme-engine/dist/chunk-WITIL2MK.js?v=0ae3d3b2:670
[51830474ms] [LOG] [HomeComponentRenderer] RENDER: path=ox-brands, index=8, renderCount=1 @ http://localhost:3210/node_modules/.pnpm/@salla.sa+twilight-theme-en_c3cd9c099c8c4c71b5353d842e4aee2e/node_modules/@salla.sa/twilight-theme-engine/dist/chunk-WITIL2MK.js?v=0ae3d3b2:670
[51830474ms] [LOG] [HomeComponentRenderer] RENDER: path=ox-brands, index=8, renderCount=2 @ http://localhost:3210/node_modules/.pnpm/@salla.sa+twilight-theme-en_c3cd9c099c8c4c71b5353d842e4aee2e/node_modules/@salla.sa/twilight-theme-engine/dist/chunk-WITIL2MK.js?v=0ae3d3b2:670
[51830475ms] [LOG] [HomeComponentRenderer] RENDER: path=ox-services, index=9, renderCount=1 @ http://localhost:3210/node_modules/.pnpm/@salla.sa+twilight-theme-en_c3cd9c099c8c4c71b5353d842e4aee2e/node_modules/@salla.sa/twilight-theme-engine/dist/chunk-WITIL2MK.js?v=0ae3d3b2:670
[51830475ms] [LOG] [HomeComponentRenderer] RENDER: path=ox-services, index=9, renderCount=2 @ http://localhost:3210/node_modules/.pnpm/@salla.sa+twilight-theme-en_c3cd9c099c8c4c71b5353d842e4aee2e/node_modules/@salla.sa/twilight-theme-engine/dist/chunk-WITIL2MK.js?v=0ae3d3b2:670
[51830476ms] [LOG] [HomeComponentRenderer] RENDER: path=ox-guides, index=10, renderCount=1 @ http://localhost:3210/node_modules/.pnpm/@salla.sa+twilight-theme-en_c3cd9c099c8c4c71b5353d842e4aee2e/node_modules/@salla.sa/twilight-theme-engine/dist/chunk-WITIL2MK.js?v=0ae3d3b2:670
[51830476ms] [LOG] [HomeComponentRenderer] RENDER: path=ox-guides, index=10, renderCount=2 @ http://localhost:3210/node_modules/.pnpm/@salla.sa+twilight-theme-en_c3cd9c099c8c4c71b5353d842e4aee2e/node_modules/@salla.sa/twilight-theme-engine/dist/chunk-WITIL2MK.js?v=0ae3d3b2:670
[51830477ms] [LOG] [HomeComponentRenderer] RENDER: path=ox-branch, index=11, renderCount=1 @ http://localhost:3210/node_modules/.pnpm/@salla.sa+twilight-theme-en_c3cd9c099c8c4c71b5353d842e4aee2e/node_modules/@salla.sa/twilight-theme-engine/dist/chunk-WITIL2MK.js?v=0ae3d3b2:670
[51830477ms] [LOG] [HomeComponentRenderer] RENDER: path=ox-branch, index=11, renderCount=2 @ http://localhost:3210/node_modules/.pnpm/@salla.sa+twilight-theme-en_c3cd9c099c8c4c71b5353d842e4aee2e/node_modules/@salla.sa/twilight-theme-engine/dist/chunk-WITIL2MK.js?v=0ae3d3b2:670
[51830478ms] [LOG] [HomeComponentRenderer] RENDER: path=ox-certifications, index=12, renderCount=1 @ http://localhost:3210/node_modules/.pnpm/@salla.sa+twilight-theme-en_c3cd9c099c8c4c71b5353d842e4aee2e/node_modules/@salla.sa/twilight-theme-engine/dist/chunk-WITIL2MK.js?v=0ae3d3b2:670
[51830478ms] [LOG] [HomeComponentRenderer] RENDER: path=ox-certifications, index=12, renderCount=2 @ http://localhost:3210/node_modules/.pnpm/@salla.sa+twilight-theme-en_c3cd9c099c8c4c71b5353d842e4aee2e/node_modules/@salla.sa/twilight-theme-engine/dist/chunk-WITIL2MK.js?v=0ae3d3b2:670
[51830478ms] [LOG] [HomeComponentRenderer] RENDER: path=ox-faq, index=13, renderCount=1 @ http://localhost:3210/node_modules/.pnpm/@salla.sa+twilight-theme-en_c3cd9c099c8c4c71b5353d842e4aee2e/node_modules/@salla.sa/twilight-theme-engine/dist/chunk-WITIL2MK.js?v=0ae3d3b2:670
[51830479ms] [LOG] [HomeComponentRenderer] RENDER: path=ox-faq, index=13, renderCount=2 @ http://localhost:3210/node_modules/.pnpm/@salla.sa+twilight-theme-en_c3cd9c099c8c4c71b5353d842e4aee2e/node_modules/@salla.sa/twilight-theme-engine/dist/chunk-WITIL2MK.js?v=0ae3d3b2:670
[51830480ms] [LOG] [HomeComponentRenderer] RENDER: path=ox-newsletter, index=14, renderCount=1 @ http://localhost:3210/node_modules/.pnpm/@salla.sa+twilight-theme-en_c3cd9c099c8c4c71b5353d842e4aee2e/node_modules/@salla.sa/twilight-theme-engine/dist/chunk-WITIL2MK.js?v=0ae3d3b2:670
[51830480ms] [LOG] [HomeComponentRenderer] RENDER: path=ox-newsletter, index=14, renderCount=2 @ http://localhost:3210/node_modules/.pnpm/@salla.sa+twilight-theme-en_c3cd9c099c8c4c71b5353d842e4aee2e/node_modules/@salla.sa/twilight-theme-engine/dist/chunk-WITIL2MK.js?v=0ae3d3b2:670
[51830481ms] [LOG] [HomeComponentRenderer] RENDER: path=ox-banner, index=15, renderCount=1 @ http://localhost:3210/node_modules/.pnpm/@salla.sa+twilight-theme-en_c3cd9c099c8c4c71b5353d842e4aee2e/node_modules/@salla.sa/twilight-theme-engine/dist/chunk-WITIL2MK.js?v=0ae3d3b2:670
[51830481ms] [LOG] [HomeComponentRenderer] RENDER: path=ox-banner, index=15, renderCount=2 @ http://localhost:3210/node_modules/.pnpm/@salla.sa+twilight-theme-en_c3cd9c099c8c4c71b5353d842e4aee2e/node_modules/@salla.sa/twilight-theme-engine/dist/chunk-WITIL2MK.js?v=0ae3d3b2:670
[51830483ms] [LOG] [HomeComponentRenderer] MOUNT: path=ox-hero, index=0, renderCount=2 @ http://localhost:3210/node_modules/.pnpm/@salla.sa+twilight-theme-en_c3cd9c099c8c4c71b5353d842e4aee2e/node_modules/@salla.sa/twilight-theme-engine/dist/chunk-WITIL2MK.js?v=0ae3d3b2:673
[51830484ms] [LOG] [HomeComponentRenderer] MOUNT: path=ox-trust-strip, index=1, renderCount=2 @ http://localhost:3210/node_modules/.pnpm/@salla.sa+twilight-theme-en_c3cd9c099c8c4c71b5353d842e4aee2e/node_modules/@salla.sa/twilight-theme-engine/dist/chunk-WITIL2MK.js?v=0ae3d3b2:673
[51830484ms] [LOG] [HomeComponentRenderer] MOUNT: path=ox-goals, index=2, renderCount=2 @ http://localhost:3210/node_modules/.pnpm/@salla.sa+twilight-theme-en_c3cd9c099c8c4c71b5353d842e4aee2e/node_modules/@salla.sa/twilight-theme-engine/dist/chunk-WITIL2MK.js?v=0ae3d3b2:673
[51830485ms] [LOG] [HomeComponentRenderer] MOUNT: path=ox-products, index=3, renderCount=2 @ http://localhost:3210/node_modules/.pnpm/@salla.sa+twilight-theme-en_c3cd9c099c8c4c71b5353d842e4aee2e/node_modules/@salla.sa/twilight-theme-engine/dist/chunk-WITIL2MK.js?v=0ae3d3b2:673
[51830486ms] [LOG] [HomeComponentRenderer] MOUNT: path=ox-poster, index=4, renderCount=2 @ http://localhost:3210/node_modules/.pnpm/@salla.sa+twilight-theme-en_c3cd9c099c8c4c71b5353d842e4aee2e/node_modules/@salla.sa/twilight-theme-engine/dist/chunk-WITIL2MK.js?v=0ae3d3b2:673
[51830486ms] [LOG] [HomeComponentRenderer] MOUNT: path=ox-posters, index=5, renderCount=2 @ http://localhost:3210/node_modules/.pnpm/@salla.sa+twilight-theme-en_c3cd9c099c8c4c71b5353d842e4aee2e/node_modules/@salla.sa/twilight-theme-engine/dist/chunk-WITIL2MK.js?v=0ae3d3b2:673
[51830487ms] [LOG] [HomeComponentRenderer] MOUNT: path=ox-products-secondary, index=6, renderCount=2 @ http://localhost:3210/node_modules/.pnpm/@salla.sa+twilight-theme-en_c3cd9c099c8c4c71b5353d842e4aee2e/node_modules/@salla.sa/twilight-theme-engine/dist/chunk-WITIL2MK.js?v=0ae3d3b2:673
[51830488ms] [LOG] [HomeComponentRenderer] MOUNT: path=ox-categories, index=7, renderCount=2 @ http://localhost:3210/node_modules/.pnpm/@salla.sa+twilight-theme-en_c3cd9c099c8c4c71b5353d842e4aee2e/node_modules/@salla.sa/twilight-theme-engine/dist/chunk-WITIL2MK.js?v=0ae3d3b2:673
[51830488ms] [LOG] [HomeComponentRenderer] MOUNT: path=ox-brands, index=8, renderCount=2 @ http://localhost:3210/node_modules/.pnpm/@salla.sa+twilight-theme-en_c3cd9c099c8c4c71b5353d842e4aee2e/node_modules/@salla.sa/twilight-theme-engine/dist/chunk-WITIL2MK.js?v=0ae3d3b2:673
[51830489ms] [LOG] [HomeComponentRenderer] MOUNT: path=ox-services, index=9, renderCount=2 @ http://localhost:3210/node_modules/.pnpm/@salla.sa+twilight-theme-en_c3cd9c099c8c4c71b5353d842e4aee2e/node_modules/@salla.sa/twilight-theme-engine/dist/chunk-WITIL2MK.js?v=0ae3d3b2:673
[51830490ms] [LOG] [HomeComponentRenderer] MOUNT: path=ox-guides, index=10, renderCount=2 @ http://localhost:3210/node_modules/.pnpm/@salla.sa+twilight-theme-en_c3cd9c099c8c4c71b5353d842e4aee2e/node_modules/@salla.sa/twilight-theme-engine/dist/chunk-WITIL2MK.js?v=0ae3d3b2:673
[51830490ms] [LOG] [HomeComponentRenderer] MOUNT: path=ox-branch, index=11, renderCount=2 @ http://localhost:3210/node_modules/.pnpm/@salla.sa+twilight-theme-en_c3cd9c099c8c4c71b5353d842e4aee2e/node_modules/@salla.sa/twilight-theme-engine/dist/chunk-WITIL2MK.js?v=0ae3d3b2:673
[51830491ms] [LOG] [HomeComponentRenderer] MOUNT: path=ox-certifications, index=12, renderCount=2 @ http://localhost:3210/node_modules/.pnpm/@salla.sa+twilight-theme-en_c3cd9c099c8c4c71b5353d842e4aee2e/node_modules/@salla.sa/twilight-theme-engine/dist/chunk-WITIL2MK.js?v=0ae3d3b2:673
[51830492ms] [LOG] [HomeComponentRenderer] MOUNT: path=ox-faq, index=13, renderCount=2 @ http://localhost:3210/node_modules/.pnpm/@salla.sa+twilight-theme-en_c3cd9c099c8c4c71b5353d842e4aee2e/node_modules/@salla.sa/twilight-theme-engine/dist/chunk-WITIL2MK.js?v=0ae3d3b2:673
[51830492ms] [LOG] [HomeComponentRenderer] MOUNT: path=ox-newsletter, index=14, renderCount=2 @ http://localhost:3210/node_modules/.pnpm/@salla.sa+twilight-theme-en_c3cd9c099c8c4c71b5353d842e4aee2e/node_modules/@salla.sa/twilight-theme-engine/dist/chunk-WITIL2MK.js?v=0ae3d3b2:673
[51830493ms] [LOG] [HomeComponentRenderer] MOUNT: path=ox-banner, index=15, renderCount=2 @ http://localhost:3210/node_modules/.pnpm/@salla.sa+twilight-theme-en_c3cd9c099c8c4c71b5353d842e4aee2e/node_modules/@salla.sa/twilight-theme-engine/dist/chunk-WITIL2MK.js?v=0ae3d3b2:673
[51839242ms] [ERROR] [store.settings] Failed: TypeError: Failed to execute 'set' on 'Headers': String contains non ISO-8859-1 code point.
    at ky.extend.hooks.beforeRequest (http://localhost:3210/node_modules/.pnpm/@salla.sa+twilight-theme-en_c3cd9c099c8c4c71b5353d842e4aee2e/node_modules/@salla.sa/twilight-theme-engine/dist/chunk-O6XXHXC4.js?v=0ae3d3b2:95:25)
    at http://localhost:3210/node_modules/.pnpm/ky@2.1.0/node_modules/ky/distribution/core/Ky.js?v=0ae3d3b2:731:73
    at #raceWithTotalTimeout (http://localhost:3210/node_modules/.pnpm/ky@2.1.0/node_modules/ky/distribution/core/Ky.js?v=0ae3d3b2:572:20)
    at #runBeforeRequestHooks (http://localhost:3210/node_modules/.pnpm/ky@2.1.0/node_modules/ky/distribution/core/Ky.js?v=0ae3d3b2:731:60)
    at function_ (http://localhost:3210/node_modules/.pnpm/ky@2.1.0/node_modules/ky/distribution/core/Ky.js?v=0ae3d3b2:117:74)
    at async http://localhost:3210/node_modules/.pnpm/ky@2.1.0/node_modules/ky/distribution/core/Ky.js?v=0ae3d3b2:195:24
    at async result.<computed> [as json] (http://localhost:3210/node_modules/.pnpm/ky@2.1.0/node_modules/ky/distribution/core/Ky.js?v=0ae3d3b2:219:34)
    at async Object.settings (http://localhost:3210/node_modules/.pnpm/@salla.sa+twilight-theme-en_c3cd9c099c8c4c71b5353d842e4aee2e/node_modules/@salla.sa/twilight-theme-engine/dist/chunk-WMSOSA74.js?v=0ae3d3b2:34:20) @ http://localhost:3210/@vite/client:532
[51854537ms] [ERROR] [store.settings] Failed: TypeError: Failed to execute 'set' on 'Headers': String contains non ISO-8859-1 code point.
    at ky.extend.hooks.beforeRequest (http://localhost:3210/node_modules/.pnpm/@salla.sa+twilight-theme-en_c3cd9c099c8c4c71b5353d842e4aee2e/node_modules/@salla.sa/twilight-theme-engine/dist/chunk-O6XXHXC4.js?v=0ae3d3b2:95:25)
    at http://localhost:3210/node_modules/.pnpm/ky@2.1.0/node_modules/ky/distribution/core/Ky.js?v=0ae3d3b2:731:73
    at #raceWithTotalTimeout (http://localhost:3210/node_modules/.pnpm/ky@2.1.0/node_modules/ky/distribution/core/Ky.js?v=0ae3d3b2:572:20)
    at #runBeforeRequestHooks (http://localhost:3210/node_modules/.pnpm/ky@2.1.0/node_modules/ky/distribution/core/Ky.js?v=0ae3d3b2:731:60)
    at function_ (http://localhost:3210/node_modules/.pnpm/ky@2.1.0/node_modules/ky/distribution/core/Ky.js?v=0ae3d3b2:117:74)
    at async http://localhost:3210/node_modules/.pnpm/ky@2.1.0/node_modules/ky/distribution/core/Ky.js?v=0ae3d3b2:195:24
    at async result.<computed> [as json] (http://localhost:3210/node_modules/.pnpm/ky@2.1.0/node_modules/ky/distribution/core/Ky.js?v=0ae3d3b2:219:34)
    at async Object.settings (http://localhost:3210/node_modules/.pnpm/@salla.sa+twilight-theme-en_c3cd9c099c8c4c71b5353d842e4aee2e/node_modules/@salla.sa/twilight-theme-engine/dist/chunk-WMSOSA74.js?v=0ae3d3b2:34:20) @ http://localhost:3210/@vite/client:532
[51860731ms] [ERROR] Failed to load resource: the server responded with a status of 404 (Not Found) @ http://127.0.0.1:5178/store/v1/categories/ategories:0
[51861747ms] [ERROR] Failed to load resource: the server responded with a status of 404 (Not Found) @ http://127.0.0.1:5178/store/v1/categories/ategories:0
[51863955ms] [ERROR] Failed to load resource: the server responded with a status of 404 (Not Found) @ http://127.0.0.1:5178/store/v1/categories/ategories:0
[51864962ms] [ERROR] Failed to load resource: the server responded with a status of 404 (Not Found) @ http://127.0.0.1:5178/store/v1/categories/ategories:0
[51868198ms] [LOG] [HomeComponentRenderer] UNMOUNT: path=ox-hero, index=0 @ http://localhost:3210/node_modules/.pnpm/@salla.sa+twilight-theme-en_c3cd9c099c8c4c71b5353d842e4aee2e/node_modules/@salla.sa/twilight-theme-engine/dist/chunk-WITIL2MK.js?v=0ae3d3b2:675
[51868200ms] [LOG] [HomeComponentRenderer] UNMOUNT: path=ox-trust-strip, index=1 @ http://localhost:3210/node_modules/.pnpm/@salla.sa+twilight-theme-en_c3cd9c099c8c4c71b5353d842e4aee2e/node_modules/@salla.sa/twilight-theme-engine/dist/chunk-WITIL2MK.js?v=0ae3d3b2:675
[51868201ms] [LOG] [HomeComponentRenderer] UNMOUNT: path=ox-goals, index=2 @ http://localhost:3210/node_modules/.pnpm/@salla.sa+twilight-theme-en_c3cd9c099c8c4c71b5353d842e4aee2e/node_modules/@salla.sa/twilight-theme-engine/dist/chunk-WITIL2MK.js?v=0ae3d3b2:675
[51868202ms] [LOG] [HomeComponentRenderer] UNMOUNT: path=ox-products, index=3 @ http://localhost:3210/node_modules/.pnpm/@salla.sa+twilight-theme-en_c3cd9c099c8c4c71b5353d842e4aee2e/node_modules/@salla.sa/twilight-theme-engine/dist/chunk-WITIL2MK.js?v=0ae3d3b2:675
[51868203ms] [LOG] [HomeComponentRenderer] UNMOUNT: path=ox-poster, index=4 @ http://localhost:3210/node_modules/.pnpm/@salla.sa+twilight-theme-en_c3cd9c099c8c4c71b5353d842e4aee2e/node_modules/@salla.sa/twilight-theme-engine/dist/chunk-WITIL2MK.js?v=0ae3d3b2:675
[51868203ms] [LOG] [HomeComponentRenderer] UNMOUNT: path=ox-posters, index=5 @ http://localhost:3210/node_modules/.pnpm/@salla.sa+twilight-theme-en_c3cd9c099c8c4c71b5353d842e4aee2e/node_modules/@salla.sa/twilight-theme-engine/dist/chunk-WITIL2MK.js?v=0ae3d3b2:675
[51868204ms] [LOG] [HomeComponentRenderer] UNMOUNT: path=ox-products-secondary, index=6 @ http://localhost:3210/node_modules/.pnpm/@salla.sa+twilight-theme-en_c3cd9c099c8c4c71b5353d842e4aee2e/node_modules/@salla.sa/twilight-theme-engine/dist/chunk-WITIL2MK.js?v=0ae3d3b2:675
[51868205ms] [LOG] [HomeComponentRenderer] UNMOUNT: path=ox-categories, index=7 @ http://localhost:3210/node_modules/.pnpm/@salla.sa+twilight-theme-en_c3cd9c099c8c4c71b5353d842e4aee2e/node_modules/@salla.sa/twilight-theme-engine/dist/chunk-WITIL2MK.js?v=0ae3d3b2:675
[51868206ms] [LOG] [HomeComponentRenderer] UNMOUNT: path=ox-brands, index=8 @ http://localhost:3210/node_modules/.pnpm/@salla.sa+twilight-theme-en_c3cd9c099c8c4c71b5353d842e4aee2e/node_modules/@salla.sa/twilight-theme-engine/dist/chunk-WITIL2MK.js?v=0ae3d3b2:675
[51868206ms] [LOG] [HomeComponentRenderer] UNMOUNT: path=ox-services, index=9 @ http://localhost:3210/node_modules/.pnpm/@salla.sa+twilight-theme-en_c3cd9c099c8c4c71b5353d842e4aee2e/node_modules/@salla.sa/twilight-theme-engine/dist/chunk-WITIL2MK.js?v=0ae3d3b2:675
[51868207ms] [LOG] [HomeComponentRenderer] UNMOUNT: path=ox-guides, index=10 @ http://localhost:3210/node_modules/.pnpm/@salla.sa+twilight-theme-en_c3cd9c099c8c4c71b5353d842e4aee2e/node_modules/@salla.sa/twilight-theme-engine/dist/chunk-WITIL2MK.js?v=0ae3d3b2:675
[51868208ms] [LOG] [HomeComponentRenderer] UNMOUNT: path=ox-branch, index=11 @ http://localhost:3210/node_modules/.pnpm/@salla.sa+twilight-theme-en_c3cd9c099c8c4c71b5353d842e4aee2e/node_modules/@salla.sa/twilight-theme-engine/dist/chunk-WITIL2MK.js?v=0ae3d3b2:675
[51868208ms] [LOG] [HomeComponentRenderer] UNMOUNT: path=ox-certifications, index=12 @ http://localhost:3210/node_modules/.pnpm/@salla.sa+twilight-theme-en_c3cd9c099c8c4c71b5353d842e4aee2e/node_modules/@salla.sa/twilight-theme-engine/dist/chunk-WITIL2MK.js?v=0ae3d3b2:675
[51868209ms] [LOG] [HomeComponentRenderer] UNMOUNT: path=ox-faq, index=13 @ http://localhost:3210/node_modules/.pnpm/@salla.sa+twilight-theme-en_c3cd9c099c8c4c71b5353d842e4aee2e/node_modules/@salla.sa/twilight-theme-engine/dist/chunk-WITIL2MK.js?v=0ae3d3b2:675
[51868209ms] [LOG] [HomeComponentRenderer] UNMOUNT: path=ox-newsletter, index=14 @ http://localhost:3210/node_modules/.pnpm/@salla.sa+twilight-theme-en_c3cd9c099c8c4c71b5353d842e4aee2e/node_modules/@salla.sa/twilight-theme-engine/dist/chunk-WITIL2MK.js?v=0ae3d3b2:675
[51868210ms] [LOG] [HomeComponentRenderer] UNMOUNT: path=ox-banner, index=15 @ http://localhost:3210/node_modules/.pnpm/@salla.sa+twilight-theme-en_c3cd9c099c8c4c71b5353d842e4aee2e/node_modules/@salla.sa/twilight-theme-engine/dist/chunk-WITIL2MK.js?v=0ae3d3b2:675
[51881075ms] [ERROR] TypeError: Cannot read properties of null (reading 'length')
    at v.render (https://cdn.assets.salla.network/dev/@salla.sa/twilight/9b1ad668bb386735f64a045e4c13b4c5508ad4c8/p-8f2ecff5.entry.js:4:25557)
    at Yt (https://cdn.assets.salla.network/dev/@salla.sa/twilight/9b1ad668bb386735f64a045e4c13b4c5508ad4c8/p-Cz6ID6IN.js:4:19885)
    at qt (https://cdn.assets.salla.network/dev/@salla.sa/twilight/9b1ad668bb386735f64a045e4c13b4c5508ad4c8/p-Cz6ID6IN.js:4:19696)
    at https://cdn.assets.salla.network/dev/@salla.sa/twilight/9b1ad668bb386735f64a045e4c13b4c5508ad4c8/p-Cz6ID6IN.js:4:19351 JSHandle@node @ http://localhost:3210/@vite/client:532
[51881273ms] [ERROR] TypeError: Cannot read properties of null (reading 'length')
    at v.emitPromotionViewed (https://cdn.assets.salla.network/dev/@salla.sa/twilight/9b1ad668bb386735f64a045e4c13b4c5508ad4c8/p-8f2ecff5.entry.js:4:22121)
    at v.componentDidLoad (https://cdn.assets.salla.network/dev/@salla.sa/twilight/9b1ad668bb386735f64a045e4c13b4c5508ad4c8/p-8f2ecff5.entry.js:4:25334)
    at Kt (https://cdn.assets.salla.network/dev/@salla.sa/twilight/9b1ad668bb386735f64a045e4c13b4c5508ad4c8/p-Cz6ID6IN.js:4:22621)
    at Gt (https://cdn.assets.salla.network/dev/@salla.sa/twilight/9b1ad668bb386735f64a045e4c13b4c5508ad4c8/p-Cz6ID6IN.js:4:22203)
    at e (https://cdn.assets.salla.network/dev/@salla.sa/twilight/9b1ad668bb386735f64a045e4c13b4c5508ad4c8/p-Cz6ID6IN.js:4:19785)
    at qt (https://cdn.assets.salla.network/dev/@salla.sa/twilight/9b1ad668bb386735f64a045e4c13b4c5508ad4c8/p-Cz6ID6IN.js:4:19804)
    at https://cdn.assets.salla.network/dev/@salla.sa/twilight/9b1ad668bb386735f64a045e4c13b4c5508ad4c8/p-Cz6ID6IN.js:4:19351 JSHandle@node @ http://localhost:3210/@vite/client:532
[51906617ms] [LOG] [offline-api] browser: api.salla.dev + cdn.salla.network -> http://127.0.0.1:5178 @ http://localhost:3210/services/latest-products:0
[51907741ms] [INFO] %cDownload the React DevTools for a better development experience: https://react.dev/link/react-devtools font-weight:bold @ http://localhost:3210/node_modules/.vite/deps/react-dom_client.js?v=99c71afd:14335
[51907978ms] [WARNING] [Twilight] Could not hydrate twilight context: no root match in router state @ http://localhost:3210/@vite/client:532
[51908370ms] [ERROR] The result of getServerSnapshot should be cached to avoid an infinite loop @ http://localhost:3210/@vite/client:532
[51908426ms] [ERROR] A tree hydrated but some attributes of the server rendered HTML didn't match the client properties. This won't be patched up. This can happen if a SSR-ed Client Component used:

- A server/client branch `if (typeof window !== 'undefined')`.
- Variable input such as `Date.now()` or `Math.random()` which changes each time it's called.
- Date formatting in a user's locale which doesn't match the server.
- External changing data without sending a snapshot of it along with the HTML.
- Invalid HTML tag nesting.

It can also happen if the client has a browser extension installed which messes with the HTML before React loaded.

%s%s https://react.dev/link/hydration-mismatch 

  ...
    <div className="app-inner ...">
      <Sprite>
      <SkipLink>
      <Header>
        <header ref={{current:null}} className="store-head..." suppressHydrationWarning={true} data-testid="ox-header">
          <HookSlot>
          <div>
          <AnnouncementBar>
          <UtilityBar>
          <div className="ox-mainbar">
            <MainBar>
              <div className="ox-mainbar...">
                <Logo>
                <NavBar>
                  <nav className="ox-nav" aria-label="التنقل الر..." data-testid="ox-navbar">
                    <ul className="ox-nav__list" ref={{current:null}}>
                      <li className="ox-nav__item" data-nav-item="">
                        <Link to="/latest-pr..." id={undefined} className="ox-nav__link" aria-expanded={undefined} ...>
                          <TanStackLinkAdapter ref={null} to="/latest-pr..." id={undefined} className="ox-nav__link" ...>
                            <a
+                             className="ox-nav__link active"
-                             className="ox-nav__link is-active active"
                              style={undefined}
                              title={undefined}
                              target={undefined}
                              rel={undefined}
                              onClick={function handleClick}
                              aria-label={undefined}
                              id={undefined}
                              aria-expanded={undefined}
                              aria-controls={undefined}
                              data-testid="ox-nav-products"
                              onPointerEnter={undefined}
                              onPointerLeave={undefined}
                              onFocus={function}
                              onBlur={function handleLeave}
                              data-spa-link=""
                              ref={{current:null}}
                              onMouseEnter={function}
                              onMouseLeave={function handleLeave}
                              onTouchStart={function handleTouchStart}
                              href="/services/latest-products"
                              data-status="active"
                              aria-current="page"
                            >
                      ...
                ...
            ...
          ...
      ...
 @ http://localhost:3210/@vite/client:532
[51909140ms] Error: Hydration failed because the server rendered HTML didn't match the client. As a result this tree will be regenerated on the client. This can happen if a SSR-ed Client Component used:

- A server/client branch `if (typeof window !== 'undefined')`.
- Variable input such as `Date.now()` or `Math.random()` which changes each time it's called.
- Date formatting in a user's locale which doesn't match the server.
- External changing data without sending a snapshot of it along with the HTML.
- Invalid HTML tag nesting.

It can also happen if the client has a browser extension installed which messes with the HTML before React loaded.

https://react.dev/link/hydration-mismatch

  ...
    <Matches>
      <Transitioner>
      <SafeFragment fallback={<Context>}>
        <MatchesInner>
          <CatchBoundary getResetKey={function getResetKey} onCatch={function}>
            <MatchImpl routeId="__root__">
              <MatchView router={{...}} match={{id:"__root__/", ...}}>
                <RootComponent>
                  <html lang="ar" dir="rtl" suppressHydrationWarning={true}>
                    <head>
                    <body suppressHydrationWarning={true}>
                      <noscript>
                      <TwilightProvider>
                      <Suspense fallback={null}>
                        <TanStackRouterDevtools position="bottom-right">
+                         <div ref={{current:null}}>
                      ...

    at throwOnHydrationMismatch (http://localhost:3210/node_modules/.vite/deps/react-dom_client.js?v=99c71afd:2968:51)
    at beginWork (http://localhost:3210/node_modules/.vite/deps/react-dom_client.js?v=99c71afd:6200:914)
    at runWithFiberInDEV (http://localhost:3210/node_modules/.vite/deps/react-dom_client.js?v=99c71afd:851:66)
    at performUnitOfWork (http://localhost:3210/node_modules/.vite/deps/react-dom_client.js?v=99c71afd:8429:92)
    at workLoopConcurrentByScheduler (http://localhost:3210/node_modules/.vite/deps/react-dom_client.js?v=99c71afd:8425:55)
    at renderRootConcurrent (http://localhost:3210/node_modules/.vite/deps/react-dom_client.js?v=99c71afd:8408:64)
    at performWorkOnRoot (http://localhost:3210/node_modules/.vite/deps/react-dom_client.js?v=99c71afd:7957:145)
    at performWorkOnRootViaSchedulerTask (http://localhost:3210/node_modules/.vite/deps/react-dom_client.js?v=99c71afd:9059:4)
    at MessagePort.performWorkUntilDeadline (http://localhost:3210/node_modules/.vite/deps/react-dom_client.js?v=99c71afd:36:38)
[51909640ms] Error: Hydration failed because the server rendered HTML didn't match the client. As a result this tree will be regenerated on the client. This can happen if a SSR-ed Client Component used:

- A server/client branch `if (typeof window !== 'undefined')`.
- Variable input such as `Date.now()` or `Math.random()` which changes each time it's called.
- Date formatting in a user's locale which doesn't match the server.
- External changing data without sending a snapshot of it along with the HTML.
- Invalid HTML tag nesting.

It can also happen if the client has a browser extension installed which messes with the HTML before React loaded.

https://react.dev/link/hydration-mismatch

  ...
    <div className="s-items-li..." id={undefined} aria-label="قائمة المن..." aria-busy={false} aria-live="polite">
      <link>
      <div ref={{current:null}} className="s-items-li..." id={undefined} style={{...}}>
        <ProductCard2 product={{id:1141798217, ...}} index={0} sizes="(min-width...">
          <OxProductCard product={{id:1141798217, ...}} index={0} sizes="(min-width...">
            <article className="ox-card-pr..." data-ox-product={1141798217}>
              <div>
              <div className="ox-card-pr...">
                <h3>
                <p>
                <div>
                <p>
                <BuyControls product={{id:1141798217, ...}} outOfStock={false}>
                  <div className="ox-card-pr...">
                    <div>
                    <div className="ox-card-pr...">
                      <AddButton product={{id:1141798217, ...}} quantity={1} submit={false}>
                        <WebComponentBoundary label="card add 1...">
                          <salla-add-product-button productId={1141798217} productType="group_prod..." ...>
                            <SallaAddProductButtonElement_runtime productId={1141798217} productType="group_prod..." ...>
                              <salla-add-product-button suppressHydrationWarning={true} ref={function}>
+                               <span className="ox-card-product__add-label">
-                               
                  ...
        ...
      ...

    at throwOnHydrationMismatch (http://localhost:3210/node_modules/.vite/deps/react-dom_client.js?v=99c71afd:2968:51)
    at beginWork (http://localhost:3210/node_modules/.vite/deps/react-dom_client.js?v=99c71afd:6200:914)
    at runWithFiberInDEV (http://localhost:3210/node_modules/.vite/deps/react-dom_client.js?v=99c71afd:851:66)
    at performUnitOfWork (http://localhost:3210/node_modules/.vite/deps/react-dom_client.js?v=99c71afd:8429:92)
    at workLoopConcurrentByScheduler (http://localhost:3210/node_modules/.vite/deps/react-dom_client.js?v=99c71afd:8425:55)
    at renderRootConcurrent (http://localhost:3210/node_modules/.vite/deps/react-dom_client.js?v=99c71afd:8408:64)
    at performWorkOnRoot (http://localhost:3210/node_modules/.vite/deps/react-dom_client.js?v=99c71afd:7957:145)
    at performWorkOnRootViaSchedulerTask (http://localhost:3210/node_modules/.vite/deps/react-dom_client.js?v=99c71afd:9059:4)
    at MessagePort.performWorkUntilDeadline (http://localhost:3210/node_modules/.vite/deps/react-dom_client.js?v=99c71afd:36:38)
[51912665ms] [WARNING] The resource https://cdn.salla.sa/cdn-cgi/image/fit=scale-down,onerror=redirect,format=auto,width=300/dPrxBd/184e54c1-45b2-4373-8cdd-39243dbd9420-1000x1000-va7a4JfENowR83Szqdm771ErO8No3smnu8JCmTkG.jpg was preloaded using link preload but not used within a few seconds from the window's load event. Please make sure it has an appropriate `as` value and it is preloaded intentionally. @ http://localhost:3210/services/latest-products:0
[51912665ms] [WARNING] The resource https://cdn.salla.sa/cdn-cgi/image/fit=scale-down,onerror=redirect,format=auto,width=300/dPrxBd/73b351e4-db32-4d66-ba9f-e8c8459fab5e-1000x1000-M3GIPfzBrU7DXXZJsNrmoqZ7u4kRejfSXKMQtV1h.jpg was preloaded using link preload but not used within a few seconds from the window's load event. Please make sure it has an appropriate `as` value and it is preloaded intentionally. @ http://localhost:3210/services/latest-products:0
[51977363ms] [ERROR] TypeError: Cannot read properties of null (reading 'length')
    at v.render (https://cdn.assets.salla.network/dev/@salla.sa/twilight/9b1ad668bb386735f64a045e4c13b4c5508ad4c8/p-8f2ecff5.entry.js:4:25557)
    at Yt (https://cdn.assets.salla.network/dev/@salla.sa/twilight/9b1ad668bb386735f64a045e4c13b4c5508ad4c8/p-Cz6ID6IN.js:4:19885)
    at qt (https://cdn.assets.salla.network/dev/@salla.sa/twilight/9b1ad668bb386735f64a045e4c13b4c5508ad4c8/p-Cz6ID6IN.js:4:19696)
    at https://cdn.assets.salla.network/dev/@salla.sa/twilight/9b1ad668bb386735f64a045e4c13b4c5508ad4c8/p-Cz6ID6IN.js:4:19351 JSHandle@node @ http://localhost:3210/@vite/client:532
[51977517ms] [ERROR] TypeError: Cannot read properties of null (reading 'length')
    at v.emitPromotionViewed (https://cdn.assets.salla.network/dev/@salla.sa/twilight/9b1ad668bb386735f64a045e4c13b4c5508ad4c8/p-8f2ecff5.entry.js:4:22121)
    at v.componentDidLoad (https://cdn.assets.salla.network/dev/@salla.sa/twilight/9b1ad668bb386735f64a045e4c13b4c5508ad4c8/p-8f2ecff5.entry.js:4:25334)
    at Kt (https://cdn.assets.salla.network/dev/@salla.sa/twilight/9b1ad668bb386735f64a045e4c13b4c5508ad4c8/p-Cz6ID6IN.js:4:22621)
    at Gt (https://cdn.assets.salla.network/dev/@salla.sa/twilight/9b1ad668bb386735f64a045e4c13b4c5508ad4c8/p-Cz6ID6IN.js:4:22203)
    at e (https://cdn.assets.salla.network/dev/@salla.sa/twilight/9b1ad668bb386735f64a045e4c13b4c5508ad4c8/p-Cz6ID6IN.js:4:19785)
    at qt (https://cdn.assets.salla.network/dev/@salla.sa/twilight/9b1ad668bb386735f64a045e4c13b4c5508ad4c8/p-Cz6ID6IN.js:4:19804)
    at https://cdn.assets.salla.network/dev/@salla.sa/twilight/9b1ad668bb386735f64a045e4c13b4c5508ad4c8/p-Cz6ID6IN.js:4:19351 JSHandle@node @ http://localhost:3210/@vite/client:532
[51980863ms] [WARNING] The resource https://cdn.salla.sa/cdn-cgi/image/fit=scale-down,onerror=redirect,format=auto,width=300/dPrxBd/184e54c1-45b2-4373-8cdd-39243dbd9420-1000x1000-va7a4JfENowR83Szqdm771ErO8No3smnu8JCmTkG.jpg was preloaded using link preload but not used within a few seconds from the window's load event. Please make sure it has an appropriate `as` value and it is preloaded intentionally. @ http://localhost:3210/services/%D8%B4%D9%8A%D9%83%D8%B1-%D8%A8%D9%84%D9%86%D8%AF%D8%B1-%D8%A8%D9%88%D8%AA%D9%84-%D9%83%D9%84%D8%A7%D8%B3%D9%8A%D9%83-v2-%D8%B3%D8%B9%D8%A9-820-%D9%85%D9%84-%D8%A7%D9%88%D8%A8%D8%AA%D9%8A%D9%85%D8%A7%D9%84-%D8%A7%D9%83%D8%B3/p1673105563:0
[51980863ms] [WARNING] The resource https://cdn.salla.sa/cdn-cgi/image/fit=scale-down,onerror=redirect,format=auto,width=300/dPrxBd/73b351e4-db32-4d66-ba9f-e8c8459fab5e-1000x1000-M3GIPfzBrU7DXXZJsNrmoqZ7u4kRejfSXKMQtV1h.jpg was preloaded using link preload but not used within a few seconds from the window's load event. Please make sure it has an appropriate `as` value and it is preloaded intentionally. @ http://localhost:3210/services/%D8%B4%D9%8A%D9%83%D8%B1-%D8%A8%D9%84%D9%86%D8%AF%D8%B1-%D8%A8%D9%88%D8%AA%D9%84-%D9%83%D9%84%D8%A7%D8%B3%D9%8A%D9%83-v2-%D8%B3%D8%B9%D8%A9-820-%D9%85%D9%84-%D8%A7%D9%88%D8%A8%D8%AA%D9%8A%D9%85%D8%A7%D9%84-%D8%A7%D9%83%D8%B3/p1673105563:0
[51984053ms] [WARNING] The resource https://cdn.salla.sa/cdn-cgi/image/fit=scale-down,onerror=redirect,format=auto,width=300/dPrxBd/184e54c1-45b2-4373-8cdd-39243dbd9420-1000x1000-va7a4JfENowR83Szqdm771ErO8No3smnu8JCmTkG.jpg was preloaded using link preload but not used within a few seconds from the window's load event. Please make sure it has an appropriate `as` value and it is preloaded intentionally. @ http://localhost:3210/services/%D8%B4%D9%8A%D9%83%D8%B1-%D8%A8%D9%84%D9%86%D8%AF%D8%B1-%D8%A8%D9%88%D8%AA%D9%84-%D9%83%D9%84%D8%A7%D8%B3%D9%8A%D9%83-v2-%D8%B3%D8%B9%D8%A9-820-%D9%85%D9%84-%D8%A7%D9%88%D8%A8%D8%AA%D9%8A%D9%85%D8%A7%D9%84-%D8%A7%D9%83%D8%B3/p1673105563:0
[51984053ms] [WARNING] The resource https://cdn.salla.sa/cdn-cgi/image/fit=scale-down,onerror=redirect,format=auto,width=300/dPrxBd/73b351e4-db32-4d66-ba9f-e8c8459fab5e-1000x1000-M3GIPfzBrU7DXXZJsNrmoqZ7u4kRejfSXKMQtV1h.jpg was preloaded using link preload but not used within a few seconds from the window's load event. Please make sure it has an appropriate `as` value and it is preloaded intentionally. @ http://localhost:3210/services/%D8%B4%D9%8A%D9%83%D8%B1-%D8%A8%D9%84%D9%86%D8%AF%D8%B1-%D8%A8%D9%88%D8%AA%D9%84-%D9%83%D9%84%D8%A7%D8%B3%D9%8A%D9%83-v2-%D8%B3%D8%B9%D8%A9-820-%D9%85%D9%84-%D8%A7%D9%88%D8%A8%D8%AA%D9%8A%D9%85%D8%A7%D9%84-%D8%A7%D9%83%D8%B3/p1673105563:0
[51998435ms] [WARNING] The resource https://cdn.salla.sa/cdn-cgi/image/fit=scale-down,onerror=redirect,format=auto,width=300/dPrxBd/184e54c1-45b2-4373-8cdd-39243dbd9420-1000x1000-va7a4JfENowR83Szqdm771ErO8No3smnu8JCmTkG.jpg was preloaded using link preload but not used within a few seconds from the window's load event. Please make sure it has an appropriate `as` value and it is preloaded intentionally. @ http://localhost:3210/services/%D8%B4%D9%8A%D9%83%D8%B1-%D8%A8%D9%84%D9%86%D8%AF%D8%B1-%D8%A8%D9%88%D8%AA%D9%84-%D9%83%D9%84%D8%A7%D8%B3%D9%8A%D9%83-v2-%D8%B3%D8%B9%D8%A9-820-%D9%85%D9%84-%D8%A7%D9%88%D8%A8%D8%AA%D9%8A%D9%85%D8%A7%D9%84-%D8%A7%D9%83%D8%B3/p1673105563:0
[51998435ms] [WARNING] The resource https://cdn.salla.sa/cdn-cgi/image/fit=scale-down,onerror=redirect,format=auto,width=300/dPrxBd/73b351e4-db32-4d66-ba9f-e8c8459fab5e-1000x1000-M3GIPfzBrU7DXXZJsNrmoqZ7u4kRejfSXKMQtV1h.jpg was preloaded using link preload but not used within a few seconds from the window's load event. Please make sure it has an appropriate `as` value and it is preloaded intentionally. @ http://localhost:3210/services/%D8%B4%D9%8A%D9%83%D8%B1-%D8%A8%D9%84%D9%86%D8%AF%D8%B1-%D8%A8%D9%88%D8%AA%D9%84-%D9%83%D9%84%D8%A7%D8%B3%D9%8A%D9%83-v2-%D8%B3%D8%B9%D8%A9-820-%D9%85%D9%84-%D8%A7%D9%88%D8%A8%D8%AA%D9%8A%D9%85%D8%A7%D9%84-%D8%A7%D9%83%D8%B3/p1673105563:0
[52005509ms] [LOG] [HomeComponentRenderer] RENDER: path=ox-hero, index=0, renderCount=1 @ http://localhost:3210/node_modules/.pnpm/@salla.sa+twilight-theme-en_c3cd9c099c8c4c71b5353d842e4aee2e/node_modules/@salla.sa/twilight-theme-engine/dist/chunk-WITIL2MK.js?v=0ae3d3b2:670
[52005510ms] [LOG] [HomeComponentRenderer] RENDER: path=ox-hero, index=0, renderCount=2 @ http://localhost:3210/node_modules/.pnpm/@salla.sa+twilight-theme-en_c3cd9c099c8c4c71b5353d842e4aee2e/node_modules/@salla.sa/twilight-theme-engine/dist/chunk-WITIL2MK.js?v=0ae3d3b2:670
[52005516ms] [LOG] [HomeComponentRenderer] RENDER: path=ox-trust-strip, index=1, renderCount=1 @ http://localhost:3210/node_modules/.pnpm/@salla.sa+twilight-theme-en_c3cd9c099c8c4c71b5353d842e4aee2e/node_modules/@salla.sa/twilight-theme-engine/dist/chunk-WITIL2MK.js?v=0ae3d3b2:670
[52005517ms] [LOG] [HomeComponentRenderer] RENDER: path=ox-trust-strip, index=1, renderCount=2 @ http://localhost:3210/node_modules/.pnpm/@salla.sa+twilight-theme-en_c3cd9c099c8c4c71b5353d842e4aee2e/node_modules/@salla.sa/twilight-theme-engine/dist/chunk-WITIL2MK.js?v=0ae3d3b2:670
[52005520ms] [LOG] [HomeComponentRenderer] RENDER: path=ox-goals, index=2, renderCount=1 @ http://localhost:3210/node_modules/.pnpm/@salla.sa+twilight-theme-en_c3cd9c099c8c4c71b5353d842e4aee2e/node_modules/@salla.sa/twilight-theme-engine/dist/chunk-WITIL2MK.js?v=0ae3d3b2:670
[52005520ms] [LOG] [HomeComponentRenderer] RENDER: path=ox-goals, index=2, renderCount=2 @ http://localhost:3210/node_modules/.pnpm/@salla.sa+twilight-theme-en_c3cd9c099c8c4c71b5353d842e4aee2e/node_modules/@salla.sa/twilight-theme-engine/dist/chunk-WITIL2MK.js?v=0ae3d3b2:670
[52005532ms] [LOG] [HomeComponentRenderer] RENDER: path=ox-products, index=3, renderCount=1 @ http://localhost:3210/node_modules/.pnpm/@salla.sa+twilight-theme-en_c3cd9c099c8c4c71b5353d842e4aee2e/node_modules/@salla.sa/twilight-theme-engine/dist/chunk-WITIL2MK.js?v=0ae3d3b2:670
[52005533ms] [LOG] [HomeComponentRenderer] RENDER: path=ox-products, index=3, renderCount=2 @ http://localhost:3210/node_modules/.pnpm/@salla.sa+twilight-theme-en_c3cd9c099c8c4c71b5353d842e4aee2e/node_modules/@salla.sa/twilight-theme-engine/dist/chunk-WITIL2MK.js?v=0ae3d3b2:670
[52005535ms] [LOG] [HomeComponentRenderer] RENDER: path=ox-poster, index=4, renderCount=1 @ http://localhost:3210/node_modules/.pnpm/@salla.sa+twilight-theme-en_c3cd9c099c8c4c71b5353d842e4aee2e/node_modules/@salla.sa/twilight-theme-engine/dist/chunk-WITIL2MK.js?v=0ae3d3b2:670
[52005535ms] [LOG] [HomeComponentRenderer] RENDER: path=ox-poster, index=4, renderCount=2 @ http://localhost:3210/node_modules/.pnpm/@salla.sa+twilight-theme-en_c3cd9c099c8c4c71b5353d842e4aee2e/node_modules/@salla.sa/twilight-theme-engine/dist/chunk-WITIL2MK.js?v=0ae3d3b2:670
[52005535ms] [LOG] [HomeComponentRenderer] RENDER: path=ox-posters, index=5, renderCount=1 @ http://localhost:3210/node_modules/.pnpm/@salla.sa+twilight-theme-en_c3cd9c099c8c4c71b5353d842e4aee2e/node_modules/@salla.sa/twilight-theme-engine/dist/chunk-WITIL2MK.js?v=0ae3d3b2:670
[52005536ms] [LOG] [HomeComponentRenderer] RENDER: path=ox-posters, index=5, renderCount=2 @ http://localhost:3210/node_modules/.pnpm/@salla.sa+twilight-theme-en_c3cd9c099c8c4c71b5353d842e4aee2e/node_modules/@salla.sa/twilight-theme-engine/dist/chunk-WITIL2MK.js?v=0ae3d3b2:670
[52005537ms] [LOG] [HomeComponentRenderer] RENDER: path=ox-products-secondary, index=6, renderCount=1 @ http://localhost:3210/node_modules/.pnpm/@salla.sa+twilight-theme-en_c3cd9c099c8c4c71b5353d842e4aee2e/node_modules/@salla.sa/twilight-theme-engine/dist/chunk-WITIL2MK.js?v=0ae3d3b2:670
[52005537ms] [LOG] [HomeComponentRenderer] RENDER: path=ox-products-secondary, index=6, renderCount=2 @ http://localhost:3210/node_modules/.pnpm/@salla.sa+twilight-theme-en_c3cd9c099c8c4c71b5353d842e4aee2e/node_modules/@salla.sa/twilight-theme-engine/dist/chunk-WITIL2MK.js?v=0ae3d3b2:670
[52005538ms] [LOG] [HomeComponentRenderer] RENDER: path=ox-categories, index=7, renderCount=1 @ http://localhost:3210/node_modules/.pnpm/@salla.sa+twilight-theme-en_c3cd9c099c8c4c71b5353d842e4aee2e/node_modules/@salla.sa/twilight-theme-engine/dist/chunk-WITIL2MK.js?v=0ae3d3b2:670
[52005538ms] [LOG] [HomeComponentRenderer] RENDER: path=ox-categories, index=7, renderCount=2 @ http://localhost:3210/node_modules/.pnpm/@salla.sa+twilight-theme-en_c3cd9c099c8c4c71b5353d842e4aee2e/node_modules/@salla.sa/twilight-theme-engine/dist/chunk-WITIL2MK.js?v=0ae3d3b2:670
[52005539ms] [LOG] [HomeComponentRenderer] RENDER: path=ox-brands, index=8, renderCount=1 @ http://localhost:3210/node_modules/.pnpm/@salla.sa+twilight-theme-en_c3cd9c099c8c4c71b5353d842e4aee2e/node_modules/@salla.sa/twilight-theme-engine/dist/chunk-WITIL2MK.js?v=0ae3d3b2:670
[52005539ms] [LOG] [HomeComponentRenderer] RENDER: path=ox-brands, index=8, renderCount=2 @ http://localhost:3210/node_modules/.pnpm/@salla.sa+twilight-theme-en_c3cd9c099c8c4c71b5353d842e4aee2e/node_modules/@salla.sa/twilight-theme-engine/dist/chunk-WITIL2MK.js?v=0ae3d3b2:670
[52005540ms] [LOG] [HomeComponentRenderer] RENDER: path=ox-services, index=9, renderCount=1 @ http://localhost:3210/node_modules/.pnpm/@salla.sa+twilight-theme-en_c3cd9c099c8c4c71b5353d842e4aee2e/node_modules/@salla.sa/twilight-theme-engine/dist/chunk-WITIL2MK.js?v=0ae3d3b2:670
[52005540ms] [LOG] [HomeComponentRenderer] RENDER: path=ox-services, index=9, renderCount=2 @ http://localhost:3210/node_modules/.pnpm/@salla.sa+twilight-theme-en_c3cd9c099c8c4c71b5353d842e4aee2e/node_modules/@salla.sa/twilight-theme-engine/dist/chunk-WITIL2MK.js?v=0ae3d3b2:670
[52005541ms] [LOG] [HomeComponentRenderer] RENDER: path=ox-guides, index=10, renderCount=1 @ http://localhost:3210/node_modules/.pnpm/@salla.sa+twilight-theme-en_c3cd9c099c8c4c71b5353d842e4aee2e/node_modules/@salla.sa/twilight-theme-engine/dist/chunk-WITIL2MK.js?v=0ae3d3b2:670
[52005541ms] [LOG] [HomeComponentRenderer] RENDER: path=ox-guides, index=10, renderCount=2 @ http://localhost:3210/node_modules/.pnpm/@salla.sa+twilight-theme-en_c3cd9c099c8c4c71b5353d842e4aee2e/node_modules/@salla.sa/twilight-theme-engine/dist/chunk-WITIL2MK.js?v=0ae3d3b2:670
[52005541ms] [LOG] [HomeComponentRenderer] RENDER: path=ox-branch, index=11, renderCount=1 @ http://localhost:3210/node_modules/.pnpm/@salla.sa+twilight-theme-en_c3cd9c099c8c4c71b5353d842e4aee2e/node_modules/@salla.sa/twilight-theme-engine/dist/chunk-WITIL2MK.js?v=0ae3d3b2:670
[52005541ms] [LOG] [HomeComponentRenderer] RENDER: path=ox-branch, index=11, renderCount=2 @ http://localhost:3210/node_modules/.pnpm/@salla.sa+twilight-theme-en_c3cd9c099c8c4c71b5353d842e4aee2e/node_modules/@salla.sa/twilight-theme-engine/dist/chunk-WITIL2MK.js?v=0ae3d3b2:670
[52005542ms] [LOG] [HomeComponentRenderer] RENDER: path=ox-certifications, index=12, renderCount=1 @ http://localhost:3210/node_modules/.pnpm/@salla.sa+twilight-theme-en_c3cd9c099c8c4c71b5353d842e4aee2e/node_modules/@salla.sa/twilight-theme-engine/dist/chunk-WITIL2MK.js?v=0ae3d3b2:670
[52005542ms] [LOG] [HomeComponentRenderer] RENDER: path=ox-certifications, index=12, renderCount=2 @ http://localhost:3210/node_modules/.pnpm/@salla.sa+twilight-theme-en_c3cd9c099c8c4c71b5353d842e4aee2e/node_modules/@salla.sa/twilight-theme-engine/dist/chunk-WITIL2MK.js?v=0ae3d3b2:670
[52005543ms] [LOG] [HomeComponentRenderer] RENDER: path=ox-faq, index=13, renderCount=1 @ http://localhost:3210/node_modules/.pnpm/@salla.sa+twilight-theme-en_c3cd9c099c8c4c71b5353d842e4aee2e/node_modules/@salla.sa/twilight-theme-engine/dist/chunk-WITIL2MK.js?v=0ae3d3b2:670
[52005543ms] [LOG] [HomeComponentRenderer] RENDER: path=ox-faq, index=13, renderCount=2 @ http://localhost:3210/node_modules/.pnpm/@salla.sa+twilight-theme-en_c3cd9c099c8c4c71b5353d842e4aee2e/node_modules/@salla.sa/twilight-theme-engine/dist/chunk-WITIL2MK.js?v=0ae3d3b2:670
[52005544ms] [LOG] [HomeComponentRenderer] RENDER: path=ox-newsletter, index=14, renderCount=1 @ http://localhost:3210/node_modules/.pnpm/@salla.sa+twilight-theme-en_c3cd9c099c8c4c71b5353d842e4aee2e/node_modules/@salla.sa/twilight-theme-engine/dist/chunk-WITIL2MK.js?v=0ae3d3b2:670
[52005544ms] [LOG] [HomeComponentRenderer] RENDER: path=ox-newsletter, index=14, renderCount=2 @ http://localhost:3210/node_modules/.pnpm/@salla.sa+twilight-theme-en_c3cd9c099c8c4c71b5353d842e4aee2e/node_modules/@salla.sa/twilight-theme-engine/dist/chunk-WITIL2MK.js?v=0ae3d3b2:670
[52005545ms] [LOG] [HomeComponentRenderer] RENDER: path=ox-banner, index=15, renderCount=1 @ http://localhost:3210/node_modules/.pnpm/@salla.sa+twilight-theme-en_c3cd9c099c8c4c71b5353d842e4aee2e/node_modules/@salla.sa/twilight-theme-engine/dist/chunk-WITIL2MK.js?v=0ae3d3b2:670
[52005545ms] [LOG] [HomeComponentRenderer] RENDER: path=ox-banner, index=15, renderCount=2 @ http://localhost:3210/node_modules/.pnpm/@salla.sa+twilight-theme-en_c3cd9c099c8c4c71b5353d842e4aee2e/node_modules/@salla.sa/twilight-theme-engine/dist/chunk-WITIL2MK.js?v=0ae3d3b2:670
[52005571ms] [LOG] [HomeComponentRenderer] MOUNT: path=ox-hero, index=0, renderCount=2 @ http://localhost:3210/node_modules/.pnpm/@salla.sa+twilight-theme-en_c3cd9c099c8c4c71b5353d842e4aee2e/node_modules/@salla.sa/twilight-theme-engine/dist/chunk-WITIL2MK.js?v=0ae3d3b2:673
[52005572ms] [LOG] [HomeComponentRenderer] MOUNT: path=ox-trust-strip, index=1, renderCount=2 @ http://localhost:3210/node_modules/.pnpm/@salla.sa+twilight-theme-en_c3cd9c099c8c4c71b5353d842e4aee2e/node_modules/@salla.sa/twilight-theme-engine/dist/chunk-WITIL2MK.js?v=0ae3d3b2:673
[52005573ms] [LOG] [HomeComponentRenderer] MOUNT: path=ox-goals, index=2, renderCount=2 @ http://localhost:3210/node_modules/.pnpm/@salla.sa+twilight-theme-en_c3cd9c099c8c4c71b5353d842e4aee2e/node_modules/@salla.sa/twilight-theme-engine/dist/chunk-WITIL2MK.js?v=0ae3d3b2:673
[52005573ms] [LOG] [HomeComponentRenderer] MOUNT: path=ox-products, index=3, renderCount=2 @ http://localhost:3210/node_modules/.pnpm/@salla.sa+twilight-theme-en_c3cd9c099c8c4c71b5353d842e4aee2e/node_modules/@salla.sa/twilight-theme-engine/dist/chunk-WITIL2MK.js?v=0ae3d3b2:673
[52005574ms] [LOG] [HomeComponentRenderer] MOUNT: path=ox-poster, index=4, renderCount=2 @ http://localhost:3210/node_modules/.pnpm/@salla.sa+twilight-theme-en_c3cd9c099c8c4c71b5353d842e4aee2e/node_modules/@salla.sa/twilight-theme-engine/dist/chunk-WITIL2MK.js?v=0ae3d3b2:673
[52005574ms] [LOG] [HomeComponentRenderer] MOUNT: path=ox-posters, index=5, renderCount=2 @ http://localhost:3210/node_modules/.pnpm/@salla.sa+twilight-theme-en_c3cd9c099c8c4c71b5353d842e4aee2e/node_modules/@salla.sa/twilight-theme-engine/dist/chunk-WITIL2MK.js?v=0ae3d3b2:673
[52005575ms] [LOG] [HomeComponentRenderer] MOUNT: path=ox-products-secondary, index=6, renderCount=2 @ http://localhost:3210/node_modules/.pnpm/@salla.sa+twilight-theme-en_c3cd9c099c8c4c71b5353d842e4aee2e/node_modules/@salla.sa/twilight-theme-engine/dist/chunk-WITIL2MK.js?v=0ae3d3b2:673
[52005576ms] [LOG] [HomeComponentRenderer] MOUNT: path=ox-categories, index=7, renderCount=2 @ http://localhost:3210/node_modules/.pnpm/@salla.sa+twilight-theme-en_c3cd9c099c8c4c71b5353d842e4aee2e/node_modules/@salla.sa/twilight-theme-engine/dist/chunk-WITIL2MK.js?v=0ae3d3b2:673
[52005576ms] [LOG] [HomeComponentRenderer] MOUNT: path=ox-brands, index=8, renderCount=2 @ http://localhost:3210/node_modules/.pnpm/@salla.sa+twilight-theme-en_c3cd9c099c8c4c71b5353d842e4aee2e/node_modules/@salla.sa/twilight-theme-engine/dist/chunk-WITIL2MK.js?v=0ae3d3b2:673
[52005576ms] [LOG] [HomeComponentRenderer] MOUNT: path=ox-services, index=9, renderCount=2 @ http://localhost:3210/node_modules/.pnpm/@salla.sa+twilight-theme-en_c3cd9c099c8c4c71b5353d842e4aee2e/node_modules/@salla.sa/twilight-theme-engine/dist/chunk-WITIL2MK.js?v=0ae3d3b2:673
[52005578ms] [LOG] [HomeComponentRenderer] MOUNT: path=ox-guides, index=10, renderCount=2 @ http://localhost:3210/node_modules/.pnpm/@salla.sa+twilight-theme-en_c3cd9c099c8c4c71b5353d842e4aee2e/node_modules/@salla.sa/twilight-theme-engine/dist/chunk-WITIL2MK.js?v=0ae3d3b2:673
[52005579ms] [LOG] [HomeComponentRenderer] MOUNT: path=ox-branch, index=11, renderCount=2 @ http://localhost:3210/node_modules/.pnpm/@salla.sa+twilight-theme-en_c3cd9c099c8c4c71b5353d842e4aee2e/node_modules/@salla.sa/twilight-theme-engine/dist/chunk-WITIL2MK.js?v=0ae3d3b2:673
[52005580ms] [LOG] [HomeComponentRenderer] MOUNT: path=ox-certifications, index=12, renderCount=2 @ http://localhost:3210/node_modules/.pnpm/@salla.sa+twilight-theme-en_c3cd9c099c8c4c71b5353d842e4aee2e/node_modules/@salla.sa/twilight-theme-engine/dist/chunk-WITIL2MK.js?v=0ae3d3b2:673
[52005581ms] [LOG] [HomeComponentRenderer] MOUNT: path=ox-faq, index=13, renderCount=2 @ http://localhost:3210/node_modules/.pnpm/@salla.sa+twilight-theme-en_c3cd9c099c8c4c71b5353d842e4aee2e/node_modules/@salla.sa/twilight-theme-engine/dist/chunk-WITIL2MK.js?v=0ae3d3b2:673
[52005581ms] [LOG] [HomeComponentRenderer] MOUNT: path=ox-newsletter, index=14, renderCount=2 @ http://localhost:3210/node_modules/.pnpm/@salla.sa+twilight-theme-en_c3cd9c099c8c4c71b5353d842e4aee2e/node_modules/@salla.sa/twilight-theme-engine/dist/chunk-WITIL2MK.js?v=0ae3d3b2:673
[52005582ms] [LOG] [HomeComponentRenderer] MOUNT: path=ox-banner, index=15, renderCount=2 @ http://localhost:3210/node_modules/.pnpm/@salla.sa+twilight-theme-en_c3cd9c099c8c4c71b5353d842e4aee2e/node_modules/@salla.sa/twilight-theme-engine/dist/chunk-WITIL2MK.js?v=0ae3d3b2:673
[52005592ms] [LOG] [HomeComponentRenderer] UNMOUNT: path=ox-hero, index=0 @ http://localhost:3210/node_modules/.pnpm/@salla.sa+twilight-theme-en_c3cd9c099c8c4c71b5353d842e4aee2e/node_modules/@salla.sa/twilight-theme-engine/dist/chunk-WITIL2MK.js?v=0ae3d3b2:675
[52005592ms] [LOG] [HomeComponentRenderer] UNMOUNT: path=ox-trust-strip, index=1 @ http://localhost:3210/node_modules/.pnpm/@salla.sa+twilight-theme-en_c3cd9c099c8c4c71b5353d842e4aee2e/node_modules/@salla.sa/twilight-theme-engine/dist/chunk-WITIL2MK.js?v=0ae3d3b2:675
[52005593ms] [LOG] [HomeComponentRenderer] UNMOUNT: path=ox-goals, index=2 @ http://localhost:3210/node_modules/.pnpm/@salla.sa+twilight-theme-en_c3cd9c099c8c4c71b5353d842e4aee2e/node_modules/@salla.sa/twilight-theme-engine/dist/chunk-WITIL2MK.js?v=0ae3d3b2:675
[52005593ms] [LOG] [HomeComponentRenderer] UNMOUNT: path=ox-products, index=3 @ http://localhost:3210/node_modules/.pnpm/@salla.sa+twilight-theme-en_c3cd9c099c8c4c71b5353d842e4aee2e/node_modules/@salla.sa/twilight-theme-engine/dist/chunk-WITIL2MK.js?v=0ae3d3b2:675
[52005594ms] [LOG] [HomeComponentRenderer] UNMOUNT: path=ox-poster, index=4 @ http://localhost:3210/node_modules/.pnpm/@salla.sa+twilight-theme-en_c3cd9c099c8c4c71b5353d842e4aee2e/node_modules/@salla.sa/twilight-theme-engine/dist/chunk-WITIL2MK.js?v=0ae3d3b2:675
[52005594ms] [LOG] [HomeComponentRenderer] UNMOUNT: path=ox-posters, index=5 @ http://localhost:3210/node_modules/.pnpm/@salla.sa+twilight-theme-en_c3cd9c099c8c4c71b5353d842e4aee2e/node_modules/@salla.sa/twilight-theme-engine/dist/chunk-WITIL2MK.js?v=0ae3d3b2:675
[52005594ms] [LOG] [HomeComponentRenderer] UNMOUNT: path=ox-products-secondary, index=6 @ http://localhost:3210/node_modules/.pnpm/@salla.sa+twilight-theme-en_c3cd9c099c8c4c71b5353d842e4aee2e/node_modules/@salla.sa/twilight-theme-engine/dist/chunk-WITIL2MK.js?v=0ae3d3b2:675
[52005594ms] [LOG] [HomeComponentRenderer] UNMOUNT: path=ox-categories, index=7 @ http://localhost:3210/node_modules/.pnpm/@salla.sa+twilight-theme-en_c3cd9c099c8c4c71b5353d842e4aee2e/node_modules/@salla.sa/twilight-theme-engine/dist/chunk-WITIL2MK.js?v=0ae3d3b2:675
[52005595ms] [LOG] [HomeComponentRenderer] UNMOUNT: path=ox-brands, index=8 @ http://localhost:3210/node_modules/.pnpm/@salla.sa+twilight-theme-en_c3cd9c099c8c4c71b5353d842e4aee2e/node_modules/@salla.sa/twilight-theme-engine/dist/chunk-WITIL2MK.js?v=0ae3d3b2:675
[52005595ms] [LOG] [HomeComponentRenderer] UNMOUNT: path=ox-services, index=9 @ http://localhost:3210/node_modules/.pnpm/@salla.sa+twilight-theme-en_c3cd9c099c8c4c71b5353d842e4aee2e/node_modules/@salla.sa/twilight-theme-engine/dist/chunk-WITIL2MK.js?v=0ae3d3b2:675
[52005595ms] [LOG] [HomeComponentRenderer] UNMOUNT: path=ox-guides, index=10 @ http://localhost:3210/node_modules/.pnpm/@salla.sa+twilight-theme-en_c3cd9c099c8c4c71b5353d842e4aee2e/node_modules/@salla.sa/twilight-theme-engine/dist/chunk-WITIL2MK.js?v=0ae3d3b2:675
[52005596ms] [LOG] [HomeComponentRenderer] UNMOUNT: path=ox-branch, index=11 @ http://localhost:3210/node_modules/.pnpm/@salla.sa+twilight-theme-en_c3cd9c099c8c4c71b5353d842e4aee2e/node_modules/@salla.sa/twilight-theme-engine/dist/chunk-WITIL2MK.js?v=0ae3d3b2:675
[52005596ms] [LOG] [HomeComponentRenderer] UNMOUNT: path=ox-certifications, index=12 @ http://localhost:3210/node_modules/.pnpm/@salla.sa+twilight-theme-en_c3cd9c099c8c4c71b5353d842e4aee2e/node_modules/@salla.sa/twilight-theme-engine/dist/chunk-WITIL2MK.js?v=0ae3d3b2:675
[52005596ms] [LOG] [HomeComponentRenderer] UNMOUNT: path=ox-faq, index=13 @ http://localhost:3210/node_modules/.pnpm/@salla.sa+twilight-theme-en_c3cd9c099c8c4c71b5353d842e4aee2e/node_modules/@salla.sa/twilight-theme-engine/dist/chunk-WITIL2MK.js?v=0ae3d3b2:675
[52005597ms] [LOG] [HomeComponentRenderer] UNMOUNT: path=ox-newsletter, index=14 @ http://localhost:3210/node_modules/.pnpm/@salla.sa+twilight-theme-en_c3cd9c099c8c4c71b5353d842e4aee2e/node_modules/@salla.sa/twilight-theme-engine/dist/chunk-WITIL2MK.js?v=0ae3d3b2:675
[52005597ms] [LOG] [HomeComponentRenderer] UNMOUNT: path=ox-banner, index=15 @ http://localhost:3210/node_modules/.pnpm/@salla.sa+twilight-theme-en_c3cd9c099c8c4c71b5353d842e4aee2e/node_modules/@salla.sa/twilight-theme-engine/dist/chunk-WITIL2MK.js?v=0ae3d3b2:675
[52005604ms] [LOG] [HomeComponentRenderer] MOUNT: path=ox-hero, index=0, renderCount=2 @ http://localhost:3210/node_modules/.pnpm/@salla.sa+twilight-theme-en_c3cd9c099c8c4c71b5353d842e4aee2e/node_modules/@salla.sa/twilight-theme-engine/dist/chunk-WITIL2MK.js?v=0ae3d3b2:673
[52005605ms] [LOG] [HomeComponentRenderer] MOUNT: path=ox-trust-strip, index=1, renderCount=2 @ http://localhost:3210/node_modules/.pnpm/@salla.sa+twilight-theme-en_c3cd9c099c8c4c71b5353d842e4aee2e/node_modules/@salla.sa/twilight-theme-engine/dist/chunk-WITIL2MK.js?v=0ae3d3b2:673
[52005605ms] [LOG] [HomeComponentRenderer] MOUNT: path=ox-goals, index=2, renderCount=2 @ http://localhost:3210/node_modules/.pnpm/@salla.sa+twilight-theme-en_c3cd9c099c8c4c71b5353d842e4aee2e/node_modules/@salla.sa/twilight-theme-engine/dist/chunk-WITIL2MK.js?v=0ae3d3b2:673
[52005606ms] [LOG] [HomeComponentRenderer] MOUNT: path=ox-products, index=3, renderCount=2 @ http://localhost:3210/node_modules/.pnpm/@salla.sa+twilight-theme-en_c3cd9c099c8c4c71b5353d842e4aee2e/node_modules/@salla.sa/twilight-theme-engine/dist/chunk-WITIL2MK.js?v=0ae3d3b2:673
[52005606ms] [LOG] [HomeComponentRenderer] MOUNT: path=ox-poster, index=4, renderCount=2 @ http://localhost:3210/node_modules/.pnpm/@salla.sa+twilight-theme-en_c3cd9c099c8c4c71b5353d842e4aee2e/node_modules/@salla.sa/twilight-theme-engine/dist/chunk-WITIL2MK.js?v=0ae3d3b2:673
[52005606ms] [LOG] [HomeComponentRenderer] MOUNT: path=ox-posters, index=5, renderCount=2 @ http://localhost:3210/node_modules/.pnpm/@salla.sa+twilight-theme-en_c3cd9c099c8c4c71b5353d842e4aee2e/node_modules/@salla.sa/twilight-theme-engine/dist/chunk-WITIL2MK.js?v=0ae3d3b2:673
[52005607ms] [LOG] [HomeComponentRenderer] MOUNT: path=ox-products-secondary, index=6, renderCount=2 @ http://localhost:3210/node_modules/.pnpm/@salla.sa+twilight-theme-en_c3cd9c099c8c4c71b5353d842e4aee2e/node_modules/@salla.sa/twilight-theme-engine/dist/chunk-WITIL2MK.js?v=0ae3d3b2:673
[52005607ms] [LOG] [HomeComponentRenderer] MOUNT: path=ox-categories, index=7, renderCount=2 @ http://localhost:3210/node_modules/.pnpm/@salla.sa+twilight-theme-en_c3cd9c099c8c4c71b5353d842e4aee2e/node_modules/@salla.sa/twilight-theme-engine/dist/chunk-WITIL2MK.js?v=0ae3d3b2:673
[52005607ms] [LOG] [HomeComponentRenderer] MOUNT: path=ox-brands, index=8, renderCount=2 @ http://localhost:3210/node_modules/.pnpm/@salla.sa+twilight-theme-en_c3cd9c099c8c4c71b5353d842e4aee2e/node_modules/@salla.sa/twilight-theme-engine/dist/chunk-WITIL2MK.js?v=0ae3d3b2:673
[52005608ms] [LOG] [HomeComponentRenderer] MOUNT: path=ox-services, index=9, renderCount=2 @ http://localhost:3210/node_modules/.pnpm/@salla.sa+twilight-theme-en_c3cd9c099c8c4c71b5353d842e4aee2e/node_modules/@salla.sa/twilight-theme-engine/dist/chunk-WITIL2MK.js?v=0ae3d3b2:673
[52005608ms] [LOG] [HomeComponentRenderer] MOUNT: path=ox-guides, index=10, renderCount=2 @ http://localhost:3210/node_modules/.pnpm/@salla.sa+twilight-theme-en_c3cd9c099c8c4c71b5353d842e4aee2e/node_modules/@salla.sa/twilight-theme-engine/dist/chunk-WITIL2MK.js?v=0ae3d3b2:673
[52005609ms] [LOG] [HomeComponentRenderer] MOUNT: path=ox-branch, index=11, renderCount=2 @ http://localhost:3210/node_modules/.pnpm/@salla.sa+twilight-theme-en_c3cd9c099c8c4c71b5353d842e4aee2e/node_modules/@salla.sa/twilight-theme-engine/dist/chunk-WITIL2MK.js?v=0ae3d3b2:673
[52005609ms] [LOG] [HomeComponentRenderer] MOUNT: path=ox-certifications, index=12, renderCount=2 @ http://localhost:3210/node_modules/.pnpm/@salla.sa+twilight-theme-en_c3cd9c099c8c4c71b5353d842e4aee2e/node_modules/@salla.sa/twilight-theme-engine/dist/chunk-WITIL2MK.js?v=0ae3d3b2:673
[52005609ms] [LOG] [HomeComponentRenderer] MOUNT: path=ox-faq, index=13, renderCount=2 @ http://localhost:3210/node_modules/.pnpm/@salla.sa+twilight-theme-en_c3cd9c099c8c4c71b5353d842e4aee2e/node_modules/@salla.sa/twilight-theme-engine/dist/chunk-WITIL2MK.js?v=0ae3d3b2:673
[52005610ms] [LOG] [HomeComponentRenderer] MOUNT: path=ox-newsletter, index=14, renderCount=2 @ http://localhost:3210/node_modules/.pnpm/@salla.sa+twilight-theme-en_c3cd9c099c8c4c71b5353d842e4aee2e/node_modules/@salla.sa/twilight-theme-engine/dist/chunk-WITIL2MK.js?v=0ae3d3b2:673
[52005610ms] [LOG] [HomeComponentRenderer] MOUNT: path=ox-banner, index=15, renderCount=2 @ http://localhost:3210/node_modules/.pnpm/@salla.sa+twilight-theme-en_c3cd9c099c8c4c71b5353d842e4aee2e/node_modules/@salla.sa/twilight-theme-engine/dist/chunk-WITIL2MK.js?v=0ae3d3b2:673
[52006906ms] [ERROR] Failed to load resource: the server responded with a status of 404 (Not Found) @ http://127.0.0.1:5178/store/v1/categories/ategories:0
[52007926ms] [ERROR] Failed to load resource: the server responded with a status of 404 (Not Found) @ http://127.0.0.1:5178/store/v1/categories/ategories:0
[52013345ms] [WARNING] The resource https://cdn.salla.sa/cdn-cgi/image/fit=scale-down,onerror=redirect,format=auto,width=300/dPrxBd/184e54c1-45b2-4373-8cdd-39243dbd9420-1000x1000-va7a4JfENowR83Szqdm771ErO8No3smnu8JCmTkG.jpg was preloaded using link preload but not used within a few seconds from the window's load event. Please make sure it has an appropriate `as` value and it is preloaded intentionally. @ http://localhost:3210/services:0
[52013345ms] [WARNING] The resource https://cdn.salla.sa/cdn-cgi/image/fit=scale-down,onerror=redirect,format=auto,width=300/dPrxBd/73b351e4-db32-4d66-ba9f-e8c8459fab5e-1000x1000-M3GIPfzBrU7DXXZJsNrmoqZ7u4kRejfSXKMQtV1h.jpg was preloaded using link preload but not used within a few seconds from the window's load event. Please make sure it has an appropriate `as` value and it is preloaded intentionally. @ http://localhost:3210/services:0
[52018617ms] [WARNING] The resource https://cdn.salla.sa/cdn-cgi/image/fit=scale-down,onerror=redirect,format=auto,width=300/dPrxBd/184e54c1-45b2-4373-8cdd-39243dbd9420-1000x1000-va7a4JfENowR83Szqdm771ErO8No3smnu8JCmTkG.jpg was preloaded using link preload but not used within a few seconds from the window's load event. Please make sure it has an appropriate `as` value and it is preloaded intentionally. @ http://localhost:3210/services:0
[52018617ms] [WARNING] The resource https://cdn.salla.sa/cdn-cgi/image/fit=scale-down,onerror=redirect,format=auto,width=300/dPrxBd/73b351e4-db32-4d66-ba9f-e8c8459fab5e-1000x1000-M3GIPfzBrU7DXXZJsNrmoqZ7u4kRejfSXKMQtV1h.jpg was preloaded using link preload but not used within a few seconds from the window's load event. Please make sure it has an appropriate `as` value and it is preloaded intentionally. @ http://localhost:3210/services:0
[52023584ms] [ERROR] Failed to load resource: the server responded with a status of 404 (Not Found) @ http://127.0.0.1:5178/store/v1/categories/ategories:0
[52024589ms] [ERROR] Failed to load resource: the server responded with a status of 404 (Not Found) @ http://127.0.0.1:5178/store/v1/categories/ategories:0
[52025518ms] [ERROR] Failed to load resource: the server responded with a status of 404 (Not Found) @ http://127.0.0.1:5178/store/v1/categories/ategories:0
[52026535ms] [ERROR] Failed to load resource: the server responded with a status of 404 (Not Found) @ http://127.0.0.1:5178/store/v1/categories/ategories:0
[52030025ms] [WARNING] The resource https://cdn.salla.sa/cdn-cgi/image/fit=scale-down,onerror=redirect,format=auto,width=300/dPrxBd/184e54c1-45b2-4373-8cdd-39243dbd9420-1000x1000-va7a4JfENowR83Szqdm771ErO8No3smnu8JCmTkG.jpg was preloaded using link preload but not used within a few seconds from the window's load event. Please make sure it has an appropriate `as` value and it is preloaded intentionally. @ http://localhost:3210/services:0
[52030025ms] [WARNING] The resource https://cdn.salla.sa/cdn-cgi/image/fit=scale-down,onerror=redirect,format=auto,width=300/dPrxBd/73b351e4-db32-4d66-ba9f-e8c8459fab5e-1000x1000-M3GIPfzBrU7DXXZJsNrmoqZ7u4kRejfSXKMQtV1h.jpg was preloaded using link preload but not used within a few seconds from the window's load event. Please make sure it has an appropriate `as` value and it is preloaded intentionally. @ http://localhost:3210/services:0
[52030650ms] [ERROR] [store.settings] Failed: TypeError: Failed to execute 'set' on 'Headers': String contains non ISO-8859-1 code point.
    at ky.extend.hooks.beforeRequest (http://localhost:3210/node_modules/.pnpm/@salla.sa+twilight-theme-en_c3cd9c099c8c4c71b5353d842e4aee2e/node_modules/@salla.sa/twilight-theme-engine/dist/chunk-O6XXHXC4.js?v=0ae3d3b2:95:25)
    at http://localhost:3210/node_modules/.pnpm/ky@2.1.0/node_modules/ky/distribution/core/Ky.js?v=0ae3d3b2:731:73
    at #raceWithTotalTimeout (http://localhost:3210/node_modules/.pnpm/ky@2.1.0/node_modules/ky/distribution/core/Ky.js?v=0ae3d3b2:572:20)
    at #runBeforeRequestHooks (http://localhost:3210/node_modules/.pnpm/ky@2.1.0/node_modules/ky/distribution/core/Ky.js?v=0ae3d3b2:731:60)
    at function_ (http://localhost:3210/node_modules/.pnpm/ky@2.1.0/node_modules/ky/distribution/core/Ky.js?v=0ae3d3b2:117:74)
    at async http://localhost:3210/node_modules/.pnpm/ky@2.1.0/node_modules/ky/distribution/core/Ky.js?v=0ae3d3b2:195:24
    at async result.<computed> [as json] (http://localhost:3210/node_modules/.pnpm/ky@2.1.0/node_modules/ky/distribution/core/Ky.js?v=0ae3d3b2:219:34)
    at async Object.settings (http://localhost:3210/node_modules/.pnpm/@salla.sa+twilight-theme-en_c3cd9c099c8c4c71b5353d842e4aee2e/node_modules/@salla.sa/twilight-theme-engine/dist/chunk-WMSOSA74.js?v=0ae3d3b2:34:20) @ http://localhost:3210/@vite/client:532
[52032377ms] [ERROR] [store.settings] Failed: TypeError: Failed to execute 'set' on 'Headers': String contains non ISO-8859-1 code point.
    at ky.extend.hooks.beforeRequest (http://localhost:3210/node_modules/.pnpm/@salla.sa+twilight-theme-en_c3cd9c099c8c4c71b5353d842e4aee2e/node_modules/@salla.sa/twilight-theme-engine/dist/chunk-O6XXHXC4.js?v=0ae3d3b2:95:25)
    at http://localhost:3210/node_modules/.pnpm/ky@2.1.0/node_modules/ky/distribution/core/Ky.js?v=0ae3d3b2:731:73
    at #raceWithTotalTimeout (http://localhost:3210/node_modules/.pnpm/ky@2.1.0/node_modules/ky/distribution/core/Ky.js?v=0ae3d3b2:572:20)
    at #runBeforeRequestHooks (http://localhost:3210/node_modules/.pnpm/ky@2.1.0/node_modules/ky/distribution/core/Ky.js?v=0ae3d3b2:731:60)
    at function_ (http://localhost:3210/node_modules/.pnpm/ky@2.1.0/node_modules/ky/distribution/core/Ky.js?v=0ae3d3b2:117:74)
    at async http://localhost:3210/node_modules/.pnpm/ky@2.1.0/node_modules/ky/distribution/core/Ky.js?v=0ae3d3b2:195:24
    at async result.<computed> [as json] (http://localhost:3210/node_modules/.pnpm/ky@2.1.0/node_modules/ky/distribution/core/Ky.js?v=0ae3d3b2:219:34)
    at async Object.settings (http://localhost:3210/node_modules/.pnpm/@salla.sa+twilight-theme-en_c3cd9c099c8c4c71b5353d842e4aee2e/node_modules/@salla.sa/twilight-theme-engine/dist/chunk-WMSOSA74.js?v=0ae3d3b2:34:20) @ http://localhost:3210/@vite/client:532
[52034276ms] [WARNING] The resource https://cdn.salla.sa/cdn-cgi/image/fit=scale-down,onerror=redirect,format=auto,width=300/dPrxBd/184e54c1-45b2-4373-8cdd-39243dbd9420-1000x1000-va7a4JfENowR83Szqdm771ErO8No3smnu8JCmTkG.jpg was preloaded using link preload but not used within a few seconds from the window's load event. Please make sure it has an appropriate `as` value and it is preloaded intentionally. @ http://localhost:3210/services:0
[52034277ms] [WARNING] The resource https://cdn.salla.sa/cdn-cgi/image/fit=scale-down,onerror=redirect,format=auto,width=300/dPrxBd/73b351e4-db32-4d66-ba9f-e8c8459fab5e-1000x1000-M3GIPfzBrU7DXXZJsNrmoqZ7u4kRejfSXKMQtV1h.jpg was preloaded using link preload but not used within a few seconds from the window's load event. Please make sure it has an appropriate `as` value and it is preloaded intentionally. @ http://localhost:3210/services:0
[52749092ms] [ERROR] Failed to load resource: the server responded with a status of 500 (Internal Server Error) @ http://localhost:3210/app/components/blocks/ProductsGridWrapper.tsx?t=1790003887227:0
[52749097ms] [ERROR] [vite] Failed to reload /app/components/blocks/ProductsGridWrapper.tsx. This could be due to syntax errors or importing non-existent modules. (see errors above) @ http://localhost:3210/@vite/client:532
[52752103ms] [WARNING] The resource https://cdn.salla.sa/cdn-cgi/image/fit=scale-down,onerror=redirect,format=auto,width=300/dPrxBd/184e54c1-45b2-4373-8cdd-39243dbd9420-1000x1000-va7a4JfENowR83Szqdm771ErO8No3smnu8JCmTkG.jpg was preloaded using link preload but not used within a few seconds from the window's load event. Please make sure it has an appropriate `as` value and it is preloaded intentionally. @ http://localhost:3210/services:0
[52752103ms] [WARNING] The resource https://cdn.salla.sa/cdn-cgi/image/fit=scale-down,onerror=redirect,format=auto,width=300/dPrxBd/73b351e4-db32-4d66-ba9f-e8c8459fab5e-1000x1000-M3GIPfzBrU7DXXZJsNrmoqZ7u4kRejfSXKMQtV1h.jpg was preloaded using link preload but not used within a few seconds from the window's load event. Please make sure it has an appropriate `as` value and it is preloaded intentionally. @ http://localhost:3210/services:0
[52765361ms] [WARNING] The resource https://cdn.salla.sa/cdn-cgi/image/fit=scale-down,onerror=redirect,format=auto,width=300/dPrxBd/184e54c1-45b2-4373-8cdd-39243dbd9420-1000x1000-va7a4JfENowR83Szqdm771ErO8No3smnu8JCmTkG.jpg was preloaded using link preload but not used within a few seconds from the window's load event. Please make sure it has an appropriate `as` value and it is preloaded intentionally. @ http://localhost:3210/services:0
[52765361ms] [WARNING] The resource https://cdn.salla.sa/cdn-cgi/image/fit=scale-down,onerror=redirect,format=auto,width=300/dPrxBd/73b351e4-db32-4d66-ba9f-e8c8459fab5e-1000x1000-M3GIPfzBrU7DXXZJsNrmoqZ7u4kRejfSXKMQtV1h.jpg was preloaded using link preload but not used within a few seconds from the window's load event. Please make sure it has an appropriate `as` value and it is preloaded intentionally. @ http://localhost:3210/services:0
[52770977ms] [ERROR] Failed to load resource: net::ERR_EMPTY_RESPONSE @ http://localhost:3210/app/components/common/Band.tsx?t=1790003887320:0
[52770978ms] [ERROR] [vite] Failed to reload /app/components/common/Band.tsx. This could be due to syntax errors or importing non-existent modules. (see errors above) @ http://localhost:3210/@vite/client:532
[52770981ms] [ERROR] Failed to load resource: net::ERR_CONNECTION_REFUSED @ http://localhost:3210/assets/images/about-store.webp:0
[52770986ms] [ERROR] Failed to load resource: net::ERR_CONNECTION_REFUSED @ http://localhost:3210/app/styles/app.css?t=1790003887343:0
[52770986ms] [ERROR] Failed to load resource: net::ERR_CONNECTION_REFUSED @ http://localhost:3210/app/components/layout/Header/ContactAffordance.tsx?t=1790003887343:0
[52770987ms] [ERROR] [vite] Failed to reload /app/styles/app.css. This could be due to syntax errors or importing non-existent modules. (see errors above) @ http://localhost:3210/@vite/client:532
[52770987ms] [ERROR] [vite] Failed to reload /app/components/layout/Header/ContactAffordance.tsx. This could be due to syntax errors or importing non-existent modules. (see errors above) @ http://localhost:3210/@vite/client:532
[52770996ms] [ERROR] Failed to load resource: net::ERR_CONNECTION_REFUSED @ http://localhost:3210/app/styles/app.css?t=1790003887360:0
[52770996ms] [ERROR] [vite] Failed to reload /app/styles/app.css. This could be due to syntax errors or importing non-existent modules. (see errors above) @ http://localhost:3210/@vite/client:532
[52771000ms] [ERROR] Failed to load resource: net::ERR_CONNECTION_REFUSED @ http://localhost:3210/app/styles/app.css?t=1790003887365:0
[52771000ms] [ERROR] [vite] Failed to reload /app/styles/app.css. This could be due to syntax errors or importing non-existent modules. (see errors above) @ http://localhost:3210/@vite/client:532
[52771000ms] [ERROR] Failed to load resource: net::ERR_CONNECTION_REFUSED @ http://localhost:3210/app/components/listing/ListingToolbar.tsx?t=1790003887365:0
[52771000ms] [ERROR] [vite] Failed to reload /app/components/listing/ListingToolbar.tsx. This could be due to syntax errors or importing non-existent modules. (see errors above) @ http://localhost:3210/@vite/client:532
[52771004ms] [ERROR] Failed to load resource: net::ERR_CONNECTION_REFUSED @ http://localhost:3210/app/styles/app.css?t=1790003887379:0
[52771004ms] [ERROR] [vite] Failed to reload /app/styles/app.css. This could be due to syntax errors or importing non-existent modules. (see errors above) @ http://localhost:3210/@vite/client:532
[52771004ms] [ERROR] Failed to load resource: net::ERR_CONNECTION_REFUSED @ http://localhost:3210/app/components/layout/Footer/FooterBottom.tsx?t=1790003887379:0
[52771005ms] [ERROR] [vite] Failed to reload /app/components/layout/Footer/FooterBottom.tsx. This could be due to syntax errors or importing non-existent modules. (see errors above) @ http://localhost:3210/@vite/client:532
[52771008ms] [ERROR] Failed to load resource: net::ERR_CONNECTION_REFUSED @ http://localhost:3210/app/styles/app.css?t=1790003887388:0
[52771008ms] [ERROR] [vite] Failed to reload /app/styles/app.css. This could be due to syntax errors or importing non-existent modules. (see errors above) @ http://localhost:3210/@vite/client:532
[52771011ms] [ERROR] Failed to load resource: net::ERR_CONNECTION_REFUSED @ http://localhost:3210/app/styles/app.css?t=1790003887393:0
[52771011ms] [ERROR] [vite] Failed to reload /app/styles/app.css. This could be due to syntax errors or importing non-existent modules. (see errors above) @ http://localhost:3210/@vite/client:532
[52771011ms] [ERROR] Failed to load resource: net::ERR_CONNECTION_REFUSED @ http://localhost:3210/app/components/home/BandPhoto.tsx?t=1790003887393:0
[52771012ms] [ERROR] [vite] Failed to reload /app/components/home/BandPhoto.tsx. This could be due to syntax errors or importing non-existent modules. (see errors above) @ http://localhost:3210/@vite/client:532
[52771015ms] [ERROR] Failed to load resource: net::ERR_CONNECTION_REFUSED @ http://localhost:3210/app/styles/app.css?t=1790003887405:0
[52771015ms] [ERROR] [vite] Failed to reload /app/styles/app.css. This could be due to syntax errors or importing non-existent modules. (see errors above) @ http://localhost:3210/@vite/client:532
[52771015ms] [ERROR] Failed to load resource: net::ERR_CONNECTION_REFUSED @ http://localhost:3210/app/components/product/BelowFold/AnchorStrip.tsx?t=1790003887405:0
[52771015ms] [ERROR] [vite] Failed to reload /app/components/product/BelowFold/AnchorStrip.tsx. This could be due to syntax errors or importing non-existent modules. (see errors above) @ http://localhost:3210/@vite/client:532
[52771018ms] [ERROR] Failed to load resource: net::ERR_CONNECTION_REFUSED @ http://localhost:3210/app/styles/app.css?t=1790003887553:0
[52771018ms] [ERROR] [vite] Failed to reload /app/styles/app.css. This could be due to syntax errors or importing non-existent modules. (see errors above) @ http://localhost:3210/@vite/client:532
[52771021ms] [ERROR] Failed to load resource: net::ERR_CONNECTION_REFUSED @ http://localhost:3210/app/styles/app.css?t=1790003887559:0
[52771021ms] [ERROR] [vite] Failed to reload /app/styles/app.css. This could be due to syntax errors or importing non-existent modules. (see errors above) @ http://localhost:3210/@vite/client:532
[52771024ms] [ERROR] Failed to load resource: net::ERR_CONNECTION_REFUSED @ http://localhost:3210/app/styles/app.css?t=1790003887566:0
[52771024ms] [ERROR] [vite] Failed to reload /app/styles/app.css. This could be due to syntax errors or importing non-existent modules. (see errors above) @ http://localhost:3210/@vite/client:532
[52771030ms] [ERROR] Failed to load resource: net::ERR_CONNECTION_REFUSED @ http://localhost:3210/app/styles/app.css?t=1790003887583:0
[52771030ms] [ERROR] [vite] Failed to reload /app/styles/app.css. This could be due to syntax errors or importing non-existent modules. (see errors above) @ http://localhost:3210/@vite/client:532
[52771031ms] [ERROR] Failed to load resource: net::ERR_CONNECTION_REFUSED @ http://localhost:3210/app/routes/loyalty.tsx?t=1790003887583:0
[52771031ms] [ERROR] [vite] Failed to reload /app/routes/loyalty.tsx. This could be due to syntax errors or importing non-existent modules. (see errors above) @ http://localhost:3210/@vite/client:532
[52771031ms] [ERROR] Failed to load resource: net::ERR_CONNECTION_REFUSED @ http://localhost:3210/app/routes/account.profile.tsx?t=1790003887583:0
[52771031ms] [ERROR] Failed to load resource: net::ERR_CONNECTION_REFUSED @ http://localhost:3210/app/routes/account.orders.tsx?t=1790003887583:0
[52771031ms] [ERROR] Failed to load resource: net::ERR_CONNECTION_REFUSED @ http://localhost:3210/app/routes/account.wishlist.tsx?t=1790003887583:0
[52771031ms] [ERROR] [vite] Failed to reload /app/routes/account.profile.tsx. This could be due to syntax errors or importing non-existent modules. (see errors above) @ http://localhost:3210/@vite/client:532
[52771031ms] [ERROR] [vite] Failed to reload /app/routes/account.orders.tsx. This could be due to syntax errors or importing non-existent modules. (see errors above) @ http://localhost:3210/@vite/client:532
[52771031ms] [ERROR] [vite] Failed to reload /app/routes/account.wishlist.tsx. This could be due to syntax errors or importing non-existent modules. (see errors above) @ http://localhost:3210/@vite/client:532
[52771037ms] [ERROR] Failed to load resource: net::ERR_CONNECTION_REFUSED @ http://localhost:3210/app/styles/app.css?t=1790003887606:0
[52771041ms] [ERROR] [vite] Failed to reload /app/styles/app.css. This could be due to syntax errors or importing non-existent modules. (see errors above) @ http://localhost:3210/@vite/client:532
[52771041ms] [ERROR] Failed to load resource: net::ERR_CONNECTION_REFUSED @ http://localhost:3210/app/components/common/OxBreadcrumb.tsx?t=1790003887606:0
[52771041ms] [ERROR] [vite] Failed to reload /app/components/common/OxBreadcrumb.tsx. This could be due to syntax errors or importing non-existent modules. (see errors above) @ http://localhost:3210/@vite/client:532
[52771045ms] [ERROR] Failed to load resource: net::ERR_CONNECTION_REFUSED @ http://localhost:3210/app/styles/app.css?t=1790003887616:0
[52771045ms] [ERROR] [vite] Failed to reload /app/styles/app.css. This could be due to syntax errors or importing non-existent modules. (see errors above) @ http://localhost:3210/@vite/client:532
[52771045ms] [ERROR] Failed to load resource: net::ERR_CONNECTION_REFUSED @ http://localhost:3210/app/components/commerce/CartHeader.tsx?t=1790003887616:0
[52771046ms] [ERROR] [vite] Failed to reload /app/components/commerce/CartHeader.tsx. This could be due to syntax errors or importing non-existent modules. (see errors above) @ http://localhost:3210/@vite/client:532
[52771049ms] [ERROR] Failed to load resource: net::ERR_CONNECTION_REFUSED @ http://localhost:3210/app/styles/app.css?t=1790003887627:0
[52771049ms] [ERROR] [vite] Failed to reload /app/styles/app.css. This could be due to syntax errors or importing non-existent modules. (see errors above) @ http://localhost:3210/@vite/client:532
[52771050ms] [ERROR] Failed to load resource: net::ERR_CONNECTION_REFUSED @ http://localhost:3210/app/components/common/Panel.tsx?t=1790003887627:0
[52771050ms] [ERROR] [vite] Failed to reload /app/components/common/Panel.tsx. This could be due to syntax errors or importing non-existent modules. (see errors above) @ http://localhost:3210/@vite/client:532
[52771055ms] [ERROR] Failed to load resource: net::ERR_CONNECTION_REFUSED @ http://localhost:3210/app/styles/app.css?t=1790003887634:0
[52771055ms] [ERROR] [vite] Failed to reload /app/styles/app.css. This could be due to syntax errors or importing non-existent modules. (see errors above) @ http://localhost:3210/@vite/client:532
[52771055ms] [ERROR] Failed to load resource: net::ERR_CONNECTION_REFUSED @ http://localhost:3210/app/components/common/StatStrip.tsx?t=1790003887634:0
[52771055ms] [ERROR] [vite] Failed to reload /app/components/common/StatStrip.tsx. This could be due to syntax errors or importing non-existent modules. (see errors above) @ http://localhost:3210/@vite/client:532
[52771062ms] [ERROR] Failed to load resource: net::ERR_CONNECTION_REFUSED @ http://localhost:3210/app/styles/app.css?t=1790003887641:0
[52771062ms] [ERROR] Failed to load resource: net::ERR_CONNECTION_REFUSED @ http://localhost:3210/app/components/common/StoreRating.tsx?t=1790003887641:0
[52771062ms] [ERROR] [vite] Failed to reload /app/styles/app.css. This could be due to syntax errors or importing non-existent modules. (see errors above) @ http://localhost:3210/@vite/client:532
[52771063ms] [ERROR] [vite] Failed to reload /app/components/common/StoreRating.tsx. This could be due to syntax errors or importing non-existent modules. (see errors above) @ http://localhost:3210/@vite/client:532
[52771067ms] [ERROR] Failed to load resource: net::ERR_CONNECTION_REFUSED @ http://localhost:3210/app/styles/app.css?t=1790003887681:0
[52771068ms] [ERROR] [vite] Failed to reload /app/styles/app.css. This could be due to syntax errors or importing non-existent modules. (see errors above) @ http://localhost:3210/@vite/client:532
[52771069ms] [ERROR] Failed to load resource: net::ERR_CONNECTION_REFUSED @ http://localhost:3210/app/components/common/WebComponentBoundary.tsx?t=1790003887681:0
[52771069ms] [ERROR] [vite] Failed to reload /app/components/common/WebComponentBoundary.tsx. This could be due to syntax errors or importing non-existent modules. (see errors above) @ http://localhost:3210/@vite/client:532
[52774128ms] [ERROR] Failed to load resource: the server responded with a status of 500 (Internal Server Error) @ http://localhost:3210/services:0
[52774193ms] [ERROR] Failed to load resource: the server responded with a status of 500 (Internal Server Error) @ http://localhost:3210/favicon.ico:0
[63077319ms] [ERROR] Failed to load resource: the server responded with a status of 500 (Internal Server Error) @ http://localhost:3210/app/components/commerce/CartHeader.tsx?t=1790014216439:0
[63077320ms] [ERROR] [vite] Failed to reload /app/components/commerce/CartHeader.tsx. This could be due to syntax errors or importing non-existent modules. (see errors above) @ http://localhost:3210/@vite/client:532
[63096159ms] [ERROR] Failed to load resource: net::ERR_EMPTY_RESPONSE @ http://localhost:3210/app/components/common/Band.tsx?t=1790014216450:0
[63096159ms] [ERROR] [vite] Failed to reload /app/components/common/Band.tsx. This could be due to syntax errors or importing non-existent modules. (see errors above) @ http://localhost:3210/@vite/client:532
[63099098ms] [ERROR] Failed to load resource: the server responded with a status of 500 (Internal Server Error) @ http://localhost:3210/ar/services/services:0
[63099158ms] [ERROR] Failed to load resource: the server responded with a status of 500 (Internal Server Error) @ http://localhost:3210/favicon.ico:0
[64241616ms] [ERROR] Failed to load resource: the server responded with a status of 500 (Internal Server Error) @ http://localhost:3210/:0
[64241663ms] [ERROR] Failed to load resource: the server responded with a status of 500 (Internal Server Error) @ http://localhost:3210/favicon.ico:0
[64324289ms] [ERROR] Failed to load resource: the server responded with a status of 500 (Internal Server Error) @ http://localhost:3210/:0
[64324438ms] [ERROR] Failed to load resource: the server responded with a status of 500 (Internal Server Error) @ http://localhost:3210/favicon.ico:0
[64391265ms] [ERROR] Failed to load resource: the server responded with a status of 500 (Internal Server Error) @ http://localhost:3210/:0
[64391389ms] [ERROR] Failed to load resource: the server responded with a status of 500 (Internal Server Error) @ http://localhost:3210/favicon.ico:0
[65602444ms] [ERROR] Failed to load resource: the server responded with a status of 500 (Internal Server Error) @ http://localhost:3210/:0
[65602555ms] [ERROR] Failed to load resource: the server responded with a status of 500 (Internal Server Error) @ http://localhost:3210/favicon.ico:0
