[   16789ms] [LOG] [offline-api] browser: api.salla.dev + cdn.salla.network -> http://127.0.0.1:5178 @ http://localhost:3210/:0
[   18008ms] [INFO] %cDownload the React DevTools for a better development experience: https://react.dev/link/react-devtools font-weight:bold @ http://localhost:3210/node_modules/.vite/deps/react-dom_client.js?v=c58539c0:14335
[   18144ms] [WARNING] [Twilight] Could not hydrate twilight context: no root match in router state @ http://localhost:3210/@vite/client:532
[   18274ms] [ERROR] The result of getServerSnapshot should be cached to avoid an infinite loop @ http://localhost:3210/@vite/client:532
[   18330ms] [ERROR] A tree hydrated but some attributes of the server rendered HTML didn't match the client properties. This won't be patched up. This can happen if a SSR-ed Client Component used:

- A server/client branch `if (typeof window !== 'undefined')`.
- Variable input such as `Date.now()` or `Math.random()` which changes each time it's called.
- Date formatting in a user's locale which doesn't match the server.
- External changing data without sending a snapshot of it along with the HTML.
- Invalid HTML tag nesting.

It can also happen if the client has a browser extension installed which messes with the HTML before React loaded.

%s%s https://react.dev/link/hydration-mismatch 

  ...
    <ThemeDocumentSync>
    <TanStackDocumentSync>
    <NavigationSetup>
      <NavigationProvider navigate={function}>
        <LinkProvider adapter={{...}}>
          <WidgetHead>
          <AppsSnippets>
          <HookSlot>
          <Suspense>
          <OptimalXLayout>
            <div>
            <BottomTabBar>
              <nav className="ox-tabbar" aria-label="تنقل سريع" data-testid="ox-tabbar">
                <ul className="ox-tabbar_...">
                  <li>
                    <Link to="/" className="ox-tab">
                      <TanStackLinkAdapter ref={null} to="/" className="ox-tab" data-spa-link="">
                        <a
+                         className="ox-tab active"
-                         className="ox-tab is-active active"
                          style={undefined}
                          title={undefined}
                          target={undefined}
                          rel={undefined}
                          onClick={function handleClick}
                          aria-label={undefined}
                          data-spa-link=""
                          ref={{current:null}}
                          onBlur={function handleLeave}
                          onFocus={function}
                          onMouseEnter={function}
                          onMouseLeave={function handleLeave}
                          onTouchStart={function handleTouchStart}
                          href="/"
                          data-status="active"
                          aria-current="page"
                        >
                  ...
            ...
          ...
 @ http://localhost:3210/@vite/client:532
[   18907ms] Error: Hydration failed because the server rendered HTML didn't match the client. As a result this tree will be regenerated on the client. This can happen if a SSR-ed Client Component used:

- A server/client branch `if (typeof window !== 'undefined')`.
- Variable input such as `Date.now()` or `Math.random()` which changes each time it's called.
- Date formatting in a user's locale which doesn't match the server.
- External changing data without sending a snapshot of it along with the HTML.
- Invalid HTML tag nesting.

It can also happen if the client has a browser extension installed which messes with the HTML before React loaded.

https://react.dev/link/hydration-mismatch

  ...
    <RouterContextProvider router={{...}}>
      <QueryClientProvider client={{}}>
        <Matches>
          <Transitioner>
          <SafeFragment fallback={<Context>}>
            <MatchesInner>
              <CatchBoundary getResetKey={function getResetKey} onCatch={function}>
                <MatchImpl routeId="__root__">
                  <MatchView router={{...}} match={{id:"__root__/", ...}}>
                    <RootComponent>
                      <html lang="ar" dir="rtl" suppressHydrationWarning={true}>
                        <head>
                        <body suppressHydrationWarning={true}>
                          <noscript>
                          <TwilightProvider>
                          <Suspense>
                          <Suspense fallback={null}>
-                           <div>
                          ...

    at throwOnHydrationMismatch (http://localhost:3210/node_modules/.vite/deps/react-dom_client.js?v=c58539c0:2968:51)
    at popHydrationState (http://localhost:3210/node_modules/.vite/deps/react-dom_client.js?v=c58539c0:3051:5)
    at completeWork (http://localhost:3210/node_modules/.vite/deps/react-dom_client.js?v=c58539c0:6455:22)
    at runWithFiberInDEV (http://localhost:3210/node_modules/.vite/deps/react-dom_client.js?v=c58539c0:851:66)
    at completeUnitOfWork (http://localhost:3210/node_modules/.vite/deps/react-dom_client.js?v=c58539c0:8492:15)
    at performUnitOfWork (http://localhost:3210/node_modules/.vite/deps/react-dom_client.js?v=c58539c0:8431:23)
    at workLoopConcurrentByScheduler (http://localhost:3210/node_modules/.vite/deps/react-dom_client.js?v=c58539c0:8425:55)
    at renderRootConcurrent (http://localhost:3210/node_modules/.vite/deps/react-dom_client.js?v=c58539c0:8408:64)
    at performWorkOnRoot (http://localhost:3210/node_modules/.vite/deps/react-dom_client.js?v=c58539c0:7957:145)
    at performWorkOnRootViaSchedulerTask (http://localhost:3210/node_modules/.vite/deps/react-dom_client.js?v=c58539c0:9059:4)
[   18934ms] [LOG] [HomeComponentRenderer] RENDER: path=ox-hero, index=0, renderCount=1 @ http://localhost:3210/node_modules/.pnpm/@salla.sa+twilight-theme-en_c3cd9c099c8c4c71b5353d842e4aee2e/node_modules/@salla.sa/twilight-theme-engine/dist/chunk-WITIL2MK.js?v=c58539c0:670
[   18934ms] [LOG] [HomeComponentRenderer] RENDER: path=ox-hero, index=0, renderCount=2 @ http://localhost:3210/node_modules/.pnpm/@salla.sa+twilight-theme-en_c3cd9c099c8c4c71b5353d842e4aee2e/node_modules/@salla.sa/twilight-theme-engine/dist/chunk-WITIL2MK.js?v=c58539c0:670
[   18938ms] Error: Hydration failed because the server rendered HTML didn't match the client. As a result this tree will be regenerated on the client. This can happen if a SSR-ed Client Component used:

- A server/client branch `if (typeof window !== 'undefined')`.
- Variable input such as `Date.now()` or `Math.random()` which changes each time it's called.
- Date formatting in a user's locale which doesn't match the server.
- External changing data without sending a snapshot of it along with the HTML.
- Invalid HTML tag nesting.

It can also happen if the client has a browser extension installed which messes with the HTML before React loaded.

https://react.dev/link/hydration-mismatch

  ...
    <Matches>
      <Transitioner>
      <SafeFragment fallback={<Context>}>
        <MatchesInner>
          <CatchBoundary getResetKey={function getResetKey} onCatch={function}>
            <MatchImpl routeId="__root__">
              <MatchView router={{...}} match={{id:"__root__/", ...}}>
                <RootComponent>
                  <html lang="ar" dir="rtl" suppressHydrationWarning={true}>
                    <head>
                    <body suppressHydrationWarning={true}>
                      <noscript>
                      <TwilightProvider>
                      <Suspense fallback={null}>
                        <TanStackRouterDevtools position="bottom-right">
+                         <div ref={{current:null}}>
                      ...

    at throwOnHydrationMismatch (http://localhost:3210/node_modules/.vite/deps/react-dom_client.js?v=c58539c0:2968:51)
    at beginWork (http://localhost:3210/node_modules/.vite/deps/react-dom_client.js?v=c58539c0:6200:914)
    at runWithFiberInDEV (http://localhost:3210/node_modules/.vite/deps/react-dom_client.js?v=c58539c0:851:66)
    at performUnitOfWork (http://localhost:3210/node_modules/.vite/deps/react-dom_client.js?v=c58539c0:8429:92)
    at workLoopConcurrentByScheduler (http://localhost:3210/node_modules/.vite/deps/react-dom_client.js?v=c58539c0:8425:55)
    at renderRootConcurrent (http://localhost:3210/node_modules/.vite/deps/react-dom_client.js?v=c58539c0:8408:64)
    at performWorkOnRoot (http://localhost:3210/node_modules/.vite/deps/react-dom_client.js?v=c58539c0:7957:145)
    at performWorkOnRootViaSchedulerTask (http://localhost:3210/node_modules/.vite/deps/react-dom_client.js?v=c58539c0:9059:4)
    at MessagePort.performWorkUntilDeadline (http://localhost:3210/node_modules/.vite/deps/react-dom_client.js?v=c58539c0:36:38)
[   18944ms] [LOG] [HomeComponentRenderer] RENDER: path=ox-hero, index=0, renderCount=1 @ http://localhost:3210/node_modules/.pnpm/@salla.sa+twilight-theme-en_c3cd9c099c8c4c71b5353d842e4aee2e/node_modules/@salla.sa/twilight-theme-engine/dist/chunk-WITIL2MK.js?v=c58539c0:670
[   18945ms] [LOG] [HomeComponentRenderer] RENDER: path=ox-hero, index=0, renderCount=2 @ http://localhost:3210/node_modules/.pnpm/@salla.sa+twilight-theme-en_c3cd9c099c8c4c71b5353d842e4aee2e/node_modules/@salla.sa/twilight-theme-engine/dist/chunk-WITIL2MK.js?v=c58539c0:670
[   18945ms] [LOG] [HomeComponentRenderer] RENDER: path=ox-trust-strip, index=1, renderCount=1 @ http://localhost:3210/node_modules/.pnpm/@salla.sa+twilight-theme-en_c3cd9c099c8c4c71b5353d842e4aee2e/node_modules/@salla.sa/twilight-theme-engine/dist/chunk-WITIL2MK.js?v=c58539c0:670
[   18946ms] [LOG] [HomeComponentRenderer] RENDER: path=ox-trust-strip, index=1, renderCount=2 @ http://localhost:3210/node_modules/.pnpm/@salla.sa+twilight-theme-en_c3cd9c099c8c4c71b5353d842e4aee2e/node_modules/@salla.sa/twilight-theme-engine/dist/chunk-WITIL2MK.js?v=c58539c0:670
[   18946ms] [LOG] [HomeComponentRenderer] RENDER: path=ox-goals, index=2, renderCount=1 @ http://localhost:3210/node_modules/.pnpm/@salla.sa+twilight-theme-en_c3cd9c099c8c4c71b5353d842e4aee2e/node_modules/@salla.sa/twilight-theme-engine/dist/chunk-WITIL2MK.js?v=c58539c0:670
[   18946ms] [LOG] [HomeComponentRenderer] RENDER: path=ox-goals, index=2, renderCount=2 @ http://localhost:3210/node_modules/.pnpm/@salla.sa+twilight-theme-en_c3cd9c099c8c4c71b5353d842e4aee2e/node_modules/@salla.sa/twilight-theme-engine/dist/chunk-WITIL2MK.js?v=c58539c0:670
[   18949ms] [LOG] [HomeComponentRenderer] RENDER: path=ox-products, index=3, renderCount=1 @ http://localhost:3210/node_modules/.pnpm/@salla.sa+twilight-theme-en_c3cd9c099c8c4c71b5353d842e4aee2e/node_modules/@salla.sa/twilight-theme-engine/dist/chunk-WITIL2MK.js?v=c58539c0:670
[   18949ms] [LOG] [HomeComponentRenderer] RENDER: path=ox-products, index=3, renderCount=2 @ http://localhost:3210/node_modules/.pnpm/@salla.sa+twilight-theme-en_c3cd9c099c8c4c71b5353d842e4aee2e/node_modules/@salla.sa/twilight-theme-engine/dist/chunk-WITIL2MK.js?v=c58539c0:670
[   18951ms] [LOG] [HomeComponentRenderer] RENDER: path=ox-poster, index=4, renderCount=1 @ http://localhost:3210/node_modules/.pnpm/@salla.sa+twilight-theme-en_c3cd9c099c8c4c71b5353d842e4aee2e/node_modules/@salla.sa/twilight-theme-engine/dist/chunk-WITIL2MK.js?v=c58539c0:670
[   18952ms] [LOG] [HomeComponentRenderer] RENDER: path=ox-poster, index=4, renderCount=2 @ http://localhost:3210/node_modules/.pnpm/@salla.sa+twilight-theme-en_c3cd9c099c8c4c71b5353d842e4aee2e/node_modules/@salla.sa/twilight-theme-engine/dist/chunk-WITIL2MK.js?v=c58539c0:670
[   18953ms] [LOG] [HomeComponentRenderer] RENDER: path=ox-posters, index=5, renderCount=1 @ http://localhost:3210/node_modules/.pnpm/@salla.sa+twilight-theme-en_c3cd9c099c8c4c71b5353d842e4aee2e/node_modules/@salla.sa/twilight-theme-engine/dist/chunk-WITIL2MK.js?v=c58539c0:670
[   18953ms] [LOG] [HomeComponentRenderer] RENDER: path=ox-posters, index=5, renderCount=2 @ http://localhost:3210/node_modules/.pnpm/@salla.sa+twilight-theme-en_c3cd9c099c8c4c71b5353d842e4aee2e/node_modules/@salla.sa/twilight-theme-engine/dist/chunk-WITIL2MK.js?v=c58539c0:670
[   18955ms] [LOG] [HomeComponentRenderer] RENDER: path=ox-products-secondary, index=6, renderCount=1 @ http://localhost:3210/node_modules/.pnpm/@salla.sa+twilight-theme-en_c3cd9c099c8c4c71b5353d842e4aee2e/node_modules/@salla.sa/twilight-theme-engine/dist/chunk-WITIL2MK.js?v=c58539c0:670
[   18955ms] [LOG] [HomeComponentRenderer] RENDER: path=ox-products-secondary, index=6, renderCount=2 @ http://localhost:3210/node_modules/.pnpm/@salla.sa+twilight-theme-en_c3cd9c099c8c4c71b5353d842e4aee2e/node_modules/@salla.sa/twilight-theme-engine/dist/chunk-WITIL2MK.js?v=c58539c0:670
[   18958ms] [LOG] [HomeComponentRenderer] RENDER: path=ox-categories, index=7, renderCount=1 @ http://localhost:3210/node_modules/.pnpm/@salla.sa+twilight-theme-en_c3cd9c099c8c4c71b5353d842e4aee2e/node_modules/@salla.sa/twilight-theme-engine/dist/chunk-WITIL2MK.js?v=c58539c0:670
[   18958ms] [LOG] [HomeComponentRenderer] RENDER: path=ox-categories, index=7, renderCount=2 @ http://localhost:3210/node_modules/.pnpm/@salla.sa+twilight-theme-en_c3cd9c099c8c4c71b5353d842e4aee2e/node_modules/@salla.sa/twilight-theme-engine/dist/chunk-WITIL2MK.js?v=c58539c0:670
[   18962ms] [LOG] [HomeComponentRenderer] RENDER: path=ox-brands, index=8, renderCount=1 @ http://localhost:3210/node_modules/.pnpm/@salla.sa+twilight-theme-en_c3cd9c099c8c4c71b5353d842e4aee2e/node_modules/@salla.sa/twilight-theme-engine/dist/chunk-WITIL2MK.js?v=c58539c0:670
[   18962ms] [LOG] [HomeComponentRenderer] RENDER: path=ox-brands, index=8, renderCount=2 @ http://localhost:3210/node_modules/.pnpm/@salla.sa+twilight-theme-en_c3cd9c099c8c4c71b5353d842e4aee2e/node_modules/@salla.sa/twilight-theme-engine/dist/chunk-WITIL2MK.js?v=c58539c0:670
[   18963ms] [LOG] [HomeComponentRenderer] RENDER: path=ox-services, index=9, renderCount=1 @ http://localhost:3210/node_modules/.pnpm/@salla.sa+twilight-theme-en_c3cd9c099c8c4c71b5353d842e4aee2e/node_modules/@salla.sa/twilight-theme-engine/dist/chunk-WITIL2MK.js?v=c58539c0:670
[   18963ms] [LOG] [HomeComponentRenderer] RENDER: path=ox-services, index=9, renderCount=2 @ http://localhost:3210/node_modules/.pnpm/@salla.sa+twilight-theme-en_c3cd9c099c8c4c71b5353d842e4aee2e/node_modules/@salla.sa/twilight-theme-engine/dist/chunk-WITIL2MK.js?v=c58539c0:670
[   18965ms] [LOG] [HomeComponentRenderer] RENDER: path=ox-guides, index=10, renderCount=1 @ http://localhost:3210/node_modules/.pnpm/@salla.sa+twilight-theme-en_c3cd9c099c8c4c71b5353d842e4aee2e/node_modules/@salla.sa/twilight-theme-engine/dist/chunk-WITIL2MK.js?v=c58539c0:670
[   18965ms] [LOG] [HomeComponentRenderer] RENDER: path=ox-guides, index=10, renderCount=2 @ http://localhost:3210/node_modules/.pnpm/@salla.sa+twilight-theme-en_c3cd9c099c8c4c71b5353d842e4aee2e/node_modules/@salla.sa/twilight-theme-engine/dist/chunk-WITIL2MK.js?v=c58539c0:670
[   18966ms] [LOG] [HomeComponentRenderer] RENDER: path=ox-branch, index=11, renderCount=1 @ http://localhost:3210/node_modules/.pnpm/@salla.sa+twilight-theme-en_c3cd9c099c8c4c71b5353d842e4aee2e/node_modules/@salla.sa/twilight-theme-engine/dist/chunk-WITIL2MK.js?v=c58539c0:670
[   18966ms] [LOG] [HomeComponentRenderer] RENDER: path=ox-branch, index=11, renderCount=2 @ http://localhost:3210/node_modules/.pnpm/@salla.sa+twilight-theme-en_c3cd9c099c8c4c71b5353d842e4aee2e/node_modules/@salla.sa/twilight-theme-engine/dist/chunk-WITIL2MK.js?v=c58539c0:670
[   18968ms] [LOG] [HomeComponentRenderer] RENDER: path=ox-certifications, index=12, renderCount=1 @ http://localhost:3210/node_modules/.pnpm/@salla.sa+twilight-theme-en_c3cd9c099c8c4c71b5353d842e4aee2e/node_modules/@salla.sa/twilight-theme-engine/dist/chunk-WITIL2MK.js?v=c58539c0:670
[   18968ms] [LOG] [HomeComponentRenderer] RENDER: path=ox-certifications, index=12, renderCount=2 @ http://localhost:3210/node_modules/.pnpm/@salla.sa+twilight-theme-en_c3cd9c099c8c4c71b5353d842e4aee2e/node_modules/@salla.sa/twilight-theme-engine/dist/chunk-WITIL2MK.js?v=c58539c0:670
[   18969ms] [LOG] [HomeComponentRenderer] RENDER: path=ox-faq, index=13, renderCount=1 @ http://localhost:3210/node_modules/.pnpm/@salla.sa+twilight-theme-en_c3cd9c099c8c4c71b5353d842e4aee2e/node_modules/@salla.sa/twilight-theme-engine/dist/chunk-WITIL2MK.js?v=c58539c0:670
[   18969ms] [LOG] [HomeComponentRenderer] RENDER: path=ox-faq, index=13, renderCount=2 @ http://localhost:3210/node_modules/.pnpm/@salla.sa+twilight-theme-en_c3cd9c099c8c4c71b5353d842e4aee2e/node_modules/@salla.sa/twilight-theme-engine/dist/chunk-WITIL2MK.js?v=c58539c0:670
[   18971ms] [LOG] [HomeComponentRenderer] RENDER: path=ox-newsletter, index=14, renderCount=1 @ http://localhost:3210/node_modules/.pnpm/@salla.sa+twilight-theme-en_c3cd9c099c8c4c71b5353d842e4aee2e/node_modules/@salla.sa/twilight-theme-engine/dist/chunk-WITIL2MK.js?v=c58539c0:670
[   18971ms] [LOG] [HomeComponentRenderer] RENDER: path=ox-newsletter, index=14, renderCount=2 @ http://localhost:3210/node_modules/.pnpm/@salla.sa+twilight-theme-en_c3cd9c099c8c4c71b5353d842e4aee2e/node_modules/@salla.sa/twilight-theme-engine/dist/chunk-WITIL2MK.js?v=c58539c0:670
[   18972ms] [LOG] [HomeComponentRenderer] RENDER: path=ox-banner, index=15, renderCount=1 @ http://localhost:3210/node_modules/.pnpm/@salla.sa+twilight-theme-en_c3cd9c099c8c4c71b5353d842e4aee2e/node_modules/@salla.sa/twilight-theme-engine/dist/chunk-WITIL2MK.js?v=c58539c0:670
[   18972ms] [LOG] [HomeComponentRenderer] RENDER: path=ox-banner, index=15, renderCount=2 @ http://localhost:3210/node_modules/.pnpm/@salla.sa+twilight-theme-en_c3cd9c099c8c4c71b5353d842e4aee2e/node_modules/@salla.sa/twilight-theme-engine/dist/chunk-WITIL2MK.js?v=c58539c0:670
[   19078ms] [LOG] [HomeComponentRenderer] MOUNT: path=ox-hero, index=0, renderCount=2 @ http://localhost:3210/node_modules/.pnpm/@salla.sa+twilight-theme-en_c3cd9c099c8c4c71b5353d842e4aee2e/node_modules/@salla.sa/twilight-theme-engine/dist/chunk-WITIL2MK.js?v=c58539c0:673
[   19079ms] [LOG] [HomeComponentRenderer] MOUNT: path=ox-trust-strip, index=1, renderCount=2 @ http://localhost:3210/node_modules/.pnpm/@salla.sa+twilight-theme-en_c3cd9c099c8c4c71b5353d842e4aee2e/node_modules/@salla.sa/twilight-theme-engine/dist/chunk-WITIL2MK.js?v=c58539c0:673
[   19081ms] [LOG] [HomeComponentRenderer] MOUNT: path=ox-goals, index=2, renderCount=2 @ http://localhost:3210/node_modules/.pnpm/@salla.sa+twilight-theme-en_c3cd9c099c8c4c71b5353d842e4aee2e/node_modules/@salla.sa/twilight-theme-engine/dist/chunk-WITIL2MK.js?v=c58539c0:673
[   19085ms] [LOG] [HomeComponentRenderer] MOUNT: path=ox-products, index=3, renderCount=2 @ http://localhost:3210/node_modules/.pnpm/@salla.sa+twilight-theme-en_c3cd9c099c8c4c71b5353d842e4aee2e/node_modules/@salla.sa/twilight-theme-engine/dist/chunk-WITIL2MK.js?v=c58539c0:673
[   19086ms] [LOG] [HomeComponentRenderer] MOUNT: path=ox-poster, index=4, renderCount=2 @ http://localhost:3210/node_modules/.pnpm/@salla.sa+twilight-theme-en_c3cd9c099c8c4c71b5353d842e4aee2e/node_modules/@salla.sa/twilight-theme-engine/dist/chunk-WITIL2MK.js?v=c58539c0:673
[   19087ms] [LOG] [HomeComponentRenderer] MOUNT: path=ox-posters, index=5, renderCount=2 @ http://localhost:3210/node_modules/.pnpm/@salla.sa+twilight-theme-en_c3cd9c099c8c4c71b5353d842e4aee2e/node_modules/@salla.sa/twilight-theme-engine/dist/chunk-WITIL2MK.js?v=c58539c0:673
[   19087ms] [LOG] [HomeComponentRenderer] MOUNT: path=ox-products-secondary, index=6, renderCount=2 @ http://localhost:3210/node_modules/.pnpm/@salla.sa+twilight-theme-en_c3cd9c099c8c4c71b5353d842e4aee2e/node_modules/@salla.sa/twilight-theme-engine/dist/chunk-WITIL2MK.js?v=c58539c0:673
[   19088ms] [LOG] [HomeComponentRenderer] MOUNT: path=ox-categories, index=7, renderCount=2 @ http://localhost:3210/node_modules/.pnpm/@salla.sa+twilight-theme-en_c3cd9c099c8c4c71b5353d842e4aee2e/node_modules/@salla.sa/twilight-theme-engine/dist/chunk-WITIL2MK.js?v=c58539c0:673
[   19088ms] [LOG] [HomeComponentRenderer] MOUNT: path=ox-brands, index=8, renderCount=2 @ http://localhost:3210/node_modules/.pnpm/@salla.sa+twilight-theme-en_c3cd9c099c8c4c71b5353d842e4aee2e/node_modules/@salla.sa/twilight-theme-engine/dist/chunk-WITIL2MK.js?v=c58539c0:673
[   19089ms] [LOG] [HomeComponentRenderer] MOUNT: path=ox-services, index=9, renderCount=2 @ http://localhost:3210/node_modules/.pnpm/@salla.sa+twilight-theme-en_c3cd9c099c8c4c71b5353d842e4aee2e/node_modules/@salla.sa/twilight-theme-engine/dist/chunk-WITIL2MK.js?v=c58539c0:673
[   19089ms] [LOG] [HomeComponentRenderer] MOUNT: path=ox-guides, index=10, renderCount=2 @ http://localhost:3210/node_modules/.pnpm/@salla.sa+twilight-theme-en_c3cd9c099c8c4c71b5353d842e4aee2e/node_modules/@salla.sa/twilight-theme-engine/dist/chunk-WITIL2MK.js?v=c58539c0:673
[   19090ms] [LOG] [HomeComponentRenderer] MOUNT: path=ox-branch, index=11, renderCount=2 @ http://localhost:3210/node_modules/.pnpm/@salla.sa+twilight-theme-en_c3cd9c099c8c4c71b5353d842e4aee2e/node_modules/@salla.sa/twilight-theme-engine/dist/chunk-WITIL2MK.js?v=c58539c0:673
[   19091ms] [LOG] [HomeComponentRenderer] MOUNT: path=ox-certifications, index=12, renderCount=2 @ http://localhost:3210/node_modules/.pnpm/@salla.sa+twilight-theme-en_c3cd9c099c8c4c71b5353d842e4aee2e/node_modules/@salla.sa/twilight-theme-engine/dist/chunk-WITIL2MK.js?v=c58539c0:673
[   19092ms] [LOG] [HomeComponentRenderer] MOUNT: path=ox-faq, index=13, renderCount=2 @ http://localhost:3210/node_modules/.pnpm/@salla.sa+twilight-theme-en_c3cd9c099c8c4c71b5353d842e4aee2e/node_modules/@salla.sa/twilight-theme-engine/dist/chunk-WITIL2MK.js?v=c58539c0:673
[   19095ms] [LOG] [HomeComponentRenderer] MOUNT: path=ox-newsletter, index=14, renderCount=2 @ http://localhost:3210/node_modules/.pnpm/@salla.sa+twilight-theme-en_c3cd9c099c8c4c71b5353d842e4aee2e/node_modules/@salla.sa/twilight-theme-engine/dist/chunk-WITIL2MK.js?v=c58539c0:673
[   19096ms] [LOG] [HomeComponentRenderer] MOUNT: path=ox-banner, index=15, renderCount=2 @ http://localhost:3210/node_modules/.pnpm/@salla.sa+twilight-theme-en_c3cd9c099c8c4c71b5353d842e4aee2e/node_modules/@salla.sa/twilight-theme-engine/dist/chunk-WITIL2MK.js?v=c58539c0:673
[  131130ms] [LOG] [offline-api] browser: api.salla.dev + cdn.salla.network -> http://127.0.0.1:5178 @ http://localhost:3210/:0
[  132122ms] [INFO] %cDownload the React DevTools for a better development experience: https://react.dev/link/react-devtools font-weight:bold @ http://localhost:3210/node_modules/.vite/deps/react-dom_client.js?v=c58539c0:14335
[  132259ms] [WARNING] [Twilight] Could not hydrate twilight context: no root match in router state @ http://localhost:3210/@vite/client:532
[  132480ms] [ERROR] The result of getServerSnapshot should be cached to avoid an infinite loop @ http://localhost:3210/@vite/client:532
[  132531ms] [ERROR] A tree hydrated but some attributes of the server rendered HTML didn't match the client properties. This won't be patched up. This can happen if a SSR-ed Client Component used:

- A server/client branch `if (typeof window !== 'undefined')`.
- Variable input such as `Date.now()` or `Math.random()` which changes each time it's called.
- Date formatting in a user's locale which doesn't match the server.
- External changing data without sending a snapshot of it along with the HTML.
- Invalid HTML tag nesting.

It can also happen if the client has a browser extension installed which messes with the HTML before React loaded.

%s%s https://react.dev/link/hydration-mismatch 

  ...
    <ThemeDocumentSync>
    <TanStackDocumentSync>
    <NavigationSetup>
      <NavigationProvider navigate={function}>
        <LinkProvider adapter={{...}}>
          <WidgetHead>
          <AppsSnippets>
          <HookSlot>
          <Suspense>
          <OptimalXLayout>
            <div>
            <BottomTabBar>
              <nav className="ox-tabbar" aria-label="تنقل سريع" data-testid="ox-tabbar">
                <ul className="ox-tabbar_...">
                  <li>
                    <Link to="/" className="ox-tab">
                      <TanStackLinkAdapter ref={null} to="/" className="ox-tab" data-spa-link="">
                        <a
+                         className="ox-tab active"
-                         className="ox-tab is-active active"
                          style={undefined}
                          title={undefined}
                          target={undefined}
                          rel={undefined}
                          onClick={function handleClick}
                          aria-label={undefined}
                          data-spa-link=""
                          ref={{current:null}}
                          onBlur={function handleLeave}
                          onFocus={function}
                          onMouseEnter={function}
                          onMouseLeave={function handleLeave}
                          onTouchStart={function handleTouchStart}
                          href="/"
                          data-status="active"
                          aria-current="page"
                        >
                  ...
            ...
          ...
 @ http://localhost:3210/@vite/client:532
[  133149ms] [LOG] [HomeComponentRenderer] RENDER: path=ox-hero, index=0, renderCount=1 @ http://localhost:3210/node_modules/.pnpm/@salla.sa+twilight-theme-en_c3cd9c099c8c4c71b5353d842e4aee2e/node_modules/@salla.sa/twilight-theme-engine/dist/chunk-WITIL2MK.js?v=c58539c0:670
[  133150ms] [LOG] [HomeComponentRenderer] RENDER: path=ox-hero, index=0, renderCount=2 @ http://localhost:3210/node_modules/.pnpm/@salla.sa+twilight-theme-en_c3cd9c099c8c4c71b5353d842e4aee2e/node_modules/@salla.sa/twilight-theme-engine/dist/chunk-WITIL2MK.js?v=c58539c0:670
[  133166ms] Error: Hydration failed because the server rendered HTML didn't match the client. As a result this tree will be regenerated on the client. This can happen if a SSR-ed Client Component used:

- A server/client branch `if (typeof window !== 'undefined')`.
- Variable input such as `Date.now()` or `Math.random()` which changes each time it's called.
- Date formatting in a user's locale which doesn't match the server.
- External changing data without sending a snapshot of it along with the HTML.
- Invalid HTML tag nesting.

It can also happen if the client has a browser extension installed which messes with the HTML before React loaded.

https://react.dev/link/hydration-mismatch

  ...
    <Matches>
      <Transitioner>
      <SafeFragment fallback={<Context>}>
        <MatchesInner>
          <CatchBoundary getResetKey={function getResetKey} onCatch={function}>
            <MatchImpl routeId="__root__">
              <MatchView router={{...}} match={{id:"__root__/", ...}}>
                <RootComponent>
                  <html lang="ar" dir="rtl" suppressHydrationWarning={true}>
                    <head>
                    <body suppressHydrationWarning={true}>
                      <noscript>
                      <TwilightProvider>
                      <Suspense fallback={null}>
                        <TanStackRouterDevtools position="bottom-right">
+                         <div ref={{current:null}}>
                      ...

    at throwOnHydrationMismatch (http://localhost:3210/node_modules/.vite/deps/react-dom_client.js?v=c58539c0:2968:51)
    at beginWork (http://localhost:3210/node_modules/.vite/deps/react-dom_client.js?v=c58539c0:6200:914)
    at runWithFiberInDEV (http://localhost:3210/node_modules/.vite/deps/react-dom_client.js?v=c58539c0:851:66)
    at performUnitOfWork (http://localhost:3210/node_modules/.vite/deps/react-dom_client.js?v=c58539c0:8429:92)
    at workLoopConcurrentByScheduler (http://localhost:3210/node_modules/.vite/deps/react-dom_client.js?v=c58539c0:8425:55)
    at renderRootConcurrent (http://localhost:3210/node_modules/.vite/deps/react-dom_client.js?v=c58539c0:8408:64)
    at performWorkOnRoot (http://localhost:3210/node_modules/.vite/deps/react-dom_client.js?v=c58539c0:7957:145)
    at performWorkOnRootViaSchedulerTask (http://localhost:3210/node_modules/.vite/deps/react-dom_client.js?v=c58539c0:9059:4)
    at MessagePort.performWorkUntilDeadline (http://localhost:3210/node_modules/.vite/deps/react-dom_client.js?v=c58539c0:36:38)
[  133176ms] [LOG] [HomeComponentRenderer] RENDER: path=ox-hero, index=0, renderCount=1 @ http://localhost:3210/node_modules/.pnpm/@salla.sa+twilight-theme-en_c3cd9c099c8c4c71b5353d842e4aee2e/node_modules/@salla.sa/twilight-theme-engine/dist/chunk-WITIL2MK.js?v=c58539c0:670
[  133177ms] [LOG] [HomeComponentRenderer] RENDER: path=ox-hero, index=0, renderCount=2 @ http://localhost:3210/node_modules/.pnpm/@salla.sa+twilight-theme-en_c3cd9c099c8c4c71b5353d842e4aee2e/node_modules/@salla.sa/twilight-theme-engine/dist/chunk-WITIL2MK.js?v=c58539c0:670
[  133177ms] [LOG] [HomeComponentRenderer] RENDER: path=ox-trust-strip, index=1, renderCount=1 @ http://localhost:3210/node_modules/.pnpm/@salla.sa+twilight-theme-en_c3cd9c099c8c4c71b5353d842e4aee2e/node_modules/@salla.sa/twilight-theme-engine/dist/chunk-WITIL2MK.js?v=c58539c0:670
[  133178ms] [LOG] [HomeComponentRenderer] RENDER: path=ox-trust-strip, index=1, renderCount=2 @ http://localhost:3210/node_modules/.pnpm/@salla.sa+twilight-theme-en_c3cd9c099c8c4c71b5353d842e4aee2e/node_modules/@salla.sa/twilight-theme-engine/dist/chunk-WITIL2MK.js?v=c58539c0:670
[  133178ms] [LOG] [HomeComponentRenderer] RENDER: path=ox-goals, index=2, renderCount=1 @ http://localhost:3210/node_modules/.pnpm/@salla.sa+twilight-theme-en_c3cd9c099c8c4c71b5353d842e4aee2e/node_modules/@salla.sa/twilight-theme-engine/dist/chunk-WITIL2MK.js?v=c58539c0:670
[  133179ms] [LOG] [HomeComponentRenderer] RENDER: path=ox-goals, index=2, renderCount=2 @ http://localhost:3210/node_modules/.pnpm/@salla.sa+twilight-theme-en_c3cd9c099c8c4c71b5353d842e4aee2e/node_modules/@salla.sa/twilight-theme-engine/dist/chunk-WITIL2MK.js?v=c58539c0:670
[  133179ms] [LOG] [HomeComponentRenderer] RENDER: path=ox-products, index=3, renderCount=1 @ http://localhost:3210/node_modules/.pnpm/@salla.sa+twilight-theme-en_c3cd9c099c8c4c71b5353d842e4aee2e/node_modules/@salla.sa/twilight-theme-engine/dist/chunk-WITIL2MK.js?v=c58539c0:670
[  133180ms] [LOG] [HomeComponentRenderer] RENDER: path=ox-products, index=3, renderCount=2 @ http://localhost:3210/node_modules/.pnpm/@salla.sa+twilight-theme-en_c3cd9c099c8c4c71b5353d842e4aee2e/node_modules/@salla.sa/twilight-theme-engine/dist/chunk-WITIL2MK.js?v=c58539c0:670
[  133182ms] [LOG] [HomeComponentRenderer] RENDER: path=ox-poster, index=4, renderCount=1 @ http://localhost:3210/node_modules/.pnpm/@salla.sa+twilight-theme-en_c3cd9c099c8c4c71b5353d842e4aee2e/node_modules/@salla.sa/twilight-theme-engine/dist/chunk-WITIL2MK.js?v=c58539c0:670
[  133183ms] [LOG] [HomeComponentRenderer] RENDER: path=ox-poster, index=4, renderCount=2 @ http://localhost:3210/node_modules/.pnpm/@salla.sa+twilight-theme-en_c3cd9c099c8c4c71b5353d842e4aee2e/node_modules/@salla.sa/twilight-theme-engine/dist/chunk-WITIL2MK.js?v=c58539c0:670
[  133183ms] [LOG] [HomeComponentRenderer] RENDER: path=ox-posters, index=5, renderCount=1 @ http://localhost:3210/node_modules/.pnpm/@salla.sa+twilight-theme-en_c3cd9c099c8c4c71b5353d842e4aee2e/node_modules/@salla.sa/twilight-theme-engine/dist/chunk-WITIL2MK.js?v=c58539c0:670
[  133183ms] [LOG] [HomeComponentRenderer] RENDER: path=ox-posters, index=5, renderCount=2 @ http://localhost:3210/node_modules/.pnpm/@salla.sa+twilight-theme-en_c3cd9c099c8c4c71b5353d842e4aee2e/node_modules/@salla.sa/twilight-theme-engine/dist/chunk-WITIL2MK.js?v=c58539c0:670
[  133185ms] [LOG] [HomeComponentRenderer] RENDER: path=ox-products-secondary, index=6, renderCount=1 @ http://localhost:3210/node_modules/.pnpm/@salla.sa+twilight-theme-en_c3cd9c099c8c4c71b5353d842e4aee2e/node_modules/@salla.sa/twilight-theme-engine/dist/chunk-WITIL2MK.js?v=c58539c0:670
[  133185ms] [LOG] [HomeComponentRenderer] RENDER: path=ox-products-secondary, index=6, renderCount=2 @ http://localhost:3210/node_modules/.pnpm/@salla.sa+twilight-theme-en_c3cd9c099c8c4c71b5353d842e4aee2e/node_modules/@salla.sa/twilight-theme-engine/dist/chunk-WITIL2MK.js?v=c58539c0:670
[  133187ms] [LOG] [HomeComponentRenderer] RENDER: path=ox-categories, index=7, renderCount=1 @ http://localhost:3210/node_modules/.pnpm/@salla.sa+twilight-theme-en_c3cd9c099c8c4c71b5353d842e4aee2e/node_modules/@salla.sa/twilight-theme-engine/dist/chunk-WITIL2MK.js?v=c58539c0:670
[  133188ms] [LOG] [HomeComponentRenderer] RENDER: path=ox-categories, index=7, renderCount=2 @ http://localhost:3210/node_modules/.pnpm/@salla.sa+twilight-theme-en_c3cd9c099c8c4c71b5353d842e4aee2e/node_modules/@salla.sa/twilight-theme-engine/dist/chunk-WITIL2MK.js?v=c58539c0:670
[  133190ms] [LOG] [HomeComponentRenderer] RENDER: path=ox-brands, index=8, renderCount=1 @ http://localhost:3210/node_modules/.pnpm/@salla.sa+twilight-theme-en_c3cd9c099c8c4c71b5353d842e4aee2e/node_modules/@salla.sa/twilight-theme-engine/dist/chunk-WITIL2MK.js?v=c58539c0:670
[  133190ms] [LOG] [HomeComponentRenderer] RENDER: path=ox-brands, index=8, renderCount=2 @ http://localhost:3210/node_modules/.pnpm/@salla.sa+twilight-theme-en_c3cd9c099c8c4c71b5353d842e4aee2e/node_modules/@salla.sa/twilight-theme-engine/dist/chunk-WITIL2MK.js?v=c58539c0:670
[  133191ms] [LOG] [HomeComponentRenderer] RENDER: path=ox-services, index=9, renderCount=1 @ http://localhost:3210/node_modules/.pnpm/@salla.sa+twilight-theme-en_c3cd9c099c8c4c71b5353d842e4aee2e/node_modules/@salla.sa/twilight-theme-engine/dist/chunk-WITIL2MK.js?v=c58539c0:670
[  133191ms] [LOG] [HomeComponentRenderer] RENDER: path=ox-services, index=9, renderCount=2 @ http://localhost:3210/node_modules/.pnpm/@salla.sa+twilight-theme-en_c3cd9c099c8c4c71b5353d842e4aee2e/node_modules/@salla.sa/twilight-theme-engine/dist/chunk-WITIL2MK.js?v=c58539c0:670
[  133193ms] [LOG] [HomeComponentRenderer] RENDER: path=ox-guides, index=10, renderCount=1 @ http://localhost:3210/node_modules/.pnpm/@salla.sa+twilight-theme-en_c3cd9c099c8c4c71b5353d842e4aee2e/node_modules/@salla.sa/twilight-theme-engine/dist/chunk-WITIL2MK.js?v=c58539c0:670
[  133193ms] [LOG] [HomeComponentRenderer] RENDER: path=ox-guides, index=10, renderCount=2 @ http://localhost:3210/node_modules/.pnpm/@salla.sa+twilight-theme-en_c3cd9c099c8c4c71b5353d842e4aee2e/node_modules/@salla.sa/twilight-theme-engine/dist/chunk-WITIL2MK.js?v=c58539c0:670
[  133194ms] [LOG] [HomeComponentRenderer] RENDER: path=ox-branch, index=11, renderCount=1 @ http://localhost:3210/node_modules/.pnpm/@salla.sa+twilight-theme-en_c3cd9c099c8c4c71b5353d842e4aee2e/node_modules/@salla.sa/twilight-theme-engine/dist/chunk-WITIL2MK.js?v=c58539c0:670
[  133194ms] [LOG] [HomeComponentRenderer] RENDER: path=ox-branch, index=11, renderCount=2 @ http://localhost:3210/node_modules/.pnpm/@salla.sa+twilight-theme-en_c3cd9c099c8c4c71b5353d842e4aee2e/node_modules/@salla.sa/twilight-theme-engine/dist/chunk-WITIL2MK.js?v=c58539c0:670
[  133196ms] [LOG] [HomeComponentRenderer] RENDER: path=ox-certifications, index=12, renderCount=1 @ http://localhost:3210/node_modules/.pnpm/@salla.sa+twilight-theme-en_c3cd9c099c8c4c71b5353d842e4aee2e/node_modules/@salla.sa/twilight-theme-engine/dist/chunk-WITIL2MK.js?v=c58539c0:670
[  133196ms] [LOG] [HomeComponentRenderer] RENDER: path=ox-certifications, index=12, renderCount=2 @ http://localhost:3210/node_modules/.pnpm/@salla.sa+twilight-theme-en_c3cd9c099c8c4c71b5353d842e4aee2e/node_modules/@salla.sa/twilight-theme-engine/dist/chunk-WITIL2MK.js?v=c58539c0:670
[  133197ms] [LOG] [HomeComponentRenderer] RENDER: path=ox-faq, index=13, renderCount=1 @ http://localhost:3210/node_modules/.pnpm/@salla.sa+twilight-theme-en_c3cd9c099c8c4c71b5353d842e4aee2e/node_modules/@salla.sa/twilight-theme-engine/dist/chunk-WITIL2MK.js?v=c58539c0:670
[  133197ms] [LOG] [HomeComponentRenderer] RENDER: path=ox-faq, index=13, renderCount=2 @ http://localhost:3210/node_modules/.pnpm/@salla.sa+twilight-theme-en_c3cd9c099c8c4c71b5353d842e4aee2e/node_modules/@salla.sa/twilight-theme-engine/dist/chunk-WITIL2MK.js?v=c58539c0:670
[  133198ms] [LOG] [HomeComponentRenderer] RENDER: path=ox-newsletter, index=14, renderCount=1 @ http://localhost:3210/node_modules/.pnpm/@salla.sa+twilight-theme-en_c3cd9c099c8c4c71b5353d842e4aee2e/node_modules/@salla.sa/twilight-theme-engine/dist/chunk-WITIL2MK.js?v=c58539c0:670
[  133199ms] [LOG] [HomeComponentRenderer] RENDER: path=ox-newsletter, index=14, renderCount=2 @ http://localhost:3210/node_modules/.pnpm/@salla.sa+twilight-theme-en_c3cd9c099c8c4c71b5353d842e4aee2e/node_modules/@salla.sa/twilight-theme-engine/dist/chunk-WITIL2MK.js?v=c58539c0:670
[  133199ms] [LOG] [HomeComponentRenderer] RENDER: path=ox-banner, index=15, renderCount=1 @ http://localhost:3210/node_modules/.pnpm/@salla.sa+twilight-theme-en_c3cd9c099c8c4c71b5353d842e4aee2e/node_modules/@salla.sa/twilight-theme-engine/dist/chunk-WITIL2MK.js?v=c58539c0:670
[  133199ms] [LOG] [HomeComponentRenderer] RENDER: path=ox-banner, index=15, renderCount=2 @ http://localhost:3210/node_modules/.pnpm/@salla.sa+twilight-theme-en_c3cd9c099c8c4c71b5353d842e4aee2e/node_modules/@salla.sa/twilight-theme-engine/dist/chunk-WITIL2MK.js?v=c58539c0:670
[  133202ms] [LOG] [HomeComponentRenderer] MOUNT: path=ox-hero, index=0, renderCount=2 @ http://localhost:3210/node_modules/.pnpm/@salla.sa+twilight-theme-en_c3cd9c099c8c4c71b5353d842e4aee2e/node_modules/@salla.sa/twilight-theme-engine/dist/chunk-WITIL2MK.js?v=c58539c0:673
[  133203ms] [LOG] [HomeComponentRenderer] MOUNT: path=ox-trust-strip, index=1, renderCount=2 @ http://localhost:3210/node_modules/.pnpm/@salla.sa+twilight-theme-en_c3cd9c099c8c4c71b5353d842e4aee2e/node_modules/@salla.sa/twilight-theme-engine/dist/chunk-WITIL2MK.js?v=c58539c0:673
[  133204ms] [LOG] [HomeComponentRenderer] MOUNT: path=ox-goals, index=2, renderCount=2 @ http://localhost:3210/node_modules/.pnpm/@salla.sa+twilight-theme-en_c3cd9c099c8c4c71b5353d842e4aee2e/node_modules/@salla.sa/twilight-theme-engine/dist/chunk-WITIL2MK.js?v=c58539c0:673
[  133204ms] [LOG] [HomeComponentRenderer] MOUNT: path=ox-products, index=3, renderCount=2 @ http://localhost:3210/node_modules/.pnpm/@salla.sa+twilight-theme-en_c3cd9c099c8c4c71b5353d842e4aee2e/node_modules/@salla.sa/twilight-theme-engine/dist/chunk-WITIL2MK.js?v=c58539c0:673
[  133205ms] [LOG] [HomeComponentRenderer] MOUNT: path=ox-poster, index=4, renderCount=2 @ http://localhost:3210/node_modules/.pnpm/@salla.sa+twilight-theme-en_c3cd9c099c8c4c71b5353d842e4aee2e/node_modules/@salla.sa/twilight-theme-engine/dist/chunk-WITIL2MK.js?v=c58539c0:673
[  133206ms] [LOG] [HomeComponentRenderer] MOUNT: path=ox-posters, index=5, renderCount=2 @ http://localhost:3210/node_modules/.pnpm/@salla.sa+twilight-theme-en_c3cd9c099c8c4c71b5353d842e4aee2e/node_modules/@salla.sa/twilight-theme-engine/dist/chunk-WITIL2MK.js?v=c58539c0:673
[  133207ms] [LOG] [HomeComponentRenderer] MOUNT: path=ox-products-secondary, index=6, renderCount=2 @ http://localhost:3210/node_modules/.pnpm/@salla.sa+twilight-theme-en_c3cd9c099c8c4c71b5353d842e4aee2e/node_modules/@salla.sa/twilight-theme-engine/dist/chunk-WITIL2MK.js?v=c58539c0:673
[  133208ms] [LOG] [HomeComponentRenderer] MOUNT: path=ox-categories, index=7, renderCount=2 @ http://localhost:3210/node_modules/.pnpm/@salla.sa+twilight-theme-en_c3cd9c099c8c4c71b5353d842e4aee2e/node_modules/@salla.sa/twilight-theme-engine/dist/chunk-WITIL2MK.js?v=c58539c0:673
[  133209ms] [LOG] [HomeComponentRenderer] MOUNT: path=ox-brands, index=8, renderCount=2 @ http://localhost:3210/node_modules/.pnpm/@salla.sa+twilight-theme-en_c3cd9c099c8c4c71b5353d842e4aee2e/node_modules/@salla.sa/twilight-theme-engine/dist/chunk-WITIL2MK.js?v=c58539c0:673
[  133209ms] [LOG] [HomeComponentRenderer] MOUNT: path=ox-services, index=9, renderCount=2 @ http://localhost:3210/node_modules/.pnpm/@salla.sa+twilight-theme-en_c3cd9c099c8c4c71b5353d842e4aee2e/node_modules/@salla.sa/twilight-theme-engine/dist/chunk-WITIL2MK.js?v=c58539c0:673
[  133210ms] [LOG] [HomeComponentRenderer] MOUNT: path=ox-guides, index=10, renderCount=2 @ http://localhost:3210/node_modules/.pnpm/@salla.sa+twilight-theme-en_c3cd9c099c8c4c71b5353d842e4aee2e/node_modules/@salla.sa/twilight-theme-engine/dist/chunk-WITIL2MK.js?v=c58539c0:673
[  133211ms] [LOG] [HomeComponentRenderer] MOUNT: path=ox-branch, index=11, renderCount=2 @ http://localhost:3210/node_modules/.pnpm/@salla.sa+twilight-theme-en_c3cd9c099c8c4c71b5353d842e4aee2e/node_modules/@salla.sa/twilight-theme-engine/dist/chunk-WITIL2MK.js?v=c58539c0:673
[  133212ms] [LOG] [HomeComponentRenderer] MOUNT: path=ox-certifications, index=12, renderCount=2 @ http://localhost:3210/node_modules/.pnpm/@salla.sa+twilight-theme-en_c3cd9c099c8c4c71b5353d842e4aee2e/node_modules/@salla.sa/twilight-theme-engine/dist/chunk-WITIL2MK.js?v=c58539c0:673
[  133213ms] [LOG] [HomeComponentRenderer] MOUNT: path=ox-faq, index=13, renderCount=2 @ http://localhost:3210/node_modules/.pnpm/@salla.sa+twilight-theme-en_c3cd9c099c8c4c71b5353d842e4aee2e/node_modules/@salla.sa/twilight-theme-engine/dist/chunk-WITIL2MK.js?v=c58539c0:673
[  133213ms] [LOG] [HomeComponentRenderer] MOUNT: path=ox-newsletter, index=14, renderCount=2 @ http://localhost:3210/node_modules/.pnpm/@salla.sa+twilight-theme-en_c3cd9c099c8c4c71b5353d842e4aee2e/node_modules/@salla.sa/twilight-theme-engine/dist/chunk-WITIL2MK.js?v=c58539c0:673
[  133214ms] [LOG] [HomeComponentRenderer] MOUNT: path=ox-banner, index=15, renderCount=2 @ http://localhost:3210/node_modules/.pnpm/@salla.sa+twilight-theme-en_c3cd9c099c8c4c71b5353d842e4aee2e/node_modules/@salla.sa/twilight-theme-engine/dist/chunk-WITIL2MK.js?v=c58539c0:673
[  243931ms] [LOG] [offline-api] browser: api.salla.dev + cdn.salla.network -> http://127.0.0.1:5178 @ http://localhost:3210/:0
[  244666ms] [INFO] %cDownload the React DevTools for a better development experience: https://react.dev/link/react-devtools font-weight:bold @ http://localhost:3210/node_modules/.vite/deps/react-dom_client.js?v=c58539c0:14335
[  244746ms] [WARNING] [Twilight] Could not hydrate twilight context: no root match in router state @ http://localhost:3210/@vite/client:532
[  244879ms] [ERROR] The result of getServerSnapshot should be cached to avoid an infinite loop @ http://localhost:3210/@vite/client:532
[  244912ms] [ERROR] A tree hydrated but some attributes of the server rendered HTML didn't match the client properties. This won't be patched up. This can happen if a SSR-ed Client Component used:

- A server/client branch `if (typeof window !== 'undefined')`.
- Variable input such as `Date.now()` or `Math.random()` which changes each time it's called.
- Date formatting in a user's locale which doesn't match the server.
- External changing data without sending a snapshot of it along with the HTML.
- Invalid HTML tag nesting.

It can also happen if the client has a browser extension installed which messes with the HTML before React loaded.

%s%s https://react.dev/link/hydration-mismatch 

  ...
    <ThemeDocumentSync>
    <TanStackDocumentSync>
    <NavigationSetup>
      <NavigationProvider navigate={function}>
        <LinkProvider adapter={{...}}>
          <WidgetHead>
          <AppsSnippets>
          <HookSlot>
          <Suspense>
          <OptimalXLayout>
            <div>
            <BottomTabBar>
              <nav className="ox-tabbar" aria-label="تنقل سريع" data-testid="ox-tabbar">
                <ul className="ox-tabbar_...">
                  <li>
                    <Link to="/" className="ox-tab">
                      <TanStackLinkAdapter ref={null} to="/" className="ox-tab" data-spa-link="">
                        <a
+                         className="ox-tab active"
-                         className="ox-tab is-active active"
                          style={undefined}
                          title={undefined}
                          target={undefined}
                          rel={undefined}
                          onClick={function handleClick}
                          aria-label={undefined}
                          data-spa-link=""
                          ref={{current:null}}
                          onBlur={function handleLeave}
                          onFocus={function}
                          onMouseEnter={function}
                          onMouseLeave={function handleLeave}
                          onTouchStart={function handleTouchStart}
                          href="/"
                          data-status="active"
                          aria-current="page"
                        >
                  ...
            ...
          ...
 @ http://localhost:3210/@vite/client:532
[  245178ms] [LOG] [HomeComponentRenderer] RENDER: path=ox-hero, index=0, renderCount=1 @ http://localhost:3210/node_modules/.pnpm/@salla.sa+twilight-theme-en_c3cd9c099c8c4c71b5353d842e4aee2e/node_modules/@salla.sa/twilight-theme-engine/dist/chunk-WITIL2MK.js?v=c58539c0:670
[  245178ms] [LOG] [HomeComponentRenderer] RENDER: path=ox-hero, index=0, renderCount=2 @ http://localhost:3210/node_modules/.pnpm/@salla.sa+twilight-theme-en_c3cd9c099c8c4c71b5353d842e4aee2e/node_modules/@salla.sa/twilight-theme-engine/dist/chunk-WITIL2MK.js?v=c58539c0:670
[  245184ms] [LOG] [HomeComponentRenderer] RENDER: path=ox-hero, index=0, renderCount=1 @ http://localhost:3210/node_modules/.pnpm/@salla.sa+twilight-theme-en_c3cd9c099c8c4c71b5353d842e4aee2e/node_modules/@salla.sa/twilight-theme-engine/dist/chunk-WITIL2MK.js?v=c58539c0:670
[  245184ms] [LOG] [HomeComponentRenderer] RENDER: path=ox-hero, index=0, renderCount=2 @ http://localhost:3210/node_modules/.pnpm/@salla.sa+twilight-theme-en_c3cd9c099c8c4c71b5353d842e4aee2e/node_modules/@salla.sa/twilight-theme-engine/dist/chunk-WITIL2MK.js?v=c58539c0:670
[  245185ms] [LOG] [HomeComponentRenderer] RENDER: path=ox-trust-strip, index=1, renderCount=1 @ http://localhost:3210/node_modules/.pnpm/@salla.sa+twilight-theme-en_c3cd9c099c8c4c71b5353d842e4aee2e/node_modules/@salla.sa/twilight-theme-engine/dist/chunk-WITIL2MK.js?v=c58539c0:670
[  245185ms] [LOG] [HomeComponentRenderer] RENDER: path=ox-trust-strip, index=1, renderCount=2 @ http://localhost:3210/node_modules/.pnpm/@salla.sa+twilight-theme-en_c3cd9c099c8c4c71b5353d842e4aee2e/node_modules/@salla.sa/twilight-theme-engine/dist/chunk-WITIL2MK.js?v=c58539c0:670
[  245186ms] [LOG] [HomeComponentRenderer] RENDER: path=ox-goals, index=2, renderCount=1 @ http://localhost:3210/node_modules/.pnpm/@salla.sa+twilight-theme-en_c3cd9c099c8c4c71b5353d842e4aee2e/node_modules/@salla.sa/twilight-theme-engine/dist/chunk-WITIL2MK.js?v=c58539c0:670
[  245186ms] [LOG] [HomeComponentRenderer] RENDER: path=ox-goals, index=2, renderCount=2 @ http://localhost:3210/node_modules/.pnpm/@salla.sa+twilight-theme-en_c3cd9c099c8c4c71b5353d842e4aee2e/node_modules/@salla.sa/twilight-theme-engine/dist/chunk-WITIL2MK.js?v=c58539c0:670
[  245187ms] [LOG] [HomeComponentRenderer] RENDER: path=ox-products, index=3, renderCount=1 @ http://localhost:3210/node_modules/.pnpm/@salla.sa+twilight-theme-en_c3cd9c099c8c4c71b5353d842e4aee2e/node_modules/@salla.sa/twilight-theme-engine/dist/chunk-WITIL2MK.js?v=c58539c0:670
[  245188ms] [LOG] [HomeComponentRenderer] RENDER: path=ox-products, index=3, renderCount=2 @ http://localhost:3210/node_modules/.pnpm/@salla.sa+twilight-theme-en_c3cd9c099c8c4c71b5353d842e4aee2e/node_modules/@salla.sa/twilight-theme-engine/dist/chunk-WITIL2MK.js?v=c58539c0:670
[  245189ms] [LOG] [HomeComponentRenderer] RENDER: path=ox-poster, index=4, renderCount=1 @ http://localhost:3210/node_modules/.pnpm/@salla.sa+twilight-theme-en_c3cd9c099c8c4c71b5353d842e4aee2e/node_modules/@salla.sa/twilight-theme-engine/dist/chunk-WITIL2MK.js?v=c58539c0:670
[  245190ms] [LOG] [HomeComponentRenderer] RENDER: path=ox-poster, index=4, renderCount=2 @ http://localhost:3210/node_modules/.pnpm/@salla.sa+twilight-theme-en_c3cd9c099c8c4c71b5353d842e4aee2e/node_modules/@salla.sa/twilight-theme-engine/dist/chunk-WITIL2MK.js?v=c58539c0:670
[  245191ms] [LOG] [HomeComponentRenderer] RENDER: path=ox-posters, index=5, renderCount=1 @ http://localhost:3210/node_modules/.pnpm/@salla.sa+twilight-theme-en_c3cd9c099c8c4c71b5353d842e4aee2e/node_modules/@salla.sa/twilight-theme-engine/dist/chunk-WITIL2MK.js?v=c58539c0:670
[  245191ms] [LOG] [HomeComponentRenderer] RENDER: path=ox-posters, index=5, renderCount=2 @ http://localhost:3210/node_modules/.pnpm/@salla.sa+twilight-theme-en_c3cd9c099c8c4c71b5353d842e4aee2e/node_modules/@salla.sa/twilight-theme-engine/dist/chunk-WITIL2MK.js?v=c58539c0:670
[  245197ms] [LOG] [HomeComponentRenderer] RENDER: path=ox-products-secondary, index=6, renderCount=1 @ http://localhost:3210/node_modules/.pnpm/@salla.sa+twilight-theme-en_c3cd9c099c8c4c71b5353d842e4aee2e/node_modules/@salla.sa/twilight-theme-engine/dist/chunk-WITIL2MK.js?v=c58539c0:670
[  245198ms] [LOG] [HomeComponentRenderer] RENDER: path=ox-products-secondary, index=6, renderCount=2 @ http://localhost:3210/node_modules/.pnpm/@salla.sa+twilight-theme-en_c3cd9c099c8c4c71b5353d842e4aee2e/node_modules/@salla.sa/twilight-theme-engine/dist/chunk-WITIL2MK.js?v=c58539c0:670
[  245200ms] [LOG] [HomeComponentRenderer] RENDER: path=ox-categories, index=7, renderCount=1 @ http://localhost:3210/node_modules/.pnpm/@salla.sa+twilight-theme-en_c3cd9c099c8c4c71b5353d842e4aee2e/node_modules/@salla.sa/twilight-theme-engine/dist/chunk-WITIL2MK.js?v=c58539c0:670
[  245200ms] [LOG] [HomeComponentRenderer] RENDER: path=ox-categories, index=7, renderCount=2 @ http://localhost:3210/node_modules/.pnpm/@salla.sa+twilight-theme-en_c3cd9c099c8c4c71b5353d842e4aee2e/node_modules/@salla.sa/twilight-theme-engine/dist/chunk-WITIL2MK.js?v=c58539c0:670
[  245203ms] [LOG] [HomeComponentRenderer] RENDER: path=ox-brands, index=8, renderCount=1 @ http://localhost:3210/node_modules/.pnpm/@salla.sa+twilight-theme-en_c3cd9c099c8c4c71b5353d842e4aee2e/node_modules/@salla.sa/twilight-theme-engine/dist/chunk-WITIL2MK.js?v=c58539c0:670
[  245203ms] [LOG] [HomeComponentRenderer] RENDER: path=ox-brands, index=8, renderCount=2 @ http://localhost:3210/node_modules/.pnpm/@salla.sa+twilight-theme-en_c3cd9c099c8c4c71b5353d842e4aee2e/node_modules/@salla.sa/twilight-theme-engine/dist/chunk-WITIL2MK.js?v=c58539c0:670
[  245203ms] [LOG] [HomeComponentRenderer] RENDER: path=ox-services, index=9, renderCount=1 @ http://localhost:3210/node_modules/.pnpm/@salla.sa+twilight-theme-en_c3cd9c099c8c4c71b5353d842e4aee2e/node_modules/@salla.sa/twilight-theme-engine/dist/chunk-WITIL2MK.js?v=c58539c0:670
[  245204ms] [LOG] [HomeComponentRenderer] RENDER: path=ox-services, index=9, renderCount=2 @ http://localhost:3210/node_modules/.pnpm/@salla.sa+twilight-theme-en_c3cd9c099c8c4c71b5353d842e4aee2e/node_modules/@salla.sa/twilight-theme-engine/dist/chunk-WITIL2MK.js?v=c58539c0:670
[  245205ms] [LOG] [HomeComponentRenderer] RENDER: path=ox-guides, index=10, renderCount=1 @ http://localhost:3210/node_modules/.pnpm/@salla.sa+twilight-theme-en_c3cd9c099c8c4c71b5353d842e4aee2e/node_modules/@salla.sa/twilight-theme-engine/dist/chunk-WITIL2MK.js?v=c58539c0:670
[  245205ms] [LOG] [HomeComponentRenderer] RENDER: path=ox-guides, index=10, renderCount=2 @ http://localhost:3210/node_modules/.pnpm/@salla.sa+twilight-theme-en_c3cd9c099c8c4c71b5353d842e4aee2e/node_modules/@salla.sa/twilight-theme-engine/dist/chunk-WITIL2MK.js?v=c58539c0:670
[  245206ms] [LOG] [HomeComponentRenderer] RENDER: path=ox-branch, index=11, renderCount=1 @ http://localhost:3210/node_modules/.pnpm/@salla.sa+twilight-theme-en_c3cd9c099c8c4c71b5353d842e4aee2e/node_modules/@salla.sa/twilight-theme-engine/dist/chunk-WITIL2MK.js?v=c58539c0:670
[  245206ms] [LOG] [HomeComponentRenderer] RENDER: path=ox-branch, index=11, renderCount=2 @ http://localhost:3210/node_modules/.pnpm/@salla.sa+twilight-theme-en_c3cd9c099c8c4c71b5353d842e4aee2e/node_modules/@salla.sa/twilight-theme-engine/dist/chunk-WITIL2MK.js?v=c58539c0:670
[  245207ms] [LOG] [HomeComponentRenderer] RENDER: path=ox-certifications, index=12, renderCount=1 @ http://localhost:3210/node_modules/.pnpm/@salla.sa+twilight-theme-en_c3cd9c099c8c4c71b5353d842e4aee2e/node_modules/@salla.sa/twilight-theme-engine/dist/chunk-WITIL2MK.js?v=c58539c0:670
[  245207ms] [LOG] [HomeComponentRenderer] RENDER: path=ox-certifications, index=12, renderCount=2 @ http://localhost:3210/node_modules/.pnpm/@salla.sa+twilight-theme-en_c3cd9c099c8c4c71b5353d842e4aee2e/node_modules/@salla.sa/twilight-theme-engine/dist/chunk-WITIL2MK.js?v=c58539c0:670
[  245208ms] [LOG] [HomeComponentRenderer] RENDER: path=ox-faq, index=13, renderCount=1 @ http://localhost:3210/node_modules/.pnpm/@salla.sa+twilight-theme-en_c3cd9c099c8c4c71b5353d842e4aee2e/node_modules/@salla.sa/twilight-theme-engine/dist/chunk-WITIL2MK.js?v=c58539c0:670
[  245208ms] [LOG] [HomeComponentRenderer] RENDER: path=ox-faq, index=13, renderCount=2 @ http://localhost:3210/node_modules/.pnpm/@salla.sa+twilight-theme-en_c3cd9c099c8c4c71b5353d842e4aee2e/node_modules/@salla.sa/twilight-theme-engine/dist/chunk-WITIL2MK.js?v=c58539c0:670
[  245209ms] [LOG] [HomeComponentRenderer] RENDER: path=ox-newsletter, index=14, renderCount=1 @ http://localhost:3210/node_modules/.pnpm/@salla.sa+twilight-theme-en_c3cd9c099c8c4c71b5353d842e4aee2e/node_modules/@salla.sa/twilight-theme-engine/dist/chunk-WITIL2MK.js?v=c58539c0:670
[  245210ms] [LOG] [HomeComponentRenderer] RENDER: path=ox-newsletter, index=14, renderCount=2 @ http://localhost:3210/node_modules/.pnpm/@salla.sa+twilight-theme-en_c3cd9c099c8c4c71b5353d842e4aee2e/node_modules/@salla.sa/twilight-theme-engine/dist/chunk-WITIL2MK.js?v=c58539c0:670
[  245210ms] [LOG] [HomeComponentRenderer] RENDER: path=ox-banner, index=15, renderCount=1 @ http://localhost:3210/node_modules/.pnpm/@salla.sa+twilight-theme-en_c3cd9c099c8c4c71b5353d842e4aee2e/node_modules/@salla.sa/twilight-theme-engine/dist/chunk-WITIL2MK.js?v=c58539c0:670
[  245211ms] [LOG] [HomeComponentRenderer] RENDER: path=ox-banner, index=15, renderCount=2 @ http://localhost:3210/node_modules/.pnpm/@salla.sa+twilight-theme-en_c3cd9c099c8c4c71b5353d842e4aee2e/node_modules/@salla.sa/twilight-theme-engine/dist/chunk-WITIL2MK.js?v=c58539c0:670
[  245215ms] [LOG] [HomeComponentRenderer] MOUNT: path=ox-hero, index=0, renderCount=2 @ http://localhost:3210/node_modules/.pnpm/@salla.sa+twilight-theme-en_c3cd9c099c8c4c71b5353d842e4aee2e/node_modules/@salla.sa/twilight-theme-engine/dist/chunk-WITIL2MK.js?v=c58539c0:673
[  245215ms] [LOG] [HomeComponentRenderer] MOUNT: path=ox-trust-strip, index=1, renderCount=2 @ http://localhost:3210/node_modules/.pnpm/@salla.sa+twilight-theme-en_c3cd9c099c8c4c71b5353d842e4aee2e/node_modules/@salla.sa/twilight-theme-engine/dist/chunk-WITIL2MK.js?v=c58539c0:673
[  245216ms] [LOG] [HomeComponentRenderer] MOUNT: path=ox-goals, index=2, renderCount=2 @ http://localhost:3210/node_modules/.pnpm/@salla.sa+twilight-theme-en_c3cd9c099c8c4c71b5353d842e4aee2e/node_modules/@salla.sa/twilight-theme-engine/dist/chunk-WITIL2MK.js?v=c58539c0:673
[  245216ms] [LOG] [HomeComponentRenderer] MOUNT: path=ox-products, index=3, renderCount=2 @ http://localhost:3210/node_modules/.pnpm/@salla.sa+twilight-theme-en_c3cd9c099c8c4c71b5353d842e4aee2e/node_modules/@salla.sa/twilight-theme-engine/dist/chunk-WITIL2MK.js?v=c58539c0:673
[  245217ms] [LOG] [HomeComponentRenderer] MOUNT: path=ox-poster, index=4, renderCount=2 @ http://localhost:3210/node_modules/.pnpm/@salla.sa+twilight-theme-en_c3cd9c099c8c4c71b5353d842e4aee2e/node_modules/@salla.sa/twilight-theme-engine/dist/chunk-WITIL2MK.js?v=c58539c0:673
[  245217ms] [LOG] [HomeComponentRenderer] MOUNT: path=ox-posters, index=5, renderCount=2 @ http://localhost:3210/node_modules/.pnpm/@salla.sa+twilight-theme-en_c3cd9c099c8c4c71b5353d842e4aee2e/node_modules/@salla.sa/twilight-theme-engine/dist/chunk-WITIL2MK.js?v=c58539c0:673
[  245218ms] [LOG] [HomeComponentRenderer] MOUNT: path=ox-products-secondary, index=6, renderCount=2 @ http://localhost:3210/node_modules/.pnpm/@salla.sa+twilight-theme-en_c3cd9c099c8c4c71b5353d842e4aee2e/node_modules/@salla.sa/twilight-theme-engine/dist/chunk-WITIL2MK.js?v=c58539c0:673
[  245219ms] [LOG] [HomeComponentRenderer] MOUNT: path=ox-categories, index=7, renderCount=2 @ http://localhost:3210/node_modules/.pnpm/@salla.sa+twilight-theme-en_c3cd9c099c8c4c71b5353d842e4aee2e/node_modules/@salla.sa/twilight-theme-engine/dist/chunk-WITIL2MK.js?v=c58539c0:673
[  245219ms] [LOG] [HomeComponentRenderer] MOUNT: path=ox-brands, index=8, renderCount=2 @ http://localhost:3210/node_modules/.pnpm/@salla.sa+twilight-theme-en_c3cd9c099c8c4c71b5353d842e4aee2e/node_modules/@salla.sa/twilight-theme-engine/dist/chunk-WITIL2MK.js?v=c58539c0:673
[  245220ms] [LOG] [HomeComponentRenderer] MOUNT: path=ox-services, index=9, renderCount=2 @ http://localhost:3210/node_modules/.pnpm/@salla.sa+twilight-theme-en_c3cd9c099c8c4c71b5353d842e4aee2e/node_modules/@salla.sa/twilight-theme-engine/dist/chunk-WITIL2MK.js?v=c58539c0:673
[  245220ms] [LOG] [HomeComponentRenderer] MOUNT: path=ox-guides, index=10, renderCount=2 @ http://localhost:3210/node_modules/.pnpm/@salla.sa+twilight-theme-en_c3cd9c099c8c4c71b5353d842e4aee2e/node_modules/@salla.sa/twilight-theme-engine/dist/chunk-WITIL2MK.js?v=c58539c0:673
[  245221ms] [LOG] [HomeComponentRenderer] MOUNT: path=ox-branch, index=11, renderCount=2 @ http://localhost:3210/node_modules/.pnpm/@salla.sa+twilight-theme-en_c3cd9c099c8c4c71b5353d842e4aee2e/node_modules/@salla.sa/twilight-theme-engine/dist/chunk-WITIL2MK.js?v=c58539c0:673
[  245221ms] [LOG] [HomeComponentRenderer] MOUNT: path=ox-certifications, index=12, renderCount=2 @ http://localhost:3210/node_modules/.pnpm/@salla.sa+twilight-theme-en_c3cd9c099c8c4c71b5353d842e4aee2e/node_modules/@salla.sa/twilight-theme-engine/dist/chunk-WITIL2MK.js?v=c58539c0:673
[  245222ms] [LOG] [HomeComponentRenderer] MOUNT: path=ox-faq, index=13, renderCount=2 @ http://localhost:3210/node_modules/.pnpm/@salla.sa+twilight-theme-en_c3cd9c099c8c4c71b5353d842e4aee2e/node_modules/@salla.sa/twilight-theme-engine/dist/chunk-WITIL2MK.js?v=c58539c0:673
[  245222ms] [LOG] [HomeComponentRenderer] MOUNT: path=ox-newsletter, index=14, renderCount=2 @ http://localhost:3210/node_modules/.pnpm/@salla.sa+twilight-theme-en_c3cd9c099c8c4c71b5353d842e4aee2e/node_modules/@salla.sa/twilight-theme-engine/dist/chunk-WITIL2MK.js?v=c58539c0:673
[  245223ms] [LOG] [HomeComponentRenderer] MOUNT: path=ox-banner, index=15, renderCount=2 @ http://localhost:3210/node_modules/.pnpm/@salla.sa+twilight-theme-en_c3cd9c099c8c4c71b5353d842e4aee2e/node_modules/@salla.sa/twilight-theme-engine/dist/chunk-WITIL2MK.js?v=c58539c0:673
[  245307ms] [ERROR] [store.settings] Failed: TypeError: Failed to execute 'set' on 'Headers': String contains non ISO-8859-1 code point.
    at ky.extend.hooks.beforeRequest (http://localhost:3210/node_modules/.pnpm/@salla.sa+twilight-theme-en_c3cd9c099c8c4c71b5353d842e4aee2e/node_modules/@salla.sa/twilight-theme-engine/dist/chunk-O6XXHXC4.js?v=c58539c0:95:25)
    at http://localhost:3210/node_modules/.pnpm/ky@2.1.0/node_modules/ky/distribution/core/Ky.js?v=c58539c0:731:73
    at #raceWithTotalTimeout (http://localhost:3210/node_modules/.pnpm/ky@2.1.0/node_modules/ky/distribution/core/Ky.js?v=c58539c0:572:20)
    at #runBeforeRequestHooks (http://localhost:3210/node_modules/.pnpm/ky@2.1.0/node_modules/ky/distribution/core/Ky.js?v=c58539c0:731:60)
    at function_ (http://localhost:3210/node_modules/.pnpm/ky@2.1.0/node_modules/ky/distribution/core/Ky.js?v=c58539c0:117:74)
    at async http://localhost:3210/node_modules/.pnpm/ky@2.1.0/node_modules/ky/distribution/core/Ky.js?v=c58539c0:195:24
    at async result.<computed> [as json] (http://localhost:3210/node_modules/.pnpm/ky@2.1.0/node_modules/ky/distribution/core/Ky.js?v=c58539c0:219:34)
    at async Object.settings (http://localhost:3210/node_modules/.pnpm/@salla.sa+twilight-theme-en_c3cd9c099c8c4c71b5353d842e4aee2e/node_modules/@salla.sa/twilight-theme-engine/dist/chunk-WMSOSA74.js?v=c58539c0:34:20) @ http://localhost:3210/@vite/client:532
[  245470ms] Error: Hydration failed because the server rendered HTML didn't match the client. As a result this tree will be regenerated on the client. This can happen if a SSR-ed Client Component used:

- A server/client branch `if (typeof window !== 'undefined')`.
- Variable input such as `Date.now()` or `Math.random()` which changes each time it's called.
- Date formatting in a user's locale which doesn't match the server.
- External changing data without sending a snapshot of it along with the HTML.
- Invalid HTML tag nesting.

It can also happen if the client has a browser extension installed which messes with the HTML before React loaded.

https://react.dev/link/hydration-mismatch

  ...
    <Matches>
      <Transitioner>
      <SafeFragment fallback={<Context>}>
        <MatchesInner>
          <CatchBoundary getResetKey={function getResetKey} onCatch={function}>
            <MatchImpl routeId="__root__">
              <MatchView router={{...}} match={{id:"__root__/", ...}}>
                <RootComponent>
                  <html lang="ar" dir="rtl" suppressHydrationWarning={true}>
                    <head>
                    <body suppressHydrationWarning={true}>
                      <noscript>
                      <TwilightProvider>
                      <Suspense fallback={null}>
                        <TanStackRouterDevtools position="bottom-right">
+                         <div ref={{current:null}}>
                      ...

    at throwOnHydrationMismatch (http://localhost:3210/node_modules/.vite/deps/react-dom_client.js?v=c58539c0:2968:51)
    at beginWork (http://localhost:3210/node_modules/.vite/deps/react-dom_client.js?v=c58539c0:6200:914)
    at runWithFiberInDEV (http://localhost:3210/node_modules/.vite/deps/react-dom_client.js?v=c58539c0:851:66)
    at performUnitOfWork (http://localhost:3210/node_modules/.vite/deps/react-dom_client.js?v=c58539c0:8429:92)
    at workLoopConcurrentByScheduler (http://localhost:3210/node_modules/.vite/deps/react-dom_client.js?v=c58539c0:8425:55)
    at renderRootConcurrent (http://localhost:3210/node_modules/.vite/deps/react-dom_client.js?v=c58539c0:8408:64)
    at performWorkOnRoot (http://localhost:3210/node_modules/.vite/deps/react-dom_client.js?v=c58539c0:7957:145)
    at performWorkOnRootViaSchedulerTask (http://localhost:3210/node_modules/.vite/deps/react-dom_client.js?v=c58539c0:9059:4)
    at MessagePort.performWorkUntilDeadline (http://localhost:3210/node_modules/.vite/deps/react-dom_client.js?v=c58539c0:36:38)
[  248490ms] [ERROR] [store.settings] Failed: TypeError: Failed to execute 'set' on 'Headers': String contains non ISO-8859-1 code point.
    at ky.extend.hooks.beforeRequest (http://localhost:3210/node_modules/.pnpm/@salla.sa+twilight-theme-en_c3cd9c099c8c4c71b5353d842e4aee2e/node_modules/@salla.sa/twilight-theme-engine/dist/chunk-O6XXHXC4.js?v=c58539c0:95:25)
    at http://localhost:3210/node_modules/.pnpm/ky@2.1.0/node_modules/ky/distribution/core/Ky.js?v=c58539c0:731:73
    at #raceWithTotalTimeout (http://localhost:3210/node_modules/.pnpm/ky@2.1.0/node_modules/ky/distribution/core/Ky.js?v=c58539c0:572:20)
    at #runBeforeRequestHooks (http://localhost:3210/node_modules/.pnpm/ky@2.1.0/node_modules/ky/distribution/core/Ky.js?v=c58539c0:731:60)
    at function_ (http://localhost:3210/node_modules/.pnpm/ky@2.1.0/node_modules/ky/distribution/core/Ky.js?v=c58539c0:117:74)
    at async http://localhost:3210/node_modules/.pnpm/ky@2.1.0/node_modules/ky/distribution/core/Ky.js?v=c58539c0:195:24
    at async result.<computed> [as json] (http://localhost:3210/node_modules/.pnpm/ky@2.1.0/node_modules/ky/distribution/core/Ky.js?v=c58539c0:219:34)
    at async Object.settings (http://localhost:3210/node_modules/.pnpm/@salla.sa+twilight-theme-en_c3cd9c099c8c4c71b5353d842e4aee2e/node_modules/@salla.sa/twilight-theme-engine/dist/chunk-WMSOSA74.js?v=c58539c0:34:20) @ http://localhost:3210/@vite/client:532
[  250982ms] [LOG] [HomeComponentRenderer] UNMOUNT: path=ox-hero, index=0 @ http://localhost:3210/node_modules/.pnpm/@salla.sa+twilight-theme-en_c3cd9c099c8c4c71b5353d842e4aee2e/node_modules/@salla.sa/twilight-theme-engine/dist/chunk-WITIL2MK.js?v=c58539c0:675
[  250983ms] [LOG] [HomeComponentRenderer] UNMOUNT: path=ox-trust-strip, index=1 @ http://localhost:3210/node_modules/.pnpm/@salla.sa+twilight-theme-en_c3cd9c099c8c4c71b5353d842e4aee2e/node_modules/@salla.sa/twilight-theme-engine/dist/chunk-WITIL2MK.js?v=c58539c0:675
[  250984ms] [LOG] [HomeComponentRenderer] UNMOUNT: path=ox-goals, index=2 @ http://localhost:3210/node_modules/.pnpm/@salla.sa+twilight-theme-en_c3cd9c099c8c4c71b5353d842e4aee2e/node_modules/@salla.sa/twilight-theme-engine/dist/chunk-WITIL2MK.js?v=c58539c0:675
[  250985ms] [LOG] [HomeComponentRenderer] UNMOUNT: path=ox-products, index=3 @ http://localhost:3210/node_modules/.pnpm/@salla.sa+twilight-theme-en_c3cd9c099c8c4c71b5353d842e4aee2e/node_modules/@salla.sa/twilight-theme-engine/dist/chunk-WITIL2MK.js?v=c58539c0:675
[  250986ms] [LOG] [HomeComponentRenderer] UNMOUNT: path=ox-poster, index=4 @ http://localhost:3210/node_modules/.pnpm/@salla.sa+twilight-theme-en_c3cd9c099c8c4c71b5353d842e4aee2e/node_modules/@salla.sa/twilight-theme-engine/dist/chunk-WITIL2MK.js?v=c58539c0:675
[  250987ms] [LOG] [HomeComponentRenderer] UNMOUNT: path=ox-posters, index=5 @ http://localhost:3210/node_modules/.pnpm/@salla.sa+twilight-theme-en_c3cd9c099c8c4c71b5353d842e4aee2e/node_modules/@salla.sa/twilight-theme-engine/dist/chunk-WITIL2MK.js?v=c58539c0:675
[  250987ms] [LOG] [HomeComponentRenderer] UNMOUNT: path=ox-products-secondary, index=6 @ http://localhost:3210/node_modules/.pnpm/@salla.sa+twilight-theme-en_c3cd9c099c8c4c71b5353d842e4aee2e/node_modules/@salla.sa/twilight-theme-engine/dist/chunk-WITIL2MK.js?v=c58539c0:675
[  250987ms] [LOG] [HomeComponentRenderer] UNMOUNT: path=ox-categories, index=7 @ http://localhost:3210/node_modules/.pnpm/@salla.sa+twilight-theme-en_c3cd9c099c8c4c71b5353d842e4aee2e/node_modules/@salla.sa/twilight-theme-engine/dist/chunk-WITIL2MK.js?v=c58539c0:675
[  250988ms] [LOG] [HomeComponentRenderer] UNMOUNT: path=ox-brands, index=8 @ http://localhost:3210/node_modules/.pnpm/@salla.sa+twilight-theme-en_c3cd9c099c8c4c71b5353d842e4aee2e/node_modules/@salla.sa/twilight-theme-engine/dist/chunk-WITIL2MK.js?v=c58539c0:675
[  250989ms] [LOG] [HomeComponentRenderer] UNMOUNT: path=ox-services, index=9 @ http://localhost:3210/node_modules/.pnpm/@salla.sa+twilight-theme-en_c3cd9c099c8c4c71b5353d842e4aee2e/node_modules/@salla.sa/twilight-theme-engine/dist/chunk-WITIL2MK.js?v=c58539c0:675
[  250989ms] [LOG] [HomeComponentRenderer] UNMOUNT: path=ox-guides, index=10 @ http://localhost:3210/node_modules/.pnpm/@salla.sa+twilight-theme-en_c3cd9c099c8c4c71b5353d842e4aee2e/node_modules/@salla.sa/twilight-theme-engine/dist/chunk-WITIL2MK.js?v=c58539c0:675
[  250990ms] [LOG] [HomeComponentRenderer] UNMOUNT: path=ox-branch, index=11 @ http://localhost:3210/node_modules/.pnpm/@salla.sa+twilight-theme-en_c3cd9c099c8c4c71b5353d842e4aee2e/node_modules/@salla.sa/twilight-theme-engine/dist/chunk-WITIL2MK.js?v=c58539c0:675
[  250990ms] [LOG] [HomeComponentRenderer] UNMOUNT: path=ox-certifications, index=12 @ http://localhost:3210/node_modules/.pnpm/@salla.sa+twilight-theme-en_c3cd9c099c8c4c71b5353d842e4aee2e/node_modules/@salla.sa/twilight-theme-engine/dist/chunk-WITIL2MK.js?v=c58539c0:675
[  250991ms] [LOG] [HomeComponentRenderer] UNMOUNT: path=ox-faq, index=13 @ http://localhost:3210/node_modules/.pnpm/@salla.sa+twilight-theme-en_c3cd9c099c8c4c71b5353d842e4aee2e/node_modules/@salla.sa/twilight-theme-engine/dist/chunk-WITIL2MK.js?v=c58539c0:675
[  250991ms] [LOG] [HomeComponentRenderer] UNMOUNT: path=ox-newsletter, index=14 @ http://localhost:3210/node_modules/.pnpm/@salla.sa+twilight-theme-en_c3cd9c099c8c4c71b5353d842e4aee2e/node_modules/@salla.sa/twilight-theme-engine/dist/chunk-WITIL2MK.js?v=c58539c0:675
[  250992ms] [LOG] [HomeComponentRenderer] UNMOUNT: path=ox-banner, index=15 @ http://localhost:3210/node_modules/.pnpm/@salla.sa+twilight-theme-en_c3cd9c099c8c4c71b5353d842e4aee2e/node_modules/@salla.sa/twilight-theme-engine/dist/chunk-WITIL2MK.js?v=c58539c0:675
[  252636ms] [LOG] [HomeComponentRenderer] RENDER: path=ox-hero, index=0, renderCount=1 @ http://localhost:3210/node_modules/.pnpm/@salla.sa+twilight-theme-en_c3cd9c099c8c4c71b5353d842e4aee2e/node_modules/@salla.sa/twilight-theme-engine/dist/chunk-WITIL2MK.js?v=c58539c0:670
[  252637ms] [LOG] [HomeComponentRenderer] RENDER: path=ox-hero, index=0, renderCount=2 @ http://localhost:3210/node_modules/.pnpm/@salla.sa+twilight-theme-en_c3cd9c099c8c4c71b5353d842e4aee2e/node_modules/@salla.sa/twilight-theme-engine/dist/chunk-WITIL2MK.js?v=c58539c0:670
[  252643ms] [LOG] [HomeComponentRenderer] RENDER: path=ox-trust-strip, index=1, renderCount=1 @ http://localhost:3210/node_modules/.pnpm/@salla.sa+twilight-theme-en_c3cd9c099c8c4c71b5353d842e4aee2e/node_modules/@salla.sa/twilight-theme-engine/dist/chunk-WITIL2MK.js?v=c58539c0:670
[  252644ms] [LOG] [HomeComponentRenderer] RENDER: path=ox-trust-strip, index=1, renderCount=2 @ http://localhost:3210/node_modules/.pnpm/@salla.sa+twilight-theme-en_c3cd9c099c8c4c71b5353d842e4aee2e/node_modules/@salla.sa/twilight-theme-engine/dist/chunk-WITIL2MK.js?v=c58539c0:670
[  252650ms] [LOG] [HomeComponentRenderer] RENDER: path=ox-goals, index=2, renderCount=1 @ http://localhost:3210/node_modules/.pnpm/@salla.sa+twilight-theme-en_c3cd9c099c8c4c71b5353d842e4aee2e/node_modules/@salla.sa/twilight-theme-engine/dist/chunk-WITIL2MK.js?v=c58539c0:670
[  252650ms] [LOG] [HomeComponentRenderer] RENDER: path=ox-goals, index=2, renderCount=2 @ http://localhost:3210/node_modules/.pnpm/@salla.sa+twilight-theme-en_c3cd9c099c8c4c71b5353d842e4aee2e/node_modules/@salla.sa/twilight-theme-engine/dist/chunk-WITIL2MK.js?v=c58539c0:670
[  252659ms] [LOG] [HomeComponentRenderer] RENDER: path=ox-products, index=3, renderCount=1 @ http://localhost:3210/node_modules/.pnpm/@salla.sa+twilight-theme-en_c3cd9c099c8c4c71b5353d842e4aee2e/node_modules/@salla.sa/twilight-theme-engine/dist/chunk-WITIL2MK.js?v=c58539c0:670
[  252659ms] [LOG] [HomeComponentRenderer] RENDER: path=ox-products, index=3, renderCount=2 @ http://localhost:3210/node_modules/.pnpm/@salla.sa+twilight-theme-en_c3cd9c099c8c4c71b5353d842e4aee2e/node_modules/@salla.sa/twilight-theme-engine/dist/chunk-WITIL2MK.js?v=c58539c0:670
[  252660ms] [LOG] [HomeComponentRenderer] RENDER: path=ox-poster, index=4, renderCount=1 @ http://localhost:3210/node_modules/.pnpm/@salla.sa+twilight-theme-en_c3cd9c099c8c4c71b5353d842e4aee2e/node_modules/@salla.sa/twilight-theme-engine/dist/chunk-WITIL2MK.js?v=c58539c0:670
[  252661ms] [LOG] [HomeComponentRenderer] RENDER: path=ox-poster, index=4, renderCount=2 @ http://localhost:3210/node_modules/.pnpm/@salla.sa+twilight-theme-en_c3cd9c099c8c4c71b5353d842e4aee2e/node_modules/@salla.sa/twilight-theme-engine/dist/chunk-WITIL2MK.js?v=c58539c0:670
[  252661ms] [LOG] [HomeComponentRenderer] RENDER: path=ox-posters, index=5, renderCount=1 @ http://localhost:3210/node_modules/.pnpm/@salla.sa+twilight-theme-en_c3cd9c099c8c4c71b5353d842e4aee2e/node_modules/@salla.sa/twilight-theme-engine/dist/chunk-WITIL2MK.js?v=c58539c0:670
[  252661ms] [LOG] [HomeComponentRenderer] RENDER: path=ox-posters, index=5, renderCount=2 @ http://localhost:3210/node_modules/.pnpm/@salla.sa+twilight-theme-en_c3cd9c099c8c4c71b5353d842e4aee2e/node_modules/@salla.sa/twilight-theme-engine/dist/chunk-WITIL2MK.js?v=c58539c0:670
[  252662ms] [LOG] [HomeComponentRenderer] RENDER: path=ox-products-secondary, index=6, renderCount=1 @ http://localhost:3210/node_modules/.pnpm/@salla.sa+twilight-theme-en_c3cd9c099c8c4c71b5353d842e4aee2e/node_modules/@salla.sa/twilight-theme-engine/dist/chunk-WITIL2MK.js?v=c58539c0:670
[  252662ms] [LOG] [HomeComponentRenderer] RENDER: path=ox-products-secondary, index=6, renderCount=2 @ http://localhost:3210/node_modules/.pnpm/@salla.sa+twilight-theme-en_c3cd9c099c8c4c71b5353d842e4aee2e/node_modules/@salla.sa/twilight-theme-engine/dist/chunk-WITIL2MK.js?v=c58539c0:670
[  252662ms] [LOG] [HomeComponentRenderer] RENDER: path=ox-categories, index=7, renderCount=1 @ http://localhost:3210/node_modules/.pnpm/@salla.sa+twilight-theme-en_c3cd9c099c8c4c71b5353d842e4aee2e/node_modules/@salla.sa/twilight-theme-engine/dist/chunk-WITIL2MK.js?v=c58539c0:670
[  252663ms] [LOG] [HomeComponentRenderer] RENDER: path=ox-categories, index=7, renderCount=2 @ http://localhost:3210/node_modules/.pnpm/@salla.sa+twilight-theme-en_c3cd9c099c8c4c71b5353d842e4aee2e/node_modules/@salla.sa/twilight-theme-engine/dist/chunk-WITIL2MK.js?v=c58539c0:670
[  252663ms] [LOG] [HomeComponentRenderer] RENDER: path=ox-brands, index=8, renderCount=1 @ http://localhost:3210/node_modules/.pnpm/@salla.sa+twilight-theme-en_c3cd9c099c8c4c71b5353d842e4aee2e/node_modules/@salla.sa/twilight-theme-engine/dist/chunk-WITIL2MK.js?v=c58539c0:670
[  252663ms] [LOG] [HomeComponentRenderer] RENDER: path=ox-brands, index=8, renderCount=2 @ http://localhost:3210/node_modules/.pnpm/@salla.sa+twilight-theme-en_c3cd9c099c8c4c71b5353d842e4aee2e/node_modules/@salla.sa/twilight-theme-engine/dist/chunk-WITIL2MK.js?v=c58539c0:670
[  252664ms] [LOG] [HomeComponentRenderer] RENDER: path=ox-services, index=9, renderCount=1 @ http://localhost:3210/node_modules/.pnpm/@salla.sa+twilight-theme-en_c3cd9c099c8c4c71b5353d842e4aee2e/node_modules/@salla.sa/twilight-theme-engine/dist/chunk-WITIL2MK.js?v=c58539c0:670
[  252664ms] [LOG] [HomeComponentRenderer] RENDER: path=ox-services, index=9, renderCount=2 @ http://localhost:3210/node_modules/.pnpm/@salla.sa+twilight-theme-en_c3cd9c099c8c4c71b5353d842e4aee2e/node_modules/@salla.sa/twilight-theme-engine/dist/chunk-WITIL2MK.js?v=c58539c0:670
[  252664ms] [LOG] [HomeComponentRenderer] RENDER: path=ox-guides, index=10, renderCount=1 @ http://localhost:3210/node_modules/.pnpm/@salla.sa+twilight-theme-en_c3cd9c099c8c4c71b5353d842e4aee2e/node_modules/@salla.sa/twilight-theme-engine/dist/chunk-WITIL2MK.js?v=c58539c0:670
[  252664ms] [LOG] [HomeComponentRenderer] RENDER: path=ox-guides, index=10, renderCount=2 @ http://localhost:3210/node_modules/.pnpm/@salla.sa+twilight-theme-en_c3cd9c099c8c4c71b5353d842e4aee2e/node_modules/@salla.sa/twilight-theme-engine/dist/chunk-WITIL2MK.js?v=c58539c0:670
[  252665ms] [LOG] [HomeComponentRenderer] RENDER: path=ox-branch, index=11, renderCount=1 @ http://localhost:3210/node_modules/.pnpm/@salla.sa+twilight-theme-en_c3cd9c099c8c4c71b5353d842e4aee2e/node_modules/@salla.sa/twilight-theme-engine/dist/chunk-WITIL2MK.js?v=c58539c0:670
[  252665ms] [LOG] [HomeComponentRenderer] RENDER: path=ox-branch, index=11, renderCount=2 @ http://localhost:3210/node_modules/.pnpm/@salla.sa+twilight-theme-en_c3cd9c099c8c4c71b5353d842e4aee2e/node_modules/@salla.sa/twilight-theme-engine/dist/chunk-WITIL2MK.js?v=c58539c0:670
[  252665ms] [LOG] [HomeComponentRenderer] RENDER: path=ox-certifications, index=12, renderCount=1 @ http://localhost:3210/node_modules/.pnpm/@salla.sa+twilight-theme-en_c3cd9c099c8c4c71b5353d842e4aee2e/node_modules/@salla.sa/twilight-theme-engine/dist/chunk-WITIL2MK.js?v=c58539c0:670
[  252665ms] [LOG] [HomeComponentRenderer] RENDER: path=ox-certifications, index=12, renderCount=2 @ http://localhost:3210/node_modules/.pnpm/@salla.sa+twilight-theme-en_c3cd9c099c8c4c71b5353d842e4aee2e/node_modules/@salla.sa/twilight-theme-engine/dist/chunk-WITIL2MK.js?v=c58539c0:670
[  252666ms] [LOG] [HomeComponentRenderer] RENDER: path=ox-faq, index=13, renderCount=1 @ http://localhost:3210/node_modules/.pnpm/@salla.sa+twilight-theme-en_c3cd9c099c8c4c71b5353d842e4aee2e/node_modules/@salla.sa/twilight-theme-engine/dist/chunk-WITIL2MK.js?v=c58539c0:670
[  252666ms] [LOG] [HomeComponentRenderer] RENDER: path=ox-faq, index=13, renderCount=2 @ http://localhost:3210/node_modules/.pnpm/@salla.sa+twilight-theme-en_c3cd9c099c8c4c71b5353d842e4aee2e/node_modules/@salla.sa/twilight-theme-engine/dist/chunk-WITIL2MK.js?v=c58539c0:670
[  252666ms] [LOG] [HomeComponentRenderer] RENDER: path=ox-newsletter, index=14, renderCount=1 @ http://localhost:3210/node_modules/.pnpm/@salla.sa+twilight-theme-en_c3cd9c099c8c4c71b5353d842e4aee2e/node_modules/@salla.sa/twilight-theme-engine/dist/chunk-WITIL2MK.js?v=c58539c0:670
[  252666ms] [LOG] [HomeComponentRenderer] RENDER: path=ox-newsletter, index=14, renderCount=2 @ http://localhost:3210/node_modules/.pnpm/@salla.sa+twilight-theme-en_c3cd9c099c8c4c71b5353d842e4aee2e/node_modules/@salla.sa/twilight-theme-engine/dist/chunk-WITIL2MK.js?v=c58539c0:670
[  252667ms] [LOG] [HomeComponentRenderer] RENDER: path=ox-banner, index=15, renderCount=1 @ http://localhost:3210/node_modules/.pnpm/@salla.sa+twilight-theme-en_c3cd9c099c8c4c71b5353d842e4aee2e/node_modules/@salla.sa/twilight-theme-engine/dist/chunk-WITIL2MK.js?v=c58539c0:670
[  252667ms] [LOG] [HomeComponentRenderer] RENDER: path=ox-banner, index=15, renderCount=2 @ http://localhost:3210/node_modules/.pnpm/@salla.sa+twilight-theme-en_c3cd9c099c8c4c71b5353d842e4aee2e/node_modules/@salla.sa/twilight-theme-engine/dist/chunk-WITIL2MK.js?v=c58539c0:670
[  252689ms] [LOG] [HomeComponentRenderer] MOUNT: path=ox-hero, index=0, renderCount=2 @ http://localhost:3210/node_modules/.pnpm/@salla.sa+twilight-theme-en_c3cd9c099c8c4c71b5353d842e4aee2e/node_modules/@salla.sa/twilight-theme-engine/dist/chunk-WITIL2MK.js?v=c58539c0:673
[  252689ms] [LOG] [HomeComponentRenderer] MOUNT: path=ox-trust-strip, index=1, renderCount=2 @ http://localhost:3210/node_modules/.pnpm/@salla.sa+twilight-theme-en_c3cd9c099c8c4c71b5353d842e4aee2e/node_modules/@salla.sa/twilight-theme-engine/dist/chunk-WITIL2MK.js?v=c58539c0:673
[  252690ms] [LOG] [HomeComponentRenderer] MOUNT: path=ox-goals, index=2, renderCount=2 @ http://localhost:3210/node_modules/.pnpm/@salla.sa+twilight-theme-en_c3cd9c099c8c4c71b5353d842e4aee2e/node_modules/@salla.sa/twilight-theme-engine/dist/chunk-WITIL2MK.js?v=c58539c0:673
[  252691ms] [LOG] [HomeComponentRenderer] MOUNT: path=ox-products, index=3, renderCount=2 @ http://localhost:3210/node_modules/.pnpm/@salla.sa+twilight-theme-en_c3cd9c099c8c4c71b5353d842e4aee2e/node_modules/@salla.sa/twilight-theme-engine/dist/chunk-WITIL2MK.js?v=c58539c0:673
[  252691ms] [LOG] [HomeComponentRenderer] MOUNT: path=ox-poster, index=4, renderCount=2 @ http://localhost:3210/node_modules/.pnpm/@salla.sa+twilight-theme-en_c3cd9c099c8c4c71b5353d842e4aee2e/node_modules/@salla.sa/twilight-theme-engine/dist/chunk-WITIL2MK.js?v=c58539c0:673
[  252692ms] [LOG] [HomeComponentRenderer] MOUNT: path=ox-posters, index=5, renderCount=2 @ http://localhost:3210/node_modules/.pnpm/@salla.sa+twilight-theme-en_c3cd9c099c8c4c71b5353d842e4aee2e/node_modules/@salla.sa/twilight-theme-engine/dist/chunk-WITIL2MK.js?v=c58539c0:673
[  252692ms] [LOG] [HomeComponentRenderer] MOUNT: path=ox-products-secondary, index=6, renderCount=2 @ http://localhost:3210/node_modules/.pnpm/@salla.sa+twilight-theme-en_c3cd9c099c8c4c71b5353d842e4aee2e/node_modules/@salla.sa/twilight-theme-engine/dist/chunk-WITIL2MK.js?v=c58539c0:673
[  252693ms] [LOG] [HomeComponentRenderer] MOUNT: path=ox-categories, index=7, renderCount=2 @ http://localhost:3210/node_modules/.pnpm/@salla.sa+twilight-theme-en_c3cd9c099c8c4c71b5353d842e4aee2e/node_modules/@salla.sa/twilight-theme-engine/dist/chunk-WITIL2MK.js?v=c58539c0:673
[  252693ms] [LOG] [HomeComponentRenderer] MOUNT: path=ox-brands, index=8, renderCount=2 @ http://localhost:3210/node_modules/.pnpm/@salla.sa+twilight-theme-en_c3cd9c099c8c4c71b5353d842e4aee2e/node_modules/@salla.sa/twilight-theme-engine/dist/chunk-WITIL2MK.js?v=c58539c0:673
[  252694ms] [LOG] [HomeComponentRenderer] MOUNT: path=ox-services, index=9, renderCount=2 @ http://localhost:3210/node_modules/.pnpm/@salla.sa+twilight-theme-en_c3cd9c099c8c4c71b5353d842e4aee2e/node_modules/@salla.sa/twilight-theme-engine/dist/chunk-WITIL2MK.js?v=c58539c0:673
[  252695ms] [LOG] [HomeComponentRenderer] MOUNT: path=ox-guides, index=10, renderCount=2 @ http://localhost:3210/node_modules/.pnpm/@salla.sa+twilight-theme-en_c3cd9c099c8c4c71b5353d842e4aee2e/node_modules/@salla.sa/twilight-theme-engine/dist/chunk-WITIL2MK.js?v=c58539c0:673
[  252695ms] [LOG] [HomeComponentRenderer] MOUNT: path=ox-branch, index=11, renderCount=2 @ http://localhost:3210/node_modules/.pnpm/@salla.sa+twilight-theme-en_c3cd9c099c8c4c71b5353d842e4aee2e/node_modules/@salla.sa/twilight-theme-engine/dist/chunk-WITIL2MK.js?v=c58539c0:673
[  252696ms] [LOG] [HomeComponentRenderer] MOUNT: path=ox-certifications, index=12, renderCount=2 @ http://localhost:3210/node_modules/.pnpm/@salla.sa+twilight-theme-en_c3cd9c099c8c4c71b5353d842e4aee2e/node_modules/@salla.sa/twilight-theme-engine/dist/chunk-WITIL2MK.js?v=c58539c0:673
[  252696ms] [LOG] [HomeComponentRenderer] MOUNT: path=ox-faq, index=13, renderCount=2 @ http://localhost:3210/node_modules/.pnpm/@salla.sa+twilight-theme-en_c3cd9c099c8c4c71b5353d842e4aee2e/node_modules/@salla.sa/twilight-theme-engine/dist/chunk-WITIL2MK.js?v=c58539c0:673
[  252697ms] [LOG] [HomeComponentRenderer] MOUNT: path=ox-newsletter, index=14, renderCount=2 @ http://localhost:3210/node_modules/.pnpm/@salla.sa+twilight-theme-en_c3cd9c099c8c4c71b5353d842e4aee2e/node_modules/@salla.sa/twilight-theme-engine/dist/chunk-WITIL2MK.js?v=c58539c0:673
[  252698ms] [LOG] [HomeComponentRenderer] MOUNT: path=ox-banner, index=15, renderCount=2 @ http://localhost:3210/node_modules/.pnpm/@salla.sa+twilight-theme-en_c3cd9c099c8c4c71b5353d842e4aee2e/node_modules/@salla.sa/twilight-theme-engine/dist/chunk-WITIL2MK.js?v=c58539c0:673
[  252707ms] [LOG] [HomeComponentRenderer] UNMOUNT: path=ox-hero, index=0 @ http://localhost:3210/node_modules/.pnpm/@salla.sa+twilight-theme-en_c3cd9c099c8c4c71b5353d842e4aee2e/node_modules/@salla.sa/twilight-theme-engine/dist/chunk-WITIL2MK.js?v=c58539c0:675
[  252708ms] [LOG] [HomeComponentRenderer] UNMOUNT: path=ox-trust-strip, index=1 @ http://localhost:3210/node_modules/.pnpm/@salla.sa+twilight-theme-en_c3cd9c099c8c4c71b5353d842e4aee2e/node_modules/@salla.sa/twilight-theme-engine/dist/chunk-WITIL2MK.js?v=c58539c0:675
[  252708ms] [LOG] [HomeComponentRenderer] UNMOUNT: path=ox-goals, index=2 @ http://localhost:3210/node_modules/.pnpm/@salla.sa+twilight-theme-en_c3cd9c099c8c4c71b5353d842e4aee2e/node_modules/@salla.sa/twilight-theme-engine/dist/chunk-WITIL2MK.js?v=c58539c0:675
[  252709ms] [LOG] [HomeComponentRenderer] UNMOUNT: path=ox-products, index=3 @ http://localhost:3210/node_modules/.pnpm/@salla.sa+twilight-theme-en_c3cd9c099c8c4c71b5353d842e4aee2e/node_modules/@salla.sa/twilight-theme-engine/dist/chunk-WITIL2MK.js?v=c58539c0:675
[  252709ms] [LOG] [HomeComponentRenderer] UNMOUNT: path=ox-poster, index=4 @ http://localhost:3210/node_modules/.pnpm/@salla.sa+twilight-theme-en_c3cd9c099c8c4c71b5353d842e4aee2e/node_modules/@salla.sa/twilight-theme-engine/dist/chunk-WITIL2MK.js?v=c58539c0:675
[  252709ms] [LOG] [HomeComponentRenderer] UNMOUNT: path=ox-posters, index=5 @ http://localhost:3210/node_modules/.pnpm/@salla.sa+twilight-theme-en_c3cd9c099c8c4c71b5353d842e4aee2e/node_modules/@salla.sa/twilight-theme-engine/dist/chunk-WITIL2MK.js?v=c58539c0:675
[  252710ms] [LOG] [HomeComponentRenderer] UNMOUNT: path=ox-products-secondary, index=6 @ http://localhost:3210/node_modules/.pnpm/@salla.sa+twilight-theme-en_c3cd9c099c8c4c71b5353d842e4aee2e/node_modules/@salla.sa/twilight-theme-engine/dist/chunk-WITIL2MK.js?v=c58539c0:675
[  252710ms] [LOG] [HomeComponentRenderer] UNMOUNT: path=ox-categories, index=7 @ http://localhost:3210/node_modules/.pnpm/@salla.sa+twilight-theme-en_c3cd9c099c8c4c71b5353d842e4aee2e/node_modules/@salla.sa/twilight-theme-engine/dist/chunk-WITIL2MK.js?v=c58539c0:675
[  252710ms] [LOG] [HomeComponentRenderer] UNMOUNT: path=ox-brands, index=8 @ http://localhost:3210/node_modules/.pnpm/@salla.sa+twilight-theme-en_c3cd9c099c8c4c71b5353d842e4aee2e/node_modules/@salla.sa/twilight-theme-engine/dist/chunk-WITIL2MK.js?v=c58539c0:675
[  252711ms] [LOG] [HomeComponentRenderer] UNMOUNT: path=ox-services, index=9 @ http://localhost:3210/node_modules/.pnpm/@salla.sa+twilight-theme-en_c3cd9c099c8c4c71b5353d842e4aee2e/node_modules/@salla.sa/twilight-theme-engine/dist/chunk-WITIL2MK.js?v=c58539c0:675
[  252711ms] [LOG] [HomeComponentRenderer] UNMOUNT: path=ox-guides, index=10 @ http://localhost:3210/node_modules/.pnpm/@salla.sa+twilight-theme-en_c3cd9c099c8c4c71b5353d842e4aee2e/node_modules/@salla.sa/twilight-theme-engine/dist/chunk-WITIL2MK.js?v=c58539c0:675
[  252711ms] [LOG] [HomeComponentRenderer] UNMOUNT: path=ox-branch, index=11 @ http://localhost:3210/node_modules/.pnpm/@salla.sa+twilight-theme-en_c3cd9c099c8c4c71b5353d842e4aee2e/node_modules/@salla.sa/twilight-theme-engine/dist/chunk-WITIL2MK.js?v=c58539c0:675
[  252712ms] [LOG] [HomeComponentRenderer] UNMOUNT: path=ox-certifications, index=12 @ http://localhost:3210/node_modules/.pnpm/@salla.sa+twilight-theme-en_c3cd9c099c8c4c71b5353d842e4aee2e/node_modules/@salla.sa/twilight-theme-engine/dist/chunk-WITIL2MK.js?v=c58539c0:675
[  252712ms] [LOG] [HomeComponentRenderer] UNMOUNT: path=ox-faq, index=13 @ http://localhost:3210/node_modules/.pnpm/@salla.sa+twilight-theme-en_c3cd9c099c8c4c71b5353d842e4aee2e/node_modules/@salla.sa/twilight-theme-engine/dist/chunk-WITIL2MK.js?v=c58539c0:675
[  252712ms] [LOG] [HomeComponentRenderer] UNMOUNT: path=ox-newsletter, index=14 @ http://localhost:3210/node_modules/.pnpm/@salla.sa+twilight-theme-en_c3cd9c099c8c4c71b5353d842e4aee2e/node_modules/@salla.sa/twilight-theme-engine/dist/chunk-WITIL2MK.js?v=c58539c0:675
[  252713ms] [LOG] [HomeComponentRenderer] UNMOUNT: path=ox-banner, index=15 @ http://localhost:3210/node_modules/.pnpm/@salla.sa+twilight-theme-en_c3cd9c099c8c4c71b5353d842e4aee2e/node_modules/@salla.sa/twilight-theme-engine/dist/chunk-WITIL2MK.js?v=c58539c0:675
[  252718ms] [LOG] [HomeComponentRenderer] MOUNT: path=ox-hero, index=0, renderCount=2 @ http://localhost:3210/node_modules/.pnpm/@salla.sa+twilight-theme-en_c3cd9c099c8c4c71b5353d842e4aee2e/node_modules/@salla.sa/twilight-theme-engine/dist/chunk-WITIL2MK.js?v=c58539c0:673
[  252718ms] [LOG] [HomeComponentRenderer] MOUNT: path=ox-trust-strip, index=1, renderCount=2 @ http://localhost:3210/node_modules/.pnpm/@salla.sa+twilight-theme-en_c3cd9c099c8c4c71b5353d842e4aee2e/node_modules/@salla.sa/twilight-theme-engine/dist/chunk-WITIL2MK.js?v=c58539c0:673
[  252719ms] [LOG] [HomeComponentRenderer] MOUNT: path=ox-goals, index=2, renderCount=2 @ http://localhost:3210/node_modules/.pnpm/@salla.sa+twilight-theme-en_c3cd9c099c8c4c71b5353d842e4aee2e/node_modules/@salla.sa/twilight-theme-engine/dist/chunk-WITIL2MK.js?v=c58539c0:673
[  252719ms] [LOG] [HomeComponentRenderer] MOUNT: path=ox-products, index=3, renderCount=2 @ http://localhost:3210/node_modules/.pnpm/@salla.sa+twilight-theme-en_c3cd9c099c8c4c71b5353d842e4aee2e/node_modules/@salla.sa/twilight-theme-engine/dist/chunk-WITIL2MK.js?v=c58539c0:673
[  252720ms] [LOG] [HomeComponentRenderer] MOUNT: path=ox-poster, index=4, renderCount=2 @ http://localhost:3210/node_modules/.pnpm/@salla.sa+twilight-theme-en_c3cd9c099c8c4c71b5353d842e4aee2e/node_modules/@salla.sa/twilight-theme-engine/dist/chunk-WITIL2MK.js?v=c58539c0:673
[  252720ms] [LOG] [HomeComponentRenderer] MOUNT: path=ox-posters, index=5, renderCount=2 @ http://localhost:3210/node_modules/.pnpm/@salla.sa+twilight-theme-en_c3cd9c099c8c4c71b5353d842e4aee2e/node_modules/@salla.sa/twilight-theme-engine/dist/chunk-WITIL2MK.js?v=c58539c0:673
[  252720ms] [LOG] [HomeComponentRenderer] MOUNT: path=ox-products-secondary, index=6, renderCount=2 @ http://localhost:3210/node_modules/.pnpm/@salla.sa+twilight-theme-en_c3cd9c099c8c4c71b5353d842e4aee2e/node_modules/@salla.sa/twilight-theme-engine/dist/chunk-WITIL2MK.js?v=c58539c0:673
[  252721ms] [LOG] [HomeComponentRenderer] MOUNT: path=ox-categories, index=7, renderCount=2 @ http://localhost:3210/node_modules/.pnpm/@salla.sa+twilight-theme-en_c3cd9c099c8c4c71b5353d842e4aee2e/node_modules/@salla.sa/twilight-theme-engine/dist/chunk-WITIL2MK.js?v=c58539c0:673
[  252721ms] [LOG] [HomeComponentRenderer] MOUNT: path=ox-brands, index=8, renderCount=2 @ http://localhost:3210/node_modules/.pnpm/@salla.sa+twilight-theme-en_c3cd9c099c8c4c71b5353d842e4aee2e/node_modules/@salla.sa/twilight-theme-engine/dist/chunk-WITIL2MK.js?v=c58539c0:673
[  252721ms] [LOG] [HomeComponentRenderer] MOUNT: path=ox-services, index=9, renderCount=2 @ http://localhost:3210/node_modules/.pnpm/@salla.sa+twilight-theme-en_c3cd9c099c8c4c71b5353d842e4aee2e/node_modules/@salla.sa/twilight-theme-engine/dist/chunk-WITIL2MK.js?v=c58539c0:673
[  252722ms] [LOG] [HomeComponentRenderer] MOUNT: path=ox-guides, index=10, renderCount=2 @ http://localhost:3210/node_modules/.pnpm/@salla.sa+twilight-theme-en_c3cd9c099c8c4c71b5353d842e4aee2e/node_modules/@salla.sa/twilight-theme-engine/dist/chunk-WITIL2MK.js?v=c58539c0:673
[  252722ms] [LOG] [HomeComponentRenderer] MOUNT: path=ox-branch, index=11, renderCount=2 @ http://localhost:3210/node_modules/.pnpm/@salla.sa+twilight-theme-en_c3cd9c099c8c4c71b5353d842e4aee2e/node_modules/@salla.sa/twilight-theme-engine/dist/chunk-WITIL2MK.js?v=c58539c0:673
[  252722ms] [LOG] [HomeComponentRenderer] MOUNT: path=ox-certifications, index=12, renderCount=2 @ http://localhost:3210/node_modules/.pnpm/@salla.sa+twilight-theme-en_c3cd9c099c8c4c71b5353d842e4aee2e/node_modules/@salla.sa/twilight-theme-engine/dist/chunk-WITIL2MK.js?v=c58539c0:673
[  252723ms] [LOG] [HomeComponentRenderer] MOUNT: path=ox-faq, index=13, renderCount=2 @ http://localhost:3210/node_modules/.pnpm/@salla.sa+twilight-theme-en_c3cd9c099c8c4c71b5353d842e4aee2e/node_modules/@salla.sa/twilight-theme-engine/dist/chunk-WITIL2MK.js?v=c58539c0:673
[  252723ms] [LOG] [HomeComponentRenderer] MOUNT: path=ox-newsletter, index=14, renderCount=2 @ http://localhost:3210/node_modules/.pnpm/@salla.sa+twilight-theme-en_c3cd9c099c8c4c71b5353d842e4aee2e/node_modules/@salla.sa/twilight-theme-engine/dist/chunk-WITIL2MK.js?v=c58539c0:673
[  252724ms] [LOG] [HomeComponentRenderer] MOUNT: path=ox-banner, index=15, renderCount=2 @ http://localhost:3210/node_modules/.pnpm/@salla.sa+twilight-theme-en_c3cd9c099c8c4c71b5353d842e4aee2e/node_modules/@salla.sa/twilight-theme-engine/dist/chunk-WITIL2MK.js?v=c58539c0:673
[  410743ms] Transition was skipped. New ViewTransition started
[  410744ms] Transition was skipped. New ViewTransition started
[  410746ms] Transition was skipped. New ViewTransition started
[  410753ms] Transition was skipped. New ViewTransition started
[  410753ms] Transition was skipped. New ViewTransition started
[  410767ms] Transition was skipped. New ViewTransition started
[  410768ms] Transition was skipped. New ViewTransition started
[  410768ms] Transition was skipped. New ViewTransition started
[  410793ms] Transition was skipped. New ViewTransition started
[  410793ms] Transition was skipped. New ViewTransition started
[  410793ms] Transition was skipped. New ViewTransition started
[  410793ms] Transition was skipped. New ViewTransition started
[  410793ms] Transition was skipped. New ViewTransition started
[  448770ms] [LOG] [offline-api] browser: api.salla.dev + cdn.salla.network -> http://127.0.0.1:5178 @ http://localhost:3210/:0
[  459902ms] [INFO] %cDownload the React DevTools for a better development experience: https://react.dev/link/react-devtools font-weight:bold @ http://localhost:3210/node_modules/.vite/deps/react-dom_client.js?v=c58539c0:14335
[  460209ms] [WARNING] [Twilight] Could not hydrate twilight context: no root match in router state @ http://localhost:3210/@vite/client:532
[  460436ms] [ERROR] The result of getServerSnapshot should be cached to avoid an infinite loop @ http://localhost:3210/@vite/client:532
[  461146ms] [LOG] [HomeComponentRenderer] RENDER: path=ox-hero, index=0, renderCount=1 @ http://localhost:3210/node_modules/.pnpm/@salla.sa+twilight-theme-en_c3cd9c099c8c4c71b5353d842e4aee2e/node_modules/@salla.sa/twilight-theme-engine/dist/chunk-WITIL2MK.js?v=c58539c0:670
[  461146ms] [LOG] [HomeComponentRenderer] RENDER: path=ox-hero, index=0, renderCount=2 @ http://localhost:3210/node_modules/.pnpm/@salla.sa+twilight-theme-en_c3cd9c099c8c4c71b5353d842e4aee2e/node_modules/@salla.sa/twilight-theme-engine/dist/chunk-WITIL2MK.js?v=c58539c0:670
[  461157ms] Error: Hydration failed because the server rendered HTML didn't match the client. As a result this tree will be regenerated on the client. This can happen if a SSR-ed Client Component used:

- A server/client branch `if (typeof window !== 'undefined')`.
- Variable input such as `Date.now()` or `Math.random()` which changes each time it's called.
- Date formatting in a user's locale which doesn't match the server.
- External changing data without sending a snapshot of it along with the HTML.
- Invalid HTML tag nesting.

It can also happen if the client has a browser extension installed which messes with the HTML before React loaded.

https://react.dev/link/hydration-mismatch

  ...
    <Matches>
      <Transitioner>
      <SafeFragment fallback={<Context>}>
        <MatchesInner>
          <CatchBoundary getResetKey={function getResetKey} onCatch={function}>
            <MatchImpl routeId="__root__">
              <MatchView router={{...}} match={{id:"__root__/", ...}}>
                <RootComponent>
                  <html lang="ar" dir="rtl" suppressHydrationWarning={true}>
                    <head>
                    <body suppressHydrationWarning={true}>
                      <noscript>
                      <TwilightProvider>
                      <Suspense fallback={null}>
                        <TanStackRouterDevtools position="bottom-right">
+                         <div ref={{current:null}}>
                      ...

    at throwOnHydrationMismatch (http://localhost:3210/node_modules/.vite/deps/react-dom_client.js?v=c58539c0:2968:51)
    at beginWork (http://localhost:3210/node_modules/.vite/deps/react-dom_client.js?v=c58539c0:6200:914)
    at runWithFiberInDEV (http://localhost:3210/node_modules/.vite/deps/react-dom_client.js?v=c58539c0:851:66)
    at performUnitOfWork (http://localhost:3210/node_modules/.vite/deps/react-dom_client.js?v=c58539c0:8429:92)
    at workLoopConcurrentByScheduler (http://localhost:3210/node_modules/.vite/deps/react-dom_client.js?v=c58539c0:8425:55)
    at renderRootConcurrent (http://localhost:3210/node_modules/.vite/deps/react-dom_client.js?v=c58539c0:8408:64)
    at performWorkOnRoot (http://localhost:3210/node_modules/.vite/deps/react-dom_client.js?v=c58539c0:7957:145)
    at performWorkOnRootViaSchedulerTask (http://localhost:3210/node_modules/.vite/deps/react-dom_client.js?v=c58539c0:9059:4)
    at MessagePort.performWorkUntilDeadline (http://localhost:3210/node_modules/.vite/deps/react-dom_client.js?v=c58539c0:36:38)
[  461172ms] [LOG] [HomeComponentRenderer] RENDER: path=ox-hero, index=0, renderCount=1 @ http://localhost:3210/node_modules/.pnpm/@salla.sa+twilight-theme-en_c3cd9c099c8c4c71b5353d842e4aee2e/node_modules/@salla.sa/twilight-theme-engine/dist/chunk-WITIL2MK.js?v=c58539c0:670
[  461172ms] [LOG] [HomeComponentRenderer] RENDER: path=ox-hero, index=0, renderCount=2 @ http://localhost:3210/node_modules/.pnpm/@salla.sa+twilight-theme-en_c3cd9c099c8c4c71b5353d842e4aee2e/node_modules/@salla.sa/twilight-theme-engine/dist/chunk-WITIL2MK.js?v=c58539c0:670
[  461173ms] [LOG] [HomeComponentRenderer] RENDER: path=ox-trust-strip, index=1, renderCount=1 @ http://localhost:3210/node_modules/.pnpm/@salla.sa+twilight-theme-en_c3cd9c099c8c4c71b5353d842e4aee2e/node_modules/@salla.sa/twilight-theme-engine/dist/chunk-WITIL2MK.js?v=c58539c0:670
[  461174ms] [LOG] [HomeComponentRenderer] RENDER: path=ox-trust-strip, index=1, renderCount=2 @ http://localhost:3210/node_modules/.pnpm/@salla.sa+twilight-theme-en_c3cd9c099c8c4c71b5353d842e4aee2e/node_modules/@salla.sa/twilight-theme-engine/dist/chunk-WITIL2MK.js?v=c58539c0:670
[  461175ms] [LOG] [HomeComponentRenderer] RENDER: path=ox-goals, index=2, renderCount=1 @ http://localhost:3210/node_modules/.pnpm/@salla.sa+twilight-theme-en_c3cd9c099c8c4c71b5353d842e4aee2e/node_modules/@salla.sa/twilight-theme-engine/dist/chunk-WITIL2MK.js?v=c58539c0:670
[  461176ms] [LOG] [HomeComponentRenderer] RENDER: path=ox-goals, index=2, renderCount=2 @ http://localhost:3210/node_modules/.pnpm/@salla.sa+twilight-theme-en_c3cd9c099c8c4c71b5353d842e4aee2e/node_modules/@salla.sa/twilight-theme-engine/dist/chunk-WITIL2MK.js?v=c58539c0:670
[  461176ms] [LOG] [HomeComponentRenderer] RENDER: path=ox-products, index=3, renderCount=1 @ http://localhost:3210/node_modules/.pnpm/@salla.sa+twilight-theme-en_c3cd9c099c8c4c71b5353d842e4aee2e/node_modules/@salla.sa/twilight-theme-engine/dist/chunk-WITIL2MK.js?v=c58539c0:670
[  461176ms] [LOG] [HomeComponentRenderer] RENDER: path=ox-products, index=3, renderCount=2 @ http://localhost:3210/node_modules/.pnpm/@salla.sa+twilight-theme-en_c3cd9c099c8c4c71b5353d842e4aee2e/node_modules/@salla.sa/twilight-theme-engine/dist/chunk-WITIL2MK.js?v=c58539c0:670
[  461179ms] [LOG] [HomeComponentRenderer] RENDER: path=ox-poster, index=4, renderCount=1 @ http://localhost:3210/node_modules/.pnpm/@salla.sa+twilight-theme-en_c3cd9c099c8c4c71b5353d842e4aee2e/node_modules/@salla.sa/twilight-theme-engine/dist/chunk-WITIL2MK.js?v=c58539c0:670
[  461180ms] [LOG] [HomeComponentRenderer] RENDER: path=ox-poster, index=4, renderCount=2 @ http://localhost:3210/node_modules/.pnpm/@salla.sa+twilight-theme-en_c3cd9c099c8c4c71b5353d842e4aee2e/node_modules/@salla.sa/twilight-theme-engine/dist/chunk-WITIL2MK.js?v=c58539c0:670
[  461181ms] [LOG] [HomeComponentRenderer] RENDER: path=ox-posters, index=5, renderCount=1 @ http://localhost:3210/node_modules/.pnpm/@salla.sa+twilight-theme-en_c3cd9c099c8c4c71b5353d842e4aee2e/node_modules/@salla.sa/twilight-theme-engine/dist/chunk-WITIL2MK.js?v=c58539c0:670
[  461181ms] [LOG] [HomeComponentRenderer] RENDER: path=ox-posters, index=5, renderCount=2 @ http://localhost:3210/node_modules/.pnpm/@salla.sa+twilight-theme-en_c3cd9c099c8c4c71b5353d842e4aee2e/node_modules/@salla.sa/twilight-theme-engine/dist/chunk-WITIL2MK.js?v=c58539c0:670
[  461183ms] [LOG] [HomeComponentRenderer] RENDER: path=ox-products-secondary, index=6, renderCount=1 @ http://localhost:3210/node_modules/.pnpm/@salla.sa+twilight-theme-en_c3cd9c099c8c4c71b5353d842e4aee2e/node_modules/@salla.sa/twilight-theme-engine/dist/chunk-WITIL2MK.js?v=c58539c0:670
[  461183ms] [LOG] [HomeComponentRenderer] RENDER: path=ox-products-secondary, index=6, renderCount=2 @ http://localhost:3210/node_modules/.pnpm/@salla.sa+twilight-theme-en_c3cd9c099c8c4c71b5353d842e4aee2e/node_modules/@salla.sa/twilight-theme-engine/dist/chunk-WITIL2MK.js?v=c58539c0:670
[  461185ms] [LOG] [HomeComponentRenderer] RENDER: path=ox-categories, index=7, renderCount=1 @ http://localhost:3210/node_modules/.pnpm/@salla.sa+twilight-theme-en_c3cd9c099c8c4c71b5353d842e4aee2e/node_modules/@salla.sa/twilight-theme-engine/dist/chunk-WITIL2MK.js?v=c58539c0:670
[  461185ms] [LOG] [HomeComponentRenderer] RENDER: path=ox-categories, index=7, renderCount=2 @ http://localhost:3210/node_modules/.pnpm/@salla.sa+twilight-theme-en_c3cd9c099c8c4c71b5353d842e4aee2e/node_modules/@salla.sa/twilight-theme-engine/dist/chunk-WITIL2MK.js?v=c58539c0:670
[  461188ms] [LOG] [HomeComponentRenderer] RENDER: path=ox-brands, index=8, renderCount=1 @ http://localhost:3210/node_modules/.pnpm/@salla.sa+twilight-theme-en_c3cd9c099c8c4c71b5353d842e4aee2e/node_modules/@salla.sa/twilight-theme-engine/dist/chunk-WITIL2MK.js?v=c58539c0:670
[  461188ms] [LOG] [HomeComponentRenderer] RENDER: path=ox-brands, index=8, renderCount=2 @ http://localhost:3210/node_modules/.pnpm/@salla.sa+twilight-theme-en_c3cd9c099c8c4c71b5353d842e4aee2e/node_modules/@salla.sa/twilight-theme-engine/dist/chunk-WITIL2MK.js?v=c58539c0:670
[  461188ms] [LOG] [HomeComponentRenderer] RENDER: path=ox-services, index=9, renderCount=1 @ http://localhost:3210/node_modules/.pnpm/@salla.sa+twilight-theme-en_c3cd9c099c8c4c71b5353d842e4aee2e/node_modules/@salla.sa/twilight-theme-engine/dist/chunk-WITIL2MK.js?v=c58539c0:670
[  461189ms] [LOG] [HomeComponentRenderer] RENDER: path=ox-services, index=9, renderCount=2 @ http://localhost:3210/node_modules/.pnpm/@salla.sa+twilight-theme-en_c3cd9c099c8c4c71b5353d842e4aee2e/node_modules/@salla.sa/twilight-theme-engine/dist/chunk-WITIL2MK.js?v=c58539c0:670
[  461190ms] [LOG] [HomeComponentRenderer] RENDER: path=ox-guides, index=10, renderCount=1 @ http://localhost:3210/node_modules/.pnpm/@salla.sa+twilight-theme-en_c3cd9c099c8c4c71b5353d842e4aee2e/node_modules/@salla.sa/twilight-theme-engine/dist/chunk-WITIL2MK.js?v=c58539c0:670
[  461191ms] [LOG] [HomeComponentRenderer] RENDER: path=ox-guides, index=10, renderCount=2 @ http://localhost:3210/node_modules/.pnpm/@salla.sa+twilight-theme-en_c3cd9c099c8c4c71b5353d842e4aee2e/node_modules/@salla.sa/twilight-theme-engine/dist/chunk-WITIL2MK.js?v=c58539c0:670
[  461191ms] [LOG] [HomeComponentRenderer] RENDER: path=ox-branch, index=11, renderCount=1 @ http://localhost:3210/node_modules/.pnpm/@salla.sa+twilight-theme-en_c3cd9c099c8c4c71b5353d842e4aee2e/node_modules/@salla.sa/twilight-theme-engine/dist/chunk-WITIL2MK.js?v=c58539c0:670
[  461191ms] [LOG] [HomeComponentRenderer] RENDER: path=ox-branch, index=11, renderCount=2 @ http://localhost:3210/node_modules/.pnpm/@salla.sa+twilight-theme-en_c3cd9c099c8c4c71b5353d842e4aee2e/node_modules/@salla.sa/twilight-theme-engine/dist/chunk-WITIL2MK.js?v=c58539c0:670
[  461194ms] [LOG] [HomeComponentRenderer] RENDER: path=ox-certifications, index=12, renderCount=1 @ http://localhost:3210/node_modules/.pnpm/@salla.sa+twilight-theme-en_c3cd9c099c8c4c71b5353d842e4aee2e/node_modules/@salla.sa/twilight-theme-engine/dist/chunk-WITIL2MK.js?v=c58539c0:670
[  461194ms] [LOG] [HomeComponentRenderer] RENDER: path=ox-certifications, index=12, renderCount=2 @ http://localhost:3210/node_modules/.pnpm/@salla.sa+twilight-theme-en_c3cd9c099c8c4c71b5353d842e4aee2e/node_modules/@salla.sa/twilight-theme-engine/dist/chunk-WITIL2MK.js?v=c58539c0:670
[  461195ms] [LOG] [HomeComponentRenderer] RENDER: path=ox-faq, index=13, renderCount=1 @ http://localhost:3210/node_modules/.pnpm/@salla.sa+twilight-theme-en_c3cd9c099c8c4c71b5353d842e4aee2e/node_modules/@salla.sa/twilight-theme-engine/dist/chunk-WITIL2MK.js?v=c58539c0:670
[  461196ms] [LOG] [HomeComponentRenderer] RENDER: path=ox-faq, index=13, renderCount=2 @ http://localhost:3210/node_modules/.pnpm/@salla.sa+twilight-theme-en_c3cd9c099c8c4c71b5353d842e4aee2e/node_modules/@salla.sa/twilight-theme-engine/dist/chunk-WITIL2MK.js?v=c58539c0:670
[  461201ms] [LOG] [HomeComponentRenderer] RENDER: path=ox-newsletter, index=14, renderCount=1 @ http://localhost:3210/node_modules/.pnpm/@salla.sa+twilight-theme-en_c3cd9c099c8c4c71b5353d842e4aee2e/node_modules/@salla.sa/twilight-theme-engine/dist/chunk-WITIL2MK.js?v=c58539c0:670
[  461202ms] [LOG] [HomeComponentRenderer] RENDER: path=ox-newsletter, index=14, renderCount=2 @ http://localhost:3210/node_modules/.pnpm/@salla.sa+twilight-theme-en_c3cd9c099c8c4c71b5353d842e4aee2e/node_modules/@salla.sa/twilight-theme-engine/dist/chunk-WITIL2MK.js?v=c58539c0:670
[  461202ms] [LOG] [HomeComponentRenderer] RENDER: path=ox-banner, index=15, renderCount=1 @ http://localhost:3210/node_modules/.pnpm/@salla.sa+twilight-theme-en_c3cd9c099c8c4c71b5353d842e4aee2e/node_modules/@salla.sa/twilight-theme-engine/dist/chunk-WITIL2MK.js?v=c58539c0:670
[  461202ms] [LOG] [HomeComponentRenderer] RENDER: path=ox-banner, index=15, renderCount=2 @ http://localhost:3210/node_modules/.pnpm/@salla.sa+twilight-theme-en_c3cd9c099c8c4c71b5353d842e4aee2e/node_modules/@salla.sa/twilight-theme-engine/dist/chunk-WITIL2MK.js?v=c58539c0:670
[  461374ms] [LOG] [HomeComponentRenderer] MOUNT: path=ox-hero, index=0, renderCount=2 @ http://localhost:3210/node_modules/.pnpm/@salla.sa+twilight-theme-en_c3cd9c099c8c4c71b5353d842e4aee2e/node_modules/@salla.sa/twilight-theme-engine/dist/chunk-WITIL2MK.js?v=c58539c0:673
[  461374ms] [LOG] [HomeComponentRenderer] MOUNT: path=ox-trust-strip, index=1, renderCount=2 @ http://localhost:3210/node_modules/.pnpm/@salla.sa+twilight-theme-en_c3cd9c099c8c4c71b5353d842e4aee2e/node_modules/@salla.sa/twilight-theme-engine/dist/chunk-WITIL2MK.js?v=c58539c0:673
[  461375ms] [LOG] [HomeComponentRenderer] MOUNT: path=ox-goals, index=2, renderCount=2 @ http://localhost:3210/node_modules/.pnpm/@salla.sa+twilight-theme-en_c3cd9c099c8c4c71b5353d842e4aee2e/node_modules/@salla.sa/twilight-theme-engine/dist/chunk-WITIL2MK.js?v=c58539c0:673
[  461376ms] [LOG] [HomeComponentRenderer] MOUNT: path=ox-products, index=3, renderCount=2 @ http://localhost:3210/node_modules/.pnpm/@salla.sa+twilight-theme-en_c3cd9c099c8c4c71b5353d842e4aee2e/node_modules/@salla.sa/twilight-theme-engine/dist/chunk-WITIL2MK.js?v=c58539c0:673
[  461377ms] [LOG] [HomeComponentRenderer] MOUNT: path=ox-poster, index=4, renderCount=2 @ http://localhost:3210/node_modules/.pnpm/@salla.sa+twilight-theme-en_c3cd9c099c8c4c71b5353d842e4aee2e/node_modules/@salla.sa/twilight-theme-engine/dist/chunk-WITIL2MK.js?v=c58539c0:673
[  461378ms] [LOG] [HomeComponentRenderer] MOUNT: path=ox-posters, index=5, renderCount=2 @ http://localhost:3210/node_modules/.pnpm/@salla.sa+twilight-theme-en_c3cd9c099c8c4c71b5353d842e4aee2e/node_modules/@salla.sa/twilight-theme-engine/dist/chunk-WITIL2MK.js?v=c58539c0:673
[  461379ms] [LOG] [HomeComponentRenderer] MOUNT: path=ox-products-secondary, index=6, renderCount=2 @ http://localhost:3210/node_modules/.pnpm/@salla.sa+twilight-theme-en_c3cd9c099c8c4c71b5353d842e4aee2e/node_modules/@salla.sa/twilight-theme-engine/dist/chunk-WITIL2MK.js?v=c58539c0:673
[  461380ms] [LOG] [HomeComponentRenderer] MOUNT: path=ox-categories, index=7, renderCount=2 @ http://localhost:3210/node_modules/.pnpm/@salla.sa+twilight-theme-en_c3cd9c099c8c4c71b5353d842e4aee2e/node_modules/@salla.sa/twilight-theme-engine/dist/chunk-WITIL2MK.js?v=c58539c0:673
[  461380ms] [LOG] [HomeComponentRenderer] MOUNT: path=ox-brands, index=8, renderCount=2 @ http://localhost:3210/node_modules/.pnpm/@salla.sa+twilight-theme-en_c3cd9c099c8c4c71b5353d842e4aee2e/node_modules/@salla.sa/twilight-theme-engine/dist/chunk-WITIL2MK.js?v=c58539c0:673
[  461381ms] [LOG] [HomeComponentRenderer] MOUNT: path=ox-services, index=9, renderCount=2 @ http://localhost:3210/node_modules/.pnpm/@salla.sa+twilight-theme-en_c3cd9c099c8c4c71b5353d842e4aee2e/node_modules/@salla.sa/twilight-theme-engine/dist/chunk-WITIL2MK.js?v=c58539c0:673
[  461382ms] [LOG] [HomeComponentRenderer] MOUNT: path=ox-guides, index=10, renderCount=2 @ http://localhost:3210/node_modules/.pnpm/@salla.sa+twilight-theme-en_c3cd9c099c8c4c71b5353d842e4aee2e/node_modules/@salla.sa/twilight-theme-engine/dist/chunk-WITIL2MK.js?v=c58539c0:673
[  461383ms] [LOG] [HomeComponentRenderer] MOUNT: path=ox-branch, index=11, renderCount=2 @ http://localhost:3210/node_modules/.pnpm/@salla.sa+twilight-theme-en_c3cd9c099c8c4c71b5353d842e4aee2e/node_modules/@salla.sa/twilight-theme-engine/dist/chunk-WITIL2MK.js?v=c58539c0:673
[  461384ms] [LOG] [HomeComponentRenderer] MOUNT: path=ox-certifications, index=12, renderCount=2 @ http://localhost:3210/node_modules/.pnpm/@salla.sa+twilight-theme-en_c3cd9c099c8c4c71b5353d842e4aee2e/node_modules/@salla.sa/twilight-theme-engine/dist/chunk-WITIL2MK.js?v=c58539c0:673
[  461384ms] [LOG] [HomeComponentRenderer] MOUNT: path=ox-faq, index=13, renderCount=2 @ http://localhost:3210/node_modules/.pnpm/@salla.sa+twilight-theme-en_c3cd9c099c8c4c71b5353d842e4aee2e/node_modules/@salla.sa/twilight-theme-engine/dist/chunk-WITIL2MK.js?v=c58539c0:673
[  461385ms] [LOG] [HomeComponentRenderer] MOUNT: path=ox-newsletter, index=14, renderCount=2 @ http://localhost:3210/node_modules/.pnpm/@salla.sa+twilight-theme-en_c3cd9c099c8c4c71b5353d842e4aee2e/node_modules/@salla.sa/twilight-theme-engine/dist/chunk-WITIL2MK.js?v=c58539c0:673
[  461386ms] [LOG] [HomeComponentRenderer] MOUNT: path=ox-banner, index=15, renderCount=2 @ http://localhost:3210/node_modules/.pnpm/@salla.sa+twilight-theme-en_c3cd9c099c8c4c71b5353d842e4aee2e/node_modules/@salla.sa/twilight-theme-engine/dist/chunk-WITIL2MK.js?v=c58539c0:673
[  461803ms] Error: Hydration failed because the server rendered text didn't match the client. As a result this tree will be regenerated on the client. This can happen if a SSR-ed Client Component used:

- A server/client branch `if (typeof window !== 'undefined')`.
- Variable input such as `Date.now()` or `Math.random()` which changes each time it's called.
- Date formatting in a user's locale which doesn't match the server.
- External changing data without sending a snapshot of it along with the HTML.
- Invalid HTML tag nesting.

It can also happen if the client has a browser extension installed which messes with the HTML before React loaded.

https://react.dev/link/hydration-mismatch

  ...
    <Suspense fallback={<GoalsSkeleton>}>
      <ComponentErrorBoundary data={{path:"ox-g...", ...}} position={3}>
        <OxGoals data={{path:"ox-g...", ...}}>
          <section className="ox-goals" id="ox-goals" data-testid="ox-goals">
            <div className="ox-container">
              <SectionHeader>
              <ul className="ox-goals__..." ref={{current:null}}>
                <li style={{--i:"0"}}>
                  <GoalCard slug="goal-energy" label="الطاقة وال..." line="ما قبل الت..." icon="goal-energy" ...>
                    <Link to="/search?q=..." className="ox-goal" data-testid="ox-goal-card" data-goal="goal-energy" ...>
                      <TanStackLinkAdapter ref={null} to="/search?q=..." className="ox-goal" data-testid="ox-goal-card" ...>
                        <a className="ox-goal" style={{--i:"0"}} title={undefined} target={undefined} rel={undefined} ...>
                          <BandPhoto>
                          <span>
                          <span>
                          <span className="ox-goal__body">
                            <Icon>
                            <span className="ox-goal__label">
+                             الطاقة والتركيز
-                             مكملات الطاقة
                            ...
                ...
      ...

    at throwOnHydrationMismatch (http://localhost:3210/node_modules/.vite/deps/react-dom_client.js?v=c58539c0:2968:51)
    at prepareToHydrateHostInstance (http://localhost:3210/node_modules/.vite/deps/react-dom_client.js?v=c58539c0:3021:18)
    at completeWork (http://localhost:3210/node_modules/.vite/deps/react-dom_client.js?v=c58539c0:6332:46)
    at runWithFiberInDEV (http://localhost:3210/node_modules/.vite/deps/react-dom_client.js?v=c58539c0:851:66)
    at completeUnitOfWork (http://localhost:3210/node_modules/.vite/deps/react-dom_client.js?v=c58539c0:8492:15)
    at performUnitOfWork (http://localhost:3210/node_modules/.vite/deps/react-dom_client.js?v=c58539c0:8431:23)
    at workLoopConcurrentByScheduler (http://localhost:3210/node_modules/.vite/deps/react-dom_client.js?v=c58539c0:8425:55)
    at renderRootConcurrent (http://localhost:3210/node_modules/.vite/deps/react-dom_client.js?v=c58539c0:8408:64)
    at performWorkOnRoot (http://localhost:3210/node_modules/.vite/deps/react-dom_client.js?v=c58539c0:7957:145)
    at performWorkOnRootViaSchedulerTask (http://localhost:3210/node_modules/.vite/deps/react-dom_client.js?v=c58539c0:9059:4)
