[     784ms] [LOG] [offline-api] browser: api.salla.dev + cdn.salla.network -> http://127.0.0.1:5178 @ http://localhost:3210/:0
[    1174ms] [INFO] %cDownload the React DevTools for a better development experience: https://react.dev/link/react-devtools font-weight:bold @ http://localhost:3210/node_modules/.vite/deps/react-dom_client.js?v=c58539c0:14335
[    1237ms] [WARNING] [Twilight] Could not hydrate twilight context: no root match in router state @ http://localhost:3210/@vite/client:532
[    1332ms] [ERROR] The result of getServerSnapshot should be cached to avoid an infinite loop @ http://localhost:3210/@vite/client:532
[    1352ms] [ERROR] A tree hydrated but some attributes of the server rendered HTML didn't match the client properties. This won't be patched up. This can happen if a SSR-ed Client Component used:

- A server/client branch `if (typeof window !== 'undefined')`.
- Variable input such as `Date.now()` or `Math.random()` which changes each time it's called.
- Date formatting in a user's locale which doesn't match the server.
- External changing data without sending a snapshot of it along with the HTML.
- Invalid HTML tag nesting.

It can also happen if the client has a browser extension installed which messes with the HTML before React loaded.

%s%s https://react.dev/link/hydration-mismatch 

  ...
    <ThemeDocumentSync>
    <TanStackDocumentSync>
    <NavigationSetup>
      <NavigationProvider navigate={function}>
        <LinkProvider adapter={{...}}>
          <WidgetHead>
          <AppsSnippets>
          <HookSlot>
          <Suspense>
          <OptimalXLayout>
            <div>
            <BottomTabBar>
              <nav className="ox-tabbar" aria-label="تنقل سريع" data-testid="ox-tabbar">
                <ul className="ox-tabbar_...">
                  <li>
                    <Link to="/" className="ox-tab">
                      <TanStackLinkAdapter ref={null} to="/" className="ox-tab" data-spa-link="">
                        <a
+                         className="ox-tab active"
-                         className="ox-tab is-active active"
                          style={undefined}
                          title={undefined}
                          target={undefined}
                          rel={undefined}
                          onClick={function handleClick}
                          aria-label={undefined}
                          data-spa-link=""
                          ref={{current:null}}
                          onBlur={function handleLeave}
                          onFocus={function}
                          onMouseEnter={function}
                          onMouseLeave={function handleLeave}
                          onTouchStart={function handleTouchStart}
                          href="/"
                          data-status="active"
                          aria-current="page"
                        >
                  ...
            ...
          ...
 @ http://localhost:3210/@vite/client:532
[    1793ms] Error: Hydration failed because the server rendered HTML didn't match the client. As a result this tree will be regenerated on the client. This can happen if a SSR-ed Client Component used:

- A server/client branch `if (typeof window !== 'undefined')`.
- Variable input such as `Date.now()` or `Math.random()` which changes each time it's called.
- Date formatting in a user's locale which doesn't match the server.
- External changing data without sending a snapshot of it along with the HTML.
- Invalid HTML tag nesting.

It can also happen if the client has a browser extension installed which messes with the HTML before React loaded.

https://react.dev/link/hydration-mismatch

  ...
    <RouterContextProvider router={{...}}>
      <QueryClientProvider client={{}}>
        <Matches>
          <Transitioner>
          <SafeFragment fallback={<Context>}>
            <MatchesInner>
              <CatchBoundary getResetKey={function getResetKey} onCatch={function}>
                <MatchImpl routeId="__root__">
                  <MatchView router={{...}} match={{id:"__root__/", ...}}>
                    <RootComponent>
                      <html lang="ar" dir="rtl" suppressHydrationWarning={true}>
                        <head>
                        <body suppressHydrationWarning={true}>
                          <noscript>
                          <TwilightProvider>
                          <Suspense>
                          <Suspense fallback={null}>
-                           <div>
                          ...

    at throwOnHydrationMismatch (http://localhost:3210/node_modules/.vite/deps/react-dom_client.js?v=c58539c0:2968:51)
    at popHydrationState (http://localhost:3210/node_modules/.vite/deps/react-dom_client.js?v=c58539c0:3051:5)
    at completeWork (http://localhost:3210/node_modules/.vite/deps/react-dom_client.js?v=c58539c0:6455:22)
    at runWithFiberInDEV (http://localhost:3210/node_modules/.vite/deps/react-dom_client.js?v=c58539c0:851:66)
    at completeUnitOfWork (http://localhost:3210/node_modules/.vite/deps/react-dom_client.js?v=c58539c0:8492:15)
    at performUnitOfWork (http://localhost:3210/node_modules/.vite/deps/react-dom_client.js?v=c58539c0:8431:23)
    at workLoopConcurrentByScheduler (http://localhost:3210/node_modules/.vite/deps/react-dom_client.js?v=c58539c0:8425:55)
    at renderRootConcurrent (http://localhost:3210/node_modules/.vite/deps/react-dom_client.js?v=c58539c0:8408:64)
    at performWorkOnRoot (http://localhost:3210/node_modules/.vite/deps/react-dom_client.js?v=c58539c0:7957:145)
    at performWorkOnRootViaSchedulerTask (http://localhost:3210/node_modules/.vite/deps/react-dom_client.js?v=c58539c0:9059:4)
[    1807ms] [LOG] [HomeComponentRenderer] RENDER: path=ox-hero, index=0, renderCount=1 @ http://localhost:3210/node_modules/.pnpm/@salla.sa+twilight-theme-en_c3cd9c099c8c4c71b5353d842e4aee2e/node_modules/@salla.sa/twilight-theme-engine/dist/chunk-WITIL2MK.js?v=c58539c0:670
[    1808ms] [LOG] [HomeComponentRenderer] RENDER: path=ox-hero, index=0, renderCount=2 @ http://localhost:3210/node_modules/.pnpm/@salla.sa+twilight-theme-en_c3cd9c099c8c4c71b5353d842e4aee2e/node_modules/@salla.sa/twilight-theme-engine/dist/chunk-WITIL2MK.js?v=c58539c0:670
[    1816ms] Error: Hydration failed because the server rendered HTML didn't match the client. As a result this tree will be regenerated on the client. This can happen if a SSR-ed Client Component used:

- A server/client branch `if (typeof window !== 'undefined')`.
- Variable input such as `Date.now()` or `Math.random()` which changes each time it's called.
- Date formatting in a user's locale which doesn't match the server.
- External changing data without sending a snapshot of it along with the HTML.
- Invalid HTML tag nesting.

It can also happen if the client has a browser extension installed which messes with the HTML before React loaded.

https://react.dev/link/hydration-mismatch

  ...
    <Matches>
      <Transitioner>
      <SafeFragment fallback={<Context>}>
        <MatchesInner>
          <CatchBoundary getResetKey={function getResetKey} onCatch={function}>
            <MatchImpl routeId="__root__">
              <MatchView router={{...}} match={{id:"__root__/", ...}}>
                <RootComponent>
                  <html lang="ar" dir="rtl" suppressHydrationWarning={true}>
                    <head>
                    <body suppressHydrationWarning={true}>
                      <noscript>
                      <TwilightProvider>
                      <Suspense fallback={null}>
                        <TanStackRouterDevtools position="bottom-right">
+                         <div ref={{current:null}}>
                      ...

    at throwOnHydrationMismatch (http://localhost:3210/node_modules/.vite/deps/react-dom_client.js?v=c58539c0:2968:51)
    at beginWork (http://localhost:3210/node_modules/.vite/deps/react-dom_client.js?v=c58539c0:6200:914)
    at runWithFiberInDEV (http://localhost:3210/node_modules/.vite/deps/react-dom_client.js?v=c58539c0:851:66)
    at performUnitOfWork (http://localhost:3210/node_modules/.vite/deps/react-dom_client.js?v=c58539c0:8429:92)
    at workLoopConcurrentByScheduler (http://localhost:3210/node_modules/.vite/deps/react-dom_client.js?v=c58539c0:8425:55)
    at renderRootConcurrent (http://localhost:3210/node_modules/.vite/deps/react-dom_client.js?v=c58539c0:8408:64)
    at performWorkOnRoot (http://localhost:3210/node_modules/.vite/deps/react-dom_client.js?v=c58539c0:7957:145)
    at performWorkOnRootViaSchedulerTask (http://localhost:3210/node_modules/.vite/deps/react-dom_client.js?v=c58539c0:9059:4)
    at MessagePort.performWorkUntilDeadline (http://localhost:3210/node_modules/.vite/deps/react-dom_client.js?v=c58539c0:36:38)
[    1820ms] [LOG] [HomeComponentRenderer] RENDER: path=ox-hero, index=0, renderCount=1 @ http://localhost:3210/node_modules/.pnpm/@salla.sa+twilight-theme-en_c3cd9c099c8c4c71b5353d842e4aee2e/node_modules/@salla.sa/twilight-theme-engine/dist/chunk-WITIL2MK.js?v=c58539c0:670
[    1821ms] [LOG] [HomeComponentRenderer] RENDER: path=ox-hero, index=0, renderCount=2 @ http://localhost:3210/node_modules/.pnpm/@salla.sa+twilight-theme-en_c3cd9c099c8c4c71b5353d842e4aee2e/node_modules/@salla.sa/twilight-theme-engine/dist/chunk-WITIL2MK.js?v=c58539c0:670
[    1822ms] [LOG] [HomeComponentRenderer] RENDER: path=ox-trust-strip, index=1, renderCount=1 @ http://localhost:3210/node_modules/.pnpm/@salla.sa+twilight-theme-en_c3cd9c099c8c4c71b5353d842e4aee2e/node_modules/@salla.sa/twilight-theme-engine/dist/chunk-WITIL2MK.js?v=c58539c0:670
[    1822ms] [LOG] [HomeComponentRenderer] RENDER: path=ox-trust-strip, index=1, renderCount=2 @ http://localhost:3210/node_modules/.pnpm/@salla.sa+twilight-theme-en_c3cd9c099c8c4c71b5353d842e4aee2e/node_modules/@salla.sa/twilight-theme-engine/dist/chunk-WITIL2MK.js?v=c58539c0:670
[    1823ms] [LOG] [HomeComponentRenderer] RENDER: path=ox-goals, index=2, renderCount=1 @ http://localhost:3210/node_modules/.pnpm/@salla.sa+twilight-theme-en_c3cd9c099c8c4c71b5353d842e4aee2e/node_modules/@salla.sa/twilight-theme-engine/dist/chunk-WITIL2MK.js?v=c58539c0:670
[    1824ms] [LOG] [HomeComponentRenderer] RENDER: path=ox-goals, index=2, renderCount=2 @ http://localhost:3210/node_modules/.pnpm/@salla.sa+twilight-theme-en_c3cd9c099c8c4c71b5353d842e4aee2e/node_modules/@salla.sa/twilight-theme-engine/dist/chunk-WITIL2MK.js?v=c58539c0:670
[    1824ms] [LOG] [HomeComponentRenderer] RENDER: path=ox-products, index=3, renderCount=1 @ http://localhost:3210/node_modules/.pnpm/@salla.sa+twilight-theme-en_c3cd9c099c8c4c71b5353d842e4aee2e/node_modules/@salla.sa/twilight-theme-engine/dist/chunk-WITIL2MK.js?v=c58539c0:670
[    1824ms] [LOG] [HomeComponentRenderer] RENDER: path=ox-products, index=3, renderCount=2 @ http://localhost:3210/node_modules/.pnpm/@salla.sa+twilight-theme-en_c3cd9c099c8c4c71b5353d842e4aee2e/node_modules/@salla.sa/twilight-theme-engine/dist/chunk-WITIL2MK.js?v=c58539c0:670
[    1826ms] [LOG] [HomeComponentRenderer] RENDER: path=ox-poster, index=4, renderCount=1 @ http://localhost:3210/node_modules/.pnpm/@salla.sa+twilight-theme-en_c3cd9c099c8c4c71b5353d842e4aee2e/node_modules/@salla.sa/twilight-theme-engine/dist/chunk-WITIL2MK.js?v=c58539c0:670
[    1827ms] [LOG] [HomeComponentRenderer] RENDER: path=ox-poster, index=4, renderCount=2 @ http://localhost:3210/node_modules/.pnpm/@salla.sa+twilight-theme-en_c3cd9c099c8c4c71b5353d842e4aee2e/node_modules/@salla.sa/twilight-theme-engine/dist/chunk-WITIL2MK.js?v=c58539c0:670
[    1827ms] [LOG] [HomeComponentRenderer] RENDER: path=ox-posters, index=5, renderCount=1 @ http://localhost:3210/node_modules/.pnpm/@salla.sa+twilight-theme-en_c3cd9c099c8c4c71b5353d842e4aee2e/node_modules/@salla.sa/twilight-theme-engine/dist/chunk-WITIL2MK.js?v=c58539c0:670
[    1827ms] [LOG] [HomeComponentRenderer] RENDER: path=ox-posters, index=5, renderCount=2 @ http://localhost:3210/node_modules/.pnpm/@salla.sa+twilight-theme-en_c3cd9c099c8c4c71b5353d842e4aee2e/node_modules/@salla.sa/twilight-theme-engine/dist/chunk-WITIL2MK.js?v=c58539c0:670
[    1830ms] [LOG] [HomeComponentRenderer] RENDER: path=ox-products-secondary, index=6, renderCount=1 @ http://localhost:3210/node_modules/.pnpm/@salla.sa+twilight-theme-en_c3cd9c099c8c4c71b5353d842e4aee2e/node_modules/@salla.sa/twilight-theme-engine/dist/chunk-WITIL2MK.js?v=c58539c0:670
[    1830ms] [LOG] [HomeComponentRenderer] RENDER: path=ox-products-secondary, index=6, renderCount=2 @ http://localhost:3210/node_modules/.pnpm/@salla.sa+twilight-theme-en_c3cd9c099c8c4c71b5353d842e4aee2e/node_modules/@salla.sa/twilight-theme-engine/dist/chunk-WITIL2MK.js?v=c58539c0:670
[    1832ms] [LOG] [HomeComponentRenderer] RENDER: path=ox-categories, index=7, renderCount=1 @ http://localhost:3210/node_modules/.pnpm/@salla.sa+twilight-theme-en_c3cd9c099c8c4c71b5353d842e4aee2e/node_modules/@salla.sa/twilight-theme-engine/dist/chunk-WITIL2MK.js?v=c58539c0:670
[    1832ms] [LOG] [HomeComponentRenderer] RENDER: path=ox-categories, index=7, renderCount=2 @ http://localhost:3210/node_modules/.pnpm/@salla.sa+twilight-theme-en_c3cd9c099c8c4c71b5353d842e4aee2e/node_modules/@salla.sa/twilight-theme-engine/dist/chunk-WITIL2MK.js?v=c58539c0:670
[    1833ms] [LOG] [HomeComponentRenderer] RENDER: path=ox-brands, index=8, renderCount=1 @ http://localhost:3210/node_modules/.pnpm/@salla.sa+twilight-theme-en_c3cd9c099c8c4c71b5353d842e4aee2e/node_modules/@salla.sa/twilight-theme-engine/dist/chunk-WITIL2MK.js?v=c58539c0:670
[    1834ms] [LOG] [HomeComponentRenderer] RENDER: path=ox-brands, index=8, renderCount=2 @ http://localhost:3210/node_modules/.pnpm/@salla.sa+twilight-theme-en_c3cd9c099c8c4c71b5353d842e4aee2e/node_modules/@salla.sa/twilight-theme-engine/dist/chunk-WITIL2MK.js?v=c58539c0:670
[    1834ms] [LOG] [HomeComponentRenderer] RENDER: path=ox-services, index=9, renderCount=1 @ http://localhost:3210/node_modules/.pnpm/@salla.sa+twilight-theme-en_c3cd9c099c8c4c71b5353d842e4aee2e/node_modules/@salla.sa/twilight-theme-engine/dist/chunk-WITIL2MK.js?v=c58539c0:670
[    1834ms] [LOG] [HomeComponentRenderer] RENDER: path=ox-services, index=9, renderCount=2 @ http://localhost:3210/node_modules/.pnpm/@salla.sa+twilight-theme-en_c3cd9c099c8c4c71b5353d842e4aee2e/node_modules/@salla.sa/twilight-theme-engine/dist/chunk-WITIL2MK.js?v=c58539c0:670
[    1835ms] [LOG] [HomeComponentRenderer] RENDER: path=ox-guides, index=10, renderCount=1 @ http://localhost:3210/node_modules/.pnpm/@salla.sa+twilight-theme-en_c3cd9c099c8c4c71b5353d842e4aee2e/node_modules/@salla.sa/twilight-theme-engine/dist/chunk-WITIL2MK.js?v=c58539c0:670
[    1836ms] [LOG] [HomeComponentRenderer] RENDER: path=ox-guides, index=10, renderCount=2 @ http://localhost:3210/node_modules/.pnpm/@salla.sa+twilight-theme-en_c3cd9c099c8c4c71b5353d842e4aee2e/node_modules/@salla.sa/twilight-theme-engine/dist/chunk-WITIL2MK.js?v=c58539c0:670
[    1836ms] [LOG] [HomeComponentRenderer] RENDER: path=ox-branch, index=11, renderCount=1 @ http://localhost:3210/node_modules/.pnpm/@salla.sa+twilight-theme-en_c3cd9c099c8c4c71b5353d842e4aee2e/node_modules/@salla.sa/twilight-theme-engine/dist/chunk-WITIL2MK.js?v=c58539c0:670
[    1836ms] [LOG] [HomeComponentRenderer] RENDER: path=ox-branch, index=11, renderCount=2 @ http://localhost:3210/node_modules/.pnpm/@salla.sa+twilight-theme-en_c3cd9c099c8c4c71b5353d842e4aee2e/node_modules/@salla.sa/twilight-theme-engine/dist/chunk-WITIL2MK.js?v=c58539c0:670
[    1837ms] [LOG] [HomeComponentRenderer] RENDER: path=ox-certifications, index=12, renderCount=1 @ http://localhost:3210/node_modules/.pnpm/@salla.sa+twilight-theme-en_c3cd9c099c8c4c71b5353d842e4aee2e/node_modules/@salla.sa/twilight-theme-engine/dist/chunk-WITIL2MK.js?v=c58539c0:670
[    1837ms] [LOG] [HomeComponentRenderer] RENDER: path=ox-certifications, index=12, renderCount=2 @ http://localhost:3210/node_modules/.pnpm/@salla.sa+twilight-theme-en_c3cd9c099c8c4c71b5353d842e4aee2e/node_modules/@salla.sa/twilight-theme-engine/dist/chunk-WITIL2MK.js?v=c58539c0:670
[    1837ms] [LOG] [HomeComponentRenderer] RENDER: path=ox-faq, index=13, renderCount=1 @ http://localhost:3210/node_modules/.pnpm/@salla.sa+twilight-theme-en_c3cd9c099c8c4c71b5353d842e4aee2e/node_modules/@salla.sa/twilight-theme-engine/dist/chunk-WITIL2MK.js?v=c58539c0:670
[    1838ms] [LOG] [HomeComponentRenderer] RENDER: path=ox-faq, index=13, renderCount=2 @ http://localhost:3210/node_modules/.pnpm/@salla.sa+twilight-theme-en_c3cd9c099c8c4c71b5353d842e4aee2e/node_modules/@salla.sa/twilight-theme-engine/dist/chunk-WITIL2MK.js?v=c58539c0:670
[    1839ms] [LOG] [HomeComponentRenderer] RENDER: path=ox-newsletter, index=14, renderCount=1 @ http://localhost:3210/node_modules/.pnpm/@salla.sa+twilight-theme-en_c3cd9c099c8c4c71b5353d842e4aee2e/node_modules/@salla.sa/twilight-theme-engine/dist/chunk-WITIL2MK.js?v=c58539c0:670
[    1839ms] [LOG] [HomeComponentRenderer] RENDER: path=ox-newsletter, index=14, renderCount=2 @ http://localhost:3210/node_modules/.pnpm/@salla.sa+twilight-theme-en_c3cd9c099c8c4c71b5353d842e4aee2e/node_modules/@salla.sa/twilight-theme-engine/dist/chunk-WITIL2MK.js?v=c58539c0:670
[    1840ms] [LOG] [HomeComponentRenderer] RENDER: path=ox-banner, index=15, renderCount=1 @ http://localhost:3210/node_modules/.pnpm/@salla.sa+twilight-theme-en_c3cd9c099c8c4c71b5353d842e4aee2e/node_modules/@salla.sa/twilight-theme-engine/dist/chunk-WITIL2MK.js?v=c58539c0:670
[    1840ms] [LOG] [HomeComponentRenderer] RENDER: path=ox-banner, index=15, renderCount=2 @ http://localhost:3210/node_modules/.pnpm/@salla.sa+twilight-theme-en_c3cd9c099c8c4c71b5353d842e4aee2e/node_modules/@salla.sa/twilight-theme-engine/dist/chunk-WITIL2MK.js?v=c58539c0:670
[    1843ms] [LOG] [HomeComponentRenderer] MOUNT: path=ox-hero, index=0, renderCount=2 @ http://localhost:3210/node_modules/.pnpm/@salla.sa+twilight-theme-en_c3cd9c099c8c4c71b5353d842e4aee2e/node_modules/@salla.sa/twilight-theme-engine/dist/chunk-WITIL2MK.js?v=c58539c0:673
[    1843ms] [LOG] [HomeComponentRenderer] MOUNT: path=ox-trust-strip, index=1, renderCount=2 @ http://localhost:3210/node_modules/.pnpm/@salla.sa+twilight-theme-en_c3cd9c099c8c4c71b5353d842e4aee2e/node_modules/@salla.sa/twilight-theme-engine/dist/chunk-WITIL2MK.js?v=c58539c0:673
[    1843ms] [LOG] [HomeComponentRenderer] MOUNT: path=ox-goals, index=2, renderCount=2 @ http://localhost:3210/node_modules/.pnpm/@salla.sa+twilight-theme-en_c3cd9c099c8c4c71b5353d842e4aee2e/node_modules/@salla.sa/twilight-theme-engine/dist/chunk-WITIL2MK.js?v=c58539c0:673
[    1844ms] [LOG] [HomeComponentRenderer] MOUNT: path=ox-products, index=3, renderCount=2 @ http://localhost:3210/node_modules/.pnpm/@salla.sa+twilight-theme-en_c3cd9c099c8c4c71b5353d842e4aee2e/node_modules/@salla.sa/twilight-theme-engine/dist/chunk-WITIL2MK.js?v=c58539c0:673
[    1844ms] [LOG] [HomeComponentRenderer] MOUNT: path=ox-poster, index=4, renderCount=2 @ http://localhost:3210/node_modules/.pnpm/@salla.sa+twilight-theme-en_c3cd9c099c8c4c71b5353d842e4aee2e/node_modules/@salla.sa/twilight-theme-engine/dist/chunk-WITIL2MK.js?v=c58539c0:673
[    1845ms] [LOG] [HomeComponentRenderer] MOUNT: path=ox-posters, index=5, renderCount=2 @ http://localhost:3210/node_modules/.pnpm/@salla.sa+twilight-theme-en_c3cd9c099c8c4c71b5353d842e4aee2e/node_modules/@salla.sa/twilight-theme-engine/dist/chunk-WITIL2MK.js?v=c58539c0:673
[    1845ms] [LOG] [HomeComponentRenderer] MOUNT: path=ox-products-secondary, index=6, renderCount=2 @ http://localhost:3210/node_modules/.pnpm/@salla.sa+twilight-theme-en_c3cd9c099c8c4c71b5353d842e4aee2e/node_modules/@salla.sa/twilight-theme-engine/dist/chunk-WITIL2MK.js?v=c58539c0:673
[    1845ms] [LOG] [HomeComponentRenderer] MOUNT: path=ox-categories, index=7, renderCount=2 @ http://localhost:3210/node_modules/.pnpm/@salla.sa+twilight-theme-en_c3cd9c099c8c4c71b5353d842e4aee2e/node_modules/@salla.sa/twilight-theme-engine/dist/chunk-WITIL2MK.js?v=c58539c0:673
[    1846ms] [LOG] [HomeComponentRenderer] MOUNT: path=ox-brands, index=8, renderCount=2 @ http://localhost:3210/node_modules/.pnpm/@salla.sa+twilight-theme-en_c3cd9c099c8c4c71b5353d842e4aee2e/node_modules/@salla.sa/twilight-theme-engine/dist/chunk-WITIL2MK.js?v=c58539c0:673
[    1846ms] [LOG] [HomeComponentRenderer] MOUNT: path=ox-services, index=9, renderCount=2 @ http://localhost:3210/node_modules/.pnpm/@salla.sa+twilight-theme-en_c3cd9c099c8c4c71b5353d842e4aee2e/node_modules/@salla.sa/twilight-theme-engine/dist/chunk-WITIL2MK.js?v=c58539c0:673
[    1847ms] [LOG] [HomeComponentRenderer] MOUNT: path=ox-guides, index=10, renderCount=2 @ http://localhost:3210/node_modules/.pnpm/@salla.sa+twilight-theme-en_c3cd9c099c8c4c71b5353d842e4aee2e/node_modules/@salla.sa/twilight-theme-engine/dist/chunk-WITIL2MK.js?v=c58539c0:673
[    1847ms] [LOG] [HomeComponentRenderer] MOUNT: path=ox-branch, index=11, renderCount=2 @ http://localhost:3210/node_modules/.pnpm/@salla.sa+twilight-theme-en_c3cd9c099c8c4c71b5353d842e4aee2e/node_modules/@salla.sa/twilight-theme-engine/dist/chunk-WITIL2MK.js?v=c58539c0:673
[    1848ms] [LOG] [HomeComponentRenderer] MOUNT: path=ox-certifications, index=12, renderCount=2 @ http://localhost:3210/node_modules/.pnpm/@salla.sa+twilight-theme-en_c3cd9c099c8c4c71b5353d842e4aee2e/node_modules/@salla.sa/twilight-theme-engine/dist/chunk-WITIL2MK.js?v=c58539c0:673
[    1848ms] [LOG] [HomeComponentRenderer] MOUNT: path=ox-faq, index=13, renderCount=2 @ http://localhost:3210/node_modules/.pnpm/@salla.sa+twilight-theme-en_c3cd9c099c8c4c71b5353d842e4aee2e/node_modules/@salla.sa/twilight-theme-engine/dist/chunk-WITIL2MK.js?v=c58539c0:673
[    1848ms] [LOG] [HomeComponentRenderer] MOUNT: path=ox-newsletter, index=14, renderCount=2 @ http://localhost:3210/node_modules/.pnpm/@salla.sa+twilight-theme-en_c3cd9c099c8c4c71b5353d842e4aee2e/node_modules/@salla.sa/twilight-theme-engine/dist/chunk-WITIL2MK.js?v=c58539c0:673
[    1849ms] [LOG] [HomeComponentRenderer] MOUNT: path=ox-banner, index=15, renderCount=2 @ http://localhost:3210/node_modules/.pnpm/@salla.sa+twilight-theme-en_c3cd9c099c8c4c71b5353d842e4aee2e/node_modules/@salla.sa/twilight-theme-engine/dist/chunk-WITIL2MK.js?v=c58539c0:673
[  155002ms] [ERROR] [store.settings] Failed: TypeError: Failed to execute 'set' on 'Headers': String contains non ISO-8859-1 code point.
    at ky.extend.hooks.beforeRequest (http://localhost:3210/node_modules/.pnpm/@salla.sa+twilight-theme-en_c3cd9c099c8c4c71b5353d842e4aee2e/node_modules/@salla.sa/twilight-theme-engine/dist/chunk-O6XXHXC4.js?v=c58539c0:95:25)
    at http://localhost:3210/node_modules/.pnpm/ky@2.1.0/node_modules/ky/distribution/core/Ky.js?v=c58539c0:731:73
    at #raceWithTotalTimeout (http://localhost:3210/node_modules/.pnpm/ky@2.1.0/node_modules/ky/distribution/core/Ky.js?v=c58539c0:572:20)
    at #runBeforeRequestHooks (http://localhost:3210/node_modules/.pnpm/ky@2.1.0/node_modules/ky/distribution/core/Ky.js?v=c58539c0:731:60)
    at function_ (http://localhost:3210/node_modules/.pnpm/ky@2.1.0/node_modules/ky/distribution/core/Ky.js?v=c58539c0:117:74)
    at async http://localhost:3210/node_modules/.pnpm/ky@2.1.0/node_modules/ky/distribution/core/Ky.js?v=c58539c0:195:24
    at async result.<computed> [as json] (http://localhost:3210/node_modules/.pnpm/ky@2.1.0/node_modules/ky/distribution/core/Ky.js?v=c58539c0:219:34)
    at async Object.settings (http://localhost:3210/node_modules/.pnpm/@salla.sa+twilight-theme-en_c3cd9c099c8c4c71b5353d842e4aee2e/node_modules/@salla.sa/twilight-theme-engine/dist/chunk-WMSOSA74.js?v=c58539c0:34:20) @ http://localhost:3210/@vite/client:532
[  164407ms] [ERROR] [store.settings] Failed: TypeError: Failed to execute 'set' on 'Headers': String contains non ISO-8859-1 code point.
    at ky.extend.hooks.beforeRequest (http://localhost:3210/node_modules/.pnpm/@salla.sa+twilight-theme-en_c3cd9c099c8c4c71b5353d842e4aee2e/node_modules/@salla.sa/twilight-theme-engine/dist/chunk-O6XXHXC4.js?v=c58539c0:95:25)
    at http://localhost:3210/node_modules/.pnpm/ky@2.1.0/node_modules/ky/distribution/core/Ky.js?v=c58539c0:731:73
    at #raceWithTotalTimeout (http://localhost:3210/node_modules/.pnpm/ky@2.1.0/node_modules/ky/distribution/core/Ky.js?v=c58539c0:572:20)
    at #runBeforeRequestHooks (http://localhost:3210/node_modules/.pnpm/ky@2.1.0/node_modules/ky/distribution/core/Ky.js?v=c58539c0:731:60)
    at function_ (http://localhost:3210/node_modules/.pnpm/ky@2.1.0/node_modules/ky/distribution/core/Ky.js?v=c58539c0:117:74)
    at async http://localhost:3210/node_modules/.pnpm/ky@2.1.0/node_modules/ky/distribution/core/Ky.js?v=c58539c0:195:24
    at async result.<computed> [as json] (http://localhost:3210/node_modules/.pnpm/ky@2.1.0/node_modules/ky/distribution/core/Ky.js?v=c58539c0:219:34)
    at async Object.settings (http://localhost:3210/node_modules/.pnpm/@salla.sa+twilight-theme-en_c3cd9c099c8c4c71b5353d842e4aee2e/node_modules/@salla.sa/twilight-theme-engine/dist/chunk-WMSOSA74.js?v=c58539c0:34:20) @ http://localhost:3210/@vite/client:532
[  227040ms] [ERROR] [store.settings] Failed: TypeError: Failed to execute 'set' on 'Headers': String contains non ISO-8859-1 code point.
    at ky.extend.hooks.beforeRequest (http://localhost:3210/node_modules/.pnpm/@salla.sa+twilight-theme-en_c3cd9c099c8c4c71b5353d842e4aee2e/node_modules/@salla.sa/twilight-theme-engine/dist/chunk-O6XXHXC4.js?v=c58539c0:95:25)
    at http://localhost:3210/node_modules/.pnpm/ky@2.1.0/node_modules/ky/distribution/core/Ky.js?v=c58539c0:731:73
    at #raceWithTotalTimeout (http://localhost:3210/node_modules/.pnpm/ky@2.1.0/node_modules/ky/distribution/core/Ky.js?v=c58539c0:572:20)
    at #runBeforeRequestHooks (http://localhost:3210/node_modules/.pnpm/ky@2.1.0/node_modules/ky/distribution/core/Ky.js?v=c58539c0:731:60)
    at function_ (http://localhost:3210/node_modules/.pnpm/ky@2.1.0/node_modules/ky/distribution/core/Ky.js?v=c58539c0:117:74)
    at async http://localhost:3210/node_modules/.pnpm/ky@2.1.0/node_modules/ky/distribution/core/Ky.js?v=c58539c0:195:24
    at async result.<computed> [as json] (http://localhost:3210/node_modules/.pnpm/ky@2.1.0/node_modules/ky/distribution/core/Ky.js?v=c58539c0:219:34)
    at async Object.settings (http://localhost:3210/node_modules/.pnpm/@salla.sa+twilight-theme-en_c3cd9c099c8c4c71b5353d842e4aee2e/node_modules/@salla.sa/twilight-theme-engine/dist/chunk-WMSOSA74.js?v=c58539c0:34:20) @ http://localhost:3210/@vite/client:532
[  449091ms] [LOG] [offline-api] browser: api.salla.dev + cdn.salla.network -> http://127.0.0.1:5178 @ http://localhost:3210/:0
[  457222ms] [INFO] %cDownload the React DevTools for a better development experience: https://react.dev/link/react-devtools font-weight:bold @ http://localhost:3210/node_modules/.vite/deps/react-dom_client.js?v=c58539c0:14335
[  457391ms] [WARNING] [Twilight] Could not hydrate twilight context: no root match in router state @ http://localhost:3210/@vite/client:532
[  457537ms] [ERROR] The result of getServerSnapshot should be cached to avoid an infinite loop @ http://localhost:3210/@vite/client:532
[  457593ms] [ERROR] A tree hydrated but some attributes of the server rendered HTML didn't match the client properties. This won't be patched up. This can happen if a SSR-ed Client Component used:

- A server/client branch `if (typeof window !== 'undefined')`.
- Variable input such as `Date.now()` or `Math.random()` which changes each time it's called.
- Date formatting in a user's locale which doesn't match the server.
- External changing data without sending a snapshot of it along with the HTML.
- Invalid HTML tag nesting.

It can also happen if the client has a browser extension installed which messes with the HTML before React loaded.

%s%s https://react.dev/link/hydration-mismatch 

  ...
    <ThemeDocumentSync>
    <TanStackDocumentSync>
    <NavigationSetup>
      <NavigationProvider navigate={function}>
        <LinkProvider adapter={{...}}>
          <WidgetHead>
          <AppsSnippets>
          <HookSlot>
          <Suspense>
          <OptimalXLayout>
            <div className="app-inner ...">
              <Sprite>
              <SkipLink>
              <Header>
                <header ref={{current:null}} className="store-head..." suppressHydrationWarning={true} ...>
                  <HookSlot>
                  <div>
                  <AnnouncementBar>
                  <UtilityBar>
                  <div className="ox-mainbar">
                    <MainBar>
                      <div className="ox-mainbar...">
                        <Logo width={112} priority={true} className="ox-mainbar...">
                          <Link to="/" className="ox-logo ox..." aria-label="Optimal X">
                            <TanStackLinkAdapter ref={null} to="/" className="ox-logo ox..." aria-label="Optimal X" ...>
                              <a
                                className="ox-logo ox-mainbar__logo active"
                                style={undefined}
                                title={undefined}
                                target={undefined}
                                rel={undefined}
                                onClick={function handleClick}
                                aria-label="Optimal X"
                                data-spa-link=""
                                ref={{current:null}}
                                onBlur={function handleLeave}
                                onFocus={function}
                                onMouseEnter={function}
                                onMouseLeave={function handleLeave}
                                onTouchStart={function handleTouchStart}
+                               href="/latest-products"
-                               href="/"
                                data-status="active"
                                aria-current="page"
                              >
                        ...
                          ...
                            <TanStackLinkAdapter ref={null} to="/latest-pr..." className="ox-nav__link" data-spa-link="">
                              <a
                                className="ox-nav__link"
                                style={undefined}
                                title={undefined}
                                target={undefined}
                                rel={undefined}
                                onClick={function handleClick}
                                aria-label={undefined}
                                data-spa-link=""
                                ref={{current:null}}
                                onBlur={function handleLeave}
                                onFocus={function}
                                onMouseEnter={function}
                                onMouseLeave={function handleLeave}
                                onTouchStart={function handleTouchStart}
+                               href="/latest-products/latest-products"
-                               href="/latest-products"
                              >
+                               المنتجات
                          ...
                            <TanStackLinkAdapter ref={null} to="/search?q=..." className="ox-nav__link" data-spa-link="">
                              <a
                                className="ox-nav__link"
                                style={undefined}
                                title={undefined}
                                target={undefined}
                                rel={undefined}
                                onClick={function handleClick}
                                aria-label={undefined}
                                data-spa-link=""
                                ref={{current:null}}
                                onBlur={function handleLeave}
                                onFocus={function}
                                onMouseEnter={function}
                                onMouseLeave={function handleLeave}
                                onTouchStart={function handleTouchStart}
+                               href="/latest-products/search?q=%D8%A7%D9%84%D9%85%D9%83%D9%85%D9%84%D8%A7%D8%AA"
-                               href="/search?q=%D8%A7%D9%84%D9%85%D9%83%D9%85%D9%84%D8%A7%D8%AA"
                              >
+                               المكملات
                          ...
                            <TanStackLinkAdapter ref={null} to="/search?q=..." className="ox-nav__link" data-spa-link="">
                              <a
                                className="ox-nav__link"
                                style={undefined}
                                title={undefined}
                                target={undefined}
                                rel={undefined}
                                onClick={function handleClick}
                                aria-label={undefined}
                                data-spa-link=""
                                ref={{current:null}}
                                onBlur={function handleLeave}
                                onFocus={function}
                                onMouseEnter={function}
                                onMouseLeave={function handleLeave}
                                onTouchStart={function handleTouchStart}
+                               href="/latest-products/search?q=%D8%A7%D9%84%D8%A8%D8%B1%D9%88%D8%AA%D9%8A%D9%86"
-                               href="/search?q=%D8%A7%D9%84%D8%A8%D8%B1%D9%88%D8%AA%D9%8A%D9%86"
                              >
+                               البروتين
                          ...
                            <TanStackLinkAdapter ref={null} to="/services" className="ox-nav__link" data-spa-link="">
                              <a
                                className="ox-nav__link"
                                style={undefined}
                                title={undefined}
                                target={undefined}
                                rel={undefined}
                                onClick={function handleClick}
                                aria-label={undefined}
                                data-spa-link=""
                                ref={{current:null}}
                                onBlur={function handleLeave}
                                onFocus={function}
                                onMouseEnter={function}
                                onMouseLeave={function handleLeave}
                                onTouchStart={function handleTouchStart}
+                               href="/latest-products/services"
-                               href="/services"
                              >
+                               اسأل قبل أن تشتري
                          ...
                            <TanStackLinkAdapter ref={null} to="/search?q=..." className="ox-nav__link" data-spa-link="">
                              <a
                                className="ox-nav__link"
                                style={undefined}
                                title={undefined}
                                target={undefined}
                                rel={undefined}
                                onClick={function handleClick}
                                aria-label={undefined}
                                data-spa-link=""
                                ref={{current:null}}
                                onBlur={function handleLeave}
                                onFocus={function}
                                onMouseEnter={function}
                                onMouseLeave={function handleLeave}
                                onTouchStart={function handleTouchStart}
+                               href="/latest-products/search?q=%D8%A7%D9%84%D8%AE%D8%B7%D8%B7%20%D8%A7%D9%84%D8%BA%D8..."
-                               href="/search?q=%D8%A7%D9%84%D8%AE%D8%B7%D8%B7%20%D8%A7%D9%84%D8%BA%D8%B0%D8%A7%D8%A6%..."
                              >
+                               الخطط الغذائية
                          ...
                            <TanStackLinkAdapter ref={null} to="/about" className="ox-nav__link" data-spa-link="">
                              <a
                                className="ox-nav__link"
                                style={undefined}
                                title={undefined}
                                target={undefined}
                                rel={undefined}
                                onClick={function handleClick}
                                aria-label={undefined}
                                data-spa-link=""
                                ref={{current:null}}
                                onBlur={function handleLeave}
                                onFocus={function}
                                onMouseEnter={function}
                                onMouseLeave={function handleLeave}
                                onTouchStart={function handleTouchStart}
+                               href="/latest-products/about"
-                               href="/about"
                              >
+                               عن اوبتيمال اكس
                        <SearchField>
                        <div className="ox-mainbar..." ref={{current:null}}>
                          <Link to="/account/w..." className="ox-iconbtn..." aria-label="المفضلة">
                            <TanStackLinkAdapter ref={null} to="/account/w..." className="ox-iconbtn..." ...>
                              <a
                                className="ox-iconbtn ox-wishlist"
                                style={undefined}
                                title={undefined}
                                target={undefined}
                                rel={undefined}
                                onClick={function handleClick}
                                aria-label="المفضلة"
                                data-spa-link=""
                                ref={{current:null}}
                                onBlur={function handleLeave}
                                onFocus={function}
                                onMouseEnter={function}
                                onMouseLeave={function handleLeave}
                                onTouchStart={function handleTouchStart}
+                               href="/latest-products/account/wishlist"
-                               href="/account/wishlist"
                              >
                          ...
                    ...
                      <div className="ox-mobileb..." ref={{current:null}}>
                        <button>
                        <Logo width={108} priority={true} className="ox-mobileb...">
                          <Link to="/" className="ox-logo ox..." aria-label="Optimal X">
                            <TanStackLinkAdapter ref={null} to="/" className="ox-logo ox..." aria-label="Optimal X" ...>
                              <a
                                className="ox-logo ox-mobilebar__logo active"
                                style={undefined}
                                title={undefined}
                                target={undefined}
                                rel={undefined}
                                onClick={function handleClick}
                                aria-label="Optimal X"
                                data-spa-link=""
                                ref={{current:null}}
                                onBlur={function handleLeave}
                                onFocus={function}
                                onMouseEnter={function}
                                onMouseLeave={function handleLeave}
                                onTouchStart={function handleTouchStart}
+                               href="/latest-products"
-                               href="/"
                                data-status="active"
                                aria-current="page"
                              >
                        ...
                  ...
              <main>
              ...
                <nav className="ox-footer_..." aria-label="روابط الصفحة" data-testid="ox-footer-...">
                  ...
                    <div className="ox-footer_...">
                      <ul>
                        <li>
                          <Link to="/about" className="ox-footer_...">
                            <TanStackLinkAdapter ref={null} to="/about" className="ox-footer_..." data-spa-link="">
                              <a
                                className="ox-footer__link"
                                style={undefined}
                                title={undefined}
                                target={undefined}
                                rel={undefined}
                                onClick={function handleClick}
                                aria-label={undefined}
                                data-spa-link=""
                                ref={{current:null}}
                                onBlur={function handleLeave}
                                onFocus={function}
                                onMouseEnter={function}
                                onMouseLeave={function handleLeave}
                                onTouchStart={function handleTouchStart}
+                               href="/latest-products/about"
-                               href="/about"
                              >
+                               من نحن
                  ...
                    <div className="ox-footer_...">
                      <ul>
                        <li>
                          <Link to="/contact" className="ox-footer_...">
                            <TanStackLinkAdapter ref={null} to="/contact" className="ox-footer_..." data-spa-link="">
                              <a
                                className="ox-footer__link"
                                style={undefined}
                                title={undefined}
                                target={undefined}
                                rel={undefined}
                                onClick={function handleClick}
                                aria-label={undefined}
                                data-spa-link=""
                                ref={{current:null}}
                                onBlur={function handleLeave}
                                onFocus={function}
                                onMouseEnter={function}
                                onMouseLeave={function handleLeave}
                                onTouchStart={function handleTouchStart}
+                               href="/latest-products/contact"
-                               href="/contact"
                              >
+                               تواصل معنا
                        <li>
                        <li>
                          <Link to="/services" className="ox-footer_...">
                            <TanStackLinkAdapter ref={null} to="/services" className="ox-footer_..." data-spa-link="">
                              <a
                                className="ox-footer__link"
                                style={undefined}
                                title={undefined}
                                target={undefined}
                                rel={undefined}
                                onClick={function handleClick}
                                aria-label={undefined}
                                data-spa-link=""
                                ref={{current:null}}
                                onBlur={function handleLeave}
                                onFocus={function}
                                onMouseEnter={function}
                                onMouseLeave={function handleLeave}
                                onTouchStart={function handleTouchStart}
+                               href="/latest-products/services"
-                               href="/services"
                              >
+                               الأسئلة الشائعة
                  ...
                    <div className="ox-footer_...">
                      <ul>
                        <li>
                          <Link to="/search?q=..." className="ox-footer_...">
                            <TanStackLinkAdapter ref={null} to="/search?q=..." className="ox-footer_..." data-spa-link="">
                              <a
                                className="ox-footer__link"
                                style={undefined}
                                title={undefined}
                                target={undefined}
                                rel={undefined}
                                onClick={function handleClick}
                                aria-label={undefined}
                                data-spa-link=""
                                ref={{current:null}}
                                onBlur={function handleLeave}
                                onFocus={function}
                                onMouseEnter={function}
                                onMouseLeave={function handleLeave}
                                onTouchStart={function handleTouchStart}
+                               href="/latest-products/search?q=%D8%A7%D9%84%D9%85%D9%83%D9%85%D9%84%D8%A7%D8%AA"
-                               href="/search?q=%D8%A7%D9%84%D9%85%D9%83%D9%85%D9%84%D8%A7%D8%AA"
                              >
+                               المكملات
                        <li>
                          <Link to="/search?q=..." className="ox-footer_...">
                            <TanStackLinkAdapter ref={null} to="/search?q=..." className="ox-footer_..." data-spa-link="">
                              <a
                                className="ox-footer__link"
                                style={undefined}
                                title={undefined}
                                target={undefined}
                                rel={undefined}
                                onClick={function handleClick}
                                aria-label={undefined}
                                data-spa-link=""
                                ref={{current:null}}
                                onBlur={function handleLeave}
                                onFocus={function}
                                onMouseEnter={function}
                                onMouseLeave={function handleLeave}
                                onTouchStart={function handleTouchStart}
+                               href="/latest-products/search?q=%D8%A7%D9%84%D8%A8%D8%B1%D9%88%D8%AA%D9%8A%D9%86"
-                               href="/search?q=%D8%A7%D9%84%D8%A8%D8%B1%D9%88%D8%AA%D9%8A%D9%86"
                              >
+                               البروتين
                        <li>
                          <Link to="/search?q=..." className="ox-footer_...">
                            <TanStackLinkAdapter ref={null} to="/search?q=..." className="ox-footer_..." data-spa-link="">
                              <a
                                className="ox-footer__link"
                                style={undefined}
                                title={undefined}
                                target={undefined}
                                rel={undefined}
                                onClick={function handleClick}
                                aria-label={undefined}
                                data-spa-link=""
                                ref={{current:null}}
                                onBlur={function handleLeave}
                                onFocus={function}
                                onMouseEnter={function}
                                onMouseLeave={function handleLeave}
                                onTouchStart={function handleTouchStart}
+                               href="/latest-products/search?q=%D8%A7%D9%84%D8%AA%D8%BA%D8%B0%D9%8A%D8%A9"
-                               href="/search?q=%D8%A7%D9%84%D8%AA%D8%BA%D8%B0%D9%8A%D8%A9"
                              >
+                               التغذية
                        <li>
                          <Link to="/search?q=..." className="ox-footer_...">
                            <TanStackLinkAdapter ref={null} to="/search?q=..." className="ox-footer_..." data-spa-link="">
                              <a
                                className="ox-footer__link"
                                style={undefined}
                                title={undefined}
                                target={undefined}
                                rel={undefined}
                                onClick={function handleClick}
                                aria-label={undefined}
                                data-spa-link=""
                                ref={{current:null}}
                                onBlur={function handleLeave}
                                onFocus={function}
                                onMouseEnter={function}
                                onMouseLeave={function handleLeave}
                                onTouchStart={function handleTouchStart}
+                               href="/latest-products/search?q=%D8%A7%D9%84%D8%AE%D8%B7%D8%B7%20%D8%A7%D9%84%D8%BA%D8..."
-                               href="/search?q=%D8%A7%D9%84%D8%AE%D8%B7%D8%B7%20%D8%A7%D9%84%D8%BA%D8%B0%D8%A7%D8%A6%..."
                              >
+                               الخطط الغذائية
              ...
            <BottomTabBar>
              <nav className="ox-tabbar" aria-label="تنقل سريع" data-testid="ox-tabbar">
                <ul className="ox-tabbar_...">
                  <li>
                    <Link to="/" className="ox-tab">
                      <TanStackLinkAdapter ref={null} to="/" className="ox-tab" data-spa-link="">
                        <a
+                         className="ox-tab active"
-                         className="ox-tab is-active active"
                          style={undefined}
                          title={undefined}
                          target={undefined}
                          rel={undefined}
                          onClick={function handleClick}
                          aria-label={undefined}
                          data-spa-link=""
                          ref={{current:null}}
                          onBlur={function handleLeave}
                          onFocus={function}
                          onMouseEnter={function}
                          onMouseLeave={function handleLeave}
                          onTouchStart={function handleTouchStart}
+                         href="/latest-products"
-                         href="/"
                          data-status="active"
                          aria-current="page"
                        >
                  <li>
                  <li>
                    <Link to="/search" className="ox-tab">
                      <TanStackLinkAdapter ref={null} to="/search" className="ox-tab" data-spa-link="">
                        <a
                          className="ox-tab"
                          style={undefined}
                          title={undefined}
                          target={undefined}
                          rel={undefined}
                          onClick={function handleClick}
                          aria-label={undefined}
                          data-spa-link=""
                          ref={{current:null}}
                          onBlur={function handleLeave}
                          onFocus={function}
                          onMouseEnter={function}
                          onMouseLeave={function handleLeave}
                          onTouchStart={function handleTouchStart}
+                         href="/latest-products/search"
-                         href="/search"
                        >
                  <li>
                    <Link to="/cart" className="ox-tab">
                      <TanStackLinkAdapter ref={null} to="/cart" className="ox-tab" data-spa-link="">
                        <a
                          className="ox-tab"
                          style={undefined}
                          title={undefined}
                          target={undefined}
                          rel={undefined}
                          onClick={function handleClick}
                          aria-label={undefined}
                          data-spa-link=""
                          ref={{current:null}}
                          onBlur={function handleLeave}
                          onFocus={function}
                          onMouseEnter={function}
                          onMouseLeave={function handleLeave}
                          onTouchStart={function handleTouchStart}
+                         href="/latest-products/cart"
-                         href="/cart"
                        >
                  <li>
                    <Link to="/account/p..." className="ox-tab">
                      <TanStackLinkAdapter ref={null} to="/account/p..." className="ox-tab" data-spa-link="">
                        <a
                          className="ox-tab"
                          style={undefined}
                          title={undefined}
                          target={undefined}
                          rel={undefined}
                          onClick={function handleClick}
                          aria-label={undefined}
                          data-spa-link=""
                          ref={{current:null}}
                          onBlur={function handleLeave}
                          onFocus={function}
                          onMouseEnter={function}
                          onMouseLeave={function handleLeave}
                          onTouchStart={function handleTouchStart}
+                         href="/latest-products/account/profile"
-                         href="/account/profile"
                        >
            ...
          ...
 @ http://localhost:3210/@vite/client:532
[  458623ms] [ERROR] A tree hydrated but some attributes of the server rendered HTML didn't match the client properties. This won't be patched up. This can happen if a SSR-ed Client Component used:

- A server/client branch `if (typeof window !== 'undefined')`.
- Variable input such as `Date.now()` or `Math.random()` which changes each time it's called.
- Date formatting in a user's locale which doesn't match the server.
- External changing data without sending a snapshot of it along with the HTML.
- Invalid HTML tag nesting.

It can also happen if the client has a browser extension installed which messes with the HTML before React loaded.

%s%s https://react.dev/link/hydration-mismatch 

  ...
    <div className="app-inner ...">
      <Sprite>
      <SkipLink>
      <Header>
      <main>
      <Footer>
        <footer className="store-foot..." suppressHydrationWarning={true} data-testid="ox-footer">
          <HookSlot>
          <div>
          <FooterBottom>
            <div className="ox-footer_..." data-testid="ox-footer-...">
              <span>
              <div className="ox-footer_...">
                <p className="ox-footer_...">
                  <Suspense fallback={null}>
                    <HookSlot name="copyright" context={{...}} fallback={<Copyright>}>
                      <Copyright storeName="Optimal X">
                        <Link to="/" className="hover:text...">
                          <TanStackLinkAdapter ref={null} to="/" className="hover:text..." data-spa-link="">
                            <a
                              className="hover:text-primary active"
                              style={undefined}
                              title={undefined}
                              target={undefined}
                              rel={undefined}
                              onClick={function handleClick}
                              aria-label={undefined}
                              data-spa-link=""
                              ref={{current:null}}
                              onBlur={function handleLeave}
                              onFocus={function}
                              onMouseEnter={function}
                              onMouseLeave={function handleLeave}
                              onTouchStart={function handleTouchStart}
+                             href="/latest-products"
-                             href="/"
                              data-status="active"
                              aria-current="page"
                            >
+                             Optimal X
                        ...
          ...
      ...
 @ http://localhost:3210/@vite/client:532
[  458641ms] [LOG] [HomeComponentRenderer] RENDER: path=ox-hero, index=0, renderCount=1 @ http://localhost:3210/node_modules/.pnpm/@salla.sa+twilight-theme-en_c3cd9c099c8c4c71b5353d842e4aee2e/node_modules/@salla.sa/twilight-theme-engine/dist/chunk-WITIL2MK.js?v=c58539c0:670
[  458641ms] [LOG] [HomeComponentRenderer] RENDER: path=ox-hero, index=0, renderCount=2 @ http://localhost:3210/node_modules/.pnpm/@salla.sa+twilight-theme-en_c3cd9c099c8c4c71b5353d842e4aee2e/node_modules/@salla.sa/twilight-theme-engine/dist/chunk-WITIL2MK.js?v=c58539c0:670
[  458646ms] [LOG] [HomeComponentRenderer] RENDER: path=ox-hero, index=0, renderCount=1 @ http://localhost:3210/node_modules/.pnpm/@salla.sa+twilight-theme-en_c3cd9c099c8c4c71b5353d842e4aee2e/node_modules/@salla.sa/twilight-theme-engine/dist/chunk-WITIL2MK.js?v=c58539c0:670
[  458646ms] [LOG] [HomeComponentRenderer] RENDER: path=ox-hero, index=0, renderCount=2 @ http://localhost:3210/node_modules/.pnpm/@salla.sa+twilight-theme-en_c3cd9c099c8c4c71b5353d842e4aee2e/node_modules/@salla.sa/twilight-theme-engine/dist/chunk-WITIL2MK.js?v=c58539c0:670
[  458647ms] [LOG] [HomeComponentRenderer] RENDER: path=ox-trust-strip, index=1, renderCount=1 @ http://localhost:3210/node_modules/.pnpm/@salla.sa+twilight-theme-en_c3cd9c099c8c4c71b5353d842e4aee2e/node_modules/@salla.sa/twilight-theme-engine/dist/chunk-WITIL2MK.js?v=c58539c0:670
[  458648ms] [LOG] [HomeComponentRenderer] RENDER: path=ox-trust-strip, index=1, renderCount=2 @ http://localhost:3210/node_modules/.pnpm/@salla.sa+twilight-theme-en_c3cd9c099c8c4c71b5353d842e4aee2e/node_modules/@salla.sa/twilight-theme-engine/dist/chunk-WITIL2MK.js?v=c58539c0:670
[  458652ms] [LOG] [HomeComponentRenderer] RENDER: path=ox-goals, index=2, renderCount=1 @ http://localhost:3210/node_modules/.pnpm/@salla.sa+twilight-theme-en_c3cd9c099c8c4c71b5353d842e4aee2e/node_modules/@salla.sa/twilight-theme-engine/dist/chunk-WITIL2MK.js?v=c58539c0:670
[  458652ms] [LOG] [HomeComponentRenderer] RENDER: path=ox-goals, index=2, renderCount=2 @ http://localhost:3210/node_modules/.pnpm/@salla.sa+twilight-theme-en_c3cd9c099c8c4c71b5353d842e4aee2e/node_modules/@salla.sa/twilight-theme-engine/dist/chunk-WITIL2MK.js?v=c58539c0:670
[  458653ms] [LOG] [HomeComponentRenderer] RENDER: path=ox-products, index=3, renderCount=1 @ http://localhost:3210/node_modules/.pnpm/@salla.sa+twilight-theme-en_c3cd9c099c8c4c71b5353d842e4aee2e/node_modules/@salla.sa/twilight-theme-engine/dist/chunk-WITIL2MK.js?v=c58539c0:670
[  458653ms] [LOG] [HomeComponentRenderer] RENDER: path=ox-products, index=3, renderCount=2 @ http://localhost:3210/node_modules/.pnpm/@salla.sa+twilight-theme-en_c3cd9c099c8c4c71b5353d842e4aee2e/node_modules/@salla.sa/twilight-theme-engine/dist/chunk-WITIL2MK.js?v=c58539c0:670
[  458655ms] [LOG] [HomeComponentRenderer] RENDER: path=ox-poster, index=4, renderCount=1 @ http://localhost:3210/node_modules/.pnpm/@salla.sa+twilight-theme-en_c3cd9c099c8c4c71b5353d842e4aee2e/node_modules/@salla.sa/twilight-theme-engine/dist/chunk-WITIL2MK.js?v=c58539c0:670
[  458656ms] [LOG] [HomeComponentRenderer] RENDER: path=ox-poster, index=4, renderCount=2 @ http://localhost:3210/node_modules/.pnpm/@salla.sa+twilight-theme-en_c3cd9c099c8c4c71b5353d842e4aee2e/node_modules/@salla.sa/twilight-theme-engine/dist/chunk-WITIL2MK.js?v=c58539c0:670
[  458656ms] [LOG] [HomeComponentRenderer] RENDER: path=ox-posters, index=5, renderCount=1 @ http://localhost:3210/node_modules/.pnpm/@salla.sa+twilight-theme-en_c3cd9c099c8c4c71b5353d842e4aee2e/node_modules/@salla.sa/twilight-theme-engine/dist/chunk-WITIL2MK.js?v=c58539c0:670
[  458656ms] [LOG] [HomeComponentRenderer] RENDER: path=ox-posters, index=5, renderCount=2 @ http://localhost:3210/node_modules/.pnpm/@salla.sa+twilight-theme-en_c3cd9c099c8c4c71b5353d842e4aee2e/node_modules/@salla.sa/twilight-theme-engine/dist/chunk-WITIL2MK.js?v=c58539c0:670
[  458658ms] [LOG] [HomeComponentRenderer] RENDER: path=ox-products-secondary, index=6, renderCount=1 @ http://localhost:3210/node_modules/.pnpm/@salla.sa+twilight-theme-en_c3cd9c099c8c4c71b5353d842e4aee2e/node_modules/@salla.sa/twilight-theme-engine/dist/chunk-WITIL2MK.js?v=c58539c0:670
[  458659ms] [LOG] [HomeComponentRenderer] RENDER: path=ox-products-secondary, index=6, renderCount=2 @ http://localhost:3210/node_modules/.pnpm/@salla.sa+twilight-theme-en_c3cd9c099c8c4c71b5353d842e4aee2e/node_modules/@salla.sa/twilight-theme-engine/dist/chunk-WITIL2MK.js?v=c58539c0:670
[  458661ms] [LOG] [HomeComponentRenderer] RENDER: path=ox-categories, index=7, renderCount=1 @ http://localhost:3210/node_modules/.pnpm/@salla.sa+twilight-theme-en_c3cd9c099c8c4c71b5353d842e4aee2e/node_modules/@salla.sa/twilight-theme-engine/dist/chunk-WITIL2MK.js?v=c58539c0:670
[  458661ms] [LOG] [HomeComponentRenderer] RENDER: path=ox-categories, index=7, renderCount=2 @ http://localhost:3210/node_modules/.pnpm/@salla.sa+twilight-theme-en_c3cd9c099c8c4c71b5353d842e4aee2e/node_modules/@salla.sa/twilight-theme-engine/dist/chunk-WITIL2MK.js?v=c58539c0:670
[  458668ms] [LOG] [HomeComponentRenderer] RENDER: path=ox-brands, index=8, renderCount=1 @ http://localhost:3210/node_modules/.pnpm/@salla.sa+twilight-theme-en_c3cd9c099c8c4c71b5353d842e4aee2e/node_modules/@salla.sa/twilight-theme-engine/dist/chunk-WITIL2MK.js?v=c58539c0:670
[  458669ms] [LOG] [HomeComponentRenderer] RENDER: path=ox-brands, index=8, renderCount=2 @ http://localhost:3210/node_modules/.pnpm/@salla.sa+twilight-theme-en_c3cd9c099c8c4c71b5353d842e4aee2e/node_modules/@salla.sa/twilight-theme-engine/dist/chunk-WITIL2MK.js?v=c58539c0:670
[  458669ms] [LOG] [HomeComponentRenderer] RENDER: path=ox-services, index=9, renderCount=1 @ http://localhost:3210/node_modules/.pnpm/@salla.sa+twilight-theme-en_c3cd9c099c8c4c71b5353d842e4aee2e/node_modules/@salla.sa/twilight-theme-engine/dist/chunk-WITIL2MK.js?v=c58539c0:670
[  458669ms] [LOG] [HomeComponentRenderer] RENDER: path=ox-services, index=9, renderCount=2 @ http://localhost:3210/node_modules/.pnpm/@salla.sa+twilight-theme-en_c3cd9c099c8c4c71b5353d842e4aee2e/node_modules/@salla.sa/twilight-theme-engine/dist/chunk-WITIL2MK.js?v=c58539c0:670
[  458671ms] [LOG] [HomeComponentRenderer] RENDER: path=ox-guides, index=10, renderCount=1 @ http://localhost:3210/node_modules/.pnpm/@salla.sa+twilight-theme-en_c3cd9c099c8c4c71b5353d842e4aee2e/node_modules/@salla.sa/twilight-theme-engine/dist/chunk-WITIL2MK.js?v=c58539c0:670
[  458671ms] [LOG] [HomeComponentRenderer] RENDER: path=ox-guides, index=10, renderCount=2 @ http://localhost:3210/node_modules/.pnpm/@salla.sa+twilight-theme-en_c3cd9c099c8c4c71b5353d842e4aee2e/node_modules/@salla.sa/twilight-theme-engine/dist/chunk-WITIL2MK.js?v=c58539c0:670
[  458671ms] [LOG] [HomeComponentRenderer] RENDER: path=ox-branch, index=11, renderCount=1 @ http://localhost:3210/node_modules/.pnpm/@salla.sa+twilight-theme-en_c3cd9c099c8c4c71b5353d842e4aee2e/node_modules/@salla.sa/twilight-theme-engine/dist/chunk-WITIL2MK.js?v=c58539c0:670
[  458672ms] [LOG] [HomeComponentRenderer] RENDER: path=ox-branch, index=11, renderCount=2 @ http://localhost:3210/node_modules/.pnpm/@salla.sa+twilight-theme-en_c3cd9c099c8c4c71b5353d842e4aee2e/node_modules/@salla.sa/twilight-theme-engine/dist/chunk-WITIL2MK.js?v=c58539c0:670
[  458673ms] [LOG] [HomeComponentRenderer] RENDER: path=ox-certifications, index=12, renderCount=1 @ http://localhost:3210/node_modules/.pnpm/@salla.sa+twilight-theme-en_c3cd9c099c8c4c71b5353d842e4aee2e/node_modules/@salla.sa/twilight-theme-engine/dist/chunk-WITIL2MK.js?v=c58539c0:670
[  458674ms] [LOG] [HomeComponentRenderer] RENDER: path=ox-certifications, index=12, renderCount=2 @ http://localhost:3210/node_modules/.pnpm/@salla.sa+twilight-theme-en_c3cd9c099c8c4c71b5353d842e4aee2e/node_modules/@salla.sa/twilight-theme-engine/dist/chunk-WITIL2MK.js?v=c58539c0:670
[  458674ms] [LOG] [HomeComponentRenderer] RENDER: path=ox-faq, index=13, renderCount=1 @ http://localhost:3210/node_modules/.pnpm/@salla.sa+twilight-theme-en_c3cd9c099c8c4c71b5353d842e4aee2e/node_modules/@salla.sa/twilight-theme-engine/dist/chunk-WITIL2MK.js?v=c58539c0:670
[  458674ms] [LOG] [HomeComponentRenderer] RENDER: path=ox-faq, index=13, renderCount=2 @ http://localhost:3210/node_modules/.pnpm/@salla.sa+twilight-theme-en_c3cd9c099c8c4c71b5353d842e4aee2e/node_modules/@salla.sa/twilight-theme-engine/dist/chunk-WITIL2MK.js?v=c58539c0:670
[  458676ms] [LOG] [HomeComponentRenderer] RENDER: path=ox-newsletter, index=14, renderCount=1 @ http://localhost:3210/node_modules/.pnpm/@salla.sa+twilight-theme-en_c3cd9c099c8c4c71b5353d842e4aee2e/node_modules/@salla.sa/twilight-theme-engine/dist/chunk-WITIL2MK.js?v=c58539c0:670
[  458677ms] [LOG] [HomeComponentRenderer] RENDER: path=ox-newsletter, index=14, renderCount=2 @ http://localhost:3210/node_modules/.pnpm/@salla.sa+twilight-theme-en_c3cd9c099c8c4c71b5353d842e4aee2e/node_modules/@salla.sa/twilight-theme-engine/dist/chunk-WITIL2MK.js?v=c58539c0:670
[  458677ms] [LOG] [HomeComponentRenderer] RENDER: path=ox-banner, index=15, renderCount=1 @ http://localhost:3210/node_modules/.pnpm/@salla.sa+twilight-theme-en_c3cd9c099c8c4c71b5353d842e4aee2e/node_modules/@salla.sa/twilight-theme-engine/dist/chunk-WITIL2MK.js?v=c58539c0:670
[  458677ms] [LOG] [HomeComponentRenderer] RENDER: path=ox-banner, index=15, renderCount=2 @ http://localhost:3210/node_modules/.pnpm/@salla.sa+twilight-theme-en_c3cd9c099c8c4c71b5353d842e4aee2e/node_modules/@salla.sa/twilight-theme-engine/dist/chunk-WITIL2MK.js?v=c58539c0:670
[  458685ms] [LOG] [HomeComponentRenderer] MOUNT: path=ox-hero, index=0, renderCount=2 @ http://localhost:3210/node_modules/.pnpm/@salla.sa+twilight-theme-en_c3cd9c099c8c4c71b5353d842e4aee2e/node_modules/@salla.sa/twilight-theme-engine/dist/chunk-WITIL2MK.js?v=c58539c0:673
[  458686ms] [LOG] [HomeComponentRenderer] MOUNT: path=ox-trust-strip, index=1, renderCount=2 @ http://localhost:3210/node_modules/.pnpm/@salla.sa+twilight-theme-en_c3cd9c099c8c4c71b5353d842e4aee2e/node_modules/@salla.sa/twilight-theme-engine/dist/chunk-WITIL2MK.js?v=c58539c0:673
[  458686ms] [LOG] [HomeComponentRenderer] MOUNT: path=ox-goals, index=2, renderCount=2 @ http://localhost:3210/node_modules/.pnpm/@salla.sa+twilight-theme-en_c3cd9c099c8c4c71b5353d842e4aee2e/node_modules/@salla.sa/twilight-theme-engine/dist/chunk-WITIL2MK.js?v=c58539c0:673
[  458687ms] [LOG] [HomeComponentRenderer] MOUNT: path=ox-products, index=3, renderCount=2 @ http://localhost:3210/node_modules/.pnpm/@salla.sa+twilight-theme-en_c3cd9c099c8c4c71b5353d842e4aee2e/node_modules/@salla.sa/twilight-theme-engine/dist/chunk-WITIL2MK.js?v=c58539c0:673
[  458687ms] [LOG] [HomeComponentRenderer] MOUNT: path=ox-poster, index=4, renderCount=2 @ http://localhost:3210/node_modules/.pnpm/@salla.sa+twilight-theme-en_c3cd9c099c8c4c71b5353d842e4aee2e/node_modules/@salla.sa/twilight-theme-engine/dist/chunk-WITIL2MK.js?v=c58539c0:673
[  458688ms] [LOG] [HomeComponentRenderer] MOUNT: path=ox-posters, index=5, renderCount=2 @ http://localhost:3210/node_modules/.pnpm/@salla.sa+twilight-theme-en_c3cd9c099c8c4c71b5353d842e4aee2e/node_modules/@salla.sa/twilight-theme-engine/dist/chunk-WITIL2MK.js?v=c58539c0:673
[  458688ms] [LOG] [HomeComponentRenderer] MOUNT: path=ox-products-secondary, index=6, renderCount=2 @ http://localhost:3210/node_modules/.pnpm/@salla.sa+twilight-theme-en_c3cd9c099c8c4c71b5353d842e4aee2e/node_modules/@salla.sa/twilight-theme-engine/dist/chunk-WITIL2MK.js?v=c58539c0:673
[  458689ms] [LOG] [HomeComponentRenderer] MOUNT: path=ox-categories, index=7, renderCount=2 @ http://localhost:3210/node_modules/.pnpm/@salla.sa+twilight-theme-en_c3cd9c099c8c4c71b5353d842e4aee2e/node_modules/@salla.sa/twilight-theme-engine/dist/chunk-WITIL2MK.js?v=c58539c0:673
[  458689ms] [LOG] [HomeComponentRenderer] MOUNT: path=ox-brands, index=8, renderCount=2 @ http://localhost:3210/node_modules/.pnpm/@salla.sa+twilight-theme-en_c3cd9c099c8c4c71b5353d842e4aee2e/node_modules/@salla.sa/twilight-theme-engine/dist/chunk-WITIL2MK.js?v=c58539c0:673
[  458690ms] [LOG] [HomeComponentRenderer] MOUNT: path=ox-services, index=9, renderCount=2 @ http://localhost:3210/node_modules/.pnpm/@salla.sa+twilight-theme-en_c3cd9c099c8c4c71b5353d842e4aee2e/node_modules/@salla.sa/twilight-theme-engine/dist/chunk-WITIL2MK.js?v=c58539c0:673
[  458691ms] [LOG] [HomeComponentRenderer] MOUNT: path=ox-guides, index=10, renderCount=2 @ http://localhost:3210/node_modules/.pnpm/@salla.sa+twilight-theme-en_c3cd9c099c8c4c71b5353d842e4aee2e/node_modules/@salla.sa/twilight-theme-engine/dist/chunk-WITIL2MK.js?v=c58539c0:673
[  458691ms] [LOG] [HomeComponentRenderer] MOUNT: path=ox-branch, index=11, renderCount=2 @ http://localhost:3210/node_modules/.pnpm/@salla.sa+twilight-theme-en_c3cd9c099c8c4c71b5353d842e4aee2e/node_modules/@salla.sa/twilight-theme-engine/dist/chunk-WITIL2MK.js?v=c58539c0:673
[  458692ms] [LOG] [HomeComponentRenderer] MOUNT: path=ox-certifications, index=12, renderCount=2 @ http://localhost:3210/node_modules/.pnpm/@salla.sa+twilight-theme-en_c3cd9c099c8c4c71b5353d842e4aee2e/node_modules/@salla.sa/twilight-theme-engine/dist/chunk-WITIL2MK.js?v=c58539c0:673
[  458693ms] [LOG] [HomeComponentRenderer] MOUNT: path=ox-faq, index=13, renderCount=2 @ http://localhost:3210/node_modules/.pnpm/@salla.sa+twilight-theme-en_c3cd9c099c8c4c71b5353d842e4aee2e/node_modules/@salla.sa/twilight-theme-engine/dist/chunk-WITIL2MK.js?v=c58539c0:673
[  458693ms] [LOG] [HomeComponentRenderer] MOUNT: path=ox-newsletter, index=14, renderCount=2 @ http://localhost:3210/node_modules/.pnpm/@salla.sa+twilight-theme-en_c3cd9c099c8c4c71b5353d842e4aee2e/node_modules/@salla.sa/twilight-theme-engine/dist/chunk-WITIL2MK.js?v=c58539c0:673
[  458694ms] [LOG] [HomeComponentRenderer] MOUNT: path=ox-banner, index=15, renderCount=2 @ http://localhost:3210/node_modules/.pnpm/@salla.sa+twilight-theme-en_c3cd9c099c8c4c71b5353d842e4aee2e/node_modules/@salla.sa/twilight-theme-engine/dist/chunk-WITIL2MK.js?v=c58539c0:673
[  458710ms] [ERROR] A tree hydrated but some attributes of the server rendered HTML didn't match the client properties. This won't be patched up. This can happen if a SSR-ed Client Component used:

- A server/client branch `if (typeof window !== 'undefined')`.
- Variable input such as `Date.now()` or `Math.random()` which changes each time it's called.
- Date formatting in a user's locale which doesn't match the server.
- External changing data without sending a snapshot of it along with the HTML.
- Invalid HTML tag nesting.

It can also happen if the client has a browser extension installed which messes with the HTML before React loaded.

%s%s https://react.dev/link/hydration-mismatch 

  ...
    <RenderWhenVisible2 rootMargin="50px" className="s-block s-..." id={undefined} estimatedHeight="clamp(480p..." ...>
      <section ref={undefined} className="s-block s-..." id={undefined} style={{...}}>
        <Suspense fallback={<HeroSkeleton>}>
          <ComponentErrorBoundary data={{path:"ox-hero", ...}} position={1}>
            <OxHero data={{path:"ox-hero", ...}}>
              <section className="ox-hero ox..." data-testid="ox-hero">
                <div>
                <div className="ox-hero__i...">
                  <div className="ox-hero__text">
                    <h1>
                    <p>
                    <div className="ox-hero__a...">
                      <Button>
                      <Button to="/services" variant="secondary" size={48} className="ox-cta-pill">
                        <Link to="/services" ref={function setRefs} className="ox-btn ox-..." aria-disabled={undefined} ...>
                          <TanStackLinkAdapter ref={function setRefs} to="/services" className="ox-btn ox-..." ...>
                            <a
                              className="ox-btn ox-btn--secondary ox-btn--s48 ox-cta-pill"
                              style={{}}
                              title={undefined}
                              target={undefined}
                              rel={undefined}
                              onClick={function handleClick}
                              aria-label={undefined}
                              aria-disabled={undefined}
                              aria-busy={undefined}
                              data-spa-link=""
                              ref={function}
                              onBlur={function handleLeave}
                              onFocus={function}
                              onMouseEnter={function}
                              onMouseLeave={function handleLeave}
                              onTouchStart={function handleTouchStart}
+                             href="/latest-products/services"
-                             href="/services"
                            >
          ...
 @ http://localhost:3210/@vite/client:532
[  458739ms] [ERROR] A tree hydrated but some attributes of the server rendered HTML didn't match the client properties. This won't be patched up. This can happen if a SSR-ed Client Component used:

- A server/client branch `if (typeof window !== 'undefined')`.
- Variable input such as `Date.now()` or `Math.random()` which changes each time it's called.
- Date formatting in a user's locale which doesn't match the server.
- External changing data without sending a snapshot of it along with the HTML.
- Invalid HTML tag nesting.

It can also happen if the client has a browser extension installed which messes with the HTML before React loaded.

%s%s https://react.dev/link/hydration-mismatch 

  ...
    <RenderWhenVisible2 rootMargin="50px" className="s-block s-..." id={undefined} estimatedHeight="clamp(262p..." ...>
      <section ref={undefined} className="s-block s-..." id={undefined} style={{...}}>
        <Suspense fallback={<GoalsSkeleton>}>
          <ComponentErrorBoundary data={{path:"ox-g...", ...}} position={3}>
            <OxGoals data={{path:"ox-g...", ...}}>
              <section className="ox-goals" id="ox-goals" data-testid="ox-goals">
                <div className="ox-container">
                  <SectionHeader>
                  <ul className="ox-goals__..." ref={{current:null}}>
                    <li style={{--i:"0"}}>
                      <GoalCard slug="goal-energy" label="مكملات الطاقة" line="ما قبل الت..." icon="goal-energy" ...>
                        <Link to="/search?q=..." className="ox-goal" data-testid="ox-goal-card" data-goal="goal-energy" ...>
                          <TanStackLinkAdapter ref={null} to="/search?q=..." className="ox-goal" ...>
                            <a
                              className="ox-goal"
                              style={{--i:"0"}}
                              title={undefined}
                              target={undefined}
                              rel={undefined}
                              onClick={function handleClick}
                              aria-label={undefined}
                              data-testid="ox-goal-card"
                              data-goal="goal-energy"
                              data-spa-link=""
                              ref={{current:null}}
                              onBlur={function handleLeave}
                              onFocus={function}
                              onMouseEnter={function}
                              onMouseLeave={function handleLeave}
                              onTouchStart={function handleTouchStart}
+                             href="/latest-products/search?q=%D9%85%D9%83%D9%85%D9%84%D8%A7%D8%AA%20%D8%A7%D9%84%D8%B..."
-                             href="/search?q=%D9%85%D9%83%D9%85%D9%84%D8%A7%D8%AA%20%D8%A7%D9%84%D8%B7%D8%A7%D9%82%D8%A9"
                            >
                    <li style={{--i:"1"}}>
                      <GoalCard slug="goal-gener..." label="مكملات الص..." line="ملتي فيتام..." icon="goal-gener..." ...>
                        <Link to="/search?q=..." className="ox-goal" data-testid="ox-goal-card" data-goal="goal-gener..." ...>
                          <TanStackLinkAdapter ref={null} to="/search?q=..." className="ox-goal" ...>
                            <a
                              className="ox-goal"
                              style={{--i:"1"}}
                              title={undefined}
                              target={undefined}
                              rel={undefined}
                              onClick={function handleClick}
                              aria-label={undefined}
                              data-testid="ox-goal-card"
                              data-goal="goal-general-health"
                              data-spa-link=""
                              ref={{current:null}}
                              onBlur={function handleLeave}
                              onFocus={function}
                              onMouseEnter={function}
                              onMouseLeave={function handleLeave}
                              onTouchStart={function handleTouchStart}
+                             href="/latest-products/search?q=%D9%85%D9%83%D9%85%D9%84%D8%A7%D8%AA%20%D8%A7%D9%84%D8%B..."
-                             href="/search?q=%D9%85%D9%83%D9%85%D9%84%D8%A7%D8%AA%20%D8%A7%D9%84%D8%B5%D8%AD%D8%A9%20..."
                            >
                    <li style={{--i:"2"}}>
                      <GoalCard slug="goal-perfo..." label="مكملات الأ..." line="بروتين، كر..." icon="goal-perfo..." ...>
                        <Link to="/search?q=..." className="ox-goal" data-testid="ox-goal-card" data-goal="goal-perfo..." ...>
                          <TanStackLinkAdapter ref={null} to="/search?q=..." className="ox-goal" ...>
                            <a
                              className="ox-goal"
                              style={{--i:"2"}}
                              title={undefined}
                              target={undefined}
                              rel={undefined}
                              onClick={function handleClick}
                              aria-label={undefined}
                              data-testid="ox-goal-card"
                              data-goal="goal-performance"
                              data-spa-link=""
                              ref={{current:null}}
                              onBlur={function handleLeave}
                              onFocus={function}
                              onMouseEnter={function}
                              onMouseLeave={function handleLeave}
                              onTouchStart={function handleTouchStart}
+                             href="/latest-products/search?q=%D9%85%D9%83%D9%85%D9%84%D8%A7%D8%AA%20%D8%A7%D9%84%D8%A..."
-                             href="/search?q=%D9%85%D9%83%D9%85%D9%84%D8%A7%D8%AA%20%D8%A7%D9%84%D8%A3%D8%AF%D8%A7%D8..."
                            >
                    <li style={{--i:"3"}}>
                      <GoalCard slug="goal-recovery" label="مكملات الت..." line="بروتين، كا..." icon="goal-recovery" ...>
                        <Link to="/search?q=..." className="ox-goal" data-testid="ox-goal-card" data-goal="goal-recovery" ...>
                          <TanStackLinkAdapter ref={null} to="/search?q=..." className="ox-goal" ...>
                            <a
                              className="ox-goal"
                              style={{--i:"3"}}
                              title={undefined}
                              target={undefined}
                              rel={undefined}
                              onClick={function handleClick}
                              aria-label={undefined}
                              data-testid="ox-goal-card"
                              data-goal="goal-recovery"
                              data-spa-link=""
                              ref={{current:null}}
                              onBlur={function handleLeave}
                              onFocus={function}
                              onMouseEnter={function}
                              onMouseLeave={function handleLeave}
                              onTouchStart={function handleTouchStart}
+                             href="/latest-products/search?q=%D9%85%D9%83%D9%85%D9%84%D8%A7%D8%AA%20%D8%A7%D9%84%D8%A..."
-                             href="/search?q=%D9%85%D9%83%D9%85%D9%84%D8%A7%D8%AA%20%D8%A7%D9%84%D8%AA%D8%B9%D8%A7%D9..."
                            >
                    <li style={{--i:"4"}}>
                      <GoalCard slug="goal-hair-..." label="مكملات الش..." line="كولاجين، ب..." icon="goal-hair-..." ...>
                        <Link to="/search?q=..." className="ox-goal" data-testid="ox-goal-card" data-goal="goal-hair-..." ...>
                          <TanStackLinkAdapter ref={null} to="/search?q=..." className="ox-goal" ...>
                            <a
                              className="ox-goal"
                              style={{--i:"4"}}
                              title={undefined}
                              target={undefined}
                              rel={undefined}
                              onClick={function handleClick}
                              aria-label={undefined}
                              data-testid="ox-goal-card"
                              data-goal="goal-hair-skin"
                              data-spa-link=""
                              ref={{current:null}}
                              onBlur={function handleLeave}
                              onFocus={function}
                              onMouseEnter={function}
                              onMouseLeave={function handleLeave}
                              onTouchStart={function handleTouchStart}
+                             href="/latest-products/search?q=%D9%85%D9%83%D9%85%D9%84%D8%A7%D8%AA%20%D8%A7%D9%84%D8%B..."
-                             href="/search?q=%D9%85%D9%83%D9%85%D9%84%D8%A7%D8%AA%20%D8%A7%D9%84%D8%B4%D8%B9%D8%B1%20..."
                            >
                    <li style={{--i:"5"}}>
                      <GoalCard slug="goal-ideal..." label="مكملات الو..." line="ماس جينر، ..." icon="goal-ideal..." ...>
                        <Link to="/search?q=..." className="ox-goal" data-testid="ox-goal-card" data-goal="goal-ideal..." ...>
                          <TanStackLinkAdapter ref={null} to="/search?q=..." className="ox-goal" ...>
                            <a
                              className="ox-goal"
                              style={{--i:"5"}}
                              title={undefined}
                              target={undefined}
                              rel={undefined}
                              onClick={function handleClick}
                              aria-label={undefined}
                              data-testid="ox-goal-card"
                              data-goal="goal-ideal-weight"
                              data-spa-link=""
                              ref={{current:null}}
                              onBlur={function handleLeave}
                              onFocus={function}
                              onMouseEnter={function}
                              onMouseLeave={function handleLeave}
                              onTouchStart={function handleTouchStart}
+                             href="/latest-products/search?q=%D9%85%D9%83%D9%85%D9%84%D8%A7%D8%AA%20%D8%A7%D9%84%D9%8..."
-                             href="/search?q=%D9%85%D9%83%D9%85%D9%84%D8%A7%D8%AA%20%D8%A7%D9%84%D9%88%D8%B2%D9%86%20..."
                            >
          ...
 @ http://localhost:3210/@vite/client:532
[  479376ms] [LOG] [offline-api] browser: api.salla.dev + cdn.salla.network -> http://127.0.0.1:5178 @ http://localhost:3210/latest-products:0
[  480096ms] [INFO] %cDownload the React DevTools for a better development experience: https://react.dev/link/react-devtools font-weight:bold @ http://localhost:3210/node_modules/.vite/deps/react-dom_client.js?v=c58539c0:14335
[  480220ms] [WARNING] [Twilight] Could not hydrate twilight context: no root match in router state @ http://localhost:3210/@vite/client:532
[  480336ms] [ERROR] The result of getServerSnapshot should be cached to avoid an infinite loop @ http://localhost:3210/@vite/client:532
[  480384ms] [ERROR] A tree hydrated but some attributes of the server rendered HTML didn't match the client properties. This won't be patched up. This can happen if a SSR-ed Client Component used:

- A server/client branch `if (typeof window !== 'undefined')`.
- Variable input such as `Date.now()` or `Math.random()` which changes each time it's called.
- Date formatting in a user's locale which doesn't match the server.
- External changing data without sending a snapshot of it along with the HTML.
- Invalid HTML tag nesting.

It can also happen if the client has a browser extension installed which messes with the HTML before React loaded.

%s%s https://react.dev/link/hydration-mismatch 

  ...
    <ThemeDocumentSync>
    <TanStackDocumentSync>
    <NavigationSetup>
      <NavigationProvider navigate={function}>
        <LinkProvider adapter={{...}}>
          <WidgetHead>
          <AppsSnippets>
          <HookSlot>
          <Suspense>
          <OptimalXLayout>
            <div>
            <BottomTabBar>
              <nav className="ox-tabbar" aria-label="تنقل سريع" data-testid="ox-tabbar">
                <ul className="ox-tabbar_...">
                  <li>
                    <Link to="/" className="ox-tab">
                      <TanStackLinkAdapter ref={null} to="/" className="ox-tab" data-spa-link="">
                        <a
+                         className="ox-tab active"
-                         className="ox-tab is-active active"
                          style={undefined}
                          title={undefined}
                          target={undefined}
                          rel={undefined}
                          onClick={function handleClick}
                          aria-label={undefined}
                          data-spa-link=""
                          ref={{current:null}}
                          onBlur={function handleLeave}
                          onFocus={function}
                          onMouseEnter={function}
                          onMouseLeave={function handleLeave}
                          onTouchStart={function handleTouchStart}
                          href="/latest-products"
                          data-status="active"
                          aria-current="page"
                        >
                  ...
            ...
          ...
 @ http://localhost:3210/@vite/client:532
[  480970ms] [LOG] [HomeComponentRenderer] RENDER: path=ox-hero, index=0, renderCount=1 @ http://localhost:3210/node_modules/.pnpm/@salla.sa+twilight-theme-en_c3cd9c099c8c4c71b5353d842e4aee2e/node_modules/@salla.sa/twilight-theme-engine/dist/chunk-WITIL2MK.js?v=c58539c0:670
[  480971ms] [LOG] [HomeComponentRenderer] RENDER: path=ox-hero, index=0, renderCount=2 @ http://localhost:3210/node_modules/.pnpm/@salla.sa+twilight-theme-en_c3cd9c099c8c4c71b5353d842e4aee2e/node_modules/@salla.sa/twilight-theme-engine/dist/chunk-WITIL2MK.js?v=c58539c0:670
[  480998ms] Error: Hydration failed because the server rendered HTML didn't match the client. As a result this tree will be regenerated on the client. This can happen if a SSR-ed Client Component used:

- A server/client branch `if (typeof window !== 'undefined')`.
- Variable input such as `Date.now()` or `Math.random()` which changes each time it's called.
- Date formatting in a user's locale which doesn't match the server.
- External changing data without sending a snapshot of it along with the HTML.
- Invalid HTML tag nesting.

It can also happen if the client has a browser extension installed which messes with the HTML before React loaded.

https://react.dev/link/hydration-mismatch

  ...
    <Matches>
      <Transitioner>
      <SafeFragment fallback={<Context>}>
        <MatchesInner>
          <CatchBoundary getResetKey={function getResetKey} onCatch={function}>
            <MatchImpl routeId="__root__">
              <MatchView router={{...}} match={{id:"__root__/", ...}}>
                <RootComponent>
                  <html lang="ar" dir="rtl" suppressHydrationWarning={true}>
                    <head>
                    <body suppressHydrationWarning={true}>
                      <noscript>
                      <TwilightProvider>
                      <Suspense fallback={null}>
                        <TanStackRouterDevtools position="bottom-right">
+                         <div ref={{current:null}}>
                      ...

    at throwOnHydrationMismatch (http://localhost:3210/node_modules/.vite/deps/react-dom_client.js?v=c58539c0:2968:51)
    at beginWork (http://localhost:3210/node_modules/.vite/deps/react-dom_client.js?v=c58539c0:6200:914)
    at runWithFiberInDEV (http://localhost:3210/node_modules/.vite/deps/react-dom_client.js?v=c58539c0:851:66)
    at performUnitOfWork (http://localhost:3210/node_modules/.vite/deps/react-dom_client.js?v=c58539c0:8429:92)
    at workLoopConcurrentByScheduler (http://localhost:3210/node_modules/.vite/deps/react-dom_client.js?v=c58539c0:8425:55)
    at renderRootConcurrent (http://localhost:3210/node_modules/.vite/deps/react-dom_client.js?v=c58539c0:8408:64)
    at performWorkOnRoot (http://localhost:3210/node_modules/.vite/deps/react-dom_client.js?v=c58539c0:7957:145)
    at performWorkOnRootViaSchedulerTask (http://localhost:3210/node_modules/.vite/deps/react-dom_client.js?v=c58539c0:9059:4)
    at MessagePort.performWorkUntilDeadline (http://localhost:3210/node_modules/.vite/deps/react-dom_client.js?v=c58539c0:36:38)
[  480993ms] [LOG] [HomeComponentRenderer] RENDER: path=ox-hero, index=0, renderCount=1 @ http://localhost:3210/node_modules/.pnpm/@salla.sa+twilight-theme-en_c3cd9c099c8c4c71b5353d842e4aee2e/node_modules/@salla.sa/twilight-theme-engine/dist/chunk-WITIL2MK.js?v=c58539c0:670
[  480994ms] [LOG] [HomeComponentRenderer] RENDER: path=ox-hero, index=0, renderCount=2 @ http://localhost:3210/node_modules/.pnpm/@salla.sa+twilight-theme-en_c3cd9c099c8c4c71b5353d842e4aee2e/node_modules/@salla.sa/twilight-theme-engine/dist/chunk-WITIL2MK.js?v=c58539c0:670
[  480998ms] [LOG] [HomeComponentRenderer] RENDER: path=ox-trust-strip, index=1, renderCount=1 @ http://localhost:3210/node_modules/.pnpm/@salla.sa+twilight-theme-en_c3cd9c099c8c4c71b5353d842e4aee2e/node_modules/@salla.sa/twilight-theme-engine/dist/chunk-WITIL2MK.js?v=c58539c0:670
[  480998ms] [LOG] [HomeComponentRenderer] RENDER: path=ox-trust-strip, index=1, renderCount=2 @ http://localhost:3210/node_modules/.pnpm/@salla.sa+twilight-theme-en_c3cd9c099c8c4c71b5353d842e4aee2e/node_modules/@salla.sa/twilight-theme-engine/dist/chunk-WITIL2MK.js?v=c58539c0:670
[  480998ms] [LOG] [HomeComponentRenderer] RENDER: path=ox-goals, index=2, renderCount=1 @ http://localhost:3210/node_modules/.pnpm/@salla.sa+twilight-theme-en_c3cd9c099c8c4c71b5353d842e4aee2e/node_modules/@salla.sa/twilight-theme-engine/dist/chunk-WITIL2MK.js?v=c58539c0:670
[  480999ms] [LOG] [HomeComponentRenderer] RENDER: path=ox-goals, index=2, renderCount=2 @ http://localhost:3210/node_modules/.pnpm/@salla.sa+twilight-theme-en_c3cd9c099c8c4c71b5353d842e4aee2e/node_modules/@salla.sa/twilight-theme-engine/dist/chunk-WITIL2MK.js?v=c58539c0:670
[  480999ms] [LOG] [HomeComponentRenderer] RENDER: path=ox-products, index=3, renderCount=1 @ http://localhost:3210/node_modules/.pnpm/@salla.sa+twilight-theme-en_c3cd9c099c8c4c71b5353d842e4aee2e/node_modules/@salla.sa/twilight-theme-engine/dist/chunk-WITIL2MK.js?v=c58539c0:670
[  480999ms] [LOG] [HomeComponentRenderer] RENDER: path=ox-products, index=3, renderCount=2 @ http://localhost:3210/node_modules/.pnpm/@salla.sa+twilight-theme-en_c3cd9c099c8c4c71b5353d842e4aee2e/node_modules/@salla.sa/twilight-theme-engine/dist/chunk-WITIL2MK.js?v=c58539c0:670
[  481001ms] [LOG] [HomeComponentRenderer] RENDER: path=ox-poster, index=4, renderCount=1 @ http://localhost:3210/node_modules/.pnpm/@salla.sa+twilight-theme-en_c3cd9c099c8c4c71b5353d842e4aee2e/node_modules/@salla.sa/twilight-theme-engine/dist/chunk-WITIL2MK.js?v=c58539c0:670
[  481002ms] [LOG] [HomeComponentRenderer] RENDER: path=ox-poster, index=4, renderCount=2 @ http://localhost:3210/node_modules/.pnpm/@salla.sa+twilight-theme-en_c3cd9c099c8c4c71b5353d842e4aee2e/node_modules/@salla.sa/twilight-theme-engine/dist/chunk-WITIL2MK.js?v=c58539c0:670
[  481003ms] [LOG] [HomeComponentRenderer] RENDER: path=ox-posters, index=5, renderCount=1 @ http://localhost:3210/node_modules/.pnpm/@salla.sa+twilight-theme-en_c3cd9c099c8c4c71b5353d842e4aee2e/node_modules/@salla.sa/twilight-theme-engine/dist/chunk-WITIL2MK.js?v=c58539c0:670
[  481003ms] [LOG] [HomeComponentRenderer] RENDER: path=ox-posters, index=5, renderCount=2 @ http://localhost:3210/node_modules/.pnpm/@salla.sa+twilight-theme-en_c3cd9c099c8c4c71b5353d842e4aee2e/node_modules/@salla.sa/twilight-theme-engine/dist/chunk-WITIL2MK.js?v=c58539c0:670
[  481005ms] [LOG] [HomeComponentRenderer] RENDER: path=ox-products-secondary, index=6, renderCount=1 @ http://localhost:3210/node_modules/.pnpm/@salla.sa+twilight-theme-en_c3cd9c099c8c4c71b5353d842e4aee2e/node_modules/@salla.sa/twilight-theme-engine/dist/chunk-WITIL2MK.js?v=c58539c0:670
[  481005ms] [LOG] [HomeComponentRenderer] RENDER: path=ox-products-secondary, index=6, renderCount=2 @ http://localhost:3210/node_modules/.pnpm/@salla.sa+twilight-theme-en_c3cd9c099c8c4c71b5353d842e4aee2e/node_modules/@salla.sa/twilight-theme-engine/dist/chunk-WITIL2MK.js?v=c58539c0:670
[  481008ms] [LOG] [HomeComponentRenderer] RENDER: path=ox-categories, index=7, renderCount=1 @ http://localhost:3210/node_modules/.pnpm/@salla.sa+twilight-theme-en_c3cd9c099c8c4c71b5353d842e4aee2e/node_modules/@salla.sa/twilight-theme-engine/dist/chunk-WITIL2MK.js?v=c58539c0:670
[  481008ms] [LOG] [HomeComponentRenderer] RENDER: path=ox-categories, index=7, renderCount=2 @ http://localhost:3210/node_modules/.pnpm/@salla.sa+twilight-theme-en_c3cd9c099c8c4c71b5353d842e4aee2e/node_modules/@salla.sa/twilight-theme-engine/dist/chunk-WITIL2MK.js?v=c58539c0:670
[  481011ms] [LOG] [HomeComponentRenderer] RENDER: path=ox-brands, index=8, renderCount=1 @ http://localhost:3210/node_modules/.pnpm/@salla.sa+twilight-theme-en_c3cd9c099c8c4c71b5353d842e4aee2e/node_modules/@salla.sa/twilight-theme-engine/dist/chunk-WITIL2MK.js?v=c58539c0:670
[  481011ms] [LOG] [HomeComponentRenderer] RENDER: path=ox-brands, index=8, renderCount=2 @ http://localhost:3210/node_modules/.pnpm/@salla.sa+twilight-theme-en_c3cd9c099c8c4c71b5353d842e4aee2e/node_modules/@salla.sa/twilight-theme-engine/dist/chunk-WITIL2MK.js?v=c58539c0:670
[  481011ms] [LOG] [HomeComponentRenderer] RENDER: path=ox-services, index=9, renderCount=1 @ http://localhost:3210/node_modules/.pnpm/@salla.sa+twilight-theme-en_c3cd9c099c8c4c71b5353d842e4aee2e/node_modules/@salla.sa/twilight-theme-engine/dist/chunk-WITIL2MK.js?v=c58539c0:670
[  481012ms] [LOG] [HomeComponentRenderer] RENDER: path=ox-services, index=9, renderCount=2 @ http://localhost:3210/node_modules/.pnpm/@salla.sa+twilight-theme-en_c3cd9c099c8c4c71b5353d842e4aee2e/node_modules/@salla.sa/twilight-theme-engine/dist/chunk-WITIL2MK.js?v=c58539c0:670
[  481013ms] [LOG] [HomeComponentRenderer] RENDER: path=ox-guides, index=10, renderCount=1 @ http://localhost:3210/node_modules/.pnpm/@salla.sa+twilight-theme-en_c3cd9c099c8c4c71b5353d842e4aee2e/node_modules/@salla.sa/twilight-theme-engine/dist/chunk-WITIL2MK.js?v=c58539c0:670
[  481013ms] [LOG] [HomeComponentRenderer] RENDER: path=ox-guides, index=10, renderCount=2 @ http://localhost:3210/node_modules/.pnpm/@salla.sa+twilight-theme-en_c3cd9c099c8c4c71b5353d842e4aee2e/node_modules/@salla.sa/twilight-theme-engine/dist/chunk-WITIL2MK.js?v=c58539c0:670
[  481013ms] [LOG] [HomeComponentRenderer] RENDER: path=ox-branch, index=11, renderCount=1 @ http://localhost:3210/node_modules/.pnpm/@salla.sa+twilight-theme-en_c3cd9c099c8c4c71b5353d842e4aee2e/node_modules/@salla.sa/twilight-theme-engine/dist/chunk-WITIL2MK.js?v=c58539c0:670
[  481013ms] [LOG] [HomeComponentRenderer] RENDER: path=ox-branch, index=11, renderCount=2 @ http://localhost:3210/node_modules/.pnpm/@salla.sa+twilight-theme-en_c3cd9c099c8c4c71b5353d842e4aee2e/node_modules/@salla.sa/twilight-theme-engine/dist/chunk-WITIL2MK.js?v=c58539c0:670
[  481016ms] [LOG] [HomeComponentRenderer] RENDER: path=ox-certifications, index=12, renderCount=1 @ http://localhost:3210/node_modules/.pnpm/@salla.sa+twilight-theme-en_c3cd9c099c8c4c71b5353d842e4aee2e/node_modules/@salla.sa/twilight-theme-engine/dist/chunk-WITIL2MK.js?v=c58539c0:670
[  481016ms] [LOG] [HomeComponentRenderer] RENDER: path=ox-certifications, index=12, renderCount=2 @ http://localhost:3210/node_modules/.pnpm/@salla.sa+twilight-theme-en_c3cd9c099c8c4c71b5353d842e4aee2e/node_modules/@salla.sa/twilight-theme-engine/dist/chunk-WITIL2MK.js?v=c58539c0:670
[  481016ms] [LOG] [HomeComponentRenderer] RENDER: path=ox-faq, index=13, renderCount=1 @ http://localhost:3210/node_modules/.pnpm/@salla.sa+twilight-theme-en_c3cd9c099c8c4c71b5353d842e4aee2e/node_modules/@salla.sa/twilight-theme-engine/dist/chunk-WITIL2MK.js?v=c58539c0:670
[  481016ms] [LOG] [HomeComponentRenderer] RENDER: path=ox-faq, index=13, renderCount=2 @ http://localhost:3210/node_modules/.pnpm/@salla.sa+twilight-theme-en_c3cd9c099c8c4c71b5353d842e4aee2e/node_modules/@salla.sa/twilight-theme-engine/dist/chunk-WITIL2MK.js?v=c58539c0:670
[  481018ms] [LOG] [HomeComponentRenderer] RENDER: path=ox-newsletter, index=14, renderCount=1 @ http://localhost:3210/node_modules/.pnpm/@salla.sa+twilight-theme-en_c3cd9c099c8c4c71b5353d842e4aee2e/node_modules/@salla.sa/twilight-theme-engine/dist/chunk-WITIL2MK.js?v=c58539c0:670
[  481018ms] [LOG] [HomeComponentRenderer] RENDER: path=ox-newsletter, index=14, renderCount=2 @ http://localhost:3210/node_modules/.pnpm/@salla.sa+twilight-theme-en_c3cd9c099c8c4c71b5353d842e4aee2e/node_modules/@salla.sa/twilight-theme-engine/dist/chunk-WITIL2MK.js?v=c58539c0:670
[  481018ms] [LOG] [HomeComponentRenderer] RENDER: path=ox-banner, index=15, renderCount=1 @ http://localhost:3210/node_modules/.pnpm/@salla.sa+twilight-theme-en_c3cd9c099c8c4c71b5353d842e4aee2e/node_modules/@salla.sa/twilight-theme-engine/dist/chunk-WITIL2MK.js?v=c58539c0:670
[  481018ms] [LOG] [HomeComponentRenderer] RENDER: path=ox-banner, index=15, renderCount=2 @ http://localhost:3210/node_modules/.pnpm/@salla.sa+twilight-theme-en_c3cd9c099c8c4c71b5353d842e4aee2e/node_modules/@salla.sa/twilight-theme-engine/dist/chunk-WITIL2MK.js?v=c58539c0:670
[  481021ms] [LOG] [HomeComponentRenderer] MOUNT: path=ox-hero, index=0, renderCount=2 @ http://localhost:3210/node_modules/.pnpm/@salla.sa+twilight-theme-en_c3cd9c099c8c4c71b5353d842e4aee2e/node_modules/@salla.sa/twilight-theme-engine/dist/chunk-WITIL2MK.js?v=c58539c0:673
[  481022ms] [LOG] [HomeComponentRenderer] MOUNT: path=ox-trust-strip, index=1, renderCount=2 @ http://localhost:3210/node_modules/.pnpm/@salla.sa+twilight-theme-en_c3cd9c099c8c4c71b5353d842e4aee2e/node_modules/@salla.sa/twilight-theme-engine/dist/chunk-WITIL2MK.js?v=c58539c0:673
[  481022ms] [LOG] [HomeComponentRenderer] MOUNT: path=ox-goals, index=2, renderCount=2 @ http://localhost:3210/node_modules/.pnpm/@salla.sa+twilight-theme-en_c3cd9c099c8c4c71b5353d842e4aee2e/node_modules/@salla.sa/twilight-theme-engine/dist/chunk-WITIL2MK.js?v=c58539c0:673
[  481023ms] [LOG] [HomeComponentRenderer] MOUNT: path=ox-products, index=3, renderCount=2 @ http://localhost:3210/node_modules/.pnpm/@salla.sa+twilight-theme-en_c3cd9c099c8c4c71b5353d842e4aee2e/node_modules/@salla.sa/twilight-theme-engine/dist/chunk-WITIL2MK.js?v=c58539c0:673
[  481024ms] [LOG] [HomeComponentRenderer] MOUNT: path=ox-poster, index=4, renderCount=2 @ http://localhost:3210/node_modules/.pnpm/@salla.sa+twilight-theme-en_c3cd9c099c8c4c71b5353d842e4aee2e/node_modules/@salla.sa/twilight-theme-engine/dist/chunk-WITIL2MK.js?v=c58539c0:673
[  481024ms] [LOG] [HomeComponentRenderer] MOUNT: path=ox-posters, index=5, renderCount=2 @ http://localhost:3210/node_modules/.pnpm/@salla.sa+twilight-theme-en_c3cd9c099c8c4c71b5353d842e4aee2e/node_modules/@salla.sa/twilight-theme-engine/dist/chunk-WITIL2MK.js?v=c58539c0:673
[  481025ms] [LOG] [HomeComponentRenderer] MOUNT: path=ox-products-secondary, index=6, renderCount=2 @ http://localhost:3210/node_modules/.pnpm/@salla.sa+twilight-theme-en_c3cd9c099c8c4c71b5353d842e4aee2e/node_modules/@salla.sa/twilight-theme-engine/dist/chunk-WITIL2MK.js?v=c58539c0:673
[  481025ms] [LOG] [HomeComponentRenderer] MOUNT: path=ox-categories, index=7, renderCount=2 @ http://localhost:3210/node_modules/.pnpm/@salla.sa+twilight-theme-en_c3cd9c099c8c4c71b5353d842e4aee2e/node_modules/@salla.sa/twilight-theme-engine/dist/chunk-WITIL2MK.js?v=c58539c0:673
[  481026ms] [LOG] [HomeComponentRenderer] MOUNT: path=ox-brands, index=8, renderCount=2 @ http://localhost:3210/node_modules/.pnpm/@salla.sa+twilight-theme-en_c3cd9c099c8c4c71b5353d842e4aee2e/node_modules/@salla.sa/twilight-theme-engine/dist/chunk-WITIL2MK.js?v=c58539c0:673
[  481027ms] [LOG] [HomeComponentRenderer] MOUNT: path=ox-services, index=9, renderCount=2 @ http://localhost:3210/node_modules/.pnpm/@salla.sa+twilight-theme-en_c3cd9c099c8c4c71b5353d842e4aee2e/node_modules/@salla.sa/twilight-theme-engine/dist/chunk-WITIL2MK.js?v=c58539c0:673
[  481027ms] [LOG] [HomeComponentRenderer] MOUNT: path=ox-guides, index=10, renderCount=2 @ http://localhost:3210/node_modules/.pnpm/@salla.sa+twilight-theme-en_c3cd9c099c8c4c71b5353d842e4aee2e/node_modules/@salla.sa/twilight-theme-engine/dist/chunk-WITIL2MK.js?v=c58539c0:673
[  481028ms] [LOG] [HomeComponentRenderer] MOUNT: path=ox-branch, index=11, renderCount=2 @ http://localhost:3210/node_modules/.pnpm/@salla.sa+twilight-theme-en_c3cd9c099c8c4c71b5353d842e4aee2e/node_modules/@salla.sa/twilight-theme-engine/dist/chunk-WITIL2MK.js?v=c58539c0:673
[  481029ms] [LOG] [HomeComponentRenderer] MOUNT: path=ox-certifications, index=12, renderCount=2 @ http://localhost:3210/node_modules/.pnpm/@salla.sa+twilight-theme-en_c3cd9c099c8c4c71b5353d842e4aee2e/node_modules/@salla.sa/twilight-theme-engine/dist/chunk-WITIL2MK.js?v=c58539c0:673
[  481030ms] [LOG] [HomeComponentRenderer] MOUNT: path=ox-faq, index=13, renderCount=2 @ http://localhost:3210/node_modules/.pnpm/@salla.sa+twilight-theme-en_c3cd9c099c8c4c71b5353d842e4aee2e/node_modules/@salla.sa/twilight-theme-engine/dist/chunk-WITIL2MK.js?v=c58539c0:673
[  481031ms] [LOG] [HomeComponentRenderer] MOUNT: path=ox-newsletter, index=14, renderCount=2 @ http://localhost:3210/node_modules/.pnpm/@salla.sa+twilight-theme-en_c3cd9c099c8c4c71b5353d842e4aee2e/node_modules/@salla.sa/twilight-theme-engine/dist/chunk-WITIL2MK.js?v=c58539c0:673
[  481031ms] [LOG] [HomeComponentRenderer] MOUNT: path=ox-banner, index=15, renderCount=2 @ http://localhost:3210/node_modules/.pnpm/@salla.sa+twilight-theme-en_c3cd9c099c8c4c71b5353d842e4aee2e/node_modules/@salla.sa/twilight-theme-engine/dist/chunk-WITIL2MK.js?v=c58539c0:673
[  591275ms] [LOG] [offline-api] browser: api.salla.dev + cdn.salla.network -> http://127.0.0.1:5178 @ http://localhost:3210/latest-products:0
[  591773ms] [INFO] %cDownload the React DevTools for a better development experience: https://react.dev/link/react-devtools font-weight:bold @ http://localhost:3210/node_modules/.vite/deps/react-dom_client.js?v=c58539c0:14335
[  591865ms] [WARNING] [Twilight] Could not hydrate twilight context: no root match in router state @ http://localhost:3210/@vite/client:532
[  591966ms] [ERROR] The result of getServerSnapshot should be cached to avoid an infinite loop @ http://localhost:3210/@vite/client:532
[  592002ms] [ERROR] A tree hydrated but some attributes of the server rendered HTML didn't match the client properties. This won't be patched up. This can happen if a SSR-ed Client Component used:

- A server/client branch `if (typeof window !== 'undefined')`.
- Variable input such as `Date.now()` or `Math.random()` which changes each time it's called.
- Date formatting in a user's locale which doesn't match the server.
- External changing data without sending a snapshot of it along with the HTML.
- Invalid HTML tag nesting.

It can also happen if the client has a browser extension installed which messes with the HTML before React loaded.

%s%s https://react.dev/link/hydration-mismatch 

  ...
    <ThemeDocumentSync>
    <TanStackDocumentSync>
    <NavigationSetup>
      <NavigationProvider navigate={function}>
        <LinkProvider adapter={{...}}>
          <WidgetHead>
          <AppsSnippets>
          <HookSlot>
          <Suspense>
          <OptimalXLayout>
            <div>
            <BottomTabBar>
              <nav className="ox-tabbar" aria-label="تنقل سريع" data-testid="ox-tabbar">
                <ul className="ox-tabbar_...">
                  <li>
                    <Link to="/" className="ox-tab">
                      <TanStackLinkAdapter ref={null} to="/" className="ox-tab" data-spa-link="">
                        <a
+                         className="ox-tab active"
-                         className="ox-tab is-active active"
                          style={undefined}
                          title={undefined}
                          target={undefined}
                          rel={undefined}
                          onClick={function handleClick}
                          aria-label={undefined}
                          data-spa-link=""
                          ref={{current:null}}
                          onBlur={function handleLeave}
                          onFocus={function}
                          onMouseEnter={function}
                          onMouseLeave={function handleLeave}
                          onTouchStart={function handleTouchStart}
                          href="/latest-products"
                          data-status="active"
                          aria-current="page"
                        >
                  ...
            ...
          ...
 @ http://localhost:3210/@vite/client:532
[  592527ms] [LOG] [HomeComponentRenderer] RENDER: path=ox-hero, index=0, renderCount=1 @ http://localhost:3210/node_modules/.pnpm/@salla.sa+twilight-theme-en_c3cd9c099c8c4c71b5353d842e4aee2e/node_modules/@salla.sa/twilight-theme-engine/dist/chunk-WITIL2MK.js?v=c58539c0:670
[  592527ms] [LOG] [HomeComponentRenderer] RENDER: path=ox-hero, index=0, renderCount=2 @ http://localhost:3210/node_modules/.pnpm/@salla.sa+twilight-theme-en_c3cd9c099c8c4c71b5353d842e4aee2e/node_modules/@salla.sa/twilight-theme-engine/dist/chunk-WITIL2MK.js?v=c58539c0:670
[  592533ms] Error: Hydration failed because the server rendered HTML didn't match the client. As a result this tree will be regenerated on the client. This can happen if a SSR-ed Client Component used:

- A server/client branch `if (typeof window !== 'undefined')`.
- Variable input such as `Date.now()` or `Math.random()` which changes each time it's called.
- Date formatting in a user's locale which doesn't match the server.
- External changing data without sending a snapshot of it along with the HTML.
- Invalid HTML tag nesting.

It can also happen if the client has a browser extension installed which messes with the HTML before React loaded.

https://react.dev/link/hydration-mismatch

  ...
    <Matches>
      <Transitioner>
      <SafeFragment fallback={<Context>}>
        <MatchesInner>
          <CatchBoundary getResetKey={function getResetKey} onCatch={function}>
            <MatchImpl routeId="__root__">
              <MatchView router={{...}} match={{id:"__root__/", ...}}>
                <RootComponent>
                  <html lang="ar" dir="rtl" suppressHydrationWarning={true}>
                    <head>
                    <body suppressHydrationWarning={true}>
                      <noscript>
                      <TwilightProvider>
                      <Suspense fallback={null}>
                        <TanStackRouterDevtools position="bottom-right">
+                         <div ref={{current:null}}>
                      ...

    at throwOnHydrationMismatch (http://localhost:3210/node_modules/.vite/deps/react-dom_client.js?v=c58539c0:2968:51)
    at beginWork (http://localhost:3210/node_modules/.vite/deps/react-dom_client.js?v=c58539c0:6200:914)
    at runWithFiberInDEV (http://localhost:3210/node_modules/.vite/deps/react-dom_client.js?v=c58539c0:851:66)
    at performUnitOfWork (http://localhost:3210/node_modules/.vite/deps/react-dom_client.js?v=c58539c0:8429:92)
    at workLoopConcurrentByScheduler (http://localhost:3210/node_modules/.vite/deps/react-dom_client.js?v=c58539c0:8425:55)
    at renderRootConcurrent (http://localhost:3210/node_modules/.vite/deps/react-dom_client.js?v=c58539c0:8408:64)
    at performWorkOnRoot (http://localhost:3210/node_modules/.vite/deps/react-dom_client.js?v=c58539c0:7957:145)
    at performWorkOnRootViaSchedulerTask (http://localhost:3210/node_modules/.vite/deps/react-dom_client.js?v=c58539c0:9059:4)
    at MessagePort.performWorkUntilDeadline (http://localhost:3210/node_modules/.vite/deps/react-dom_client.js?v=c58539c0:36:38)
[  592538ms] [LOG] [HomeComponentRenderer] RENDER: path=ox-hero, index=0, renderCount=1 @ http://localhost:3210/node_modules/.pnpm/@salla.sa+twilight-theme-en_c3cd9c099c8c4c71b5353d842e4aee2e/node_modules/@salla.sa/twilight-theme-engine/dist/chunk-WITIL2MK.js?v=c58539c0:670
[  592539ms] [LOG] [HomeComponentRenderer] RENDER: path=ox-hero, index=0, renderCount=2 @ http://localhost:3210/node_modules/.pnpm/@salla.sa+twilight-theme-en_c3cd9c099c8c4c71b5353d842e4aee2e/node_modules/@salla.sa/twilight-theme-engine/dist/chunk-WITIL2MK.js?v=c58539c0:670
[  592540ms] [LOG] [HomeComponentRenderer] RENDER: path=ox-trust-strip, index=1, renderCount=1 @ http://localhost:3210/node_modules/.pnpm/@salla.sa+twilight-theme-en_c3cd9c099c8c4c71b5353d842e4aee2e/node_modules/@salla.sa/twilight-theme-engine/dist/chunk-WITIL2MK.js?v=c58539c0:670
[  592541ms] [LOG] [HomeComponentRenderer] RENDER: path=ox-trust-strip, index=1, renderCount=2 @ http://localhost:3210/node_modules/.pnpm/@salla.sa+twilight-theme-en_c3cd9c099c8c4c71b5353d842e4aee2e/node_modules/@salla.sa/twilight-theme-engine/dist/chunk-WITIL2MK.js?v=c58539c0:670
[  592541ms] [LOG] [HomeComponentRenderer] RENDER: path=ox-goals, index=2, renderCount=1 @ http://localhost:3210/node_modules/.pnpm/@salla.sa+twilight-theme-en_c3cd9c099c8c4c71b5353d842e4aee2e/node_modules/@salla.sa/twilight-theme-engine/dist/chunk-WITIL2MK.js?v=c58539c0:670
[  592541ms] [LOG] [HomeComponentRenderer] RENDER: path=ox-goals, index=2, renderCount=2 @ http://localhost:3210/node_modules/.pnpm/@salla.sa+twilight-theme-en_c3cd9c099c8c4c71b5353d842e4aee2e/node_modules/@salla.sa/twilight-theme-engine/dist/chunk-WITIL2MK.js?v=c58539c0:670
[  592542ms] [LOG] [HomeComponentRenderer] RENDER: path=ox-products, index=3, renderCount=1 @ http://localhost:3210/node_modules/.pnpm/@salla.sa+twilight-theme-en_c3cd9c099c8c4c71b5353d842e4aee2e/node_modules/@salla.sa/twilight-theme-engine/dist/chunk-WITIL2MK.js?v=c58539c0:670
[  592542ms] [LOG] [HomeComponentRenderer] RENDER: path=ox-products, index=3, renderCount=2 @ http://localhost:3210/node_modules/.pnpm/@salla.sa+twilight-theme-en_c3cd9c099c8c4c71b5353d842e4aee2e/node_modules/@salla.sa/twilight-theme-engine/dist/chunk-WITIL2MK.js?v=c58539c0:670
[  592543ms] [LOG] [HomeComponentRenderer] RENDER: path=ox-poster, index=4, renderCount=1 @ http://localhost:3210/node_modules/.pnpm/@salla.sa+twilight-theme-en_c3cd9c099c8c4c71b5353d842e4aee2e/node_modules/@salla.sa/twilight-theme-engine/dist/chunk-WITIL2MK.js?v=c58539c0:670
[  592543ms] [LOG] [HomeComponentRenderer] RENDER: path=ox-poster, index=4, renderCount=2 @ http://localhost:3210/node_modules/.pnpm/@salla.sa+twilight-theme-en_c3cd9c099c8c4c71b5353d842e4aee2e/node_modules/@salla.sa/twilight-theme-engine/dist/chunk-WITIL2MK.js?v=c58539c0:670
[  592543ms] [LOG] [HomeComponentRenderer] RENDER: path=ox-posters, index=5, renderCount=1 @ http://localhost:3210/node_modules/.pnpm/@salla.sa+twilight-theme-en_c3cd9c099c8c4c71b5353d842e4aee2e/node_modules/@salla.sa/twilight-theme-engine/dist/chunk-WITIL2MK.js?v=c58539c0:670
[  592544ms] [LOG] [HomeComponentRenderer] RENDER: path=ox-posters, index=5, renderCount=2 @ http://localhost:3210/node_modules/.pnpm/@salla.sa+twilight-theme-en_c3cd9c099c8c4c71b5353d842e4aee2e/node_modules/@salla.sa/twilight-theme-engine/dist/chunk-WITIL2MK.js?v=c58539c0:670
[  592550ms] [LOG] [HomeComponentRenderer] RENDER: path=ox-products-secondary, index=6, renderCount=1 @ http://localhost:3210/node_modules/.pnpm/@salla.sa+twilight-theme-en_c3cd9c099c8c4c71b5353d842e4aee2e/node_modules/@salla.sa/twilight-theme-engine/dist/chunk-WITIL2MK.js?v=c58539c0:670
[  592550ms] [LOG] [HomeComponentRenderer] RENDER: path=ox-products-secondary, index=6, renderCount=2 @ http://localhost:3210/node_modules/.pnpm/@salla.sa+twilight-theme-en_c3cd9c099c8c4c71b5353d842e4aee2e/node_modules/@salla.sa/twilight-theme-engine/dist/chunk-WITIL2MK.js?v=c58539c0:670
[  592551ms] [LOG] [HomeComponentRenderer] RENDER: path=ox-categories, index=7, renderCount=1 @ http://localhost:3210/node_modules/.pnpm/@salla.sa+twilight-theme-en_c3cd9c099c8c4c71b5353d842e4aee2e/node_modules/@salla.sa/twilight-theme-engine/dist/chunk-WITIL2MK.js?v=c58539c0:670
[  592551ms] [LOG] [HomeComponentRenderer] RENDER: path=ox-categories, index=7, renderCount=2 @ http://localhost:3210/node_modules/.pnpm/@salla.sa+twilight-theme-en_c3cd9c099c8c4c71b5353d842e4aee2e/node_modules/@salla.sa/twilight-theme-engine/dist/chunk-WITIL2MK.js?v=c58539c0:670
[  592553ms] [LOG] [HomeComponentRenderer] RENDER: path=ox-brands, index=8, renderCount=1 @ http://localhost:3210/node_modules/.pnpm/@salla.sa+twilight-theme-en_c3cd9c099c8c4c71b5353d842e4aee2e/node_modules/@salla.sa/twilight-theme-engine/dist/chunk-WITIL2MK.js?v=c58539c0:670
[  592553ms] [LOG] [HomeComponentRenderer] RENDER: path=ox-brands, index=8, renderCount=2 @ http://localhost:3210/node_modules/.pnpm/@salla.sa+twilight-theme-en_c3cd9c099c8c4c71b5353d842e4aee2e/node_modules/@salla.sa/twilight-theme-engine/dist/chunk-WITIL2MK.js?v=c58539c0:670
[  592554ms] [LOG] [HomeComponentRenderer] RENDER: path=ox-services, index=9, renderCount=1 @ http://localhost:3210/node_modules/.pnpm/@salla.sa+twilight-theme-en_c3cd9c099c8c4c71b5353d842e4aee2e/node_modules/@salla.sa/twilight-theme-engine/dist/chunk-WITIL2MK.js?v=c58539c0:670
[  592555ms] [LOG] [HomeComponentRenderer] RENDER: path=ox-services, index=9, renderCount=2 @ http://localhost:3210/node_modules/.pnpm/@salla.sa+twilight-theme-en_c3cd9c099c8c4c71b5353d842e4aee2e/node_modules/@salla.sa/twilight-theme-engine/dist/chunk-WITIL2MK.js?v=c58539c0:670
[  592556ms] [LOG] [HomeComponentRenderer] RENDER: path=ox-guides, index=10, renderCount=1 @ http://localhost:3210/node_modules/.pnpm/@salla.sa+twilight-theme-en_c3cd9c099c8c4c71b5353d842e4aee2e/node_modules/@salla.sa/twilight-theme-engine/dist/chunk-WITIL2MK.js?v=c58539c0:670
[  592556ms] [LOG] [HomeComponentRenderer] RENDER: path=ox-guides, index=10, renderCount=2 @ http://localhost:3210/node_modules/.pnpm/@salla.sa+twilight-theme-en_c3cd9c099c8c4c71b5353d842e4aee2e/node_modules/@salla.sa/twilight-theme-engine/dist/chunk-WITIL2MK.js?v=c58539c0:670
[  592556ms] [LOG] [HomeComponentRenderer] RENDER: path=ox-branch, index=11, renderCount=1 @ http://localhost:3210/node_modules/.pnpm/@salla.sa+twilight-theme-en_c3cd9c099c8c4c71b5353d842e4aee2e/node_modules/@salla.sa/twilight-theme-engine/dist/chunk-WITIL2MK.js?v=c58539c0:670
[  592557ms] [LOG] [HomeComponentRenderer] RENDER: path=ox-branch, index=11, renderCount=2 @ http://localhost:3210/node_modules/.pnpm/@salla.sa+twilight-theme-en_c3cd9c099c8c4c71b5353d842e4aee2e/node_modules/@salla.sa/twilight-theme-engine/dist/chunk-WITIL2MK.js?v=c58539c0:670
[  592558ms] [LOG] [HomeComponentRenderer] RENDER: path=ox-certifications, index=12, renderCount=1 @ http://localhost:3210/node_modules/.pnpm/@salla.sa+twilight-theme-en_c3cd9c099c8c4c71b5353d842e4aee2e/node_modules/@salla.sa/twilight-theme-engine/dist/chunk-WITIL2MK.js?v=c58539c0:670
[  592558ms] [LOG] [HomeComponentRenderer] RENDER: path=ox-certifications, index=12, renderCount=2 @ http://localhost:3210/node_modules/.pnpm/@salla.sa+twilight-theme-en_c3cd9c099c8c4c71b5353d842e4aee2e/node_modules/@salla.sa/twilight-theme-engine/dist/chunk-WITIL2MK.js?v=c58539c0:670
[  592558ms] [LOG] [HomeComponentRenderer] RENDER: path=ox-faq, index=13, renderCount=1 @ http://localhost:3210/node_modules/.pnpm/@salla.sa+twilight-theme-en_c3cd9c099c8c4c71b5353d842e4aee2e/node_modules/@salla.sa/twilight-theme-engine/dist/chunk-WITIL2MK.js?v=c58539c0:670
[  592559ms] [LOG] [HomeComponentRenderer] RENDER: path=ox-faq, index=13, renderCount=2 @ http://localhost:3210/node_modules/.pnpm/@salla.sa+twilight-theme-en_c3cd9c099c8c4c71b5353d842e4aee2e/node_modules/@salla.sa/twilight-theme-engine/dist/chunk-WITIL2MK.js?v=c58539c0:670
[  592561ms] [LOG] [HomeComponentRenderer] RENDER: path=ox-newsletter, index=14, renderCount=1 @ http://localhost:3210/node_modules/.pnpm/@salla.sa+twilight-theme-en_c3cd9c099c8c4c71b5353d842e4aee2e/node_modules/@salla.sa/twilight-theme-engine/dist/chunk-WITIL2MK.js?v=c58539c0:670
[  592561ms] [LOG] [HomeComponentRenderer] RENDER: path=ox-newsletter, index=14, renderCount=2 @ http://localhost:3210/node_modules/.pnpm/@salla.sa+twilight-theme-en_c3cd9c099c8c4c71b5353d842e4aee2e/node_modules/@salla.sa/twilight-theme-engine/dist/chunk-WITIL2MK.js?v=c58539c0:670
[  592561ms] [LOG] [HomeComponentRenderer] RENDER: path=ox-banner, index=15, renderCount=1 @ http://localhost:3210/node_modules/.pnpm/@salla.sa+twilight-theme-en_c3cd9c099c8c4c71b5353d842e4aee2e/node_modules/@salla.sa/twilight-theme-engine/dist/chunk-WITIL2MK.js?v=c58539c0:670
[  592562ms] [LOG] [HomeComponentRenderer] RENDER: path=ox-banner, index=15, renderCount=2 @ http://localhost:3210/node_modules/.pnpm/@salla.sa+twilight-theme-en_c3cd9c099c8c4c71b5353d842e4aee2e/node_modules/@salla.sa/twilight-theme-engine/dist/chunk-WITIL2MK.js?v=c58539c0:670
[  592565ms] [LOG] [HomeComponentRenderer] MOUNT: path=ox-hero, index=0, renderCount=2 @ http://localhost:3210/node_modules/.pnpm/@salla.sa+twilight-theme-en_c3cd9c099c8c4c71b5353d842e4aee2e/node_modules/@salla.sa/twilight-theme-engine/dist/chunk-WITIL2MK.js?v=c58539c0:673
[  592566ms] [LOG] [HomeComponentRenderer] MOUNT: path=ox-trust-strip, index=1, renderCount=2 @ http://localhost:3210/node_modules/.pnpm/@salla.sa+twilight-theme-en_c3cd9c099c8c4c71b5353d842e4aee2e/node_modules/@salla.sa/twilight-theme-engine/dist/chunk-WITIL2MK.js?v=c58539c0:673
[  592567ms] [LOG] [HomeComponentRenderer] MOUNT: path=ox-goals, index=2, renderCount=2 @ http://localhost:3210/node_modules/.pnpm/@salla.sa+twilight-theme-en_c3cd9c099c8c4c71b5353d842e4aee2e/node_modules/@salla.sa/twilight-theme-engine/dist/chunk-WITIL2MK.js?v=c58539c0:673
[  592568ms] [LOG] [HomeComponentRenderer] MOUNT: path=ox-products, index=3, renderCount=2 @ http://localhost:3210/node_modules/.pnpm/@salla.sa+twilight-theme-en_c3cd9c099c8c4c71b5353d842e4aee2e/node_modules/@salla.sa/twilight-theme-engine/dist/chunk-WITIL2MK.js?v=c58539c0:673
[  592569ms] [LOG] [HomeComponentRenderer] MOUNT: path=ox-poster, index=4, renderCount=2 @ http://localhost:3210/node_modules/.pnpm/@salla.sa+twilight-theme-en_c3cd9c099c8c4c71b5353d842e4aee2e/node_modules/@salla.sa/twilight-theme-engine/dist/chunk-WITIL2MK.js?v=c58539c0:673
[  592569ms] [LOG] [HomeComponentRenderer] MOUNT: path=ox-posters, index=5, renderCount=2 @ http://localhost:3210/node_modules/.pnpm/@salla.sa+twilight-theme-en_c3cd9c099c8c4c71b5353d842e4aee2e/node_modules/@salla.sa/twilight-theme-engine/dist/chunk-WITIL2MK.js?v=c58539c0:673
[  592570ms] [LOG] [HomeComponentRenderer] MOUNT: path=ox-products-secondary, index=6, renderCount=2 @ http://localhost:3210/node_modules/.pnpm/@salla.sa+twilight-theme-en_c3cd9c099c8c4c71b5353d842e4aee2e/node_modules/@salla.sa/twilight-theme-engine/dist/chunk-WITIL2MK.js?v=c58539c0:673
[  592570ms] [LOG] [HomeComponentRenderer] MOUNT: path=ox-categories, index=7, renderCount=2 @ http://localhost:3210/node_modules/.pnpm/@salla.sa+twilight-theme-en_c3cd9c099c8c4c71b5353d842e4aee2e/node_modules/@salla.sa/twilight-theme-engine/dist/chunk-WITIL2MK.js?v=c58539c0:673
[  592571ms] [LOG] [HomeComponentRenderer] MOUNT: path=ox-brands, index=8, renderCount=2 @ http://localhost:3210/node_modules/.pnpm/@salla.sa+twilight-theme-en_c3cd9c099c8c4c71b5353d842e4aee2e/node_modules/@salla.sa/twilight-theme-engine/dist/chunk-WITIL2MK.js?v=c58539c0:673
[  592572ms] [LOG] [HomeComponentRenderer] MOUNT: path=ox-services, index=9, renderCount=2 @ http://localhost:3210/node_modules/.pnpm/@salla.sa+twilight-theme-en_c3cd9c099c8c4c71b5353d842e4aee2e/node_modules/@salla.sa/twilight-theme-engine/dist/chunk-WITIL2MK.js?v=c58539c0:673
[  592573ms] [LOG] [HomeComponentRenderer] MOUNT: path=ox-guides, index=10, renderCount=2 @ http://localhost:3210/node_modules/.pnpm/@salla.sa+twilight-theme-en_c3cd9c099c8c4c71b5353d842e4aee2e/node_modules/@salla.sa/twilight-theme-engine/dist/chunk-WITIL2MK.js?v=c58539c0:673
[  592574ms] [LOG] [HomeComponentRenderer] MOUNT: path=ox-branch, index=11, renderCount=2 @ http://localhost:3210/node_modules/.pnpm/@salla.sa+twilight-theme-en_c3cd9c099c8c4c71b5353d842e4aee2e/node_modules/@salla.sa/twilight-theme-engine/dist/chunk-WITIL2MK.js?v=c58539c0:673
[  592575ms] [LOG] [HomeComponentRenderer] MOUNT: path=ox-certifications, index=12, renderCount=2 @ http://localhost:3210/node_modules/.pnpm/@salla.sa+twilight-theme-en_c3cd9c099c8c4c71b5353d842e4aee2e/node_modules/@salla.sa/twilight-theme-engine/dist/chunk-WITIL2MK.js?v=c58539c0:673
[  592577ms] [LOG] [HomeComponentRenderer] MOUNT: path=ox-faq, index=13, renderCount=2 @ http://localhost:3210/node_modules/.pnpm/@salla.sa+twilight-theme-en_c3cd9c099c8c4c71b5353d842e4aee2e/node_modules/@salla.sa/twilight-theme-engine/dist/chunk-WITIL2MK.js?v=c58539c0:673
[  592578ms] [LOG] [HomeComponentRenderer] MOUNT: path=ox-newsletter, index=14, renderCount=2 @ http://localhost:3210/node_modules/.pnpm/@salla.sa+twilight-theme-en_c3cd9c099c8c4c71b5353d842e4aee2e/node_modules/@salla.sa/twilight-theme-engine/dist/chunk-WITIL2MK.js?v=c58539c0:673
[  592580ms] [LOG] [HomeComponentRenderer] MOUNT: path=ox-banner, index=15, renderCount=2 @ http://localhost:3210/node_modules/.pnpm/@salla.sa+twilight-theme-en_c3cd9c099c8c4c71b5353d842e4aee2e/node_modules/@salla.sa/twilight-theme-engine/dist/chunk-WITIL2MK.js?v=c58539c0:673
[  595382ms] [LOG] [offline-api] browser: api.salla.dev + cdn.salla.network -> http://127.0.0.1:5178 @ http://localhost:3210/:0
[  595881ms] [INFO] %cDownload the React DevTools for a better development experience: https://react.dev/link/react-devtools font-weight:bold @ http://localhost:3210/node_modules/.vite/deps/react-dom_client.js?v=c58539c0:14335
[  595968ms] [WARNING] [Twilight] Could not hydrate twilight context: no root match in router state @ http://localhost:3210/@vite/client:532
[  596066ms] [ERROR] The result of getServerSnapshot should be cached to avoid an infinite loop @ http://localhost:3210/@vite/client:532
[  596100ms] [ERROR] A tree hydrated but some attributes of the server rendered HTML didn't match the client properties. This won't be patched up. This can happen if a SSR-ed Client Component used:

- A server/client branch `if (typeof window !== 'undefined')`.
- Variable input such as `Date.now()` or `Math.random()` which changes each time it's called.
- Date formatting in a user's locale which doesn't match the server.
- External changing data without sending a snapshot of it along with the HTML.
- Invalid HTML tag nesting.

It can also happen if the client has a browser extension installed which messes with the HTML before React loaded.

%s%s https://react.dev/link/hydration-mismatch 

  ...
    <ThemeDocumentSync>
    <TanStackDocumentSync>
    <NavigationSetup>
      <NavigationProvider navigate={function}>
        <LinkProvider adapter={{...}}>
          <WidgetHead>
          <AppsSnippets>
          <HookSlot>
          <Suspense>
          <OptimalXLayout>
            <div>
            <BottomTabBar>
              <nav className="ox-tabbar" aria-label="تنقل سريع" data-testid="ox-tabbar">
                <ul className="ox-tabbar_...">
                  <li>
                    <Link to="/" className="ox-tab">
                      <TanStackLinkAdapter ref={null} to="/" className="ox-tab" data-spa-link="">
                        <a
+                         className="ox-tab active"
-                         className="ox-tab is-active active"
                          style={undefined}
                          title={undefined}
                          target={undefined}
                          rel={undefined}
                          onClick={function handleClick}
                          aria-label={undefined}
                          data-spa-link=""
                          ref={{current:null}}
                          onBlur={function handleLeave}
                          onFocus={function}
                          onMouseEnter={function}
                          onMouseLeave={function handleLeave}
                          onTouchStart={function handleTouchStart}
                          href="/"
                          data-status="active"
                          aria-current="page"
                        >
                  ...
            ...
          ...
 @ http://localhost:3210/@vite/client:532
[  596626ms] [LOG] [HomeComponentRenderer] RENDER: path=ox-hero, index=0, renderCount=1 @ http://localhost:3210/node_modules/.pnpm/@salla.sa+twilight-theme-en_c3cd9c099c8c4c71b5353d842e4aee2e/node_modules/@salla.sa/twilight-theme-engine/dist/chunk-WITIL2MK.js?v=c58539c0:670
[  596627ms] [LOG] [HomeComponentRenderer] RENDER: path=ox-hero, index=0, renderCount=2 @ http://localhost:3210/node_modules/.pnpm/@salla.sa+twilight-theme-en_c3cd9c099c8c4c71b5353d842e4aee2e/node_modules/@salla.sa/twilight-theme-engine/dist/chunk-WITIL2MK.js?v=c58539c0:670
[  596635ms] Error: Hydration failed because the server rendered HTML didn't match the client. As a result this tree will be regenerated on the client. This can happen if a SSR-ed Client Component used:

- A server/client branch `if (typeof window !== 'undefined')`.
- Variable input such as `Date.now()` or `Math.random()` which changes each time it's called.
- Date formatting in a user's locale which doesn't match the server.
- External changing data without sending a snapshot of it along with the HTML.
- Invalid HTML tag nesting.

It can also happen if the client has a browser extension installed which messes with the HTML before React loaded.

https://react.dev/link/hydration-mismatch

  ...
    <Matches>
      <Transitioner>
      <SafeFragment fallback={<Context>}>
        <MatchesInner>
          <CatchBoundary getResetKey={function getResetKey} onCatch={function}>
            <MatchImpl routeId="__root__">
              <MatchView router={{...}} match={{id:"__root__/", ...}}>
                <RootComponent>
                  <html lang="ar" dir="rtl" suppressHydrationWarning={true}>
                    <head>
                    <body suppressHydrationWarning={true}>
                      <noscript>
                      <TwilightProvider>
                      <Suspense fallback={null}>
                        <TanStackRouterDevtools position="bottom-right">
+                         <div ref={{current:null}}>
                      ...

    at throwOnHydrationMismatch (http://localhost:3210/node_modules/.vite/deps/react-dom_client.js?v=c58539c0:2968:51)
    at beginWork (http://localhost:3210/node_modules/.vite/deps/react-dom_client.js?v=c58539c0:6200:914)
    at runWithFiberInDEV (http://localhost:3210/node_modules/.vite/deps/react-dom_client.js?v=c58539c0:851:66)
    at performUnitOfWork (http://localhost:3210/node_modules/.vite/deps/react-dom_client.js?v=c58539c0:8429:92)
    at workLoopConcurrentByScheduler (http://localhost:3210/node_modules/.vite/deps/react-dom_client.js?v=c58539c0:8425:55)
    at renderRootConcurrent (http://localhost:3210/node_modules/.vite/deps/react-dom_client.js?v=c58539c0:8408:64)
    at performWorkOnRoot (http://localhost:3210/node_modules/.vite/deps/react-dom_client.js?v=c58539c0:7957:145)
    at performWorkOnRootViaSchedulerTask (http://localhost:3210/node_modules/.vite/deps/react-dom_client.js?v=c58539c0:9059:4)
    at MessagePort.performWorkUntilDeadline (http://localhost:3210/node_modules/.vite/deps/react-dom_client.js?v=c58539c0:36:38)
[  596640ms] [LOG] [HomeComponentRenderer] RENDER: path=ox-hero, index=0, renderCount=1 @ http://localhost:3210/node_modules/.pnpm/@salla.sa+twilight-theme-en_c3cd9c099c8c4c71b5353d842e4aee2e/node_modules/@salla.sa/twilight-theme-engine/dist/chunk-WITIL2MK.js?v=c58539c0:670
[  596640ms] [LOG] [HomeComponentRenderer] RENDER: path=ox-hero, index=0, renderCount=2 @ http://localhost:3210/node_modules/.pnpm/@salla.sa+twilight-theme-en_c3cd9c099c8c4c71b5353d842e4aee2e/node_modules/@salla.sa/twilight-theme-engine/dist/chunk-WITIL2MK.js?v=c58539c0:670
[  596641ms] [LOG] [HomeComponentRenderer] RENDER: path=ox-trust-strip, index=1, renderCount=1 @ http://localhost:3210/node_modules/.pnpm/@salla.sa+twilight-theme-en_c3cd9c099c8c4c71b5353d842e4aee2e/node_modules/@salla.sa/twilight-theme-engine/dist/chunk-WITIL2MK.js?v=c58539c0:670
[  596641ms] [LOG] [HomeComponentRenderer] RENDER: path=ox-trust-strip, index=1, renderCount=2 @ http://localhost:3210/node_modules/.pnpm/@salla.sa+twilight-theme-en_c3cd9c099c8c4c71b5353d842e4aee2e/node_modules/@salla.sa/twilight-theme-engine/dist/chunk-WITIL2MK.js?v=c58539c0:670
[  596641ms] [LOG] [HomeComponentRenderer] RENDER: path=ox-goals, index=2, renderCount=1 @ http://localhost:3210/node_modules/.pnpm/@salla.sa+twilight-theme-en_c3cd9c099c8c4c71b5353d842e4aee2e/node_modules/@salla.sa/twilight-theme-engine/dist/chunk-WITIL2MK.js?v=c58539c0:670
[  596641ms] [LOG] [HomeComponentRenderer] RENDER: path=ox-goals, index=2, renderCount=2 @ http://localhost:3210/node_modules/.pnpm/@salla.sa+twilight-theme-en_c3cd9c099c8c4c71b5353d842e4aee2e/node_modules/@salla.sa/twilight-theme-engine/dist/chunk-WITIL2MK.js?v=c58539c0:670
[  596642ms] [LOG] [HomeComponentRenderer] RENDER: path=ox-products, index=3, renderCount=1 @ http://localhost:3210/node_modules/.pnpm/@salla.sa+twilight-theme-en_c3cd9c099c8c4c71b5353d842e4aee2e/node_modules/@salla.sa/twilight-theme-engine/dist/chunk-WITIL2MK.js?v=c58539c0:670
[  596643ms] [LOG] [HomeComponentRenderer] RENDER: path=ox-products, index=3, renderCount=2 @ http://localhost:3210/node_modules/.pnpm/@salla.sa+twilight-theme-en_c3cd9c099c8c4c71b5353d842e4aee2e/node_modules/@salla.sa/twilight-theme-engine/dist/chunk-WITIL2MK.js?v=c58539c0:670
[  596644ms] [LOG] [HomeComponentRenderer] RENDER: path=ox-poster, index=4, renderCount=1 @ http://localhost:3210/node_modules/.pnpm/@salla.sa+twilight-theme-en_c3cd9c099c8c4c71b5353d842e4aee2e/node_modules/@salla.sa/twilight-theme-engine/dist/chunk-WITIL2MK.js?v=c58539c0:670
[  596644ms] [LOG] [HomeComponentRenderer] RENDER: path=ox-poster, index=4, renderCount=2 @ http://localhost:3210/node_modules/.pnpm/@salla.sa+twilight-theme-en_c3cd9c099c8c4c71b5353d842e4aee2e/node_modules/@salla.sa/twilight-theme-engine/dist/chunk-WITIL2MK.js?v=c58539c0:670
[  596645ms] [LOG] [HomeComponentRenderer] RENDER: path=ox-posters, index=5, renderCount=1 @ http://localhost:3210/node_modules/.pnpm/@salla.sa+twilight-theme-en_c3cd9c099c8c4c71b5353d842e4aee2e/node_modules/@salla.sa/twilight-theme-engine/dist/chunk-WITIL2MK.js?v=c58539c0:670
[  596645ms] [LOG] [HomeComponentRenderer] RENDER: path=ox-posters, index=5, renderCount=2 @ http://localhost:3210/node_modules/.pnpm/@salla.sa+twilight-theme-en_c3cd9c099c8c4c71b5353d842e4aee2e/node_modules/@salla.sa/twilight-theme-engine/dist/chunk-WITIL2MK.js?v=c58539c0:670
[  596646ms] [LOG] [HomeComponentRenderer] RENDER: path=ox-products-secondary, index=6, renderCount=1 @ http://localhost:3210/node_modules/.pnpm/@salla.sa+twilight-theme-en_c3cd9c099c8c4c71b5353d842e4aee2e/node_modules/@salla.sa/twilight-theme-engine/dist/chunk-WITIL2MK.js?v=c58539c0:670
[  596647ms] [LOG] [HomeComponentRenderer] RENDER: path=ox-products-secondary, index=6, renderCount=2 @ http://localhost:3210/node_modules/.pnpm/@salla.sa+twilight-theme-en_c3cd9c099c8c4c71b5353d842e4aee2e/node_modules/@salla.sa/twilight-theme-engine/dist/chunk-WITIL2MK.js?v=c58539c0:670
[  596649ms] [LOG] [HomeComponentRenderer] RENDER: path=ox-categories, index=7, renderCount=1 @ http://localhost:3210/node_modules/.pnpm/@salla.sa+twilight-theme-en_c3cd9c099c8c4c71b5353d842e4aee2e/node_modules/@salla.sa/twilight-theme-engine/dist/chunk-WITIL2MK.js?v=c58539c0:670
[  596650ms] [LOG] [HomeComponentRenderer] RENDER: path=ox-categories, index=7, renderCount=2 @ http://localhost:3210/node_modules/.pnpm/@salla.sa+twilight-theme-en_c3cd9c099c8c4c71b5353d842e4aee2e/node_modules/@salla.sa/twilight-theme-engine/dist/chunk-WITIL2MK.js?v=c58539c0:670
[  596652ms] [LOG] [HomeComponentRenderer] RENDER: path=ox-brands, index=8, renderCount=1 @ http://localhost:3210/node_modules/.pnpm/@salla.sa+twilight-theme-en_c3cd9c099c8c4c71b5353d842e4aee2e/node_modules/@salla.sa/twilight-theme-engine/dist/chunk-WITIL2MK.js?v=c58539c0:670
[  596652ms] [LOG] [HomeComponentRenderer] RENDER: path=ox-brands, index=8, renderCount=2 @ http://localhost:3210/node_modules/.pnpm/@salla.sa+twilight-theme-en_c3cd9c099c8c4c71b5353d842e4aee2e/node_modules/@salla.sa/twilight-theme-engine/dist/chunk-WITIL2MK.js?v=c58539c0:670
[  596653ms] [LOG] [HomeComponentRenderer] RENDER: path=ox-services, index=9, renderCount=1 @ http://localhost:3210/node_modules/.pnpm/@salla.sa+twilight-theme-en_c3cd9c099c8c4c71b5353d842e4aee2e/node_modules/@salla.sa/twilight-theme-engine/dist/chunk-WITIL2MK.js?v=c58539c0:670
[  596653ms] [LOG] [HomeComponentRenderer] RENDER: path=ox-services, index=9, renderCount=2 @ http://localhost:3210/node_modules/.pnpm/@salla.sa+twilight-theme-en_c3cd9c099c8c4c71b5353d842e4aee2e/node_modules/@salla.sa/twilight-theme-engine/dist/chunk-WITIL2MK.js?v=c58539c0:670
[  596655ms] [LOG] [HomeComponentRenderer] RENDER: path=ox-guides, index=10, renderCount=1 @ http://localhost:3210/node_modules/.pnpm/@salla.sa+twilight-theme-en_c3cd9c099c8c4c71b5353d842e4aee2e/node_modules/@salla.sa/twilight-theme-engine/dist/chunk-WITIL2MK.js?v=c58539c0:670
[  596655ms] [LOG] [HomeComponentRenderer] RENDER: path=ox-guides, index=10, renderCount=2 @ http://localhost:3210/node_modules/.pnpm/@salla.sa+twilight-theme-en_c3cd9c099c8c4c71b5353d842e4aee2e/node_modules/@salla.sa/twilight-theme-engine/dist/chunk-WITIL2MK.js?v=c58539c0:670
[  596655ms] [LOG] [HomeComponentRenderer] RENDER: path=ox-branch, index=11, renderCount=1 @ http://localhost:3210/node_modules/.pnpm/@salla.sa+twilight-theme-en_c3cd9c099c8c4c71b5353d842e4aee2e/node_modules/@salla.sa/twilight-theme-engine/dist/chunk-WITIL2MK.js?v=c58539c0:670
[  596656ms] [LOG] [HomeComponentRenderer] RENDER: path=ox-branch, index=11, renderCount=2 @ http://localhost:3210/node_modules/.pnpm/@salla.sa+twilight-theme-en_c3cd9c099c8c4c71b5353d842e4aee2e/node_modules/@salla.sa/twilight-theme-engine/dist/chunk-WITIL2MK.js?v=c58539c0:670
[  596657ms] [LOG] [HomeComponentRenderer] RENDER: path=ox-certifications, index=12, renderCount=1 @ http://localhost:3210/node_modules/.pnpm/@salla.sa+twilight-theme-en_c3cd9c099c8c4c71b5353d842e4aee2e/node_modules/@salla.sa/twilight-theme-engine/dist/chunk-WITIL2MK.js?v=c58539c0:670
[  596657ms] [LOG] [HomeComponentRenderer] RENDER: path=ox-certifications, index=12, renderCount=2 @ http://localhost:3210/node_modules/.pnpm/@salla.sa+twilight-theme-en_c3cd9c099c8c4c71b5353d842e4aee2e/node_modules/@salla.sa/twilight-theme-engine/dist/chunk-WITIL2MK.js?v=c58539c0:670
[  596658ms] [LOG] [HomeComponentRenderer] RENDER: path=ox-faq, index=13, renderCount=1 @ http://localhost:3210/node_modules/.pnpm/@salla.sa+twilight-theme-en_c3cd9c099c8c4c71b5353d842e4aee2e/node_modules/@salla.sa/twilight-theme-engine/dist/chunk-WITIL2MK.js?v=c58539c0:670
[  596658ms] [LOG] [HomeComponentRenderer] RENDER: path=ox-faq, index=13, renderCount=2 @ http://localhost:3210/node_modules/.pnpm/@salla.sa+twilight-theme-en_c3cd9c099c8c4c71b5353d842e4aee2e/node_modules/@salla.sa/twilight-theme-engine/dist/chunk-WITIL2MK.js?v=c58539c0:670
[  596659ms] [LOG] [HomeComponentRenderer] RENDER: path=ox-newsletter, index=14, renderCount=1 @ http://localhost:3210/node_modules/.pnpm/@salla.sa+twilight-theme-en_c3cd9c099c8c4c71b5353d842e4aee2e/node_modules/@salla.sa/twilight-theme-engine/dist/chunk-WITIL2MK.js?v=c58539c0:670
[  596660ms] [LOG] [HomeComponentRenderer] RENDER: path=ox-newsletter, index=14, renderCount=2 @ http://localhost:3210/node_modules/.pnpm/@salla.sa+twilight-theme-en_c3cd9c099c8c4c71b5353d842e4aee2e/node_modules/@salla.sa/twilight-theme-engine/dist/chunk-WITIL2MK.js?v=c58539c0:670
[  596660ms] [LOG] [HomeComponentRenderer] RENDER: path=ox-banner, index=15, renderCount=1 @ http://localhost:3210/node_modules/.pnpm/@salla.sa+twilight-theme-en_c3cd9c099c8c4c71b5353d842e4aee2e/node_modules/@salla.sa/twilight-theme-engine/dist/chunk-WITIL2MK.js?v=c58539c0:670
[  596660ms] [LOG] [HomeComponentRenderer] RENDER: path=ox-banner, index=15, renderCount=2 @ http://localhost:3210/node_modules/.pnpm/@salla.sa+twilight-theme-en_c3cd9c099c8c4c71b5353d842e4aee2e/node_modules/@salla.sa/twilight-theme-engine/dist/chunk-WITIL2MK.js?v=c58539c0:670
[  596664ms] [LOG] [HomeComponentRenderer] MOUNT: path=ox-hero, index=0, renderCount=2 @ http://localhost:3210/node_modules/.pnpm/@salla.sa+twilight-theme-en_c3cd9c099c8c4c71b5353d842e4aee2e/node_modules/@salla.sa/twilight-theme-engine/dist/chunk-WITIL2MK.js?v=c58539c0:673
[  596665ms] [LOG] [HomeComponentRenderer] MOUNT: path=ox-trust-strip, index=1, renderCount=2 @ http://localhost:3210/node_modules/.pnpm/@salla.sa+twilight-theme-en_c3cd9c099c8c4c71b5353d842e4aee2e/node_modules/@salla.sa/twilight-theme-engine/dist/chunk-WITIL2MK.js?v=c58539c0:673
[  596665ms] [LOG] [HomeComponentRenderer] MOUNT: path=ox-goals, index=2, renderCount=2 @ http://localhost:3210/node_modules/.pnpm/@salla.sa+twilight-theme-en_c3cd9c099c8c4c71b5353d842e4aee2e/node_modules/@salla.sa/twilight-theme-engine/dist/chunk-WITIL2MK.js?v=c58539c0:673
[  596666ms] [LOG] [HomeComponentRenderer] MOUNT: path=ox-products, index=3, renderCount=2 @ http://localhost:3210/node_modules/.pnpm/@salla.sa+twilight-theme-en_c3cd9c099c8c4c71b5353d842e4aee2e/node_modules/@salla.sa/twilight-theme-engine/dist/chunk-WITIL2MK.js?v=c58539c0:673
[  596667ms] [LOG] [HomeComponentRenderer] MOUNT: path=ox-poster, index=4, renderCount=2 @ http://localhost:3210/node_modules/.pnpm/@salla.sa+twilight-theme-en_c3cd9c099c8c4c71b5353d842e4aee2e/node_modules/@salla.sa/twilight-theme-engine/dist/chunk-WITIL2MK.js?v=c58539c0:673
[  596667ms] [LOG] [HomeComponentRenderer] MOUNT: path=ox-posters, index=5, renderCount=2 @ http://localhost:3210/node_modules/.pnpm/@salla.sa+twilight-theme-en_c3cd9c099c8c4c71b5353d842e4aee2e/node_modules/@salla.sa/twilight-theme-engine/dist/chunk-WITIL2MK.js?v=c58539c0:673
[  596668ms] [LOG] [HomeComponentRenderer] MOUNT: path=ox-products-secondary, index=6, renderCount=2 @ http://localhost:3210/node_modules/.pnpm/@salla.sa+twilight-theme-en_c3cd9c099c8c4c71b5353d842e4aee2e/node_modules/@salla.sa/twilight-theme-engine/dist/chunk-WITIL2MK.js?v=c58539c0:673
[  596669ms] [LOG] [HomeComponentRenderer] MOUNT: path=ox-categories, index=7, renderCount=2 @ http://localhost:3210/node_modules/.pnpm/@salla.sa+twilight-theme-en_c3cd9c099c8c4c71b5353d842e4aee2e/node_modules/@salla.sa/twilight-theme-engine/dist/chunk-WITIL2MK.js?v=c58539c0:673
[  596670ms] [LOG] [HomeComponentRenderer] MOUNT: path=ox-brands, index=8, renderCount=2 @ http://localhost:3210/node_modules/.pnpm/@salla.sa+twilight-theme-en_c3cd9c099c8c4c71b5353d842e4aee2e/node_modules/@salla.sa/twilight-theme-engine/dist/chunk-WITIL2MK.js?v=c58539c0:673
[  596670ms] [LOG] [HomeComponentRenderer] MOUNT: path=ox-services, index=9, renderCount=2 @ http://localhost:3210/node_modules/.pnpm/@salla.sa+twilight-theme-en_c3cd9c099c8c4c71b5353d842e4aee2e/node_modules/@salla.sa/twilight-theme-engine/dist/chunk-WITIL2MK.js?v=c58539c0:673
[  596671ms] [LOG] [HomeComponentRenderer] MOUNT: path=ox-guides, index=10, renderCount=2 @ http://localhost:3210/node_modules/.pnpm/@salla.sa+twilight-theme-en_c3cd9c099c8c4c71b5353d842e4aee2e/node_modules/@salla.sa/twilight-theme-engine/dist/chunk-WITIL2MK.js?v=c58539c0:673
[  596672ms] [LOG] [HomeComponentRenderer] MOUNT: path=ox-branch, index=11, renderCount=2 @ http://localhost:3210/node_modules/.pnpm/@salla.sa+twilight-theme-en_c3cd9c099c8c4c71b5353d842e4aee2e/node_modules/@salla.sa/twilight-theme-engine/dist/chunk-WITIL2MK.js?v=c58539c0:673
[  596672ms] [LOG] [HomeComponentRenderer] MOUNT: path=ox-certifications, index=12, renderCount=2 @ http://localhost:3210/node_modules/.pnpm/@salla.sa+twilight-theme-en_c3cd9c099c8c4c71b5353d842e4aee2e/node_modules/@salla.sa/twilight-theme-engine/dist/chunk-WITIL2MK.js?v=c58539c0:673
[  596673ms] [LOG] [HomeComponentRenderer] MOUNT: path=ox-faq, index=13, renderCount=2 @ http://localhost:3210/node_modules/.pnpm/@salla.sa+twilight-theme-en_c3cd9c099c8c4c71b5353d842e4aee2e/node_modules/@salla.sa/twilight-theme-engine/dist/chunk-WITIL2MK.js?v=c58539c0:673
[  596674ms] [LOG] [HomeComponentRenderer] MOUNT: path=ox-newsletter, index=14, renderCount=2 @ http://localhost:3210/node_modules/.pnpm/@salla.sa+twilight-theme-en_c3cd9c099c8c4c71b5353d842e4aee2e/node_modules/@salla.sa/twilight-theme-engine/dist/chunk-WITIL2MK.js?v=c58539c0:673
[  596674ms] [LOG] [HomeComponentRenderer] MOUNT: path=ox-banner, index=15, renderCount=2 @ http://localhost:3210/node_modules/.pnpm/@salla.sa+twilight-theme-en_c3cd9c099c8c4c71b5353d842e4aee2e/node_modules/@salla.sa/twilight-theme-engine/dist/chunk-WITIL2MK.js?v=c58539c0:673
[  651987ms] [LOG] [offline-api] browser: api.salla.dev + cdn.salla.network -> http://127.0.0.1:5178 @ http://localhost:3210/:0
[  653238ms] [INFO] %cDownload the React DevTools for a better development experience: https://react.dev/link/react-devtools font-weight:bold @ http://localhost:3210/node_modules/.vite/deps/react-dom_client.js?v=c58539c0:14335
[  653362ms] [WARNING] [Twilight] Could not hydrate twilight context: no root match in router state @ http://localhost:3210/@vite/client:532
[  653507ms] [ERROR] The result of getServerSnapshot should be cached to avoid an infinite loop @ http://localhost:3210/@vite/client:532
[  653550ms] [ERROR] A tree hydrated but some attributes of the server rendered HTML didn't match the client properties. This won't be patched up. This can happen if a SSR-ed Client Component used:

- A server/client branch `if (typeof window !== 'undefined')`.
- Variable input such as `Date.now()` or `Math.random()` which changes each time it's called.
- Date formatting in a user's locale which doesn't match the server.
- External changing data without sending a snapshot of it along with the HTML.
- Invalid HTML tag nesting.

It can also happen if the client has a browser extension installed which messes with the HTML before React loaded.

%s%s https://react.dev/link/hydration-mismatch 

  ...
    <ThemeDocumentSync>
    <TanStackDocumentSync>
    <NavigationSetup>
      <NavigationProvider navigate={function}>
        <LinkProvider adapter={{...}}>
          <WidgetHead>
          <AppsSnippets>
          <HookSlot>
          <Suspense>
          <OptimalXLayout>
            <div>
            <BottomTabBar>
              <nav className="ox-tabbar" aria-label="تنقل سريع" data-testid="ox-tabbar">
                <ul className="ox-tabbar_...">
                  <li>
                    <Link to="/" className="ox-tab">
                      <TanStackLinkAdapter ref={null} to="/" className="ox-tab" data-spa-link="">
                        <a
+                         className="ox-tab active"
-                         className="ox-tab is-active active"
                          style={undefined}
                          title={undefined}
                          target={undefined}
                          rel={undefined}
                          onClick={function handleClick}
                          aria-label={undefined}
                          data-spa-link=""
                          ref={{current:null}}
                          onBlur={function handleLeave}
                          onFocus={function}
                          onMouseEnter={function}
                          onMouseLeave={function handleLeave}
                          onTouchStart={function handleTouchStart}
                          href="/"
                          data-status="active"
                          aria-current="page"
                        >
                  ...
            ...
          ...
 @ http://localhost:3210/@vite/client:532
[  654189ms] [LOG] [HomeComponentRenderer] RENDER: path=ox-hero, index=0, renderCount=1 @ http://localhost:3210/node_modules/.pnpm/@salla.sa+twilight-theme-en_c3cd9c099c8c4c71b5353d842e4aee2e/node_modules/@salla.sa/twilight-theme-engine/dist/chunk-WITIL2MK.js?v=c58539c0:670
[  654190ms] [LOG] [HomeComponentRenderer] RENDER: path=ox-hero, index=0, renderCount=2 @ http://localhost:3210/node_modules/.pnpm/@salla.sa+twilight-theme-en_c3cd9c099c8c4c71b5353d842e4aee2e/node_modules/@salla.sa/twilight-theme-engine/dist/chunk-WITIL2MK.js?v=c58539c0:670
[  654198ms] Error: Hydration failed because the server rendered HTML didn't match the client. As a result this tree will be regenerated on the client. This can happen if a SSR-ed Client Component used:

- A server/client branch `if (typeof window !== 'undefined')`.
- Variable input such as `Date.now()` or `Math.random()` which changes each time it's called.
- Date formatting in a user's locale which doesn't match the server.
- External changing data without sending a snapshot of it along with the HTML.
- Invalid HTML tag nesting.

It can also happen if the client has a browser extension installed which messes with the HTML before React loaded.

https://react.dev/link/hydration-mismatch

  ...
    <Matches>
      <Transitioner>
      <SafeFragment fallback={<Context>}>
        <MatchesInner>
          <CatchBoundary getResetKey={function getResetKey} onCatch={function}>
            <MatchImpl routeId="__root__">
              <MatchView router={{...}} match={{id:"__root__/", ...}}>
                <RootComponent>
                  <html lang="ar" dir="rtl" suppressHydrationWarning={true}>
                    <head>
                    <body suppressHydrationWarning={true}>
                      <noscript>
                      <TwilightProvider>
                      <Suspense fallback={null}>
                        <TanStackRouterDevtools position="bottom-right">
+                         <div ref={{current:null}}>
                      ...

    at throwOnHydrationMismatch (http://localhost:3210/node_modules/.vite/deps/react-dom_client.js?v=c58539c0:2968:51)
    at beginWork (http://localhost:3210/node_modules/.vite/deps/react-dom_client.js?v=c58539c0:6200:914)
    at runWithFiberInDEV (http://localhost:3210/node_modules/.vite/deps/react-dom_client.js?v=c58539c0:851:66)
    at performUnitOfWork (http://localhost:3210/node_modules/.vite/deps/react-dom_client.js?v=c58539c0:8429:92)
    at workLoopConcurrentByScheduler (http://localhost:3210/node_modules/.vite/deps/react-dom_client.js?v=c58539c0:8425:55)
    at renderRootConcurrent (http://localhost:3210/node_modules/.vite/deps/react-dom_client.js?v=c58539c0:8408:64)
    at performWorkOnRoot (http://localhost:3210/node_modules/.vite/deps/react-dom_client.js?v=c58539c0:7957:145)
    at performWorkOnRootViaSchedulerTask (http://localhost:3210/node_modules/.vite/deps/react-dom_client.js?v=c58539c0:9059:4)
    at MessagePort.performWorkUntilDeadline (http://localhost:3210/node_modules/.vite/deps/react-dom_client.js?v=c58539c0:36:38)
[  654205ms] [LOG] [HomeComponentRenderer] RENDER: path=ox-hero, index=0, renderCount=1 @ http://localhost:3210/node_modules/.pnpm/@salla.sa+twilight-theme-en_c3cd9c099c8c4c71b5353d842e4aee2e/node_modules/@salla.sa/twilight-theme-engine/dist/chunk-WITIL2MK.js?v=c58539c0:670
[  654206ms] [LOG] [HomeComponentRenderer] RENDER: path=ox-hero, index=0, renderCount=2 @ http://localhost:3210/node_modules/.pnpm/@salla.sa+twilight-theme-en_c3cd9c099c8c4c71b5353d842e4aee2e/node_modules/@salla.sa/twilight-theme-engine/dist/chunk-WITIL2MK.js?v=c58539c0:670
[  654206ms] [LOG] [HomeComponentRenderer] RENDER: path=ox-trust-strip, index=1, renderCount=1 @ http://localhost:3210/node_modules/.pnpm/@salla.sa+twilight-theme-en_c3cd9c099c8c4c71b5353d842e4aee2e/node_modules/@salla.sa/twilight-theme-engine/dist/chunk-WITIL2MK.js?v=c58539c0:670
[  654206ms] [LOG] [HomeComponentRenderer] RENDER: path=ox-trust-strip, index=1, renderCount=2 @ http://localhost:3210/node_modules/.pnpm/@salla.sa+twilight-theme-en_c3cd9c099c8c4c71b5353d842e4aee2e/node_modules/@salla.sa/twilight-theme-engine/dist/chunk-WITIL2MK.js?v=c58539c0:670
[  654207ms] [LOG] [HomeComponentRenderer] RENDER: path=ox-goals, index=2, renderCount=1 @ http://localhost:3210/node_modules/.pnpm/@salla.sa+twilight-theme-en_c3cd9c099c8c4c71b5353d842e4aee2e/node_modules/@salla.sa/twilight-theme-engine/dist/chunk-WITIL2MK.js?v=c58539c0:670
[  654207ms] [LOG] [HomeComponentRenderer] RENDER: path=ox-goals, index=2, renderCount=2 @ http://localhost:3210/node_modules/.pnpm/@salla.sa+twilight-theme-en_c3cd9c099c8c4c71b5353d842e4aee2e/node_modules/@salla.sa/twilight-theme-engine/dist/chunk-WITIL2MK.js?v=c58539c0:670
[  654208ms] [LOG] [HomeComponentRenderer] RENDER: path=ox-products, index=3, renderCount=1 @ http://localhost:3210/node_modules/.pnpm/@salla.sa+twilight-theme-en_c3cd9c099c8c4c71b5353d842e4aee2e/node_modules/@salla.sa/twilight-theme-engine/dist/chunk-WITIL2MK.js?v=c58539c0:670
[  654209ms] [LOG] [HomeComponentRenderer] RENDER: path=ox-products, index=3, renderCount=2 @ http://localhost:3210/node_modules/.pnpm/@salla.sa+twilight-theme-en_c3cd9c099c8c4c71b5353d842e4aee2e/node_modules/@salla.sa/twilight-theme-engine/dist/chunk-WITIL2MK.js?v=c58539c0:670
[  654211ms] [LOG] [HomeComponentRenderer] RENDER: path=ox-poster, index=4, renderCount=1 @ http://localhost:3210/node_modules/.pnpm/@salla.sa+twilight-theme-en_c3cd9c099c8c4c71b5353d842e4aee2e/node_modules/@salla.sa/twilight-theme-engine/dist/chunk-WITIL2MK.js?v=c58539c0:670
[  654211ms] [LOG] [HomeComponentRenderer] RENDER: path=ox-poster, index=4, renderCount=2 @ http://localhost:3210/node_modules/.pnpm/@salla.sa+twilight-theme-en_c3cd9c099c8c4c71b5353d842e4aee2e/node_modules/@salla.sa/twilight-theme-engine/dist/chunk-WITIL2MK.js?v=c58539c0:670
[  654212ms] [LOG] [HomeComponentRenderer] RENDER: path=ox-posters, index=5, renderCount=1 @ http://localhost:3210/node_modules/.pnpm/@salla.sa+twilight-theme-en_c3cd9c099c8c4c71b5353d842e4aee2e/node_modules/@salla.sa/twilight-theme-engine/dist/chunk-WITIL2MK.js?v=c58539c0:670
[  654212ms] [LOG] [HomeComponentRenderer] RENDER: path=ox-posters, index=5, renderCount=2 @ http://localhost:3210/node_modules/.pnpm/@salla.sa+twilight-theme-en_c3cd9c099c8c4c71b5353d842e4aee2e/node_modules/@salla.sa/twilight-theme-engine/dist/chunk-WITIL2MK.js?v=c58539c0:670
[  654214ms] [LOG] [HomeComponentRenderer] RENDER: path=ox-products-secondary, index=6, renderCount=1 @ http://localhost:3210/node_modules/.pnpm/@salla.sa+twilight-theme-en_c3cd9c099c8c4c71b5353d842e4aee2e/node_modules/@salla.sa/twilight-theme-engine/dist/chunk-WITIL2MK.js?v=c58539c0:670
[  654215ms] [LOG] [HomeComponentRenderer] RENDER: path=ox-products-secondary, index=6, renderCount=2 @ http://localhost:3210/node_modules/.pnpm/@salla.sa+twilight-theme-en_c3cd9c099c8c4c71b5353d842e4aee2e/node_modules/@salla.sa/twilight-theme-engine/dist/chunk-WITIL2MK.js?v=c58539c0:670
[  654216ms] [LOG] [HomeComponentRenderer] RENDER: path=ox-categories, index=7, renderCount=1 @ http://localhost:3210/node_modules/.pnpm/@salla.sa+twilight-theme-en_c3cd9c099c8c4c71b5353d842e4aee2e/node_modules/@salla.sa/twilight-theme-engine/dist/chunk-WITIL2MK.js?v=c58539c0:670
[  654219ms] [LOG] [HomeComponentRenderer] RENDER: path=ox-categories, index=7, renderCount=2 @ http://localhost:3210/node_modules/.pnpm/@salla.sa+twilight-theme-en_c3cd9c099c8c4c71b5353d842e4aee2e/node_modules/@salla.sa/twilight-theme-engine/dist/chunk-WITIL2MK.js?v=c58539c0:670
[  654222ms] [LOG] [HomeComponentRenderer] RENDER: path=ox-brands, index=8, renderCount=1 @ http://localhost:3210/node_modules/.pnpm/@salla.sa+twilight-theme-en_c3cd9c099c8c4c71b5353d842e4aee2e/node_modules/@salla.sa/twilight-theme-engine/dist/chunk-WITIL2MK.js?v=c58539c0:670
[  654222ms] [LOG] [HomeComponentRenderer] RENDER: path=ox-brands, index=8, renderCount=2 @ http://localhost:3210/node_modules/.pnpm/@salla.sa+twilight-theme-en_c3cd9c099c8c4c71b5353d842e4aee2e/node_modules/@salla.sa/twilight-theme-engine/dist/chunk-WITIL2MK.js?v=c58539c0:670
[  654223ms] [LOG] [HomeComponentRenderer] RENDER: path=ox-services, index=9, renderCount=1 @ http://localhost:3210/node_modules/.pnpm/@salla.sa+twilight-theme-en_c3cd9c099c8c4c71b5353d842e4aee2e/node_modules/@salla.sa/twilight-theme-engine/dist/chunk-WITIL2MK.js?v=c58539c0:670
[  654223ms] [LOG] [HomeComponentRenderer] RENDER: path=ox-services, index=9, renderCount=2 @ http://localhost:3210/node_modules/.pnpm/@salla.sa+twilight-theme-en_c3cd9c099c8c4c71b5353d842e4aee2e/node_modules/@salla.sa/twilight-theme-engine/dist/chunk-WITIL2MK.js?v=c58539c0:670
[  654226ms] [LOG] [HomeComponentRenderer] RENDER: path=ox-guides, index=10, renderCount=1 @ http://localhost:3210/node_modules/.pnpm/@salla.sa+twilight-theme-en_c3cd9c099c8c4c71b5353d842e4aee2e/node_modules/@salla.sa/twilight-theme-engine/dist/chunk-WITIL2MK.js?v=c58539c0:670
[  654227ms] [LOG] [HomeComponentRenderer] RENDER: path=ox-guides, index=10, renderCount=2 @ http://localhost:3210/node_modules/.pnpm/@salla.sa+twilight-theme-en_c3cd9c099c8c4c71b5353d842e4aee2e/node_modules/@salla.sa/twilight-theme-engine/dist/chunk-WITIL2MK.js?v=c58539c0:670
[  654228ms] [LOG] [HomeComponentRenderer] RENDER: path=ox-branch, index=11, renderCount=1 @ http://localhost:3210/node_modules/.pnpm/@salla.sa+twilight-theme-en_c3cd9c099c8c4c71b5353d842e4aee2e/node_modules/@salla.sa/twilight-theme-engine/dist/chunk-WITIL2MK.js?v=c58539c0:670
[  654229ms] [LOG] [HomeComponentRenderer] RENDER: path=ox-branch, index=11, renderCount=2 @ http://localhost:3210/node_modules/.pnpm/@salla.sa+twilight-theme-en_c3cd9c099c8c4c71b5353d842e4aee2e/node_modules/@salla.sa/twilight-theme-engine/dist/chunk-WITIL2MK.js?v=c58539c0:670
[  654231ms] [LOG] [HomeComponentRenderer] RENDER: path=ox-certifications, index=12, renderCount=1 @ http://localhost:3210/node_modules/.pnpm/@salla.sa+twilight-theme-en_c3cd9c099c8c4c71b5353d842e4aee2e/node_modules/@salla.sa/twilight-theme-engine/dist/chunk-WITIL2MK.js?v=c58539c0:670
[  654240ms] [LOG] [HomeComponentRenderer] RENDER: path=ox-certifications, index=12, renderCount=2 @ http://localhost:3210/node_modules/.pnpm/@salla.sa+twilight-theme-en_c3cd9c099c8c4c71b5353d842e4aee2e/node_modules/@salla.sa/twilight-theme-engine/dist/chunk-WITIL2MK.js?v=c58539c0:670
[  654241ms] [LOG] [HomeComponentRenderer] RENDER: path=ox-faq, index=13, renderCount=1 @ http://localhost:3210/node_modules/.pnpm/@salla.sa+twilight-theme-en_c3cd9c099c8c4c71b5353d842e4aee2e/node_modules/@salla.sa/twilight-theme-engine/dist/chunk-WITIL2MK.js?v=c58539c0:670
[  654241ms] [LOG] [HomeComponentRenderer] RENDER: path=ox-faq, index=13, renderCount=2 @ http://localhost:3210/node_modules/.pnpm/@salla.sa+twilight-theme-en_c3cd9c099c8c4c71b5353d842e4aee2e/node_modules/@salla.sa/twilight-theme-engine/dist/chunk-WITIL2MK.js?v=c58539c0:670
[  654242ms] [LOG] [HomeComponentRenderer] RENDER: path=ox-newsletter, index=14, renderCount=1 @ http://localhost:3210/node_modules/.pnpm/@salla.sa+twilight-theme-en_c3cd9c099c8c4c71b5353d842e4aee2e/node_modules/@salla.sa/twilight-theme-engine/dist/chunk-WITIL2MK.js?v=c58539c0:670
[  654243ms] [LOG] [HomeComponentRenderer] RENDER: path=ox-newsletter, index=14, renderCount=2 @ http://localhost:3210/node_modules/.pnpm/@salla.sa+twilight-theme-en_c3cd9c099c8c4c71b5353d842e4aee2e/node_modules/@salla.sa/twilight-theme-engine/dist/chunk-WITIL2MK.js?v=c58539c0:670
[  654243ms] [LOG] [HomeComponentRenderer] RENDER: path=ox-banner, index=15, renderCount=1 @ http://localhost:3210/node_modules/.pnpm/@salla.sa+twilight-theme-en_c3cd9c099c8c4c71b5353d842e4aee2e/node_modules/@salla.sa/twilight-theme-engine/dist/chunk-WITIL2MK.js?v=c58539c0:670
[  654244ms] [LOG] [HomeComponentRenderer] RENDER: path=ox-banner, index=15, renderCount=2 @ http://localhost:3210/node_modules/.pnpm/@salla.sa+twilight-theme-en_c3cd9c099c8c4c71b5353d842e4aee2e/node_modules/@salla.sa/twilight-theme-engine/dist/chunk-WITIL2MK.js?v=c58539c0:670
[  654247ms] [LOG] [HomeComponentRenderer] MOUNT: path=ox-hero, index=0, renderCount=2 @ http://localhost:3210/node_modules/.pnpm/@salla.sa+twilight-theme-en_c3cd9c099c8c4c71b5353d842e4aee2e/node_modules/@salla.sa/twilight-theme-engine/dist/chunk-WITIL2MK.js?v=c58539c0:673
[  654247ms] [LOG] [HomeComponentRenderer] MOUNT: path=ox-trust-strip, index=1, renderCount=2 @ http://localhost:3210/node_modules/.pnpm/@salla.sa+twilight-theme-en_c3cd9c099c8c4c71b5353d842e4aee2e/node_modules/@salla.sa/twilight-theme-engine/dist/chunk-WITIL2MK.js?v=c58539c0:673
[  654248ms] [LOG] [HomeComponentRenderer] MOUNT: path=ox-goals, index=2, renderCount=2 @ http://localhost:3210/node_modules/.pnpm/@salla.sa+twilight-theme-en_c3cd9c099c8c4c71b5353d842e4aee2e/node_modules/@salla.sa/twilight-theme-engine/dist/chunk-WITIL2MK.js?v=c58539c0:673
[  654249ms] [LOG] [HomeComponentRenderer] MOUNT: path=ox-products, index=3, renderCount=2 @ http://localhost:3210/node_modules/.pnpm/@salla.sa+twilight-theme-en_c3cd9c099c8c4c71b5353d842e4aee2e/node_modules/@salla.sa/twilight-theme-engine/dist/chunk-WITIL2MK.js?v=c58539c0:673
[  654249ms] [LOG] [HomeComponentRenderer] MOUNT: path=ox-poster, index=4, renderCount=2 @ http://localhost:3210/node_modules/.pnpm/@salla.sa+twilight-theme-en_c3cd9c099c8c4c71b5353d842e4aee2e/node_modules/@salla.sa/twilight-theme-engine/dist/chunk-WITIL2MK.js?v=c58539c0:673
[  654250ms] [LOG] [HomeComponentRenderer] MOUNT: path=ox-posters, index=5, renderCount=2 @ http://localhost:3210/node_modules/.pnpm/@salla.sa+twilight-theme-en_c3cd9c099c8c4c71b5353d842e4aee2e/node_modules/@salla.sa/twilight-theme-engine/dist/chunk-WITIL2MK.js?v=c58539c0:673
[  654250ms] [LOG] [HomeComponentRenderer] MOUNT: path=ox-products-secondary, index=6, renderCount=2 @ http://localhost:3210/node_modules/.pnpm/@salla.sa+twilight-theme-en_c3cd9c099c8c4c71b5353d842e4aee2e/node_modules/@salla.sa/twilight-theme-engine/dist/chunk-WITIL2MK.js?v=c58539c0:673
[  654251ms] [LOG] [HomeComponentRenderer] MOUNT: path=ox-categories, index=7, renderCount=2 @ http://localhost:3210/node_modules/.pnpm/@salla.sa+twilight-theme-en_c3cd9c099c8c4c71b5353d842e4aee2e/node_modules/@salla.sa/twilight-theme-engine/dist/chunk-WITIL2MK.js?v=c58539c0:673
[  654251ms] [LOG] [HomeComponentRenderer] MOUNT: path=ox-brands, index=8, renderCount=2 @ http://localhost:3210/node_modules/.pnpm/@salla.sa+twilight-theme-en_c3cd9c099c8c4c71b5353d842e4aee2e/node_modules/@salla.sa/twilight-theme-engine/dist/chunk-WITIL2MK.js?v=c58539c0:673
[  654252ms] [LOG] [HomeComponentRenderer] MOUNT: path=ox-services, index=9, renderCount=2 @ http://localhost:3210/node_modules/.pnpm/@salla.sa+twilight-theme-en_c3cd9c099c8c4c71b5353d842e4aee2e/node_modules/@salla.sa/twilight-theme-engine/dist/chunk-WITIL2MK.js?v=c58539c0:673
[  654253ms] [LOG] [HomeComponentRenderer] MOUNT: path=ox-guides, index=10, renderCount=2 @ http://localhost:3210/node_modules/.pnpm/@salla.sa+twilight-theme-en_c3cd9c099c8c4c71b5353d842e4aee2e/node_modules/@salla.sa/twilight-theme-engine/dist/chunk-WITIL2MK.js?v=c58539c0:673
[  654253ms] [LOG] [HomeComponentRenderer] MOUNT: path=ox-branch, index=11, renderCount=2 @ http://localhost:3210/node_modules/.pnpm/@salla.sa+twilight-theme-en_c3cd9c099c8c4c71b5353d842e4aee2e/node_modules/@salla.sa/twilight-theme-engine/dist/chunk-WITIL2MK.js?v=c58539c0:673
[  654254ms] [LOG] [HomeComponentRenderer] MOUNT: path=ox-certifications, index=12, renderCount=2 @ http://localhost:3210/node_modules/.pnpm/@salla.sa+twilight-theme-en_c3cd9c099c8c4c71b5353d842e4aee2e/node_modules/@salla.sa/twilight-theme-engine/dist/chunk-WITIL2MK.js?v=c58539c0:673
[  654254ms] [LOG] [HomeComponentRenderer] MOUNT: path=ox-faq, index=13, renderCount=2 @ http://localhost:3210/node_modules/.pnpm/@salla.sa+twilight-theme-en_c3cd9c099c8c4c71b5353d842e4aee2e/node_modules/@salla.sa/twilight-theme-engine/dist/chunk-WITIL2MK.js?v=c58539c0:673
[  654255ms] [LOG] [HomeComponentRenderer] MOUNT: path=ox-newsletter, index=14, renderCount=2 @ http://localhost:3210/node_modules/.pnpm/@salla.sa+twilight-theme-en_c3cd9c099c8c4c71b5353d842e4aee2e/node_modules/@salla.sa/twilight-theme-engine/dist/chunk-WITIL2MK.js?v=c58539c0:673
[  654256ms] [LOG] [HomeComponentRenderer] MOUNT: path=ox-banner, index=15, renderCount=2 @ http://localhost:3210/node_modules/.pnpm/@salla.sa+twilight-theme-en_c3cd9c099c8c4c71b5353d842e4aee2e/node_modules/@salla.sa/twilight-theme-engine/dist/chunk-WITIL2MK.js?v=c58539c0:673
[  723552ms] [LOG] [offline-api] browser: api.salla.dev + cdn.salla.network -> http://127.0.0.1:5178 @ http://localhost:3210/:0
[  726664ms] [INFO] %cDownload the React DevTools for a better development experience: https://react.dev/link/react-devtools font-weight:bold @ http://localhost:3210/node_modules/.vite/deps/react-dom_client.js?v=c58539c0:14335
[  726854ms] [WARNING] [Twilight] Could not hydrate twilight context: no root match in router state @ http://localhost:3210/@vite/client:532
[  727301ms] [ERROR] The result of getServerSnapshot should be cached to avoid an infinite loop @ http://localhost:3210/@vite/client:532
[  727340ms] [ERROR] A tree hydrated but some attributes of the server rendered HTML didn't match the client properties. This won't be patched up. This can happen if a SSR-ed Client Component used:

- A server/client branch `if (typeof window !== 'undefined')`.
- Variable input such as `Date.now()` or `Math.random()` which changes each time it's called.
- Date formatting in a user's locale which doesn't match the server.
- External changing data without sending a snapshot of it along with the HTML.
- Invalid HTML tag nesting.

It can also happen if the client has a browser extension installed which messes with the HTML before React loaded.

%s%s https://react.dev/link/hydration-mismatch 

  ...
    <ThemeDocumentSync>
    <TanStackDocumentSync>
    <NavigationSetup>
      <NavigationProvider navigate={function}>
        <LinkProvider adapter={{...}}>
          <WidgetHead>
          <AppsSnippets>
          <HookSlot>
          <Suspense>
          <OptimalXLayout>
            <div className="app-inner ...">
              <Sprite>
              <SkipLink>
              <Header>
                <header ref={{current:null}} className="store-head..." suppressHydrationWarning={true} ...>
                  <HookSlot>
                  <div>
                  <AnnouncementBar>
                  <UtilityBar>
                  <div className="ox-mainbar">
                    <MainBar>
                      <div className="ox-mainbar...">
                        <Logo width={112} priority={true} className="ox-mainbar...">
                          <Link to="/" className="ox-logo ox..." aria-label="Optimal X">
                            <TanStackLinkAdapter ref={null} to="/" className="ox-logo ox..." aria-label="Optimal X" ...>
                              <a
                                className="ox-logo ox-mainbar__logo active"
                                style={undefined}
                                title={undefined}
                                target={undefined}
                                rel={undefined}
                                onClick={function handleClick}
                                aria-label="Optimal X"
                                data-spa-link=""
                                ref={{current:null}}
                                onBlur={function handleLeave}
                                onFocus={function}
                                onMouseEnter={function}
                                onMouseLeave={function handleLeave}
                                onTouchStart={function handleTouchStart}
+                               href="/latest-products"
-                               href="/"
                                data-status="active"
                                aria-current="page"
                              >
                        ...
                          ...
                            <TanStackLinkAdapter ref={null} to="/latest-pr..." className="ox-nav__link" data-spa-link="">
                              <a
                                className="ox-nav__link"
                                style={undefined}
                                title={undefined}
                                target={undefined}
                                rel={undefined}
                                onClick={function handleClick}
                                aria-label={undefined}
                                data-spa-link=""
                                ref={{current:null}}
                                onBlur={function handleLeave}
                                onFocus={function}
                                onMouseEnter={function}
                                onMouseLeave={function handleLeave}
                                onTouchStart={function handleTouchStart}
+                               href="/latest-products/latest-products"
-                               href="/latest-products"
                              >
+                               المنتجات
                          ...
                            <TanStackLinkAdapter ref={null} to="/search?q=..." className="ox-nav__link" data-spa-link="">
                              <a
                                className="ox-nav__link"
                                style={undefined}
                                title={undefined}
                                target={undefined}
                                rel={undefined}
                                onClick={function handleClick}
                                aria-label={undefined}
                                data-spa-link=""
                                ref={{current:null}}
                                onBlur={function handleLeave}
                                onFocus={function}
                                onMouseEnter={function}
                                onMouseLeave={function handleLeave}
                                onTouchStart={function handleTouchStart}
+                               href="/latest-products/search?q=%D8%A7%D9%84%D9%85%D9%83%D9%85%D9%84%D8%A7%D8%AA"
-                               href="/search?q=%D8%A7%D9%84%D9%85%D9%83%D9%85%D9%84%D8%A7%D8%AA"
                              >
+                               المكملات
                          ...
                            <TanStackLinkAdapter ref={null} to="/search?q=..." className="ox-nav__link" data-spa-link="">
                              <a
                                className="ox-nav__link"
                                style={undefined}
                                title={undefined}
                                target={undefined}
                                rel={undefined}
                                onClick={function handleClick}
                                aria-label={undefined}
                                data-spa-link=""
                                ref={{current:null}}
                                onBlur={function handleLeave}
                                onFocus={function}
                                onMouseEnter={function}
                                onMouseLeave={function handleLeave}
                                onTouchStart={function handleTouchStart}
+                               href="/latest-products/search?q=%D8%A7%D9%84%D8%A8%D8%B1%D9%88%D8%AA%D9%8A%D9%86"
-                               href="/search?q=%D8%A7%D9%84%D8%A8%D8%B1%D9%88%D8%AA%D9%8A%D9%86"
                              >
+                               البروتين
                          ...
                            <TanStackLinkAdapter ref={null} to="/services" className="ox-nav__link" data-spa-link="">
                              <a
                                className="ox-nav__link"
                                style={undefined}
                                title={undefined}
                                target={undefined}
                                rel={undefined}
                                onClick={function handleClick}
                                aria-label={undefined}
                                data-spa-link=""
                                ref={{current:null}}
                                onBlur={function handleLeave}
                                onFocus={function}
                                onMouseEnter={function}
                                onMouseLeave={function handleLeave}
                                onTouchStart={function handleTouchStart}
+                               href="/latest-products/services"
-                               href="/services"
                              >
+                               اسأل قبل أن تشتري
                          ...
                            <TanStackLinkAdapter ref={null} to="/search?q=..." className="ox-nav__link" data-spa-link="">
                              <a
                                className="ox-nav__link"
                                style={undefined}
                                title={undefined}
                                target={undefined}
                                rel={undefined}
                                onClick={function handleClick}
                                aria-label={undefined}
                                data-spa-link=""
                                ref={{current:null}}
                                onBlur={function handleLeave}
                                onFocus={function}
                                onMouseEnter={function}
                                onMouseLeave={function handleLeave}
                                onTouchStart={function handleTouchStart}
+                               href="/latest-products/search?q=%D8%A7%D9%84%D8%AE%D8%B7%D8%B7%20%D8%A7%D9%84%D8%BA%D8..."
-                               href="/search?q=%D8%A7%D9%84%D8%AE%D8%B7%D8%B7%20%D8%A7%D9%84%D8%BA%D8%B0%D8%A7%D8%A6%..."
                              >
+                               الخطط الغذائية
                          ...
                            <TanStackLinkAdapter ref={null} to="/about" className="ox-nav__link" data-spa-link="">
                              <a
                                className="ox-nav__link"
                                style={undefined}
                                title={undefined}
                                target={undefined}
                                rel={undefined}
                                onClick={function handleClick}
                                aria-label={undefined}
                                data-spa-link=""
                                ref={{current:null}}
                                onBlur={function handleLeave}
                                onFocus={function}
                                onMouseEnter={function}
                                onMouseLeave={function handleLeave}
                                onTouchStart={function handleTouchStart}
+                               href="/latest-products/about"
-                               href="/about"
                              >
+                               عن اوبتيمال اكس
                        <SearchField>
                        <div className="ox-mainbar..." ref={{current:null}}>
                          <Link to="/account/w..." className="ox-iconbtn..." aria-label="المفضلة">
                            <TanStackLinkAdapter ref={null} to="/account/w..." className="ox-iconbtn..." ...>
                              <a
                                className="ox-iconbtn ox-wishlist"
                                style={undefined}
                                title={undefined}
                                target={undefined}
                                rel={undefined}
                                onClick={function handleClick}
                                aria-label="المفضلة"
                                data-spa-link=""
                                ref={{current:null}}
                                onBlur={function handleLeave}
                                onFocus={function}
                                onMouseEnter={function}
                                onMouseLeave={function handleLeave}
                                onTouchStart={function handleTouchStart}
+                               href="/latest-products/account/wishlist"
-                               href="/account/wishlist"
                              >
                          ...
                    ...
                      <div className="ox-mobileb..." ref={{current:null}}>
                        <button>
                        <Logo width={108} priority={true} className="ox-mobileb...">
                          <Link to="/" className="ox-logo ox..." aria-label="Optimal X">
                            <TanStackLinkAdapter ref={null} to="/" className="ox-logo ox..." aria-label="Optimal X" ...>
                              <a
                                className="ox-logo ox-mobilebar__logo active"
                                style={undefined}
                                title={undefined}
                                target={undefined}
                                rel={undefined}
                                onClick={function handleClick}
                                aria-label="Optimal X"
                                data-spa-link=""
                                ref={{current:null}}
                                onBlur={function handleLeave}
                                onFocus={function}
                                onMouseEnter={function}
                                onMouseLeave={function handleLeave}
                                onTouchStart={function handleTouchStart}
+                               href="/latest-products"
-                               href="/"
                                data-status="active"
                                aria-current="page"
                              >
                        ...
                  ...
              <main>
              ...
                <nav className="ox-footer_..." aria-label="روابط الصفحة" data-testid="ox-footer-...">
                  ...
                    <div className="ox-footer_...">
                      <ul>
                        <li>
                          <Link to="/about" className="ox-footer_...">
                            <TanStackLinkAdapter ref={null} to="/about" className="ox-footer_..." data-spa-link="">
                              <a
                                className="ox-footer__link"
                                style={undefined}
                                title={undefined}
                                target={undefined}
                                rel={undefined}
                                onClick={function handleClick}
                                aria-label={undefined}
                                data-spa-link=""
                                ref={{current:null}}
                                onBlur={function handleLeave}
                                onFocus={function}
                                onMouseEnter={function}
                                onMouseLeave={function handleLeave}
                                onTouchStart={function handleTouchStart}
+                               href="/latest-products/about"
-                               href="/about"
                              >
+                               من نحن
                  ...
                    <div className="ox-footer_...">
                      <ul>
                        <li>
                          <Link to="/contact" className="ox-footer_...">
                            <TanStackLinkAdapter ref={null} to="/contact" className="ox-footer_..." data-spa-link="">
                              <a
                                className="ox-footer__link"
                                style={undefined}
                                title={undefined}
                                target={undefined}
                                rel={undefined}
                                onClick={function handleClick}
                                aria-label={undefined}
                                data-spa-link=""
                                ref={{current:null}}
                                onBlur={function handleLeave}
                                onFocus={function}
                                onMouseEnter={function}
                                onMouseLeave={function handleLeave}
                                onTouchStart={function handleTouchStart}
+                               href="/latest-products/contact"
-                               href="/contact"
                              >
+                               تواصل معنا
                        <li>
                        <li>
                          <Link to="/services" className="ox-footer_...">
                            <TanStackLinkAdapter ref={null} to="/services" className="ox-footer_..." data-spa-link="">
                              <a
                                className="ox-footer__link"
                                style={undefined}
                                title={undefined}
                                target={undefined}
                                rel={undefined}
                                onClick={function handleClick}
                                aria-label={undefined}
                                data-spa-link=""
                                ref={{current:null}}
                                onBlur={function handleLeave}
                                onFocus={function}
                                onMouseEnter={function}
                                onMouseLeave={function handleLeave}
                                onTouchStart={function handleTouchStart}
+                               href="/latest-products/services"
-                               href="/services"
                              >
+                               الأسئلة الشائعة
                  ...
                    <div className="ox-footer_...">
                      <ul>
                        <li>
                          <Link to="/search?q=..." className="ox-footer_...">
                            <TanStackLinkAdapter ref={null} to="/search?q=..." className="ox-footer_..." data-spa-link="">
                              <a
                                className="ox-footer__link"
                                style={undefined}
                                title={undefined}
                                target={undefined}
                                rel={undefined}
                                onClick={function handleClick}
                                aria-label={undefined}
                                data-spa-link=""
                                ref={{current:null}}
                                onBlur={function handleLeave}
                                onFocus={function}
                                onMouseEnter={function}
                                onMouseLeave={function handleLeave}
                                onTouchStart={function handleTouchStart}
+                               href="/latest-products/search?q=%D8%A7%D9%84%D9%85%D9%83%D9%85%D9%84%D8%A7%D8%AA"
-                               href="/search?q=%D8%A7%D9%84%D9%85%D9%83%D9%85%D9%84%D8%A7%D8%AA"
                              >
+                               المكملات
                        <li>
                          <Link to="/search?q=..." className="ox-footer_...">
                            <TanStackLinkAdapter ref={null} to="/search?q=..." className="ox-footer_..." data-spa-link="">
                              <a
                                className="ox-footer__link"
                                style={undefined}
                                title={undefined}
                                target={undefined}
                                rel={undefined}
                                onClick={function handleClick}
                                aria-label={undefined}
                                data-spa-link=""
                                ref={{current:null}}
                                onBlur={function handleLeave}
                                onFocus={function}
                                onMouseEnter={function}
                                onMouseLeave={function handleLeave}
                                onTouchStart={function handleTouchStart}
+                               href="/latest-products/search?q=%D8%A7%D9%84%D8%A8%D8%B1%D9%88%D8%AA%D9%8A%D9%86"
-                               href="/search?q=%D8%A7%D9%84%D8%A8%D8%B1%D9%88%D8%AA%D9%8A%D9%86"
                              >
+                               البروتين
                        <li>
                          <Link to="/search?q=..." className="ox-footer_...">
                            <TanStackLinkAdapter ref={null} to="/search?q=..." className="ox-footer_..." data-spa-link="">
                              <a
                                className="ox-footer__link"
                                style={undefined}
                                title={undefined}
                                target={undefined}
                                rel={undefined}
                                onClick={function handleClick}
                                aria-label={undefined}
                                data-spa-link=""
                                ref={{current:null}}
                                onBlur={function handleLeave}
                                onFocus={function}
                                onMouseEnter={function}
                                onMouseLeave={function handleLeave}
                                onTouchStart={function handleTouchStart}
+                               href="/latest-products/search?q=%D8%A7%D9%84%D8%AA%D8%BA%D8%B0%D9%8A%D8%A9"
-                               href="/search?q=%D8%A7%D9%84%D8%AA%D8%BA%D8%B0%D9%8A%D8%A9"
                              >
+                               التغذية
                        <li>
                          <Link to="/search?q=..." className="ox-footer_...">
                            <TanStackLinkAdapter ref={null} to="/search?q=..." className="ox-footer_..." data-spa-link="">
                              <a
                                className="ox-footer__link"
                                style={undefined}
                                title={undefined}
                                target={undefined}
                                rel={undefined}
                                onClick={function handleClick}
                                aria-label={undefined}
                                data-spa-link=""
                                ref={{current:null}}
                                onBlur={function handleLeave}
                                onFocus={function}
                                onMouseEnter={function}
                                onMouseLeave={function handleLeave}
                                onTouchStart={function handleTouchStart}
+                               href="/latest-products/search?q=%D8%A7%D9%84%D8%AE%D8%B7%D8%B7%20%D8%A7%D9%84%D8%BA%D8..."
-                               href="/search?q=%D8%A7%D9%84%D8%AE%D8%B7%D8%B7%20%D8%A7%D9%84%D8%BA%D8%B0%D8%A7%D8%A6%..."
                              >
+                               الخطط الغذائية
              ...
            <BottomTabBar>
              <nav className="ox-tabbar" aria-label="تنقل سريع" data-testid="ox-tabbar">
                <ul className="ox-tabbar_...">
                  <li>
                    <Link to="/" className="ox-tab">
                      <TanStackLinkAdapter ref={null} to="/" className="ox-tab" data-spa-link="">
                        <a
+                         className="ox-tab active"
-                         className="ox-tab is-active active"
                          style={undefined}
                          title={undefined}
                          target={undefined}
                          rel={undefined}
                          onClick={function handleClick}
                          aria-label={undefined}
                          data-spa-link=""
                          ref={{current:null}}
                          onBlur={function handleLeave}
                          onFocus={function}
                          onMouseEnter={function}
                          onMouseLeave={function handleLeave}
                          onTouchStart={function handleTouchStart}
+                         href="/latest-products"
-                         href="/"
                          data-status="active"
                          aria-current="page"
                        >
                  <li>
                  <li>
                    <Link to="/search" className="ox-tab">
                      <TanStackLinkAdapter ref={null} to="/search" className="ox-tab" data-spa-link="">
                        <a
                          className="ox-tab"
                          style={undefined}
                          title={undefined}
                          target={undefined}
                          rel={undefined}
                          onClick={function handleClick}
                          aria-label={undefined}
                          data-spa-link=""
                          ref={{current:null}}
                          onBlur={function handleLeave}
                          onFocus={function}
                          onMouseEnter={function}
                          onMouseLeave={function handleLeave}
                          onTouchStart={function handleTouchStart}
+                         href="/latest-products/search"
-                         href="/search"
                        >
                  <li>
                    <Link to="/cart" className="ox-tab">
                      <TanStackLinkAdapter ref={null} to="/cart" className="ox-tab" data-spa-link="">
                        <a
                          className="ox-tab"
                          style={undefined}
                          title={undefined}
                          target={undefined}
                          rel={undefined}
                          onClick={function handleClick}
                          aria-label={undefined}
                          data-spa-link=""
                          ref={{current:null}}
                          onBlur={function handleLeave}
                          onFocus={function}
                          onMouseEnter={function}
                          onMouseLeave={function handleLeave}
                          onTouchStart={function handleTouchStart}
+                         href="/latest-products/cart"
-                         href="/cart"
                        >
                  <li>
                    <Link to="/account/p..." className="ox-tab">
                      <TanStackLinkAdapter ref={null} to="/account/p..." className="ox-tab" data-spa-link="">
                        <a
                          className="ox-tab"
                          style={undefined}
                          title={undefined}
                          target={undefined}
                          rel={undefined}
                          onClick={function handleClick}
                          aria-label={undefined}
                          data-spa-link=""
                          ref={{current:null}}
                          onBlur={function handleLeave}
                          onFocus={function}
                          onMouseEnter={function}
                          onMouseLeave={function handleLeave}
                          onTouchStart={function handleTouchStart}
+                         href="/latest-products/account/profile"
-                         href="/account/profile"
                        >
            ...
          ...
 @ http://localhost:3210/@vite/client:532
[  728152ms] [ERROR] A tree hydrated but some attributes of the server rendered HTML didn't match the client properties. This won't be patched up. This can happen if a SSR-ed Client Component used:

- A server/client branch `if (typeof window !== 'undefined')`.
- Variable input such as `Date.now()` or `Math.random()` which changes each time it's called.
- Date formatting in a user's locale which doesn't match the server.
- External changing data without sending a snapshot of it along with the HTML.
- Invalid HTML tag nesting.

It can also happen if the client has a browser extension installed which messes with the HTML before React loaded.

%s%s https://react.dev/link/hydration-mismatch 

  ...
    <div className="app-inner ...">
      <Sprite>
      <SkipLink>
      <Header>
      <main>
      <Footer>
        <footer className="store-foot..." suppressHydrationWarning={true} data-testid="ox-footer">
          <HookSlot>
          <div>
          <FooterBottom>
            <div className="ox-footer_..." data-testid="ox-footer-...">
              <span>
              <div className="ox-footer_...">
                <p className="ox-footer_...">
                  <Suspense fallback={null}>
                    <HookSlot name="copyright" context={{...}} fallback={<Copyright>}>
                      <Copyright storeName="Optimal X">
                        <Link to="/" className="hover:text...">
                          <TanStackLinkAdapter ref={null} to="/" className="hover:text..." data-spa-link="">
                            <a
                              className="hover:text-primary active"
                              style={undefined}
                              title={undefined}
                              target={undefined}
                              rel={undefined}
                              onClick={function handleClick}
                              aria-label={undefined}
                              data-spa-link=""
                              ref={{current:null}}
                              onBlur={function handleLeave}
                              onFocus={function}
                              onMouseEnter={function}
                              onMouseLeave={function handleLeave}
                              onTouchStart={function handleTouchStart}
+                             href="/latest-products"
-                             href="/"
                              data-status="active"
                              aria-current="page"
                            >
+                             Optimal X
                        ...
          ...
      ...
 @ http://localhost:3210/@vite/client:532
[  728177ms] [LOG] [HomeComponentRenderer] RENDER: path=ox-hero, index=0, renderCount=1 @ http://localhost:3210/node_modules/.pnpm/@salla.sa+twilight-theme-en_c3cd9c099c8c4c71b5353d842e4aee2e/node_modules/@salla.sa/twilight-theme-engine/dist/chunk-WITIL2MK.js?v=c58539c0:670
[  728178ms] [LOG] [HomeComponentRenderer] RENDER: path=ox-hero, index=0, renderCount=2 @ http://localhost:3210/node_modules/.pnpm/@salla.sa+twilight-theme-en_c3cd9c099c8c4c71b5353d842e4aee2e/node_modules/@salla.sa/twilight-theme-engine/dist/chunk-WITIL2MK.js?v=c58539c0:670
[  728191ms] [LOG] [HomeComponentRenderer] RENDER: path=ox-hero, index=0, renderCount=1 @ http://localhost:3210/node_modules/.pnpm/@salla.sa+twilight-theme-en_c3cd9c099c8c4c71b5353d842e4aee2e/node_modules/@salla.sa/twilight-theme-engine/dist/chunk-WITIL2MK.js?v=c58539c0:670
[  728192ms] [LOG] [HomeComponentRenderer] RENDER: path=ox-hero, index=0, renderCount=2 @ http://localhost:3210/node_modules/.pnpm/@salla.sa+twilight-theme-en_c3cd9c099c8c4c71b5353d842e4aee2e/node_modules/@salla.sa/twilight-theme-engine/dist/chunk-WITIL2MK.js?v=c58539c0:670
[  728193ms] [LOG] [HomeComponentRenderer] RENDER: path=ox-trust-strip, index=1, renderCount=1 @ http://localhost:3210/node_modules/.pnpm/@salla.sa+twilight-theme-en_c3cd9c099c8c4c71b5353d842e4aee2e/node_modules/@salla.sa/twilight-theme-engine/dist/chunk-WITIL2MK.js?v=c58539c0:670
[  728193ms] [LOG] [HomeComponentRenderer] RENDER: path=ox-trust-strip, index=1, renderCount=2 @ http://localhost:3210/node_modules/.pnpm/@salla.sa+twilight-theme-en_c3cd9c099c8c4c71b5353d842e4aee2e/node_modules/@salla.sa/twilight-theme-engine/dist/chunk-WITIL2MK.js?v=c58539c0:670
[  728194ms] [LOG] [HomeComponentRenderer] RENDER: path=ox-goals, index=2, renderCount=1 @ http://localhost:3210/node_modules/.pnpm/@salla.sa+twilight-theme-en_c3cd9c099c8c4c71b5353d842e4aee2e/node_modules/@salla.sa/twilight-theme-engine/dist/chunk-WITIL2MK.js?v=c58539c0:670
[  728194ms] [LOG] [HomeComponentRenderer] RENDER: path=ox-goals, index=2, renderCount=2 @ http://localhost:3210/node_modules/.pnpm/@salla.sa+twilight-theme-en_c3cd9c099c8c4c71b5353d842e4aee2e/node_modules/@salla.sa/twilight-theme-engine/dist/chunk-WITIL2MK.js?v=c58539c0:670
[  728205ms] [LOG] [HomeComponentRenderer] RENDER: path=ox-products, index=3, renderCount=1 @ http://localhost:3210/node_modules/.pnpm/@salla.sa+twilight-theme-en_c3cd9c099c8c4c71b5353d842e4aee2e/node_modules/@salla.sa/twilight-theme-engine/dist/chunk-WITIL2MK.js?v=c58539c0:670
[  728206ms] [LOG] [HomeComponentRenderer] RENDER: path=ox-products, index=3, renderCount=2 @ http://localhost:3210/node_modules/.pnpm/@salla.sa+twilight-theme-en_c3cd9c099c8c4c71b5353d842e4aee2e/node_modules/@salla.sa/twilight-theme-engine/dist/chunk-WITIL2MK.js?v=c58539c0:670
[  728207ms] [LOG] [HomeComponentRenderer] RENDER: path=ox-poster, index=4, renderCount=1 @ http://localhost:3210/node_modules/.pnpm/@salla.sa+twilight-theme-en_c3cd9c099c8c4c71b5353d842e4aee2e/node_modules/@salla.sa/twilight-theme-engine/dist/chunk-WITIL2MK.js?v=c58539c0:670
[  728208ms] [LOG] [HomeComponentRenderer] RENDER: path=ox-poster, index=4, renderCount=2 @ http://localhost:3210/node_modules/.pnpm/@salla.sa+twilight-theme-en_c3cd9c099c8c4c71b5353d842e4aee2e/node_modules/@salla.sa/twilight-theme-engine/dist/chunk-WITIL2MK.js?v=c58539c0:670
[  728209ms] [LOG] [HomeComponentRenderer] RENDER: path=ox-posters, index=5, renderCount=1 @ http://localhost:3210/node_modules/.pnpm/@salla.sa+twilight-theme-en_c3cd9c099c8c4c71b5353d842e4aee2e/node_modules/@salla.sa/twilight-theme-engine/dist/chunk-WITIL2MK.js?v=c58539c0:670
[  728209ms] [LOG] [HomeComponentRenderer] RENDER: path=ox-posters, index=5, renderCount=2 @ http://localhost:3210/node_modules/.pnpm/@salla.sa+twilight-theme-en_c3cd9c099c8c4c71b5353d842e4aee2e/node_modules/@salla.sa/twilight-theme-engine/dist/chunk-WITIL2MK.js?v=c58539c0:670
[  728220ms] [LOG] [HomeComponentRenderer] RENDER: path=ox-products-secondary, index=6, renderCount=1 @ http://localhost:3210/node_modules/.pnpm/@salla.sa+twilight-theme-en_c3cd9c099c8c4c71b5353d842e4aee2e/node_modules/@salla.sa/twilight-theme-engine/dist/chunk-WITIL2MK.js?v=c58539c0:670
[  728221ms] [LOG] [HomeComponentRenderer] RENDER: path=ox-products-secondary, index=6, renderCount=2 @ http://localhost:3210/node_modules/.pnpm/@salla.sa+twilight-theme-en_c3cd9c099c8c4c71b5353d842e4aee2e/node_modules/@salla.sa/twilight-theme-engine/dist/chunk-WITIL2MK.js?v=c58539c0:670
[  728222ms] [LOG] [HomeComponentRenderer] RENDER: path=ox-categories, index=7, renderCount=1 @ http://localhost:3210/node_modules/.pnpm/@salla.sa+twilight-theme-en_c3cd9c099c8c4c71b5353d842e4aee2e/node_modules/@salla.sa/twilight-theme-engine/dist/chunk-WITIL2MK.js?v=c58539c0:670
[  728222ms] [LOG] [HomeComponentRenderer] RENDER: path=ox-categories, index=7, renderCount=2 @ http://localhost:3210/node_modules/.pnpm/@salla.sa+twilight-theme-en_c3cd9c099c8c4c71b5353d842e4aee2e/node_modules/@salla.sa/twilight-theme-engine/dist/chunk-WITIL2MK.js?v=c58539c0:670
[  728224ms] [LOG] [HomeComponentRenderer] RENDER: path=ox-brands, index=8, renderCount=1 @ http://localhost:3210/node_modules/.pnpm/@salla.sa+twilight-theme-en_c3cd9c099c8c4c71b5353d842e4aee2e/node_modules/@salla.sa/twilight-theme-engine/dist/chunk-WITIL2MK.js?v=c58539c0:670
[  728224ms] [LOG] [HomeComponentRenderer] RENDER: path=ox-brands, index=8, renderCount=2 @ http://localhost:3210/node_modules/.pnpm/@salla.sa+twilight-theme-en_c3cd9c099c8c4c71b5353d842e4aee2e/node_modules/@salla.sa/twilight-theme-engine/dist/chunk-WITIL2MK.js?v=c58539c0:670
[  728231ms] [LOG] [HomeComponentRenderer] RENDER: path=ox-services, index=9, renderCount=1 @ http://localhost:3210/node_modules/.pnpm/@salla.sa+twilight-theme-en_c3cd9c099c8c4c71b5353d842e4aee2e/node_modules/@salla.sa/twilight-theme-engine/dist/chunk-WITIL2MK.js?v=c58539c0:670
[  728232ms] [LOG] [HomeComponentRenderer] RENDER: path=ox-services, index=9, renderCount=2 @ http://localhost:3210/node_modules/.pnpm/@salla.sa+twilight-theme-en_c3cd9c099c8c4c71b5353d842e4aee2e/node_modules/@salla.sa/twilight-theme-engine/dist/chunk-WITIL2MK.js?v=c58539c0:670
[  728233ms] [LOG] [HomeComponentRenderer] RENDER: path=ox-guides, index=10, renderCount=1 @ http://localhost:3210/node_modules/.pnpm/@salla.sa+twilight-theme-en_c3cd9c099c8c4c71b5353d842e4aee2e/node_modules/@salla.sa/twilight-theme-engine/dist/chunk-WITIL2MK.js?v=c58539c0:670
[  728233ms] [LOG] [HomeComponentRenderer] RENDER: path=ox-guides, index=10, renderCount=2 @ http://localhost:3210/node_modules/.pnpm/@salla.sa+twilight-theme-en_c3cd9c099c8c4c71b5353d842e4aee2e/node_modules/@salla.sa/twilight-theme-engine/dist/chunk-WITIL2MK.js?v=c58539c0:670
[  728234ms] [LOG] [HomeComponentRenderer] RENDER: path=ox-branch, index=11, renderCount=1 @ http://localhost:3210/node_modules/.pnpm/@salla.sa+twilight-theme-en_c3cd9c099c8c4c71b5353d842e4aee2e/node_modules/@salla.sa/twilight-theme-engine/dist/chunk-WITIL2MK.js?v=c58539c0:670
[  728234ms] [LOG] [HomeComponentRenderer] RENDER: path=ox-branch, index=11, renderCount=2 @ http://localhost:3210/node_modules/.pnpm/@salla.sa+twilight-theme-en_c3cd9c099c8c4c71b5353d842e4aee2e/node_modules/@salla.sa/twilight-theme-engine/dist/chunk-WITIL2MK.js?v=c58539c0:670
[  728235ms] [LOG] [HomeComponentRenderer] RENDER: path=ox-certifications, index=12, renderCount=1 @ http://localhost:3210/node_modules/.pnpm/@salla.sa+twilight-theme-en_c3cd9c099c8c4c71b5353d842e4aee2e/node_modules/@salla.sa/twilight-theme-engine/dist/chunk-WITIL2MK.js?v=c58539c0:670
[  728236ms] [LOG] [HomeComponentRenderer] RENDER: path=ox-certifications, index=12, renderCount=2 @ http://localhost:3210/node_modules/.pnpm/@salla.sa+twilight-theme-en_c3cd9c099c8c4c71b5353d842e4aee2e/node_modules/@salla.sa/twilight-theme-engine/dist/chunk-WITIL2MK.js?v=c58539c0:670
[  728236ms] [LOG] [HomeComponentRenderer] RENDER: path=ox-faq, index=13, renderCount=1 @ http://localhost:3210/node_modules/.pnpm/@salla.sa+twilight-theme-en_c3cd9c099c8c4c71b5353d842e4aee2e/node_modules/@salla.sa/twilight-theme-engine/dist/chunk-WITIL2MK.js?v=c58539c0:670
[  728236ms] [LOG] [HomeComponentRenderer] RENDER: path=ox-faq, index=13, renderCount=2 @ http://localhost:3210/node_modules/.pnpm/@salla.sa+twilight-theme-en_c3cd9c099c8c4c71b5353d842e4aee2e/node_modules/@salla.sa/twilight-theme-engine/dist/chunk-WITIL2MK.js?v=c58539c0:670
[  728238ms] [LOG] [HomeComponentRenderer] RENDER: path=ox-newsletter, index=14, renderCount=1 @ http://localhost:3210/node_modules/.pnpm/@salla.sa+twilight-theme-en_c3cd9c099c8c4c71b5353d842e4aee2e/node_modules/@salla.sa/twilight-theme-engine/dist/chunk-WITIL2MK.js?v=c58539c0:670
[  728238ms] [LOG] [HomeComponentRenderer] RENDER: path=ox-newsletter, index=14, renderCount=2 @ http://localhost:3210/node_modules/.pnpm/@salla.sa+twilight-theme-en_c3cd9c099c8c4c71b5353d842e4aee2e/node_modules/@salla.sa/twilight-theme-engine/dist/chunk-WITIL2MK.js?v=c58539c0:670
[  728239ms] [LOG] [HomeComponentRenderer] RENDER: path=ox-banner, index=15, renderCount=1 @ http://localhost:3210/node_modules/.pnpm/@salla.sa+twilight-theme-en_c3cd9c099c8c4c71b5353d842e4aee2e/node_modules/@salla.sa/twilight-theme-engine/dist/chunk-WITIL2MK.js?v=c58539c0:670
[  728239ms] [LOG] [HomeComponentRenderer] RENDER: path=ox-banner, index=15, renderCount=2 @ http://localhost:3210/node_modules/.pnpm/@salla.sa+twilight-theme-en_c3cd9c099c8c4c71b5353d842e4aee2e/node_modules/@salla.sa/twilight-theme-engine/dist/chunk-WITIL2MK.js?v=c58539c0:670
[  728242ms] [LOG] [HomeComponentRenderer] MOUNT: path=ox-hero, index=0, renderCount=2 @ http://localhost:3210/node_modules/.pnpm/@salla.sa+twilight-theme-en_c3cd9c099c8c4c71b5353d842e4aee2e/node_modules/@salla.sa/twilight-theme-engine/dist/chunk-WITIL2MK.js?v=c58539c0:673
[  728243ms] [LOG] [HomeComponentRenderer] MOUNT: path=ox-trust-strip, index=1, renderCount=2 @ http://localhost:3210/node_modules/.pnpm/@salla.sa+twilight-theme-en_c3cd9c099c8c4c71b5353d842e4aee2e/node_modules/@salla.sa/twilight-theme-engine/dist/chunk-WITIL2MK.js?v=c58539c0:673
[  728243ms] [LOG] [HomeComponentRenderer] MOUNT: path=ox-goals, index=2, renderCount=2 @ http://localhost:3210/node_modules/.pnpm/@salla.sa+twilight-theme-en_c3cd9c099c8c4c71b5353d842e4aee2e/node_modules/@salla.sa/twilight-theme-engine/dist/chunk-WITIL2MK.js?v=c58539c0:673
[  728244ms] [LOG] [HomeComponentRenderer] MOUNT: path=ox-products, index=3, renderCount=2 @ http://localhost:3210/node_modules/.pnpm/@salla.sa+twilight-theme-en_c3cd9c099c8c4c71b5353d842e4aee2e/node_modules/@salla.sa/twilight-theme-engine/dist/chunk-WITIL2MK.js?v=c58539c0:673
[  728244ms] [LOG] [HomeComponentRenderer] MOUNT: path=ox-poster, index=4, renderCount=2 @ http://localhost:3210/node_modules/.pnpm/@salla.sa+twilight-theme-en_c3cd9c099c8c4c71b5353d842e4aee2e/node_modules/@salla.sa/twilight-theme-engine/dist/chunk-WITIL2MK.js?v=c58539c0:673
[  728245ms] [LOG] [HomeComponentRenderer] MOUNT: path=ox-posters, index=5, renderCount=2 @ http://localhost:3210/node_modules/.pnpm/@salla.sa+twilight-theme-en_c3cd9c099c8c4c71b5353d842e4aee2e/node_modules/@salla.sa/twilight-theme-engine/dist/chunk-WITIL2MK.js?v=c58539c0:673
[  728246ms] [LOG] [HomeComponentRenderer] MOUNT: path=ox-products-secondary, index=6, renderCount=2 @ http://localhost:3210/node_modules/.pnpm/@salla.sa+twilight-theme-en_c3cd9c099c8c4c71b5353d842e4aee2e/node_modules/@salla.sa/twilight-theme-engine/dist/chunk-WITIL2MK.js?v=c58539c0:673
[  728246ms] [LOG] [HomeComponentRenderer] MOUNT: path=ox-categories, index=7, renderCount=2 @ http://localhost:3210/node_modules/.pnpm/@salla.sa+twilight-theme-en_c3cd9c099c8c4c71b5353d842e4aee2e/node_modules/@salla.sa/twilight-theme-engine/dist/chunk-WITIL2MK.js?v=c58539c0:673
[  728247ms] [LOG] [HomeComponentRenderer] MOUNT: path=ox-brands, index=8, renderCount=2 @ http://localhost:3210/node_modules/.pnpm/@salla.sa+twilight-theme-en_c3cd9c099c8c4c71b5353d842e4aee2e/node_modules/@salla.sa/twilight-theme-engine/dist/chunk-WITIL2MK.js?v=c58539c0:673
[  728247ms] [LOG] [HomeComponentRenderer] MOUNT: path=ox-services, index=9, renderCount=2 @ http://localhost:3210/node_modules/.pnpm/@salla.sa+twilight-theme-en_c3cd9c099c8c4c71b5353d842e4aee2e/node_modules/@salla.sa/twilight-theme-engine/dist/chunk-WITIL2MK.js?v=c58539c0:673
[  728248ms] [LOG] [HomeComponentRenderer] MOUNT: path=ox-guides, index=10, renderCount=2 @ http://localhost:3210/node_modules/.pnpm/@salla.sa+twilight-theme-en_c3cd9c099c8c4c71b5353d842e4aee2e/node_modules/@salla.sa/twilight-theme-engine/dist/chunk-WITIL2MK.js?v=c58539c0:673
[  728248ms] [LOG] [HomeComponentRenderer] MOUNT: path=ox-branch, index=11, renderCount=2 @ http://localhost:3210/node_modules/.pnpm/@salla.sa+twilight-theme-en_c3cd9c099c8c4c71b5353d842e4aee2e/node_modules/@salla.sa/twilight-theme-engine/dist/chunk-WITIL2MK.js?v=c58539c0:673
[  728249ms] [LOG] [HomeComponentRenderer] MOUNT: path=ox-certifications, index=12, renderCount=2 @ http://localhost:3210/node_modules/.pnpm/@salla.sa+twilight-theme-en_c3cd9c099c8c4c71b5353d842e4aee2e/node_modules/@salla.sa/twilight-theme-engine/dist/chunk-WITIL2MK.js?v=c58539c0:673
[  728250ms] [LOG] [HomeComponentRenderer] MOUNT: path=ox-faq, index=13, renderCount=2 @ http://localhost:3210/node_modules/.pnpm/@salla.sa+twilight-theme-en_c3cd9c099c8c4c71b5353d842e4aee2e/node_modules/@salla.sa/twilight-theme-engine/dist/chunk-WITIL2MK.js?v=c58539c0:673
[  728250ms] [LOG] [HomeComponentRenderer] MOUNT: path=ox-newsletter, index=14, renderCount=2 @ http://localhost:3210/node_modules/.pnpm/@salla.sa+twilight-theme-en_c3cd9c099c8c4c71b5353d842e4aee2e/node_modules/@salla.sa/twilight-theme-engine/dist/chunk-WITIL2MK.js?v=c58539c0:673
[  728251ms] [LOG] [HomeComponentRenderer] MOUNT: path=ox-banner, index=15, renderCount=2 @ http://localhost:3210/node_modules/.pnpm/@salla.sa+twilight-theme-en_c3cd9c099c8c4c71b5353d842e4aee2e/node_modules/@salla.sa/twilight-theme-engine/dist/chunk-WITIL2MK.js?v=c58539c0:673
[  728267ms] [ERROR] A tree hydrated but some attributes of the server rendered HTML didn't match the client properties. This won't be patched up. This can happen if a SSR-ed Client Component used:

- A server/client branch `if (typeof window !== 'undefined')`.
- Variable input such as `Date.now()` or `Math.random()` which changes each time it's called.
- Date formatting in a user's locale which doesn't match the server.
- External changing data without sending a snapshot of it along with the HTML.
- Invalid HTML tag nesting.

It can also happen if the client has a browser extension installed which messes with the HTML before React loaded.

%s%s https://react.dev/link/hydration-mismatch 

  ...
    <RenderWhenVisible2 rootMargin="50px" className="s-block s-..." id={undefined} estimatedHeight="clamp(480p..." ...>
      <section ref={undefined} className="s-block s-..." id={undefined} style={{...}}>
        <Suspense fallback={<HeroSkeleton>}>
          <ComponentErrorBoundary data={{path:"ox-hero", ...}} position={1}>
            <OxHero data={{path:"ox-hero", ...}}>
              <section className="ox-hero ox..." data-testid="ox-hero">
                <div>
                <div className="ox-hero__i...">
                  <div className="ox-hero__text">
                    <h1>
                    <p>
                    <div className="ox-hero__a...">
                      <Button>
                      <Button to="/services" variant="secondary" size={48} className="ox-cta-pill">
                        <Link to="/services" ref={function setRefs} className="ox-btn ox-..." aria-disabled={undefined} ...>
                          <TanStackLinkAdapter ref={function setRefs} to="/services" className="ox-btn ox-..." ...>
                            <a
                              className="ox-btn ox-btn--secondary ox-btn--s48 ox-cta-pill"
                              style={{}}
                              title={undefined}
                              target={undefined}
                              rel={undefined}
                              onClick={function handleClick}
                              aria-label={undefined}
                              aria-disabled={undefined}
                              aria-busy={undefined}
                              data-spa-link=""
                              ref={function}
                              onBlur={function handleLeave}
                              onFocus={function}
                              onMouseEnter={function}
                              onMouseLeave={function handleLeave}
                              onTouchStart={function handleTouchStart}
+                             href="/latest-products/services"
-                             href="/services"
                            >
          ...
 @ http://localhost:3210/@vite/client:532
[  728309ms] [ERROR] A tree hydrated but some attributes of the server rendered HTML didn't match the client properties. This won't be patched up. This can happen if a SSR-ed Client Component used:

- A server/client branch `if (typeof window !== 'undefined')`.
- Variable input such as `Date.now()` or `Math.random()` which changes each time it's called.
- Date formatting in a user's locale which doesn't match the server.
- External changing data without sending a snapshot of it along with the HTML.
- Invalid HTML tag nesting.

It can also happen if the client has a browser extension installed which messes with the HTML before React loaded.

%s%s https://react.dev/link/hydration-mismatch 

  ...
    <RenderWhenVisible2 rootMargin="50px" className="s-block s-..." id={undefined} estimatedHeight="clamp(332p..." ...>
      <section ref={undefined} className="s-block s-..." id={undefined} style={{...}}>
        <Suspense fallback={<GoalsSkeleton>}>
          <ComponentErrorBoundary data={{path:"ox-g...", ...}} position={3}>
            <OxGoals data={{path:"ox-g...", ...}}>
              <section className="ox-goals" id="ox-goals" data-testid="ox-goals">
                <div className="ox-container">
                  <SectionHeader>
                  <ul className="ox-goals__..." ref={{current:null}}>
                    <li style={{--i:"0"}}>
                      <GoalCard slug="goal-energy" label="مكملات الطاقة" line="ما قبل الت..." icon="goal-energy" ...>
                        <Link to="/search?q=..." className="ox-goal" data-testid="ox-goal-card" data-goal="goal-energy" ...>
                          <TanStackLinkAdapter ref={null} to="/search?q=..." className="ox-goal" ...>
                            <a
                              className="ox-goal"
                              style={{--i:"0"}}
                              title={undefined}
                              target={undefined}
                              rel={undefined}
                              onClick={function handleClick}
                              aria-label={undefined}
                              data-testid="ox-goal-card"
                              data-goal="goal-energy"
                              data-spa-link=""
                              ref={{current:null}}
                              onBlur={function handleLeave}
                              onFocus={function}
                              onMouseEnter={function}
                              onMouseLeave={function handleLeave}
                              onTouchStart={function handleTouchStart}
+                             href="/latest-products/search?q=%D9%85%D9%83%D9%85%D9%84%D8%A7%D8%AA%20%D8%A7%D9%84%D8%B..."
-                             href="/search?q=%D9%85%D9%83%D9%85%D9%84%D8%A7%D8%AA%20%D8%A7%D9%84%D8%B7%D8%A7%D9%82%D8%A9"
                            >
                    <li style={{--i:"1"}}>
                      <GoalCard slug="goal-gener..." label="مكملات الص..." line="ملتي فيتام..." icon="goal-gener..." ...>
                        <Link to="/search?q=..." className="ox-goal" data-testid="ox-goal-card" data-goal="goal-gener..." ...>
                          <TanStackLinkAdapter ref={null} to="/search?q=..." className="ox-goal" ...>
                            <a
                              className="ox-goal"
                              style={{--i:"1"}}
                              title={undefined}
                              target={undefined}
                              rel={undefined}
                              onClick={function handleClick}
                              aria-label={undefined}
                              data-testid="ox-goal-card"
                              data-goal="goal-general-health"
                              data-spa-link=""
                              ref={{current:null}}
                              onBlur={function handleLeave}
                              onFocus={function}
                              onMouseEnter={function}
                              onMouseLeave={function handleLeave}
                              onTouchStart={function handleTouchStart}
+                             href="/latest-products/search?q=%D9%85%D9%83%D9%85%D9%84%D8%A7%D8%AA%20%D8%A7%D9%84%D8%B..."
-                             href="/search?q=%D9%85%D9%83%D9%85%D9%84%D8%A7%D8%AA%20%D8%A7%D9%84%D8%B5%D8%AD%D8%A9%20..."
                            >
                    <li style={{--i:"2"}}>
                      <GoalCard slug="goal-perfo..." label="مكملات الأ..." line="بروتين، كر..." icon="goal-perfo..." ...>
                        <Link to="/search?q=..." className="ox-goal" data-testid="ox-goal-card" data-goal="goal-perfo..." ...>
                          <TanStackLinkAdapter ref={null} to="/search?q=..." className="ox-goal" ...>
                            <a
                              className="ox-goal"
                              style={{--i:"2"}}
                              title={undefined}
                              target={undefined}
                              rel={undefined}
                              onClick={function handleClick}
                              aria-label={undefined}
                              data-testid="ox-goal-card"
                              data-goal="goal-performance"
                              data-spa-link=""
                              ref={{current:null}}
                              onBlur={function handleLeave}
                              onFocus={function}
                              onMouseEnter={function}
                              onMouseLeave={function handleLeave}
                              onTouchStart={function handleTouchStart}
+                             href="/latest-products/search?q=%D9%85%D9%83%D9%85%D9%84%D8%A7%D8%AA%20%D8%A7%D9%84%D8%A..."
-                             href="/search?q=%D9%85%D9%83%D9%85%D9%84%D8%A7%D8%AA%20%D8%A7%D9%84%D8%A3%D8%AF%D8%A7%D8..."
                            >
                    <li style={{--i:"3"}}>
                      <GoalCard slug="goal-recovery" label="مكملات الت..." line="بروتين، كا..." icon="goal-recovery" ...>
                        <Link to="/search?q=..." className="ox-goal" data-testid="ox-goal-card" data-goal="goal-recovery" ...>
                          <TanStackLinkAdapter ref={null} to="/search?q=..." className="ox-goal" ...>
                            <a
                              className="ox-goal"
                              style={{--i:"3"}}
                              title={undefined}
                              target={undefined}
                              rel={undefined}
                              onClick={function handleClick}
                              aria-label={undefined}
                              data-testid="ox-goal-card"
                              data-goal="goal-recovery"
                              data-spa-link=""
                              ref={{current:null}}
                              onBlur={function handleLeave}
                              onFocus={function}
                              onMouseEnter={function}
                              onMouseLeave={function handleLeave}
                              onTouchStart={function handleTouchStart}
+                             href="/latest-products/search?q=%D9%85%D9%83%D9%85%D9%84%D8%A7%D8%AA%20%D8%A7%D9%84%D8%A..."
-                             href="/search?q=%D9%85%D9%83%D9%85%D9%84%D8%A7%D8%AA%20%D8%A7%D9%84%D8%AA%D8%B9%D8%A7%D9..."
                            >
                    <li style={{--i:"4"}}>
                      <GoalCard slug="goal-hair-..." label="مكملات الش..." line="كولاجين، ب..." icon="goal-hair-..." ...>
                        <Link to="/search?q=..." className="ox-goal" data-testid="ox-goal-card" data-goal="goal-hair-..." ...>
                          <TanStackLinkAdapter ref={null} to="/search?q=..." className="ox-goal" ...>
                            <a
                              className="ox-goal"
                              style={{--i:"4"}}
                              title={undefined}
                              target={undefined}
                              rel={undefined}
                              onClick={function handleClick}
                              aria-label={undefined}
                              data-testid="ox-goal-card"
                              data-goal="goal-hair-skin"
                              data-spa-link=""
                              ref={{current:null}}
                              onBlur={function handleLeave}
                              onFocus={function}
                              onMouseEnter={function}
                              onMouseLeave={function handleLeave}
                              onTouchStart={function handleTouchStart}
+                             href="/latest-products/search?q=%D9%85%D9%83%D9%85%D9%84%D8%A7%D8%AA%20%D8%A7%D9%84%D8%B..."
-                             href="/search?q=%D9%85%D9%83%D9%85%D9%84%D8%A7%D8%AA%20%D8%A7%D9%84%D8%B4%D8%B9%D8%B1%20..."
                            >
                    <li style={{--i:"5"}}>
                      <GoalCard slug="goal-ideal..." label="مكملات الو..." line="ماس جينر، ..." icon="goal-ideal..." ...>
                        <Link to="/search?q=..." className="ox-goal" data-testid="ox-goal-card" data-goal="goal-ideal..." ...>
                          <TanStackLinkAdapter ref={null} to="/search?q=..." className="ox-goal" ...>
                            <a
                              className="ox-goal"
                              style={{--i:"5"}}
                              title={undefined}
                              target={undefined}
                              rel={undefined}
                              onClick={function handleClick}
                              aria-label={undefined}
                              data-testid="ox-goal-card"
                              data-goal="goal-ideal-weight"
                              data-spa-link=""
                              ref={{current:null}}
                              onBlur={function handleLeave}
                              onFocus={function}
                              onMouseEnter={function}
                              onMouseLeave={function handleLeave}
                              onTouchStart={function handleTouchStart}
+                             href="/latest-products/search?q=%D9%85%D9%83%D9%85%D9%84%D8%A7%D8%AA%20%D8%A7%D9%84%D9%8..."
-                             href="/search?q=%D9%85%D9%83%D9%85%D9%84%D8%A7%D8%AA%20%D8%A7%D9%84%D9%88%D8%B2%D9%86%20..."
                            >
          ...
 @ http://localhost:3210/@vite/client:532
[  748577ms] [ERROR] [store.settings] Failed: TypeError: Failed to execute 'set' on 'Headers': String contains non ISO-8859-1 code point.
    at ky.extend.hooks.beforeRequest (http://localhost:3210/node_modules/.pnpm/@salla.sa+twilight-theme-en_c3cd9c099c8c4c71b5353d842e4aee2e/node_modules/@salla.sa/twilight-theme-engine/dist/chunk-O6XXHXC4.js?v=c58539c0:95:25)
    at http://localhost:3210/node_modules/.pnpm/ky@2.1.0/node_modules/ky/distribution/core/Ky.js?v=c58539c0:731:73
    at #raceWithTotalTimeout (http://localhost:3210/node_modules/.pnpm/ky@2.1.0/node_modules/ky/distribution/core/Ky.js?v=c58539c0:572:20)
    at #runBeforeRequestHooks (http://localhost:3210/node_modules/.pnpm/ky@2.1.0/node_modules/ky/distribution/core/Ky.js?v=c58539c0:731:60)
    at function_ (http://localhost:3210/node_modules/.pnpm/ky@2.1.0/node_modules/ky/distribution/core/Ky.js?v=c58539c0:117:74)
    at async http://localhost:3210/node_modules/.pnpm/ky@2.1.0/node_modules/ky/distribution/core/Ky.js?v=c58539c0:195:24
    at async result.<computed> [as json] (http://localhost:3210/node_modules/.pnpm/ky@2.1.0/node_modules/ky/distribution/core/Ky.js?v=c58539c0:219:34)
    at async Object.settings (http://localhost:3210/node_modules/.pnpm/@salla.sa+twilight-theme-en_c3cd9c099c8c4c71b5353d842e4aee2e/node_modules/@salla.sa/twilight-theme-engine/dist/chunk-WMSOSA74.js?v=c58539c0:34:20) @ http://localhost:3210/@vite/client:532
[  749316ms] [ERROR] [store.settings] Failed: TypeError: Failed to execute 'set' on 'Headers': String contains non ISO-8859-1 code point.
    at ky.extend.hooks.beforeRequest (http://localhost:3210/node_modules/.pnpm/@salla.sa+twilight-theme-en_c3cd9c099c8c4c71b5353d842e4aee2e/node_modules/@salla.sa/twilight-theme-engine/dist/chunk-O6XXHXC4.js?v=c58539c0:95:25)
    at http://localhost:3210/node_modules/.pnpm/ky@2.1.0/node_modules/ky/distribution/core/Ky.js?v=c58539c0:731:73
    at #raceWithTotalTimeout (http://localhost:3210/node_modules/.pnpm/ky@2.1.0/node_modules/ky/distribution/core/Ky.js?v=c58539c0:572:20)
    at #runBeforeRequestHooks (http://localhost:3210/node_modules/.pnpm/ky@2.1.0/node_modules/ky/distribution/core/Ky.js?v=c58539c0:731:60)
    at function_ (http://localhost:3210/node_modules/.pnpm/ky@2.1.0/node_modules/ky/distribution/core/Ky.js?v=c58539c0:117:74)
    at async http://localhost:3210/node_modules/.pnpm/ky@2.1.0/node_modules/ky/distribution/core/Ky.js?v=c58539c0:195:24
    at async result.<computed> [as json] (http://localhost:3210/node_modules/.pnpm/ky@2.1.0/node_modules/ky/distribution/core/Ky.js?v=c58539c0:219:34)
    at async Object.settings (http://localhost:3210/node_modules/.pnpm/@salla.sa+twilight-theme-en_c3cd9c099c8c4c71b5353d842e4aee2e/node_modules/@salla.sa/twilight-theme-engine/dist/chunk-WMSOSA74.js?v=c58539c0:34:20) @ http://localhost:3210/@vite/client:532
[  750908ms] [ERROR] [store.settings] Failed: TypeError: Failed to execute 'set' on 'Headers': String contains non ISO-8859-1 code point.
    at ky.extend.hooks.beforeRequest (http://localhost:3210/node_modules/.pnpm/@salla.sa+twilight-theme-en_c3cd9c099c8c4c71b5353d842e4aee2e/node_modules/@salla.sa/twilight-theme-engine/dist/chunk-O6XXHXC4.js?v=c58539c0:95:25)
    at http://localhost:3210/node_modules/.pnpm/ky@2.1.0/node_modules/ky/distribution/core/Ky.js?v=c58539c0:731:73
    at #raceWithTotalTimeout (http://localhost:3210/node_modules/.pnpm/ky@2.1.0/node_modules/ky/distribution/core/Ky.js?v=c58539c0:572:20)
    at #runBeforeRequestHooks (http://localhost:3210/node_modules/.pnpm/ky@2.1.0/node_modules/ky/distribution/core/Ky.js?v=c58539c0:731:60)
    at function_ (http://localhost:3210/node_modules/.pnpm/ky@2.1.0/node_modules/ky/distribution/core/Ky.js?v=c58539c0:117:74)
    at async http://localhost:3210/node_modules/.pnpm/ky@2.1.0/node_modules/ky/distribution/core/Ky.js?v=c58539c0:195:24
    at async result.<computed> [as json] (http://localhost:3210/node_modules/.pnpm/ky@2.1.0/node_modules/ky/distribution/core/Ky.js?v=c58539c0:219:34)
    at async Object.settings (http://localhost:3210/node_modules/.pnpm/@salla.sa+twilight-theme-en_c3cd9c099c8c4c71b5353d842e4aee2e/node_modules/@salla.sa/twilight-theme-engine/dist/chunk-WMSOSA74.js?v=c58539c0:34:20) @ http://localhost:3210/@vite/client:532
[  754852ms] [ERROR] [store.settings] Failed: TypeError: Failed to execute 'set' on 'Headers': String contains non ISO-8859-1 code point.
    at ky.extend.hooks.beforeRequest (http://localhost:3210/node_modules/.pnpm/@salla.sa+twilight-theme-en_c3cd9c099c8c4c71b5353d842e4aee2e/node_modules/@salla.sa/twilight-theme-engine/dist/chunk-O6XXHXC4.js?v=c58539c0:95:25)
    at http://localhost:3210/node_modules/.pnpm/ky@2.1.0/node_modules/ky/distribution/core/Ky.js?v=c58539c0:731:73
    at #raceWithTotalTimeout (http://localhost:3210/node_modules/.pnpm/ky@2.1.0/node_modules/ky/distribution/core/Ky.js?v=c58539c0:572:20)
    at #runBeforeRequestHooks (http://localhost:3210/node_modules/.pnpm/ky@2.1.0/node_modules/ky/distribution/core/Ky.js?v=c58539c0:731:60)
    at function_ (http://localhost:3210/node_modules/.pnpm/ky@2.1.0/node_modules/ky/distribution/core/Ky.js?v=c58539c0:117:74)
    at async http://localhost:3210/node_modules/.pnpm/ky@2.1.0/node_modules/ky/distribution/core/Ky.js?v=c58539c0:195:24
    at async result.<computed> [as json] (http://localhost:3210/node_modules/.pnpm/ky@2.1.0/node_modules/ky/distribution/core/Ky.js?v=c58539c0:219:34)
    at async Object.settings (http://localhost:3210/node_modules/.pnpm/@salla.sa+twilight-theme-en_c3cd9c099c8c4c71b5353d842e4aee2e/node_modules/@salla.sa/twilight-theme-engine/dist/chunk-WMSOSA74.js?v=c58539c0:34:20) @ http://localhost:3210/@vite/client:532
[  756116ms] [ERROR] [store.settings] Failed: TypeError: Failed to execute 'set' on 'Headers': String contains non ISO-8859-1 code point.
    at ky.extend.hooks.beforeRequest (http://localhost:3210/node_modules/.pnpm/@salla.sa+twilight-theme-en_c3cd9c099c8c4c71b5353d842e4aee2e/node_modules/@salla.sa/twilight-theme-engine/dist/chunk-O6XXHXC4.js?v=c58539c0:95:25)
    at http://localhost:3210/node_modules/.pnpm/ky@2.1.0/node_modules/ky/distribution/core/Ky.js?v=c58539c0:731:73
    at #raceWithTotalTimeout (http://localhost:3210/node_modules/.pnpm/ky@2.1.0/node_modules/ky/distribution/core/Ky.js?v=c58539c0:572:20)
    at #runBeforeRequestHooks (http://localhost:3210/node_modules/.pnpm/ky@2.1.0/node_modules/ky/distribution/core/Ky.js?v=c58539c0:731:60)
    at function_ (http://localhost:3210/node_modules/.pnpm/ky@2.1.0/node_modules/ky/distribution/core/Ky.js?v=c58539c0:117:74)
    at async http://localhost:3210/node_modules/.pnpm/ky@2.1.0/node_modules/ky/distribution/core/Ky.js?v=c58539c0:195:24
    at async result.<computed> [as json] (http://localhost:3210/node_modules/.pnpm/ky@2.1.0/node_modules/ky/distribution/core/Ky.js?v=c58539c0:219:34)
    at async Object.settings (http://localhost:3210/node_modules/.pnpm/@salla.sa+twilight-theme-en_c3cd9c099c8c4c71b5353d842e4aee2e/node_modules/@salla.sa/twilight-theme-engine/dist/chunk-WMSOSA74.js?v=c58539c0:34:20) @ http://localhost:3210/@vite/client:532
[  759420ms] [ERROR] [store.settings] Failed: TypeError: Failed to execute 'set' on 'Headers': String contains non ISO-8859-1 code point.
    at ky.extend.hooks.beforeRequest (http://localhost:3210/node_modules/.pnpm/@salla.sa+twilight-theme-en_c3cd9c099c8c4c71b5353d842e4aee2e/node_modules/@salla.sa/twilight-theme-engine/dist/chunk-O6XXHXC4.js?v=c58539c0:95:25)
    at http://localhost:3210/node_modules/.pnpm/ky@2.1.0/node_modules/ky/distribution/core/Ky.js?v=c58539c0:731:73
    at #raceWithTotalTimeout (http://localhost:3210/node_modules/.pnpm/ky@2.1.0/node_modules/ky/distribution/core/Ky.js?v=c58539c0:572:20)
    at #runBeforeRequestHooks (http://localhost:3210/node_modules/.pnpm/ky@2.1.0/node_modules/ky/distribution/core/Ky.js?v=c58539c0:731:60)
    at function_ (http://localhost:3210/node_modules/.pnpm/ky@2.1.0/node_modules/ky/distribution/core/Ky.js?v=c58539c0:117:74)
    at async http://localhost:3210/node_modules/.pnpm/ky@2.1.0/node_modules/ky/distribution/core/Ky.js?v=c58539c0:195:24
    at async result.<computed> [as json] (http://localhost:3210/node_modules/.pnpm/ky@2.1.0/node_modules/ky/distribution/core/Ky.js?v=c58539c0:219:34)
    at async Object.settings (http://localhost:3210/node_modules/.pnpm/@salla.sa+twilight-theme-en_c3cd9c099c8c4c71b5353d842e4aee2e/node_modules/@salla.sa/twilight-theme-engine/dist/chunk-WMSOSA74.js?v=c58539c0:34:20) @ http://localhost:3210/@vite/client:532
[  771337ms] [ERROR] [store.settings] Failed: TypeError: Failed to execute 'set' on 'Headers': String contains non ISO-8859-1 code point.
    at ky.extend.hooks.beforeRequest (http://localhost:3210/node_modules/.pnpm/@salla.sa+twilight-theme-en_c3cd9c099c8c4c71b5353d842e4aee2e/node_modules/@salla.sa/twilight-theme-engine/dist/chunk-O6XXHXC4.js?v=c58539c0:95:25)
    at http://localhost:3210/node_modules/.pnpm/ky@2.1.0/node_modules/ky/distribution/core/Ky.js?v=c58539c0:731:73
    at #raceWithTotalTimeout (http://localhost:3210/node_modules/.pnpm/ky@2.1.0/node_modules/ky/distribution/core/Ky.js?v=c58539c0:572:20)
    at #runBeforeRequestHooks (http://localhost:3210/node_modules/.pnpm/ky@2.1.0/node_modules/ky/distribution/core/Ky.js?v=c58539c0:731:60)
    at function_ (http://localhost:3210/node_modules/.pnpm/ky@2.1.0/node_modules/ky/distribution/core/Ky.js?v=c58539c0:117:74)
    at async http://localhost:3210/node_modules/.pnpm/ky@2.1.0/node_modules/ky/distribution/core/Ky.js?v=c58539c0:195:24
    at async result.<computed> [as json] (http://localhost:3210/node_modules/.pnpm/ky@2.1.0/node_modules/ky/distribution/core/Ky.js?v=c58539c0:219:34)
    at async Object.settings (http://localhost:3210/node_modules/.pnpm/@salla.sa+twilight-theme-en_c3cd9c099c8c4c71b5353d842e4aee2e/node_modules/@salla.sa/twilight-theme-engine/dist/chunk-WMSOSA74.js?v=c58539c0:34:20) @ http://localhost:3210/@vite/client:532
[  815787ms] [LOG] [offline-api] browser: api.salla.dev + cdn.salla.network -> http://127.0.0.1:5178 @ http://localhost:3210/:0
[  816154ms] [INFO] %cDownload the React DevTools for a better development experience: https://react.dev/link/react-devtools font-weight:bold @ http://localhost:3210/node_modules/.vite/deps/react-dom_client.js?v=c58539c0:14335
[  816234ms] [WARNING] [Twilight] Could not hydrate twilight context: no root match in router state @ http://localhost:3210/@vite/client:532
[  816320ms] [ERROR] The result of getServerSnapshot should be cached to avoid an infinite loop @ http://localhost:3210/@vite/client:532
[  816348ms] [ERROR] A tree hydrated but some attributes of the server rendered HTML didn't match the client properties. This won't be patched up. This can happen if a SSR-ed Client Component used:

- A server/client branch `if (typeof window !== 'undefined')`.
- Variable input such as `Date.now()` or `Math.random()` which changes each time it's called.
- Date formatting in a user's locale which doesn't match the server.
- External changing data without sending a snapshot of it along with the HTML.
- Invalid HTML tag nesting.

It can also happen if the client has a browser extension installed which messes with the HTML before React loaded.

%s%s https://react.dev/link/hydration-mismatch 

  ...
    <ThemeDocumentSync>
    <TanStackDocumentSync>
    <NavigationSetup>
      <NavigationProvider navigate={function}>
        <LinkProvider adapter={{...}}>
          <WidgetHead>
          <AppsSnippets>
          <HookSlot>
          <Suspense>
          <OptimalXLayout>
            <div>
            <BottomTabBar>
              <nav className="ox-tabbar" aria-label="تنقل سريع" data-testid="ox-tabbar">
                <ul className="ox-tabbar_...">
                  <li>
                    <Link to="/" className="ox-tab">
                      <TanStackLinkAdapter ref={null} to="/" className="ox-tab" data-spa-link="">
                        <a
+                         className="ox-tab active"
-                         className="ox-tab is-active active"
                          style={undefined}
                          title={undefined}
                          target={undefined}
                          rel={undefined}
                          onClick={function handleClick}
                          aria-label={undefined}
                          data-spa-link=""
                          ref={{current:null}}
                          onBlur={function handleLeave}
                          onFocus={function}
                          onMouseEnter={function}
                          onMouseLeave={function handleLeave}
                          onTouchStart={function handleTouchStart}
                          href="/"
                          data-status="active"
                          aria-current="page"
                        >
                  ...
            ...
          ...
 @ http://localhost:3210/@vite/client:532
[  816801ms] [LOG] [HomeComponentRenderer] RENDER: path=ox-hero, index=0, renderCount=1 @ http://localhost:3210/node_modules/.pnpm/@salla.sa+twilight-theme-en_c3cd9c099c8c4c71b5353d842e4aee2e/node_modules/@salla.sa/twilight-theme-engine/dist/chunk-WITIL2MK.js?v=c58539c0:670
[  816802ms] [LOG] [HomeComponentRenderer] RENDER: path=ox-hero, index=0, renderCount=2 @ http://localhost:3210/node_modules/.pnpm/@salla.sa+twilight-theme-en_c3cd9c099c8c4c71b5353d842e4aee2e/node_modules/@salla.sa/twilight-theme-engine/dist/chunk-WITIL2MK.js?v=c58539c0:670
[  816812ms] Error: Hydration failed because the server rendered HTML didn't match the client. As a result this tree will be regenerated on the client. This can happen if a SSR-ed Client Component used:

- A server/client branch `if (typeof window !== 'undefined')`.
- Variable input such as `Date.now()` or `Math.random()` which changes each time it's called.
- Date formatting in a user's locale which doesn't match the server.
- External changing data without sending a snapshot of it along with the HTML.
- Invalid HTML tag nesting.

It can also happen if the client has a browser extension installed which messes with the HTML before React loaded.

https://react.dev/link/hydration-mismatch

  ...
    <Matches>
      <Transitioner>
      <SafeFragment fallback={<Context>}>
        <MatchesInner>
          <CatchBoundary getResetKey={function getResetKey} onCatch={function}>
            <MatchImpl routeId="__root__">
              <MatchView router={{...}} match={{id:"__root__/", ...}}>
                <RootComponent>
                  <html lang="ar" dir="rtl" suppressHydrationWarning={true}>
                    <head>
                    <body suppressHydrationWarning={true}>
                      <noscript>
                      <TwilightProvider>
                      <Suspense fallback={null}>
                        <TanStackRouterDevtools position="bottom-right">
+                         <div ref={{current:null}}>
                      ...

    at throwOnHydrationMismatch (http://localhost:3210/node_modules/.vite/deps/react-dom_client.js?v=c58539c0:2968:51)
    at beginWork (http://localhost:3210/node_modules/.vite/deps/react-dom_client.js?v=c58539c0:6200:914)
    at runWithFiberInDEV (http://localhost:3210/node_modules/.vite/deps/react-dom_client.js?v=c58539c0:851:66)
    at performUnitOfWork (http://localhost:3210/node_modules/.vite/deps/react-dom_client.js?v=c58539c0:8429:92)
    at workLoopConcurrentByScheduler (http://localhost:3210/node_modules/.vite/deps/react-dom_client.js?v=c58539c0:8425:55)
    at renderRootConcurrent (http://localhost:3210/node_modules/.vite/deps/react-dom_client.js?v=c58539c0:8408:64)
    at performWorkOnRoot (http://localhost:3210/node_modules/.vite/deps/react-dom_client.js?v=c58539c0:7957:145)
    at performWorkOnRootViaSchedulerTask (http://localhost:3210/node_modules/.vite/deps/react-dom_client.js?v=c58539c0:9059:4)
    at MessagePort.performWorkUntilDeadline (http://localhost:3210/node_modules/.vite/deps/react-dom_client.js?v=c58539c0:36:38)
[  816818ms] [LOG] [HomeComponentRenderer] RENDER: path=ox-hero, index=0, renderCount=1 @ http://localhost:3210/node_modules/.pnpm/@salla.sa+twilight-theme-en_c3cd9c099c8c4c71b5353d842e4aee2e/node_modules/@salla.sa/twilight-theme-engine/dist/chunk-WITIL2MK.js?v=c58539c0:670
[  816818ms] [LOG] [HomeComponentRenderer] RENDER: path=ox-hero, index=0, renderCount=2 @ http://localhost:3210/node_modules/.pnpm/@salla.sa+twilight-theme-en_c3cd9c099c8c4c71b5353d842e4aee2e/node_modules/@salla.sa/twilight-theme-engine/dist/chunk-WITIL2MK.js?v=c58539c0:670
[  816818ms] [LOG] [HomeComponentRenderer] RENDER: path=ox-trust-strip, index=1, renderCount=1 @ http://localhost:3210/node_modules/.pnpm/@salla.sa+twilight-theme-en_c3cd9c099c8c4c71b5353d842e4aee2e/node_modules/@salla.sa/twilight-theme-engine/dist/chunk-WITIL2MK.js?v=c58539c0:670
[  816819ms] [LOG] [HomeComponentRenderer] RENDER: path=ox-trust-strip, index=1, renderCount=2 @ http://localhost:3210/node_modules/.pnpm/@salla.sa+twilight-theme-en_c3cd9c099c8c4c71b5353d842e4aee2e/node_modules/@salla.sa/twilight-theme-engine/dist/chunk-WITIL2MK.js?v=c58539c0:670
[  816819ms] [LOG] [HomeComponentRenderer] RENDER: path=ox-goals, index=2, renderCount=1 @ http://localhost:3210/node_modules/.pnpm/@salla.sa+twilight-theme-en_c3cd9c099c8c4c71b5353d842e4aee2e/node_modules/@salla.sa/twilight-theme-engine/dist/chunk-WITIL2MK.js?v=c58539c0:670
[  816819ms] [LOG] [HomeComponentRenderer] RENDER: path=ox-goals, index=2, renderCount=2 @ http://localhost:3210/node_modules/.pnpm/@salla.sa+twilight-theme-en_c3cd9c099c8c4c71b5353d842e4aee2e/node_modules/@salla.sa/twilight-theme-engine/dist/chunk-WITIL2MK.js?v=c58539c0:670
[  816821ms] [LOG] [HomeComponentRenderer] RENDER: path=ox-products, index=3, renderCount=1 @ http://localhost:3210/node_modules/.pnpm/@salla.sa+twilight-theme-en_c3cd9c099c8c4c71b5353d842e4aee2e/node_modules/@salla.sa/twilight-theme-engine/dist/chunk-WITIL2MK.js?v=c58539c0:670
[  816821ms] [LOG] [HomeComponentRenderer] RENDER: path=ox-products, index=3, renderCount=2 @ http://localhost:3210/node_modules/.pnpm/@salla.sa+twilight-theme-en_c3cd9c099c8c4c71b5353d842e4aee2e/node_modules/@salla.sa/twilight-theme-engine/dist/chunk-WITIL2MK.js?v=c58539c0:670
[  816822ms] [LOG] [HomeComponentRenderer] RENDER: path=ox-poster, index=4, renderCount=1 @ http://localhost:3210/node_modules/.pnpm/@salla.sa+twilight-theme-en_c3cd9c099c8c4c71b5353d842e4aee2e/node_modules/@salla.sa/twilight-theme-engine/dist/chunk-WITIL2MK.js?v=c58539c0:670
[  816823ms] [LOG] [HomeComponentRenderer] RENDER: path=ox-poster, index=4, renderCount=2 @ http://localhost:3210/node_modules/.pnpm/@salla.sa+twilight-theme-en_c3cd9c099c8c4c71b5353d842e4aee2e/node_modules/@salla.sa/twilight-theme-engine/dist/chunk-WITIL2MK.js?v=c58539c0:670
[  816823ms] [LOG] [HomeComponentRenderer] RENDER: path=ox-posters, index=5, renderCount=1 @ http://localhost:3210/node_modules/.pnpm/@salla.sa+twilight-theme-en_c3cd9c099c8c4c71b5353d842e4aee2e/node_modules/@salla.sa/twilight-theme-engine/dist/chunk-WITIL2MK.js?v=c58539c0:670
[  816823ms] [LOG] [HomeComponentRenderer] RENDER: path=ox-posters, index=5, renderCount=2 @ http://localhost:3210/node_modules/.pnpm/@salla.sa+twilight-theme-en_c3cd9c099c8c4c71b5353d842e4aee2e/node_modules/@salla.sa/twilight-theme-engine/dist/chunk-WITIL2MK.js?v=c58539c0:670
[  816824ms] [LOG] [HomeComponentRenderer] RENDER: path=ox-products-secondary, index=6, renderCount=1 @ http://localhost:3210/node_modules/.pnpm/@salla.sa+twilight-theme-en_c3cd9c099c8c4c71b5353d842e4aee2e/node_modules/@salla.sa/twilight-theme-engine/dist/chunk-WITIL2MK.js?v=c58539c0:670
[  816824ms] [LOG] [HomeComponentRenderer] RENDER: path=ox-products-secondary, index=6, renderCount=2 @ http://localhost:3210/node_modules/.pnpm/@salla.sa+twilight-theme-en_c3cd9c099c8c4c71b5353d842e4aee2e/node_modules/@salla.sa/twilight-theme-engine/dist/chunk-WITIL2MK.js?v=c58539c0:670
[  816826ms] [LOG] [HomeComponentRenderer] RENDER: path=ox-categories, index=7, renderCount=1 @ http://localhost:3210/node_modules/.pnpm/@salla.sa+twilight-theme-en_c3cd9c099c8c4c71b5353d842e4aee2e/node_modules/@salla.sa/twilight-theme-engine/dist/chunk-WITIL2MK.js?v=c58539c0:670
[  816826ms] [LOG] [HomeComponentRenderer] RENDER: path=ox-categories, index=7, renderCount=2 @ http://localhost:3210/node_modules/.pnpm/@salla.sa+twilight-theme-en_c3cd9c099c8c4c71b5353d842e4aee2e/node_modules/@salla.sa/twilight-theme-engine/dist/chunk-WITIL2MK.js?v=c58539c0:670
[  816828ms] [LOG] [HomeComponentRenderer] RENDER: path=ox-brands, index=8, renderCount=1 @ http://localhost:3210/node_modules/.pnpm/@salla.sa+twilight-theme-en_c3cd9c099c8c4c71b5353d842e4aee2e/node_modules/@salla.sa/twilight-theme-engine/dist/chunk-WITIL2MK.js?v=c58539c0:670
[  816828ms] [LOG] [HomeComponentRenderer] RENDER: path=ox-brands, index=8, renderCount=2 @ http://localhost:3210/node_modules/.pnpm/@salla.sa+twilight-theme-en_c3cd9c099c8c4c71b5353d842e4aee2e/node_modules/@salla.sa/twilight-theme-engine/dist/chunk-WITIL2MK.js?v=c58539c0:670
[  816828ms] [LOG] [HomeComponentRenderer] RENDER: path=ox-services, index=9, renderCount=1 @ http://localhost:3210/node_modules/.pnpm/@salla.sa+twilight-theme-en_c3cd9c099c8c4c71b5353d842e4aee2e/node_modules/@salla.sa/twilight-theme-engine/dist/chunk-WITIL2MK.js?v=c58539c0:670
[  816828ms] [LOG] [HomeComponentRenderer] RENDER: path=ox-services, index=9, renderCount=2 @ http://localhost:3210/node_modules/.pnpm/@salla.sa+twilight-theme-en_c3cd9c099c8c4c71b5353d842e4aee2e/node_modules/@salla.sa/twilight-theme-engine/dist/chunk-WITIL2MK.js?v=c58539c0:670
[  816829ms] [LOG] [HomeComponentRenderer] RENDER: path=ox-guides, index=10, renderCount=1 @ http://localhost:3210/node_modules/.pnpm/@salla.sa+twilight-theme-en_c3cd9c099c8c4c71b5353d842e4aee2e/node_modules/@salla.sa/twilight-theme-engine/dist/chunk-WITIL2MK.js?v=c58539c0:670
[  816829ms] [LOG] [HomeComponentRenderer] RENDER: path=ox-guides, index=10, renderCount=2 @ http://localhost:3210/node_modules/.pnpm/@salla.sa+twilight-theme-en_c3cd9c099c8c4c71b5353d842e4aee2e/node_modules/@salla.sa/twilight-theme-engine/dist/chunk-WITIL2MK.js?v=c58539c0:670
[  816830ms] [LOG] [HomeComponentRenderer] RENDER: path=ox-branch, index=11, renderCount=1 @ http://localhost:3210/node_modules/.pnpm/@salla.sa+twilight-theme-en_c3cd9c099c8c4c71b5353d842e4aee2e/node_modules/@salla.sa/twilight-theme-engine/dist/chunk-WITIL2MK.js?v=c58539c0:670
[  816830ms] [LOG] [HomeComponentRenderer] RENDER: path=ox-branch, index=11, renderCount=2 @ http://localhost:3210/node_modules/.pnpm/@salla.sa+twilight-theme-en_c3cd9c099c8c4c71b5353d842e4aee2e/node_modules/@salla.sa/twilight-theme-engine/dist/chunk-WITIL2MK.js?v=c58539c0:670
[  816831ms] [LOG] [HomeComponentRenderer] RENDER: path=ox-certifications, index=12, renderCount=1 @ http://localhost:3210/node_modules/.pnpm/@salla.sa+twilight-theme-en_c3cd9c099c8c4c71b5353d842e4aee2e/node_modules/@salla.sa/twilight-theme-engine/dist/chunk-WITIL2MK.js?v=c58539c0:670
[  816831ms] [LOG] [HomeComponentRenderer] RENDER: path=ox-certifications, index=12, renderCount=2 @ http://localhost:3210/node_modules/.pnpm/@salla.sa+twilight-theme-en_c3cd9c099c8c4c71b5353d842e4aee2e/node_modules/@salla.sa/twilight-theme-engine/dist/chunk-WITIL2MK.js?v=c58539c0:670
[  816832ms] [LOG] [HomeComponentRenderer] RENDER: path=ox-faq, index=13, renderCount=1 @ http://localhost:3210/node_modules/.pnpm/@salla.sa+twilight-theme-en_c3cd9c099c8c4c71b5353d842e4aee2e/node_modules/@salla.sa/twilight-theme-engine/dist/chunk-WITIL2MK.js?v=c58539c0:670
[  816832ms] [LOG] [HomeComponentRenderer] RENDER: path=ox-faq, index=13, renderCount=2 @ http://localhost:3210/node_modules/.pnpm/@salla.sa+twilight-theme-en_c3cd9c099c8c4c71b5353d842e4aee2e/node_modules/@salla.sa/twilight-theme-engine/dist/chunk-WITIL2MK.js?v=c58539c0:670
[  816833ms] [LOG] [HomeComponentRenderer] RENDER: path=ox-newsletter, index=14, renderCount=1 @ http://localhost:3210/node_modules/.pnpm/@salla.sa+twilight-theme-en_c3cd9c099c8c4c71b5353d842e4aee2e/node_modules/@salla.sa/twilight-theme-engine/dist/chunk-WITIL2MK.js?v=c58539c0:670
[  816833ms] [LOG] [HomeComponentRenderer] RENDER: path=ox-newsletter, index=14, renderCount=2 @ http://localhost:3210/node_modules/.pnpm/@salla.sa+twilight-theme-en_c3cd9c099c8c4c71b5353d842e4aee2e/node_modules/@salla.sa/twilight-theme-engine/dist/chunk-WITIL2MK.js?v=c58539c0:670
[  816833ms] [LOG] [HomeComponentRenderer] RENDER: path=ox-banner, index=15, renderCount=1 @ http://localhost:3210/node_modules/.pnpm/@salla.sa+twilight-theme-en_c3cd9c099c8c4c71b5353d842e4aee2e/node_modules/@salla.sa/twilight-theme-engine/dist/chunk-WITIL2MK.js?v=c58539c0:670
[  816834ms] [LOG] [HomeComponentRenderer] RENDER: path=ox-banner, index=15, renderCount=2 @ http://localhost:3210/node_modules/.pnpm/@salla.sa+twilight-theme-en_c3cd9c099c8c4c71b5353d842e4aee2e/node_modules/@salla.sa/twilight-theme-engine/dist/chunk-WITIL2MK.js?v=c58539c0:670
[  816836ms] [LOG] [HomeComponentRenderer] MOUNT: path=ox-hero, index=0, renderCount=2 @ http://localhost:3210/node_modules/.pnpm/@salla.sa+twilight-theme-en_c3cd9c099c8c4c71b5353d842e4aee2e/node_modules/@salla.sa/twilight-theme-engine/dist/chunk-WITIL2MK.js?v=c58539c0:673
[  816836ms] [LOG] [HomeComponentRenderer] MOUNT: path=ox-trust-strip, index=1, renderCount=2 @ http://localhost:3210/node_modules/.pnpm/@salla.sa+twilight-theme-en_c3cd9c099c8c4c71b5353d842e4aee2e/node_modules/@salla.sa/twilight-theme-engine/dist/chunk-WITIL2MK.js?v=c58539c0:673
[  816837ms] [LOG] [HomeComponentRenderer] MOUNT: path=ox-goals, index=2, renderCount=2 @ http://localhost:3210/node_modules/.pnpm/@salla.sa+twilight-theme-en_c3cd9c099c8c4c71b5353d842e4aee2e/node_modules/@salla.sa/twilight-theme-engine/dist/chunk-WITIL2MK.js?v=c58539c0:673
[  816837ms] [LOG] [HomeComponentRenderer] MOUNT: path=ox-products, index=3, renderCount=2 @ http://localhost:3210/node_modules/.pnpm/@salla.sa+twilight-theme-en_c3cd9c099c8c4c71b5353d842e4aee2e/node_modules/@salla.sa/twilight-theme-engine/dist/chunk-WITIL2MK.js?v=c58539c0:673
[  816838ms] [LOG] [HomeComponentRenderer] MOUNT: path=ox-poster, index=4, renderCount=2 @ http://localhost:3210/node_modules/.pnpm/@salla.sa+twilight-theme-en_c3cd9c099c8c4c71b5353d842e4aee2e/node_modules/@salla.sa/twilight-theme-engine/dist/chunk-WITIL2MK.js?v=c58539c0:673
[  816838ms] [LOG] [HomeComponentRenderer] MOUNT: path=ox-posters, index=5, renderCount=2 @ http://localhost:3210/node_modules/.pnpm/@salla.sa+twilight-theme-en_c3cd9c099c8c4c71b5353d842e4aee2e/node_modules/@salla.sa/twilight-theme-engine/dist/chunk-WITIL2MK.js?v=c58539c0:673
[  816839ms] [LOG] [HomeComponentRenderer] MOUNT: path=ox-products-secondary, index=6, renderCount=2 @ http://localhost:3210/node_modules/.pnpm/@salla.sa+twilight-theme-en_c3cd9c099c8c4c71b5353d842e4aee2e/node_modules/@salla.sa/twilight-theme-engine/dist/chunk-WITIL2MK.js?v=c58539c0:673
[  816839ms] [LOG] [HomeComponentRenderer] MOUNT: path=ox-categories, index=7, renderCount=2 @ http://localhost:3210/node_modules/.pnpm/@salla.sa+twilight-theme-en_c3cd9c099c8c4c71b5353d842e4aee2e/node_modules/@salla.sa/twilight-theme-engine/dist/chunk-WITIL2MK.js?v=c58539c0:673
[  816840ms] [LOG] [HomeComponentRenderer] MOUNT: path=ox-brands, index=8, renderCount=2 @ http://localhost:3210/node_modules/.pnpm/@salla.sa+twilight-theme-en_c3cd9c099c8c4c71b5353d842e4aee2e/node_modules/@salla.sa/twilight-theme-engine/dist/chunk-WITIL2MK.js?v=c58539c0:673
[  816840ms] [LOG] [HomeComponentRenderer] MOUNT: path=ox-services, index=9, renderCount=2 @ http://localhost:3210/node_modules/.pnpm/@salla.sa+twilight-theme-en_c3cd9c099c8c4c71b5353d842e4aee2e/node_modules/@salla.sa/twilight-theme-engine/dist/chunk-WITIL2MK.js?v=c58539c0:673
[  816841ms] [LOG] [HomeComponentRenderer] MOUNT: path=ox-guides, index=10, renderCount=2 @ http://localhost:3210/node_modules/.pnpm/@salla.sa+twilight-theme-en_c3cd9c099c8c4c71b5353d842e4aee2e/node_modules/@salla.sa/twilight-theme-engine/dist/chunk-WITIL2MK.js?v=c58539c0:673
[  816841ms] [LOG] [HomeComponentRenderer] MOUNT: path=ox-branch, index=11, renderCount=2 @ http://localhost:3210/node_modules/.pnpm/@salla.sa+twilight-theme-en_c3cd9c099c8c4c71b5353d842e4aee2e/node_modules/@salla.sa/twilight-theme-engine/dist/chunk-WITIL2MK.js?v=c58539c0:673
[  816842ms] [LOG] [HomeComponentRenderer] MOUNT: path=ox-certifications, index=12, renderCount=2 @ http://localhost:3210/node_modules/.pnpm/@salla.sa+twilight-theme-en_c3cd9c099c8c4c71b5353d842e4aee2e/node_modules/@salla.sa/twilight-theme-engine/dist/chunk-WITIL2MK.js?v=c58539c0:673
[  816843ms] [LOG] [HomeComponentRenderer] MOUNT: path=ox-faq, index=13, renderCount=2 @ http://localhost:3210/node_modules/.pnpm/@salla.sa+twilight-theme-en_c3cd9c099c8c4c71b5353d842e4aee2e/node_modules/@salla.sa/twilight-theme-engine/dist/chunk-WITIL2MK.js?v=c58539c0:673
[  816843ms] [LOG] [HomeComponentRenderer] MOUNT: path=ox-newsletter, index=14, renderCount=2 @ http://localhost:3210/node_modules/.pnpm/@salla.sa+twilight-theme-en_c3cd9c099c8c4c71b5353d842e4aee2e/node_modules/@salla.sa/twilight-theme-engine/dist/chunk-WITIL2MK.js?v=c58539c0:673
[  816844ms] [LOG] [HomeComponentRenderer] MOUNT: path=ox-banner, index=15, renderCount=2 @ http://localhost:3210/node_modules/.pnpm/@salla.sa+twilight-theme-en_c3cd9c099c8c4c71b5353d842e4aee2e/node_modules/@salla.sa/twilight-theme-engine/dist/chunk-WITIL2MK.js?v=c58539c0:673
[ 1033725ms] [LOG] [vite] server connection lost. Polling for restart... @ http://localhost:3210/@vite/client:1002
[ 1121722ms] [LOG] [offline-api] browser: api.salla.dev + cdn.salla.network -> http://127.0.0.1:5178 @ http://localhost:3210/:0
[ 1123064ms] [INFO] %cDownload the React DevTools for a better development experience: https://react.dev/link/react-devtools font-weight:bold @ http://localhost:3210/node_modules/.vite/deps/react-dom_client.js?v=c58539c0:14335
[ 1123197ms] [WARNING] [Twilight] Could not hydrate twilight context: no root match in router state @ http://localhost:3210/@vite/client:532
[ 1123299ms] [ERROR] The result of getServerSnapshot should be cached to avoid an infinite loop @ http://localhost:3210/@vite/client:532
[ 1123339ms] [ERROR] A tree hydrated but some attributes of the server rendered HTML didn't match the client properties. This won't be patched up. This can happen if a SSR-ed Client Component used:

- A server/client branch `if (typeof window !== 'undefined')`.
- Variable input such as `Date.now()` or `Math.random()` which changes each time it's called.
- Date formatting in a user's locale which doesn't match the server.
- External changing data without sending a snapshot of it along with the HTML.
- Invalid HTML tag nesting.

It can also happen if the client has a browser extension installed which messes with the HTML before React loaded.

%s%s https://react.dev/link/hydration-mismatch 

  ...
    <ThemeDocumentSync>
    <TanStackDocumentSync>
    <NavigationSetup>
      <NavigationProvider navigate={function}>
        <LinkProvider adapter={{...}}>
          <WidgetHead>
          <AppsSnippets>
          <HookSlot>
          <Suspense>
          <OptimalXLayout>
            <div>
            <BottomTabBar>
              <nav className="ox-tabbar" aria-label="تنقل سريع" data-testid="ox-tabbar">
                <ul className="ox-tabbar_...">
                  <li>
                    <Link to="/" className="ox-tab">
                      <TanStackLinkAdapter ref={null} to="/" className="ox-tab" data-spa-link="">
                        <a
+                         className="ox-tab active"
-                         className="ox-tab is-active active"
                          style={undefined}
                          title={undefined}
                          target={undefined}
                          rel={undefined}
                          onClick={function handleClick}
                          aria-label={undefined}
                          data-spa-link=""
                          ref={{current:null}}
                          onBlur={function handleLeave}
                          onFocus={function}
                          onMouseEnter={function}
                          onMouseLeave={function handleLeave}
                          onTouchStart={function handleTouchStart}
                          href="/"
                          data-status="active"
                          aria-current="page"
                        >
                  ...
            ...
          ...
 @ http://localhost:3210/@vite/client:532
[ 1123868ms] [LOG] [HomeComponentRenderer] RENDER: path=ox-hero, index=0, renderCount=1 @ http://localhost:3210/node_modules/.pnpm/@salla.sa+twilight-theme-en_c3cd9c099c8c4c71b5353d842e4aee2e/node_modules/@salla.sa/twilight-theme-engine/dist/chunk-WITIL2MK.js?v=c58539c0:670
[ 1123868ms] [LOG] [HomeComponentRenderer] RENDER: path=ox-hero, index=0, renderCount=2 @ http://localhost:3210/node_modules/.pnpm/@salla.sa+twilight-theme-en_c3cd9c099c8c4c71b5353d842e4aee2e/node_modules/@salla.sa/twilight-theme-engine/dist/chunk-WITIL2MK.js?v=c58539c0:670
[ 1123894ms] Error: Hydration failed because the server rendered HTML didn't match the client. As a result this tree will be regenerated on the client. This can happen if a SSR-ed Client Component used:

- A server/client branch `if (typeof window !== 'undefined')`.
- Variable input such as `Date.now()` or `Math.random()` which changes each time it's called.
- Date formatting in a user's locale which doesn't match the server.
- External changing data without sending a snapshot of it along with the HTML.
- Invalid HTML tag nesting.

It can also happen if the client has a browser extension installed which messes with the HTML before React loaded.

https://react.dev/link/hydration-mismatch

  ...
    <Matches>
      <Transitioner>
      <SafeFragment fallback={<Context>}>
        <MatchesInner>
          <CatchBoundary getResetKey={function getResetKey} onCatch={function}>
            <MatchImpl routeId="__root__">
              <MatchView router={{...}} match={{id:"__root__/", ...}}>
                <RootComponent>
                  <html lang="ar" dir="rtl" suppressHydrationWarning={true}>
                    <head>
                    <body suppressHydrationWarning={true}>
                      <noscript>
                      <TwilightProvider>
                      <Suspense fallback={null}>
                        <TanStackRouterDevtools position="bottom-right">
+                         <div ref={{current:null}}>
                      ...

    at throwOnHydrationMismatch (http://localhost:3210/node_modules/.vite/deps/react-dom_client.js?v=c58539c0:2968:51)
    at beginWork (http://localhost:3210/node_modules/.vite/deps/react-dom_client.js?v=c58539c0:6200:914)
    at runWithFiberInDEV (http://localhost:3210/node_modules/.vite/deps/react-dom_client.js?v=c58539c0:851:66)
    at performUnitOfWork (http://localhost:3210/node_modules/.vite/deps/react-dom_client.js?v=c58539c0:8429:92)
    at workLoopConcurrentByScheduler (http://localhost:3210/node_modules/.vite/deps/react-dom_client.js?v=c58539c0:8425:55)
    at renderRootConcurrent (http://localhost:3210/node_modules/.vite/deps/react-dom_client.js?v=c58539c0:8408:64)
    at performWorkOnRoot (http://localhost:3210/node_modules/.vite/deps/react-dom_client.js?v=c58539c0:7957:145)
    at performWorkOnRootViaSchedulerTask (http://localhost:3210/node_modules/.vite/deps/react-dom_client.js?v=c58539c0:9059:4)
    at MessagePort.performWorkUntilDeadline (http://localhost:3210/node_modules/.vite/deps/react-dom_client.js?v=c58539c0:36:38)
[ 1123876ms] [LOG] [HomeComponentRenderer] RENDER: path=ox-hero, index=0, renderCount=1 @ http://localhost:3210/node_modules/.pnpm/@salla.sa+twilight-theme-en_c3cd9c099c8c4c71b5353d842e4aee2e/node_modules/@salla.sa/twilight-theme-engine/dist/chunk-WITIL2MK.js?v=c58539c0:670
[ 1123876ms] [LOG] [HomeComponentRenderer] RENDER: path=ox-hero, index=0, renderCount=2 @ http://localhost:3210/node_modules/.pnpm/@salla.sa+twilight-theme-en_c3cd9c099c8c4c71b5353d842e4aee2e/node_modules/@salla.sa/twilight-theme-engine/dist/chunk-WITIL2MK.js?v=c58539c0:670
[ 1123877ms] [LOG] [HomeComponentRenderer] RENDER: path=ox-trust-strip, index=1, renderCount=1 @ http://localhost:3210/node_modules/.pnpm/@salla.sa+twilight-theme-en_c3cd9c099c8c4c71b5353d842e4aee2e/node_modules/@salla.sa/twilight-theme-engine/dist/chunk-WITIL2MK.js?v=c58539c0:670
[ 1123877ms] [LOG] [HomeComponentRenderer] RENDER: path=ox-trust-strip, index=1, renderCount=2 @ http://localhost:3210/node_modules/.pnpm/@salla.sa+twilight-theme-en_c3cd9c099c8c4c71b5353d842e4aee2e/node_modules/@salla.sa/twilight-theme-engine/dist/chunk-WITIL2MK.js?v=c58539c0:670
[ 1123879ms] [LOG] [HomeComponentRenderer] RENDER: path=ox-goals, index=2, renderCount=1 @ http://localhost:3210/node_modules/.pnpm/@salla.sa+twilight-theme-en_c3cd9c099c8c4c71b5353d842e4aee2e/node_modules/@salla.sa/twilight-theme-engine/dist/chunk-WITIL2MK.js?v=c58539c0:670
[ 1123879ms] [LOG] [HomeComponentRenderer] RENDER: path=ox-goals, index=2, renderCount=2 @ http://localhost:3210/node_modules/.pnpm/@salla.sa+twilight-theme-en_c3cd9c099c8c4c71b5353d842e4aee2e/node_modules/@salla.sa/twilight-theme-engine/dist/chunk-WITIL2MK.js?v=c58539c0:670
[ 1123880ms] [LOG] [HomeComponentRenderer] RENDER: path=ox-products, index=3, renderCount=1 @ http://localhost:3210/node_modules/.pnpm/@salla.sa+twilight-theme-en_c3cd9c099c8c4c71b5353d842e4aee2e/node_modules/@salla.sa/twilight-theme-engine/dist/chunk-WITIL2MK.js?v=c58539c0:670
[ 1123880ms] [LOG] [HomeComponentRenderer] RENDER: path=ox-products, index=3, renderCount=2 @ http://localhost:3210/node_modules/.pnpm/@salla.sa+twilight-theme-en_c3cd9c099c8c4c71b5353d842e4aee2e/node_modules/@salla.sa/twilight-theme-engine/dist/chunk-WITIL2MK.js?v=c58539c0:670
[ 1123881ms] [LOG] [HomeComponentRenderer] RENDER: path=ox-poster, index=4, renderCount=1 @ http://localhost:3210/node_modules/.pnpm/@salla.sa+twilight-theme-en_c3cd9c099c8c4c71b5353d842e4aee2e/node_modules/@salla.sa/twilight-theme-engine/dist/chunk-WITIL2MK.js?v=c58539c0:670
[ 1123881ms] [LOG] [HomeComponentRenderer] RENDER: path=ox-poster, index=4, renderCount=2 @ http://localhost:3210/node_modules/.pnpm/@salla.sa+twilight-theme-en_c3cd9c099c8c4c71b5353d842e4aee2e/node_modules/@salla.sa/twilight-theme-engine/dist/chunk-WITIL2MK.js?v=c58539c0:670
[ 1123882ms] [LOG] [HomeComponentRenderer] RENDER: path=ox-posters, index=5, renderCount=1 @ http://localhost:3210/node_modules/.pnpm/@salla.sa+twilight-theme-en_c3cd9c099c8c4c71b5353d842e4aee2e/node_modules/@salla.sa/twilight-theme-engine/dist/chunk-WITIL2MK.js?v=c58539c0:670
[ 1123882ms] [LOG] [HomeComponentRenderer] RENDER: path=ox-posters, index=5, renderCount=2 @ http://localhost:3210/node_modules/.pnpm/@salla.sa+twilight-theme-en_c3cd9c099c8c4c71b5353d842e4aee2e/node_modules/@salla.sa/twilight-theme-engine/dist/chunk-WITIL2MK.js?v=c58539c0:670
[ 1123882ms] [LOG] [HomeComponentRenderer] RENDER: path=ox-products-secondary, index=6, renderCount=1 @ http://localhost:3210/node_modules/.pnpm/@salla.sa+twilight-theme-en_c3cd9c099c8c4c71b5353d842e4aee2e/node_modules/@salla.sa/twilight-theme-engine/dist/chunk-WITIL2MK.js?v=c58539c0:670
[ 1123883ms] [LOG] [HomeComponentRenderer] RENDER: path=ox-products-secondary, index=6, renderCount=2 @ http://localhost:3210/node_modules/.pnpm/@salla.sa+twilight-theme-en_c3cd9c099c8c4c71b5353d842e4aee2e/node_modules/@salla.sa/twilight-theme-engine/dist/chunk-WITIL2MK.js?v=c58539c0:670
[ 1123885ms] [LOG] [HomeComponentRenderer] RENDER: path=ox-categories, index=7, renderCount=1 @ http://localhost:3210/node_modules/.pnpm/@salla.sa+twilight-theme-en_c3cd9c099c8c4c71b5353d842e4aee2e/node_modules/@salla.sa/twilight-theme-engine/dist/chunk-WITIL2MK.js?v=c58539c0:670
[ 1123886ms] [LOG] [HomeComponentRenderer] RENDER: path=ox-categories, index=7, renderCount=2 @ http://localhost:3210/node_modules/.pnpm/@salla.sa+twilight-theme-en_c3cd9c099c8c4c71b5353d842e4aee2e/node_modules/@salla.sa/twilight-theme-engine/dist/chunk-WITIL2MK.js?v=c58539c0:670
[ 1123888ms] [LOG] [HomeComponentRenderer] RENDER: path=ox-brands, index=8, renderCount=1 @ http://localhost:3210/node_modules/.pnpm/@salla.sa+twilight-theme-en_c3cd9c099c8c4c71b5353d842e4aee2e/node_modules/@salla.sa/twilight-theme-engine/dist/chunk-WITIL2MK.js?v=c58539c0:670
[ 1123888ms] [LOG] [HomeComponentRenderer] RENDER: path=ox-brands, index=8, renderCount=2 @ http://localhost:3210/node_modules/.pnpm/@salla.sa+twilight-theme-en_c3cd9c099c8c4c71b5353d842e4aee2e/node_modules/@salla.sa/twilight-theme-engine/dist/chunk-WITIL2MK.js?v=c58539c0:670
[ 1123888ms] [LOG] [HomeComponentRenderer] RENDER: path=ox-services, index=9, renderCount=1 @ http://localhost:3210/node_modules/.pnpm/@salla.sa+twilight-theme-en_c3cd9c099c8c4c71b5353d842e4aee2e/node_modules/@salla.sa/twilight-theme-engine/dist/chunk-WITIL2MK.js?v=c58539c0:670
[ 1123889ms] [LOG] [HomeComponentRenderer] RENDER: path=ox-services, index=9, renderCount=2 @ http://localhost:3210/node_modules/.pnpm/@salla.sa+twilight-theme-en_c3cd9c099c8c4c71b5353d842e4aee2e/node_modules/@salla.sa/twilight-theme-engine/dist/chunk-WITIL2MK.js?v=c58539c0:670
[ 1123899ms] [LOG] [HomeComponentRenderer] RENDER: path=ox-guides, index=10, renderCount=1 @ http://localhost:3210/node_modules/.pnpm/@salla.sa+twilight-theme-en_c3cd9c099c8c4c71b5353d842e4aee2e/node_modules/@salla.sa/twilight-theme-engine/dist/chunk-WITIL2MK.js?v=c58539c0:670
[ 1123900ms] [LOG] [HomeComponentRenderer] RENDER: path=ox-guides, index=10, renderCount=2 @ http://localhost:3210/node_modules/.pnpm/@salla.sa+twilight-theme-en_c3cd9c099c8c4c71b5353d842e4aee2e/node_modules/@salla.sa/twilight-theme-engine/dist/chunk-WITIL2MK.js?v=c58539c0:670
[ 1123901ms] [LOG] [HomeComponentRenderer] RENDER: path=ox-branch, index=11, renderCount=1 @ http://localhost:3210/node_modules/.pnpm/@salla.sa+twilight-theme-en_c3cd9c099c8c4c71b5353d842e4aee2e/node_modules/@salla.sa/twilight-theme-engine/dist/chunk-WITIL2MK.js?v=c58539c0:670
[ 1123901ms] [LOG] [HomeComponentRenderer] RENDER: path=ox-branch, index=11, renderCount=2 @ http://localhost:3210/node_modules/.pnpm/@salla.sa+twilight-theme-en_c3cd9c099c8c4c71b5353d842e4aee2e/node_modules/@salla.sa/twilight-theme-engine/dist/chunk-WITIL2MK.js?v=c58539c0:670
[ 1123902ms] [LOG] [HomeComponentRenderer] RENDER: path=ox-certifications, index=12, renderCount=1 @ http://localhost:3210/node_modules/.pnpm/@salla.sa+twilight-theme-en_c3cd9c099c8c4c71b5353d842e4aee2e/node_modules/@salla.sa/twilight-theme-engine/dist/chunk-WITIL2MK.js?v=c58539c0:670
[ 1123902ms] [LOG] [HomeComponentRenderer] RENDER: path=ox-certifications, index=12, renderCount=2 @ http://localhost:3210/node_modules/.pnpm/@salla.sa+twilight-theme-en_c3cd9c099c8c4c71b5353d842e4aee2e/node_modules/@salla.sa/twilight-theme-engine/dist/chunk-WITIL2MK.js?v=c58539c0:670
[ 1123903ms] [LOG] [HomeComponentRenderer] RENDER: path=ox-faq, index=13, renderCount=1 @ http://localhost:3210/node_modules/.pnpm/@salla.sa+twilight-theme-en_c3cd9c099c8c4c71b5353d842e4aee2e/node_modules/@salla.sa/twilight-theme-engine/dist/chunk-WITIL2MK.js?v=c58539c0:670
[ 1123903ms] [LOG] [HomeComponentRenderer] RENDER: path=ox-faq, index=13, renderCount=2 @ http://localhost:3210/node_modules/.pnpm/@salla.sa+twilight-theme-en_c3cd9c099c8c4c71b5353d842e4aee2e/node_modules/@salla.sa/twilight-theme-engine/dist/chunk-WITIL2MK.js?v=c58539c0:670
[ 1123913ms] [LOG] [HomeComponentRenderer] RENDER: path=ox-hero, index=0, renderCount=1 @ http://localhost:3210/node_modules/.pnpm/@salla.sa+twilight-theme-en_c3cd9c099c8c4c71b5353d842e4aee2e/node_modules/@salla.sa/twilight-theme-engine/dist/chunk-WITIL2MK.js?v=c58539c0:670
[ 1123913ms] [LOG] [HomeComponentRenderer] RENDER: path=ox-hero, index=0, renderCount=2 @ http://localhost:3210/node_modules/.pnpm/@salla.sa+twilight-theme-en_c3cd9c099c8c4c71b5353d842e4aee2e/node_modules/@salla.sa/twilight-theme-engine/dist/chunk-WITIL2MK.js?v=c58539c0:670
[ 1123914ms] [LOG] [HomeComponentRenderer] RENDER: path=ox-trust-strip, index=1, renderCount=1 @ http://localhost:3210/node_modules/.pnpm/@salla.sa+twilight-theme-en_c3cd9c099c8c4c71b5353d842e4aee2e/node_modules/@salla.sa/twilight-theme-engine/dist/chunk-WITIL2MK.js?v=c58539c0:670
[ 1123914ms] [LOG] [HomeComponentRenderer] RENDER: path=ox-trust-strip, index=1, renderCount=2 @ http://localhost:3210/node_modules/.pnpm/@salla.sa+twilight-theme-en_c3cd9c099c8c4c71b5353d842e4aee2e/node_modules/@salla.sa/twilight-theme-engine/dist/chunk-WITIL2MK.js?v=c58539c0:670
[ 1123914ms] [LOG] [HomeComponentRenderer] RENDER: path=ox-goals, index=2, renderCount=1 @ http://localhost:3210/node_modules/.pnpm/@salla.sa+twilight-theme-en_c3cd9c099c8c4c71b5353d842e4aee2e/node_modules/@salla.sa/twilight-theme-engine/dist/chunk-WITIL2MK.js?v=c58539c0:670
[ 1123915ms] [LOG] [HomeComponentRenderer] RENDER: path=ox-goals, index=2, renderCount=2 @ http://localhost:3210/node_modules/.pnpm/@salla.sa+twilight-theme-en_c3cd9c099c8c4c71b5353d842e4aee2e/node_modules/@salla.sa/twilight-theme-engine/dist/chunk-WITIL2MK.js?v=c58539c0:670
[ 1123915ms] [LOG] [HomeComponentRenderer] RENDER: path=ox-products, index=3, renderCount=1 @ http://localhost:3210/node_modules/.pnpm/@salla.sa+twilight-theme-en_c3cd9c099c8c4c71b5353d842e4aee2e/node_modules/@salla.sa/twilight-theme-engine/dist/chunk-WITIL2MK.js?v=c58539c0:670
[ 1123915ms] [LOG] [HomeComponentRenderer] RENDER: path=ox-products, index=3, renderCount=2 @ http://localhost:3210/node_modules/.pnpm/@salla.sa+twilight-theme-en_c3cd9c099c8c4c71b5353d842e4aee2e/node_modules/@salla.sa/twilight-theme-engine/dist/chunk-WITIL2MK.js?v=c58539c0:670
[ 1123996ms] [LOG] [HomeComponentRenderer] RENDER: path=ox-poster, index=4, renderCount=1 @ http://localhost:3210/node_modules/.pnpm/@salla.sa+twilight-theme-en_c3cd9c099c8c4c71b5353d842e4aee2e/node_modules/@salla.sa/twilight-theme-engine/dist/chunk-WITIL2MK.js?v=c58539c0:670
[ 1123997ms] [LOG] [HomeComponentRenderer] RENDER: path=ox-poster, index=4, renderCount=2 @ http://localhost:3210/node_modules/.pnpm/@salla.sa+twilight-theme-en_c3cd9c099c8c4c71b5353d842e4aee2e/node_modules/@salla.sa/twilight-theme-engine/dist/chunk-WITIL2MK.js?v=c58539c0:670
[ 1123998ms] [LOG] [HomeComponentRenderer] RENDER: path=ox-posters, index=5, renderCount=1 @ http://localhost:3210/node_modules/.pnpm/@salla.sa+twilight-theme-en_c3cd9c099c8c4c71b5353d842e4aee2e/node_modules/@salla.sa/twilight-theme-engine/dist/chunk-WITIL2MK.js?v=c58539c0:670
[ 1123998ms] [LOG] [HomeComponentRenderer] RENDER: path=ox-posters, index=5, renderCount=2 @ http://localhost:3210/node_modules/.pnpm/@salla.sa+twilight-theme-en_c3cd9c099c8c4c71b5353d842e4aee2e/node_modules/@salla.sa/twilight-theme-engine/dist/chunk-WITIL2MK.js?v=c58539c0:670
[ 1123999ms] [LOG] [HomeComponentRenderer] RENDER: path=ox-products-secondary, index=6, renderCount=1 @ http://localhost:3210/node_modules/.pnpm/@salla.sa+twilight-theme-en_c3cd9c099c8c4c71b5353d842e4aee2e/node_modules/@salla.sa/twilight-theme-engine/dist/chunk-WITIL2MK.js?v=c58539c0:670
[ 1124000ms] [LOG] [HomeComponentRenderer] RENDER: path=ox-products-secondary, index=6, renderCount=2 @ http://localhost:3210/node_modules/.pnpm/@salla.sa+twilight-theme-en_c3cd9c099c8c4c71b5353d842e4aee2e/node_modules/@salla.sa/twilight-theme-engine/dist/chunk-WITIL2MK.js?v=c58539c0:670
[ 1124027ms] [LOG] [HomeComponentRenderer] RENDER: path=ox-categories, index=7, renderCount=1 @ http://localhost:3210/node_modules/.pnpm/@salla.sa+twilight-theme-en_c3cd9c099c8c4c71b5353d842e4aee2e/node_modules/@salla.sa/twilight-theme-engine/dist/chunk-WITIL2MK.js?v=c58539c0:670
[ 1124028ms] [LOG] [HomeComponentRenderer] RENDER: path=ox-categories, index=7, renderCount=2 @ http://localhost:3210/node_modules/.pnpm/@salla.sa+twilight-theme-en_c3cd9c099c8c4c71b5353d842e4aee2e/node_modules/@salla.sa/twilight-theme-engine/dist/chunk-WITIL2MK.js?v=c58539c0:670
[ 1124030ms] [LOG] [HomeComponentRenderer] RENDER: path=ox-brands, index=8, renderCount=1 @ http://localhost:3210/node_modules/.pnpm/@salla.sa+twilight-theme-en_c3cd9c099c8c4c71b5353d842e4aee2e/node_modules/@salla.sa/twilight-theme-engine/dist/chunk-WITIL2MK.js?v=c58539c0:670
[ 1124030ms] [LOG] [HomeComponentRenderer] RENDER: path=ox-brands, index=8, renderCount=2 @ http://localhost:3210/node_modules/.pnpm/@salla.sa+twilight-theme-en_c3cd9c099c8c4c71b5353d842e4aee2e/node_modules/@salla.sa/twilight-theme-engine/dist/chunk-WITIL2MK.js?v=c58539c0:670
[ 1124046ms] [LOG] [HomeComponentRenderer] RENDER: path=ox-services, index=9, renderCount=1 @ http://localhost:3210/node_modules/.pnpm/@salla.sa+twilight-theme-en_c3cd9c099c8c4c71b5353d842e4aee2e/node_modules/@salla.sa/twilight-theme-engine/dist/chunk-WITIL2MK.js?v=c58539c0:670
[ 1124047ms] [LOG] [HomeComponentRenderer] RENDER: path=ox-services, index=9, renderCount=2 @ http://localhost:3210/node_modules/.pnpm/@salla.sa+twilight-theme-en_c3cd9c099c8c4c71b5353d842e4aee2e/node_modules/@salla.sa/twilight-theme-engine/dist/chunk-WITIL2MK.js?v=c58539c0:670
[ 1124048ms] [LOG] [HomeComponentRenderer] RENDER: path=ox-guides, index=10, renderCount=1 @ http://localhost:3210/node_modules/.pnpm/@salla.sa+twilight-theme-en_c3cd9c099c8c4c71b5353d842e4aee2e/node_modules/@salla.sa/twilight-theme-engine/dist/chunk-WITIL2MK.js?v=c58539c0:670
[ 1124049ms] [LOG] [HomeComponentRenderer] RENDER: path=ox-guides, index=10, renderCount=2 @ http://localhost:3210/node_modules/.pnpm/@salla.sa+twilight-theme-en_c3cd9c099c8c4c71b5353d842e4aee2e/node_modules/@salla.sa/twilight-theme-engine/dist/chunk-WITIL2MK.js?v=c58539c0:670
[ 1124049ms] [LOG] [HomeComponentRenderer] RENDER: path=ox-branch, index=11, renderCount=1 @ http://localhost:3210/node_modules/.pnpm/@salla.sa+twilight-theme-en_c3cd9c099c8c4c71b5353d842e4aee2e/node_modules/@salla.sa/twilight-theme-engine/dist/chunk-WITIL2MK.js?v=c58539c0:670
[ 1124049ms] [LOG] [HomeComponentRenderer] RENDER: path=ox-branch, index=11, renderCount=2 @ http://localhost:3210/node_modules/.pnpm/@salla.sa+twilight-theme-en_c3cd9c099c8c4c71b5353d842e4aee2e/node_modules/@salla.sa/twilight-theme-engine/dist/chunk-WITIL2MK.js?v=c58539c0:670
[ 1124064ms] [LOG] [HomeComponentRenderer] RENDER: path=ox-certifications, index=12, renderCount=1 @ http://localhost:3210/node_modules/.pnpm/@salla.sa+twilight-theme-en_c3cd9c099c8c4c71b5353d842e4aee2e/node_modules/@salla.sa/twilight-theme-engine/dist/chunk-WITIL2MK.js?v=c58539c0:670
[ 1124064ms] [LOG] [HomeComponentRenderer] RENDER: path=ox-certifications, index=12, renderCount=2 @ http://localhost:3210/node_modules/.pnpm/@salla.sa+twilight-theme-en_c3cd9c099c8c4c71b5353d842e4aee2e/node_modules/@salla.sa/twilight-theme-engine/dist/chunk-WITIL2MK.js?v=c58539c0:670
[ 1124065ms] [LOG] [HomeComponentRenderer] RENDER: path=ox-faq, index=13, renderCount=1 @ http://localhost:3210/node_modules/.pnpm/@salla.sa+twilight-theme-en_c3cd9c099c8c4c71b5353d842e4aee2e/node_modules/@salla.sa/twilight-theme-engine/dist/chunk-WITIL2MK.js?v=c58539c0:670
[ 1124065ms] [LOG] [HomeComponentRenderer] RENDER: path=ox-faq, index=13, renderCount=2 @ http://localhost:3210/node_modules/.pnpm/@salla.sa+twilight-theme-en_c3cd9c099c8c4c71b5353d842e4aee2e/node_modules/@salla.sa/twilight-theme-engine/dist/chunk-WITIL2MK.js?v=c58539c0:670
[ 1124068ms] [LOG] [HomeComponentRenderer] RENDER: path=ox-newsletter, index=14, renderCount=1 @ http://localhost:3210/node_modules/.pnpm/@salla.sa+twilight-theme-en_c3cd9c099c8c4c71b5353d842e4aee2e/node_modules/@salla.sa/twilight-theme-engine/dist/chunk-WITIL2MK.js?v=c58539c0:670
[ 1124068ms] [LOG] [HomeComponentRenderer] RENDER: path=ox-newsletter, index=14, renderCount=2 @ http://localhost:3210/node_modules/.pnpm/@salla.sa+twilight-theme-en_c3cd9c099c8c4c71b5353d842e4aee2e/node_modules/@salla.sa/twilight-theme-engine/dist/chunk-WITIL2MK.js?v=c58539c0:670
[ 1124092ms] [LOG] [HomeComponentRenderer] RENDER: path=ox-banner, index=15, renderCount=1 @ http://localhost:3210/node_modules/.pnpm/@salla.sa+twilight-theme-en_c3cd9c099c8c4c71b5353d842e4aee2e/node_modules/@salla.sa/twilight-theme-engine/dist/chunk-WITIL2MK.js?v=c58539c0:670
[ 1124093ms] [LOG] [HomeComponentRenderer] RENDER: path=ox-banner, index=15, renderCount=2 @ http://localhost:3210/node_modules/.pnpm/@salla.sa+twilight-theme-en_c3cd9c099c8c4c71b5353d842e4aee2e/node_modules/@salla.sa/twilight-theme-engine/dist/chunk-WITIL2MK.js?v=c58539c0:670
[ 1124109ms] [LOG] [HomeComponentRenderer] MOUNT: path=ox-hero, index=0, renderCount=2 @ http://localhost:3210/node_modules/.pnpm/@salla.sa+twilight-theme-en_c3cd9c099c8c4c71b5353d842e4aee2e/node_modules/@salla.sa/twilight-theme-engine/dist/chunk-WITIL2MK.js?v=c58539c0:673
[ 1124110ms] [LOG] [HomeComponentRenderer] MOUNT: path=ox-trust-strip, index=1, renderCount=2 @ http://localhost:3210/node_modules/.pnpm/@salla.sa+twilight-theme-en_c3cd9c099c8c4c71b5353d842e4aee2e/node_modules/@salla.sa/twilight-theme-engine/dist/chunk-WITIL2MK.js?v=c58539c0:673
[ 1124110ms] [LOG] [HomeComponentRenderer] MOUNT: path=ox-goals, index=2, renderCount=2 @ http://localhost:3210/node_modules/.pnpm/@salla.sa+twilight-theme-en_c3cd9c099c8c4c71b5353d842e4aee2e/node_modules/@salla.sa/twilight-theme-engine/dist/chunk-WITIL2MK.js?v=c58539c0:673
[ 1124111ms] [LOG] [HomeComponentRenderer] MOUNT: path=ox-products, index=3, renderCount=2 @ http://localhost:3210/node_modules/.pnpm/@salla.sa+twilight-theme-en_c3cd9c099c8c4c71b5353d842e4aee2e/node_modules/@salla.sa/twilight-theme-engine/dist/chunk-WITIL2MK.js?v=c58539c0:673
[ 1124111ms] [LOG] [HomeComponentRenderer] MOUNT: path=ox-poster, index=4, renderCount=2 @ http://localhost:3210/node_modules/.pnpm/@salla.sa+twilight-theme-en_c3cd9c099c8c4c71b5353d842e4aee2e/node_modules/@salla.sa/twilight-theme-engine/dist/chunk-WITIL2MK.js?v=c58539c0:673
[ 1124112ms] [LOG] [HomeComponentRenderer] MOUNT: path=ox-posters, index=5, renderCount=2 @ http://localhost:3210/node_modules/.pnpm/@salla.sa+twilight-theme-en_c3cd9c099c8c4c71b5353d842e4aee2e/node_modules/@salla.sa/twilight-theme-engine/dist/chunk-WITIL2MK.js?v=c58539c0:673
[ 1124112ms] [LOG] [HomeComponentRenderer] MOUNT: path=ox-products-secondary, index=6, renderCount=2 @ http://localhost:3210/node_modules/.pnpm/@salla.sa+twilight-theme-en_c3cd9c099c8c4c71b5353d842e4aee2e/node_modules/@salla.sa/twilight-theme-engine/dist/chunk-WITIL2MK.js?v=c58539c0:673
[ 1124114ms] [LOG] [HomeComponentRenderer] MOUNT: path=ox-categories, index=7, renderCount=2 @ http://localhost:3210/node_modules/.pnpm/@salla.sa+twilight-theme-en_c3cd9c099c8c4c71b5353d842e4aee2e/node_modules/@salla.sa/twilight-theme-engine/dist/chunk-WITIL2MK.js?v=c58539c0:673
[ 1124114ms] [LOG] [HomeComponentRenderer] MOUNT: path=ox-brands, index=8, renderCount=2 @ http://localhost:3210/node_modules/.pnpm/@salla.sa+twilight-theme-en_c3cd9c099c8c4c71b5353d842e4aee2e/node_modules/@salla.sa/twilight-theme-engine/dist/chunk-WITIL2MK.js?v=c58539c0:673
[ 1124115ms] [LOG] [HomeComponentRenderer] MOUNT: path=ox-services, index=9, renderCount=2 @ http://localhost:3210/node_modules/.pnpm/@salla.sa+twilight-theme-en_c3cd9c099c8c4c71b5353d842e4aee2e/node_modules/@salla.sa/twilight-theme-engine/dist/chunk-WITIL2MK.js?v=c58539c0:673
[ 1124116ms] [LOG] [HomeComponentRenderer] MOUNT: path=ox-guides, index=10, renderCount=2 @ http://localhost:3210/node_modules/.pnpm/@salla.sa+twilight-theme-en_c3cd9c099c8c4c71b5353d842e4aee2e/node_modules/@salla.sa/twilight-theme-engine/dist/chunk-WITIL2MK.js?v=c58539c0:673
[ 1124117ms] [LOG] [HomeComponentRenderer] MOUNT: path=ox-branch, index=11, renderCount=2 @ http://localhost:3210/node_modules/.pnpm/@salla.sa+twilight-theme-en_c3cd9c099c8c4c71b5353d842e4aee2e/node_modules/@salla.sa/twilight-theme-engine/dist/chunk-WITIL2MK.js?v=c58539c0:673
[ 1124117ms] [LOG] [HomeComponentRenderer] MOUNT: path=ox-certifications, index=12, renderCount=2 @ http://localhost:3210/node_modules/.pnpm/@salla.sa+twilight-theme-en_c3cd9c099c8c4c71b5353d842e4aee2e/node_modules/@salla.sa/twilight-theme-engine/dist/chunk-WITIL2MK.js?v=c58539c0:673
[ 1124118ms] [LOG] [HomeComponentRenderer] MOUNT: path=ox-faq, index=13, renderCount=2 @ http://localhost:3210/node_modules/.pnpm/@salla.sa+twilight-theme-en_c3cd9c099c8c4c71b5353d842e4aee2e/node_modules/@salla.sa/twilight-theme-engine/dist/chunk-WITIL2MK.js?v=c58539c0:673
[ 1124119ms] [LOG] [HomeComponentRenderer] MOUNT: path=ox-newsletter, index=14, renderCount=2 @ http://localhost:3210/node_modules/.pnpm/@salla.sa+twilight-theme-en_c3cd9c099c8c4c71b5353d842e4aee2e/node_modules/@salla.sa/twilight-theme-engine/dist/chunk-WITIL2MK.js?v=c58539c0:673
[ 1124119ms] [LOG] [HomeComponentRenderer] MOUNT: path=ox-banner, index=15, renderCount=2 @ http://localhost:3210/node_modules/.pnpm/@salla.sa+twilight-theme-en_c3cd9c099c8c4c71b5353d842e4aee2e/node_modules/@salla.sa/twilight-theme-engine/dist/chunk-WITIL2MK.js?v=c58539c0:673
[ 1513237ms] [ERROR] [store.settings] Failed: TypeError: Failed to execute 'set' on 'Headers': String contains non ISO-8859-1 code point.
    at ky.extend.hooks.beforeRequest (http://localhost:3210/node_modules/.pnpm/@salla.sa+twilight-theme-en_c3cd9c099c8c4c71b5353d842e4aee2e/node_modules/@salla.sa/twilight-theme-engine/dist/chunk-O6XXHXC4.js?v=c58539c0:95:25)
    at http://localhost:3210/node_modules/.pnpm/ky@2.1.0/node_modules/ky/distribution/core/Ky.js?v=c58539c0:731:73
    at #raceWithTotalTimeout (http://localhost:3210/node_modules/.pnpm/ky@2.1.0/node_modules/ky/distribution/core/Ky.js?v=c58539c0:572:20)
    at #runBeforeRequestHooks (http://localhost:3210/node_modules/.pnpm/ky@2.1.0/node_modules/ky/distribution/core/Ky.js?v=c58539c0:731:60)
    at function_ (http://localhost:3210/node_modules/.pnpm/ky@2.1.0/node_modules/ky/distribution/core/Ky.js?v=c58539c0:117:74)
    at async http://localhost:3210/node_modules/.pnpm/ky@2.1.0/node_modules/ky/distribution/core/Ky.js?v=c58539c0:195:24
    at async result.<computed> [as json] (http://localhost:3210/node_modules/.pnpm/ky@2.1.0/node_modules/ky/distribution/core/Ky.js?v=c58539c0:219:34)
    at async Object.settings (http://localhost:3210/node_modules/.pnpm/@salla.sa+twilight-theme-en_c3cd9c099c8c4c71b5353d842e4aee2e/node_modules/@salla.sa/twilight-theme-engine/dist/chunk-WMSOSA74.js?v=c58539c0:34:20) @ http://localhost:3210/@vite/client:532
[ 1514663ms] [ERROR] [store.settings] Failed: TypeError: Failed to execute 'set' on 'Headers': String contains non ISO-8859-1 code point.
    at ky.extend.hooks.beforeRequest (http://localhost:3210/node_modules/.pnpm/@salla.sa+twilight-theme-en_c3cd9c099c8c4c71b5353d842e4aee2e/node_modules/@salla.sa/twilight-theme-engine/dist/chunk-O6XXHXC4.js?v=c58539c0:95:25)
    at http://localhost:3210/node_modules/.pnpm/ky@2.1.0/node_modules/ky/distribution/core/Ky.js?v=c58539c0:731:73
    at #raceWithTotalTimeout (http://localhost:3210/node_modules/.pnpm/ky@2.1.0/node_modules/ky/distribution/core/Ky.js?v=c58539c0:572:20)
    at #runBeforeRequestHooks (http://localhost:3210/node_modules/.pnpm/ky@2.1.0/node_modules/ky/distribution/core/Ky.js?v=c58539c0:731:60)
    at function_ (http://localhost:3210/node_modules/.pnpm/ky@2.1.0/node_modules/ky/distribution/core/Ky.js?v=c58539c0:117:74)
    at async http://localhost:3210/node_modules/.pnpm/ky@2.1.0/node_modules/ky/distribution/core/Ky.js?v=c58539c0:195:24
    at async result.<computed> [as json] (http://localhost:3210/node_modules/.pnpm/ky@2.1.0/node_modules/ky/distribution/core/Ky.js?v=c58539c0:219:34)
    at async Object.settings (http://localhost:3210/node_modules/.pnpm/@salla.sa+twilight-theme-en_c3cd9c099c8c4c71b5353d842e4aee2e/node_modules/@salla.sa/twilight-theme-engine/dist/chunk-WMSOSA74.js?v=c58539c0:34:20) @ http://localhost:3210/@vite/client:532
[ 1521764ms] [LOG] [offline-api] browser: api.salla.dev + cdn.salla.network -> http://127.0.0.1:5178 @ http://localhost:3210/:0
[ 1522480ms] [INFO] %cDownload the React DevTools for a better development experience: https://react.dev/link/react-devtools font-weight:bold @ http://localhost:3210/node_modules/.vite/deps/react-dom_client.js?v=c58539c0:14335
[ 1522599ms] [WARNING] [Twilight] Could not hydrate twilight context: no root match in router state @ http://localhost:3210/@vite/client:532
[ 1522720ms] [ERROR] The result of getServerSnapshot should be cached to avoid an infinite loop @ http://localhost:3210/@vite/client:532
[ 1522755ms] [ERROR] A tree hydrated but some attributes of the server rendered HTML didn't match the client properties. This won't be patched up. This can happen if a SSR-ed Client Component used:

- A server/client branch `if (typeof window !== 'undefined')`.
- Variable input such as `Date.now()` or `Math.random()` which changes each time it's called.
- Date formatting in a user's locale which doesn't match the server.
- External changing data without sending a snapshot of it along with the HTML.
- Invalid HTML tag nesting.

It can also happen if the client has a browser extension installed which messes with the HTML before React loaded.

%s%s https://react.dev/link/hydration-mismatch 

  ...
    <ThemeDocumentSync>
    <TanStackDocumentSync>
    <NavigationSetup>
      <NavigationProvider navigate={function}>
        <LinkProvider adapter={{...}}>
          <WidgetHead>
          <AppsSnippets>
          <HookSlot>
          <Suspense>
          <OptimalXLayout>
            <div>
            <BottomTabBar>
              <nav className="ox-tabbar" aria-label="تنقل سريع" data-testid="ox-tabbar">
                <ul className="ox-tabbar_...">
                  <li>
                    <Link to="/" className="ox-tab">
                      <TanStackLinkAdapter ref={null} to="/" className="ox-tab" data-spa-link="">
                        <a
+                         className="ox-tab active"
-                         className="ox-tab is-active active"
                          style={undefined}
                          title={undefined}
                          target={undefined}
                          rel={undefined}
                          onClick={function handleClick}
                          aria-label={undefined}
                          data-spa-link=""
                          ref={{current:null}}
                          onBlur={function handleLeave}
                          onFocus={function}
                          onMouseEnter={function}
                          onMouseLeave={function handleLeave}
                          onTouchStart={function handleTouchStart}
                          href="/"
                          data-status="active"
                          aria-current="page"
                        >
                  ...
            ...
          ...
 @ http://localhost:3210/@vite/client:532
[ 1523037ms] [LOG] [HomeComponentRenderer] RENDER: path=ox-hero, index=0, renderCount=1 @ http://localhost:3210/node_modules/.pnpm/@salla.sa+twilight-theme-en_c3cd9c099c8c4c71b5353d842e4aee2e/node_modules/@salla.sa/twilight-theme-engine/dist/chunk-WITIL2MK.js?v=c58539c0:670
[ 1523038ms] [LOG] [HomeComponentRenderer] RENDER: path=ox-hero, index=0, renderCount=2 @ http://localhost:3210/node_modules/.pnpm/@salla.sa+twilight-theme-en_c3cd9c099c8c4c71b5353d842e4aee2e/node_modules/@salla.sa/twilight-theme-engine/dist/chunk-WITIL2MK.js?v=c58539c0:670
[ 1523046ms] [LOG] [HomeComponentRenderer] RENDER: path=ox-hero, index=0, renderCount=1 @ http://localhost:3210/node_modules/.pnpm/@salla.sa+twilight-theme-en_c3cd9c099c8c4c71b5353d842e4aee2e/node_modules/@salla.sa/twilight-theme-engine/dist/chunk-WITIL2MK.js?v=c58539c0:670
[ 1523046ms] [LOG] [HomeComponentRenderer] RENDER: path=ox-hero, index=0, renderCount=2 @ http://localhost:3210/node_modules/.pnpm/@salla.sa+twilight-theme-en_c3cd9c099c8c4c71b5353d842e4aee2e/node_modules/@salla.sa/twilight-theme-engine/dist/chunk-WITIL2MK.js?v=c58539c0:670
[ 1523046ms] [LOG] [HomeComponentRenderer] RENDER: path=ox-trust-strip, index=1, renderCount=1 @ http://localhost:3210/node_modules/.pnpm/@salla.sa+twilight-theme-en_c3cd9c099c8c4c71b5353d842e4aee2e/node_modules/@salla.sa/twilight-theme-engine/dist/chunk-WITIL2MK.js?v=c58539c0:670
[ 1523047ms] [LOG] [HomeComponentRenderer] RENDER: path=ox-trust-strip, index=1, renderCount=2 @ http://localhost:3210/node_modules/.pnpm/@salla.sa+twilight-theme-en_c3cd9c099c8c4c71b5353d842e4aee2e/node_modules/@salla.sa/twilight-theme-engine/dist/chunk-WITIL2MK.js?v=c58539c0:670
[ 1523047ms] [LOG] [HomeComponentRenderer] RENDER: path=ox-goals, index=2, renderCount=1 @ http://localhost:3210/node_modules/.pnpm/@salla.sa+twilight-theme-en_c3cd9c099c8c4c71b5353d842e4aee2e/node_modules/@salla.sa/twilight-theme-engine/dist/chunk-WITIL2MK.js?v=c58539c0:670
[ 1523048ms] [LOG] [HomeComponentRenderer] RENDER: path=ox-goals, index=2, renderCount=2 @ http://localhost:3210/node_modules/.pnpm/@salla.sa+twilight-theme-en_c3cd9c099c8c4c71b5353d842e4aee2e/node_modules/@salla.sa/twilight-theme-engine/dist/chunk-WITIL2MK.js?v=c58539c0:670
[ 1523048ms] [LOG] [HomeComponentRenderer] RENDER: path=ox-products, index=3, renderCount=1 @ http://localhost:3210/node_modules/.pnpm/@salla.sa+twilight-theme-en_c3cd9c099c8c4c71b5353d842e4aee2e/node_modules/@salla.sa/twilight-theme-engine/dist/chunk-WITIL2MK.js?v=c58539c0:670
[ 1523049ms] [LOG] [HomeComponentRenderer] RENDER: path=ox-products, index=3, renderCount=2 @ http://localhost:3210/node_modules/.pnpm/@salla.sa+twilight-theme-en_c3cd9c099c8c4c71b5353d842e4aee2e/node_modules/@salla.sa/twilight-theme-engine/dist/chunk-WITIL2MK.js?v=c58539c0:670
[ 1523050ms] [LOG] [HomeComponentRenderer] RENDER: path=ox-poster, index=4, renderCount=1 @ http://localhost:3210/node_modules/.pnpm/@salla.sa+twilight-theme-en_c3cd9c099c8c4c71b5353d842e4aee2e/node_modules/@salla.sa/twilight-theme-engine/dist/chunk-WITIL2MK.js?v=c58539c0:670
[ 1523050ms] [LOG] [HomeComponentRenderer] RENDER: path=ox-poster, index=4, renderCount=2 @ http://localhost:3210/node_modules/.pnpm/@salla.sa+twilight-theme-en_c3cd9c099c8c4c71b5353d842e4aee2e/node_modules/@salla.sa/twilight-theme-engine/dist/chunk-WITIL2MK.js?v=c58539c0:670
[ 1523051ms] [LOG] [HomeComponentRenderer] RENDER: path=ox-posters, index=5, renderCount=1 @ http://localhost:3210/node_modules/.pnpm/@salla.sa+twilight-theme-en_c3cd9c099c8c4c71b5353d842e4aee2e/node_modules/@salla.sa/twilight-theme-engine/dist/chunk-WITIL2MK.js?v=c58539c0:670
[ 1523051ms] [LOG] [HomeComponentRenderer] RENDER: path=ox-posters, index=5, renderCount=2 @ http://localhost:3210/node_modules/.pnpm/@salla.sa+twilight-theme-en_c3cd9c099c8c4c71b5353d842e4aee2e/node_modules/@salla.sa/twilight-theme-engine/dist/chunk-WITIL2MK.js?v=c58539c0:670
[ 1523052ms] [LOG] [HomeComponentRenderer] RENDER: path=ox-products-secondary, index=6, renderCount=1 @ http://localhost:3210/node_modules/.pnpm/@salla.sa+twilight-theme-en_c3cd9c099c8c4c71b5353d842e4aee2e/node_modules/@salla.sa/twilight-theme-engine/dist/chunk-WITIL2MK.js?v=c58539c0:670
[ 1523052ms] [LOG] [HomeComponentRenderer] RENDER: path=ox-products-secondary, index=6, renderCount=2 @ http://localhost:3210/node_modules/.pnpm/@salla.sa+twilight-theme-en_c3cd9c099c8c4c71b5353d842e4aee2e/node_modules/@salla.sa/twilight-theme-engine/dist/chunk-WITIL2MK.js?v=c58539c0:670
[ 1523054ms] [LOG] [HomeComponentRenderer] RENDER: path=ox-categories, index=7, renderCount=1 @ http://localhost:3210/node_modules/.pnpm/@salla.sa+twilight-theme-en_c3cd9c099c8c4c71b5353d842e4aee2e/node_modules/@salla.sa/twilight-theme-engine/dist/chunk-WITIL2MK.js?v=c58539c0:670
[ 1523054ms] [LOG] [HomeComponentRenderer] RENDER: path=ox-categories, index=7, renderCount=2 @ http://localhost:3210/node_modules/.pnpm/@salla.sa+twilight-theme-en_c3cd9c099c8c4c71b5353d842e4aee2e/node_modules/@salla.sa/twilight-theme-engine/dist/chunk-WITIL2MK.js?v=c58539c0:670
[ 1523057ms] [LOG] [HomeComponentRenderer] RENDER: path=ox-brands, index=8, renderCount=1 @ http://localhost:3210/node_modules/.pnpm/@salla.sa+twilight-theme-en_c3cd9c099c8c4c71b5353d842e4aee2e/node_modules/@salla.sa/twilight-theme-engine/dist/chunk-WITIL2MK.js?v=c58539c0:670
[ 1523057ms] [LOG] [HomeComponentRenderer] RENDER: path=ox-brands, index=8, renderCount=2 @ http://localhost:3210/node_modules/.pnpm/@salla.sa+twilight-theme-en_c3cd9c099c8c4c71b5353d842e4aee2e/node_modules/@salla.sa/twilight-theme-engine/dist/chunk-WITIL2MK.js?v=c58539c0:670
[ 1523058ms] [LOG] [HomeComponentRenderer] RENDER: path=ox-services, index=9, renderCount=1 @ http://localhost:3210/node_modules/.pnpm/@salla.sa+twilight-theme-en_c3cd9c099c8c4c71b5353d842e4aee2e/node_modules/@salla.sa/twilight-theme-engine/dist/chunk-WITIL2MK.js?v=c58539c0:670
[ 1523058ms] [LOG] [HomeComponentRenderer] RENDER: path=ox-services, index=9, renderCount=2 @ http://localhost:3210/node_modules/.pnpm/@salla.sa+twilight-theme-en_c3cd9c099c8c4c71b5353d842e4aee2e/node_modules/@salla.sa/twilight-theme-engine/dist/chunk-WITIL2MK.js?v=c58539c0:670
[ 1523061ms] [LOG] [HomeComponentRenderer] RENDER: path=ox-guides, index=10, renderCount=1 @ http://localhost:3210/node_modules/.pnpm/@salla.sa+twilight-theme-en_c3cd9c099c8c4c71b5353d842e4aee2e/node_modules/@salla.sa/twilight-theme-engine/dist/chunk-WITIL2MK.js?v=c58539c0:670
[ 1523061ms] [LOG] [HomeComponentRenderer] RENDER: path=ox-guides, index=10, renderCount=2 @ http://localhost:3210/node_modules/.pnpm/@salla.sa+twilight-theme-en_c3cd9c099c8c4c71b5353d842e4aee2e/node_modules/@salla.sa/twilight-theme-engine/dist/chunk-WITIL2MK.js?v=c58539c0:670
[ 1523062ms] [LOG] [HomeComponentRenderer] RENDER: path=ox-branch, index=11, renderCount=1 @ http://localhost:3210/node_modules/.pnpm/@salla.sa+twilight-theme-en_c3cd9c099c8c4c71b5353d842e4aee2e/node_modules/@salla.sa/twilight-theme-engine/dist/chunk-WITIL2MK.js?v=c58539c0:670
[ 1523062ms] [LOG] [HomeComponentRenderer] RENDER: path=ox-branch, index=11, renderCount=2 @ http://localhost:3210/node_modules/.pnpm/@salla.sa+twilight-theme-en_c3cd9c099c8c4c71b5353d842e4aee2e/node_modules/@salla.sa/twilight-theme-engine/dist/chunk-WITIL2MK.js?v=c58539c0:670
[ 1523063ms] [LOG] [HomeComponentRenderer] RENDER: path=ox-certifications, index=12, renderCount=1 @ http://localhost:3210/node_modules/.pnpm/@salla.sa+twilight-theme-en_c3cd9c099c8c4c71b5353d842e4aee2e/node_modules/@salla.sa/twilight-theme-engine/dist/chunk-WITIL2MK.js?v=c58539c0:670
[ 1523063ms] [LOG] [HomeComponentRenderer] RENDER: path=ox-certifications, index=12, renderCount=2 @ http://localhost:3210/node_modules/.pnpm/@salla.sa+twilight-theme-en_c3cd9c099c8c4c71b5353d842e4aee2e/node_modules/@salla.sa/twilight-theme-engine/dist/chunk-WITIL2MK.js?v=c58539c0:670
[ 1523063ms] [LOG] [HomeComponentRenderer] RENDER: path=ox-faq, index=13, renderCount=1 @ http://localhost:3210/node_modules/.pnpm/@salla.sa+twilight-theme-en_c3cd9c099c8c4c71b5353d842e4aee2e/node_modules/@salla.sa/twilight-theme-engine/dist/chunk-WITIL2MK.js?v=c58539c0:670
[ 1523064ms] [LOG] [HomeComponentRenderer] RENDER: path=ox-faq, index=13, renderCount=2 @ http://localhost:3210/node_modules/.pnpm/@salla.sa+twilight-theme-en_c3cd9c099c8c4c71b5353d842e4aee2e/node_modules/@salla.sa/twilight-theme-engine/dist/chunk-WITIL2MK.js?v=c58539c0:670
[ 1523065ms] [LOG] [HomeComponentRenderer] RENDER: path=ox-newsletter, index=14, renderCount=1 @ http://localhost:3210/node_modules/.pnpm/@salla.sa+twilight-theme-en_c3cd9c099c8c4c71b5353d842e4aee2e/node_modules/@salla.sa/twilight-theme-engine/dist/chunk-WITIL2MK.js?v=c58539c0:670
[ 1523065ms] [LOG] [HomeComponentRenderer] RENDER: path=ox-newsletter, index=14, renderCount=2 @ http://localhost:3210/node_modules/.pnpm/@salla.sa+twilight-theme-en_c3cd9c099c8c4c71b5353d842e4aee2e/node_modules/@salla.sa/twilight-theme-engine/dist/chunk-WITIL2MK.js?v=c58539c0:670
[ 1523065ms] [LOG] [HomeComponentRenderer] RENDER: path=ox-banner, index=15, renderCount=1 @ http://localhost:3210/node_modules/.pnpm/@salla.sa+twilight-theme-en_c3cd9c099c8c4c71b5353d842e4aee2e/node_modules/@salla.sa/twilight-theme-engine/dist/chunk-WITIL2MK.js?v=c58539c0:670
[ 1523065ms] [LOG] [HomeComponentRenderer] RENDER: path=ox-banner, index=15, renderCount=2 @ http://localhost:3210/node_modules/.pnpm/@salla.sa+twilight-theme-en_c3cd9c099c8c4c71b5353d842e4aee2e/node_modules/@salla.sa/twilight-theme-engine/dist/chunk-WITIL2MK.js?v=c58539c0:670
[ 1523067ms] [LOG] [HomeComponentRenderer] MOUNT: path=ox-hero, index=0, renderCount=2 @ http://localhost:3210/node_modules/.pnpm/@salla.sa+twilight-theme-en_c3cd9c099c8c4c71b5353d842e4aee2e/node_modules/@salla.sa/twilight-theme-engine/dist/chunk-WITIL2MK.js?v=c58539c0:673
[ 1523068ms] [LOG] [HomeComponentRenderer] MOUNT: path=ox-trust-strip, index=1, renderCount=2 @ http://localhost:3210/node_modules/.pnpm/@salla.sa+twilight-theme-en_c3cd9c099c8c4c71b5353d842e4aee2e/node_modules/@salla.sa/twilight-theme-engine/dist/chunk-WITIL2MK.js?v=c58539c0:673
[ 1523069ms] [LOG] [HomeComponentRenderer] MOUNT: path=ox-goals, index=2, renderCount=2 @ http://localhost:3210/node_modules/.pnpm/@salla.sa+twilight-theme-en_c3cd9c099c8c4c71b5353d842e4aee2e/node_modules/@salla.sa/twilight-theme-engine/dist/chunk-WITIL2MK.js?v=c58539c0:673
[ 1523069ms] [LOG] [HomeComponentRenderer] MOUNT: path=ox-products, index=3, renderCount=2 @ http://localhost:3210/node_modules/.pnpm/@salla.sa+twilight-theme-en_c3cd9c099c8c4c71b5353d842e4aee2e/node_modules/@salla.sa/twilight-theme-engine/dist/chunk-WITIL2MK.js?v=c58539c0:673
[ 1523070ms] [LOG] [HomeComponentRenderer] MOUNT: path=ox-poster, index=4, renderCount=2 @ http://localhost:3210/node_modules/.pnpm/@salla.sa+twilight-theme-en_c3cd9c099c8c4c71b5353d842e4aee2e/node_modules/@salla.sa/twilight-theme-engine/dist/chunk-WITIL2MK.js?v=c58539c0:673
[ 1523071ms] [LOG] [HomeComponentRenderer] MOUNT: path=ox-posters, index=5, renderCount=2 @ http://localhost:3210/node_modules/.pnpm/@salla.sa+twilight-theme-en_c3cd9c099c8c4c71b5353d842e4aee2e/node_modules/@salla.sa/twilight-theme-engine/dist/chunk-WITIL2MK.js?v=c58539c0:673
[ 1523071ms] [LOG] [HomeComponentRenderer] MOUNT: path=ox-products-secondary, index=6, renderCount=2 @ http://localhost:3210/node_modules/.pnpm/@salla.sa+twilight-theme-en_c3cd9c099c8c4c71b5353d842e4aee2e/node_modules/@salla.sa/twilight-theme-engine/dist/chunk-WITIL2MK.js?v=c58539c0:673
[ 1523071ms] [LOG] [HomeComponentRenderer] MOUNT: path=ox-categories, index=7, renderCount=2 @ http://localhost:3210/node_modules/.pnpm/@salla.sa+twilight-theme-en_c3cd9c099c8c4c71b5353d842e4aee2e/node_modules/@salla.sa/twilight-theme-engine/dist/chunk-WITIL2MK.js?v=c58539c0:673
[ 1523072ms] [LOG] [HomeComponentRenderer] MOUNT: path=ox-brands, index=8, renderCount=2 @ http://localhost:3210/node_modules/.pnpm/@salla.sa+twilight-theme-en_c3cd9c099c8c4c71b5353d842e4aee2e/node_modules/@salla.sa/twilight-theme-engine/dist/chunk-WITIL2MK.js?v=c58539c0:673
[ 1523073ms] [LOG] [HomeComponentRenderer] MOUNT: path=ox-services, index=9, renderCount=2 @ http://localhost:3210/node_modules/.pnpm/@salla.sa+twilight-theme-en_c3cd9c099c8c4c71b5353d842e4aee2e/node_modules/@salla.sa/twilight-theme-engine/dist/chunk-WITIL2MK.js?v=c58539c0:673
[ 1523073ms] [LOG] [HomeComponentRenderer] MOUNT: path=ox-guides, index=10, renderCount=2 @ http://localhost:3210/node_modules/.pnpm/@salla.sa+twilight-theme-en_c3cd9c099c8c4c71b5353d842e4aee2e/node_modules/@salla.sa/twilight-theme-engine/dist/chunk-WITIL2MK.js?v=c58539c0:673
[ 1523074ms] [LOG] [HomeComponentRenderer] MOUNT: path=ox-branch, index=11, renderCount=2 @ http://localhost:3210/node_modules/.pnpm/@salla.sa+twilight-theme-en_c3cd9c099c8c4c71b5353d842e4aee2e/node_modules/@salla.sa/twilight-theme-engine/dist/chunk-WITIL2MK.js?v=c58539c0:673
[ 1523074ms] [LOG] [HomeComponentRenderer] MOUNT: path=ox-certifications, index=12, renderCount=2 @ http://localhost:3210/node_modules/.pnpm/@salla.sa+twilight-theme-en_c3cd9c099c8c4c71b5353d842e4aee2e/node_modules/@salla.sa/twilight-theme-engine/dist/chunk-WITIL2MK.js?v=c58539c0:673
[ 1523075ms] [LOG] [HomeComponentRenderer] MOUNT: path=ox-faq, index=13, renderCount=2 @ http://localhost:3210/node_modules/.pnpm/@salla.sa+twilight-theme-en_c3cd9c099c8c4c71b5353d842e4aee2e/node_modules/@salla.sa/twilight-theme-engine/dist/chunk-WITIL2MK.js?v=c58539c0:673
[ 1523076ms] [LOG] [HomeComponentRenderer] MOUNT: path=ox-newsletter, index=14, renderCount=2 @ http://localhost:3210/node_modules/.pnpm/@salla.sa+twilight-theme-en_c3cd9c099c8c4c71b5353d842e4aee2e/node_modules/@salla.sa/twilight-theme-engine/dist/chunk-WITIL2MK.js?v=c58539c0:673
[ 1523076ms] [LOG] [HomeComponentRenderer] MOUNT: path=ox-banner, index=15, renderCount=2 @ http://localhost:3210/node_modules/.pnpm/@salla.sa+twilight-theme-en_c3cd9c099c8c4c71b5353d842e4aee2e/node_modules/@salla.sa/twilight-theme-engine/dist/chunk-WITIL2MK.js?v=c58539c0:673
[ 1523221ms] [ERROR] [store.settings] Failed: TypeError: Failed to execute 'set' on 'Headers': String contains non ISO-8859-1 code point.
    at ky.extend.hooks.beforeRequest (http://localhost:3210/node_modules/.pnpm/@salla.sa+twilight-theme-en_c3cd9c099c8c4c71b5353d842e4aee2e/node_modules/@salla.sa/twilight-theme-engine/dist/chunk-O6XXHXC4.js?v=c58539c0:95:25)
    at http://localhost:3210/node_modules/.pnpm/ky@2.1.0/node_modules/ky/distribution/core/Ky.js?v=c58539c0:731:73
    at #raceWithTotalTimeout (http://localhost:3210/node_modules/.pnpm/ky@2.1.0/node_modules/ky/distribution/core/Ky.js?v=c58539c0:572:20)
    at #runBeforeRequestHooks (http://localhost:3210/node_modules/.pnpm/ky@2.1.0/node_modules/ky/distribution/core/Ky.js?v=c58539c0:731:60)
    at function_ (http://localhost:3210/node_modules/.pnpm/ky@2.1.0/node_modules/ky/distribution/core/Ky.js?v=c58539c0:117:74)
    at async http://localhost:3210/node_modules/.pnpm/ky@2.1.0/node_modules/ky/distribution/core/Ky.js?v=c58539c0:195:24
    at async result.<computed> [as json] (http://localhost:3210/node_modules/.pnpm/ky@2.1.0/node_modules/ky/distribution/core/Ky.js?v=c58539c0:219:34)
    at async Object.settings (http://localhost:3210/node_modules/.pnpm/@salla.sa+twilight-theme-en_c3cd9c099c8c4c71b5353d842e4aee2e/node_modules/@salla.sa/twilight-theme-engine/dist/chunk-WMSOSA74.js?v=c58539c0:34:20) @ http://localhost:3210/@vite/client:532
[ 1523349ms] Error: Hydration failed because the server rendered HTML didn't match the client. As a result this tree will be regenerated on the client. This can happen if a SSR-ed Client Component used:

- A server/client branch `if (typeof window !== 'undefined')`.
- Variable input such as `Date.now()` or `Math.random()` which changes each time it's called.
- Date formatting in a user's locale which doesn't match the server.
- External changing data without sending a snapshot of it along with the HTML.
- Invalid HTML tag nesting.

It can also happen if the client has a browser extension installed which messes with the HTML before React loaded.

https://react.dev/link/hydration-mismatch

  ...
    <Matches>
      <Transitioner>
      <SafeFragment fallback={<Context>}>
        <MatchesInner>
          <CatchBoundary getResetKey={function getResetKey} onCatch={function}>
            <MatchImpl routeId="__root__">
              <MatchView router={{...}} match={{id:"__root__/", ...}}>
                <RootComponent>
                  <html lang="ar" dir="rtl" suppressHydrationWarning={true}>
                    <head>
                    <body suppressHydrationWarning={true}>
                      <noscript>
                      <TwilightProvider>
                      <Suspense fallback={null}>
                        <TanStackRouterDevtools position="bottom-right">
+                         <div ref={{current:null}}>
                      ...

    at throwOnHydrationMismatch (http://localhost:3210/node_modules/.vite/deps/react-dom_client.js?v=c58539c0:2968:51)
    at beginWork (http://localhost:3210/node_modules/.vite/deps/react-dom_client.js?v=c58539c0:6200:914)
    at runWithFiberInDEV (http://localhost:3210/node_modules/.vite/deps/react-dom_client.js?v=c58539c0:851:66)
    at performUnitOfWork (http://localhost:3210/node_modules/.vite/deps/react-dom_client.js?v=c58539c0:8429:92)
    at workLoopConcurrentByScheduler (http://localhost:3210/node_modules/.vite/deps/react-dom_client.js?v=c58539c0:8425:55)
    at renderRootConcurrent (http://localhost:3210/node_modules/.vite/deps/react-dom_client.js?v=c58539c0:8408:64)
    at performWorkOnRoot (http://localhost:3210/node_modules/.vite/deps/react-dom_client.js?v=c58539c0:7957:145)
    at performWorkOnRootViaSchedulerTask (http://localhost:3210/node_modules/.vite/deps/react-dom_client.js?v=c58539c0:9059:4)
    at MessagePort.performWorkUntilDeadline (http://localhost:3210/node_modules/.vite/deps/react-dom_client.js?v=c58539c0:36:38)
[ 1558092ms] [ERROR] [store.settings] Failed: TypeError: Failed to execute 'set' on 'Headers': String contains non ISO-8859-1 code point.
    at ky.extend.hooks.beforeRequest (http://localhost:3210/node_modules/.pnpm/@salla.sa+twilight-theme-en_c3cd9c099c8c4c71b5353d842e4aee2e/node_modules/@salla.sa/twilight-theme-engine/dist/chunk-O6XXHXC4.js?v=c58539c0:95:25)
    at http://localhost:3210/node_modules/.pnpm/ky@2.1.0/node_modules/ky/distribution/core/Ky.js?v=c58539c0:731:73
    at #raceWithTotalTimeout (http://localhost:3210/node_modules/.pnpm/ky@2.1.0/node_modules/ky/distribution/core/Ky.js?v=c58539c0:572:20)
    at #runBeforeRequestHooks (http://localhost:3210/node_modules/.pnpm/ky@2.1.0/node_modules/ky/distribution/core/Ky.js?v=c58539c0:731:60)
    at function_ (http://localhost:3210/node_modules/.pnpm/ky@2.1.0/node_modules/ky/distribution/core/Ky.js?v=c58539c0:117:74)
    at async http://localhost:3210/node_modules/.pnpm/ky@2.1.0/node_modules/ky/distribution/core/Ky.js?v=c58539c0:195:24
    at async result.<computed> [as json] (http://localhost:3210/node_modules/.pnpm/ky@2.1.0/node_modules/ky/distribution/core/Ky.js?v=c58539c0:219:34)
    at async Object.settings (http://localhost:3210/node_modules/.pnpm/@salla.sa+twilight-theme-en_c3cd9c099c8c4c71b5353d842e4aee2e/node_modules/@salla.sa/twilight-theme-engine/dist/chunk-WMSOSA74.js?v=c58539c0:34:20) @ http://localhost:3210/@vite/client:532
[ 1577187ms] [ERROR] [store.settings] Failed: TypeError: Failed to execute 'set' on 'Headers': String contains non ISO-8859-1 code point.
    at ky.extend.hooks.beforeRequest (http://localhost:3210/node_modules/.pnpm/@salla.sa+twilight-theme-en_c3cd9c099c8c4c71b5353d842e4aee2e/node_modules/@salla.sa/twilight-theme-engine/dist/chunk-O6XXHXC4.js?v=c58539c0:95:25)
    at http://localhost:3210/node_modules/.pnpm/ky@2.1.0/node_modules/ky/distribution/core/Ky.js?v=c58539c0:731:73
    at #raceWithTotalTimeout (http://localhost:3210/node_modules/.pnpm/ky@2.1.0/node_modules/ky/distribution/core/Ky.js?v=c58539c0:572:20)
    at #runBeforeRequestHooks (http://localhost:3210/node_modules/.pnpm/ky@2.1.0/node_modules/ky/distribution/core/Ky.js?v=c58539c0:731:60)
    at function_ (http://localhost:3210/node_modules/.pnpm/ky@2.1.0/node_modules/ky/distribution/core/Ky.js?v=c58539c0:117:74)
    at async http://localhost:3210/node_modules/.pnpm/ky@2.1.0/node_modules/ky/distribution/core/Ky.js?v=c58539c0:195:24
    at async result.<computed> [as json] (http://localhost:3210/node_modules/.pnpm/ky@2.1.0/node_modules/ky/distribution/core/Ky.js?v=c58539c0:219:34)
    at async Object.settings (http://localhost:3210/node_modules/.pnpm/@salla.sa+twilight-theme-en_c3cd9c099c8c4c71b5353d842e4aee2e/node_modules/@salla.sa/twilight-theme-engine/dist/chunk-WMSOSA74.js?v=c58539c0:34:20) @ http://localhost:3210/@vite/client:532
[ 1582173ms] [ERROR] [store.settings] Failed: TypeError: Failed to execute 'set' on 'Headers': String contains non ISO-8859-1 code point.
    at ky.extend.hooks.beforeRequest (http://localhost:3210/node_modules/.pnpm/@salla.sa+twilight-theme-en_c3cd9c099c8c4c71b5353d842e4aee2e/node_modules/@salla.sa/twilight-theme-engine/dist/chunk-O6XXHXC4.js?v=c58539c0:95:25)
    at http://localhost:3210/node_modules/.pnpm/ky@2.1.0/node_modules/ky/distribution/core/Ky.js?v=c58539c0:731:73
    at #raceWithTotalTimeout (http://localhost:3210/node_modules/.pnpm/ky@2.1.0/node_modules/ky/distribution/core/Ky.js?v=c58539c0:572:20)
    at #runBeforeRequestHooks (http://localhost:3210/node_modules/.pnpm/ky@2.1.0/node_modules/ky/distribution/core/Ky.js?v=c58539c0:731:60)
    at function_ (http://localhost:3210/node_modules/.pnpm/ky@2.1.0/node_modules/ky/distribution/core/Ky.js?v=c58539c0:117:74)
    at async http://localhost:3210/node_modules/.pnpm/ky@2.1.0/node_modules/ky/distribution/core/Ky.js?v=c58539c0:195:24
    at async result.<computed> [as json] (http://localhost:3210/node_modules/.pnpm/ky@2.1.0/node_modules/ky/distribution/core/Ky.js?v=c58539c0:219:34)
    at async Object.settings (http://localhost:3210/node_modules/.pnpm/@salla.sa+twilight-theme-en_c3cd9c099c8c4c71b5353d842e4aee2e/node_modules/@salla.sa/twilight-theme-engine/dist/chunk-WMSOSA74.js?v=c58539c0:34:20) @ http://localhost:3210/@vite/client:532
[ 1627537ms] [ERROR] [store.settings] Failed: TypeError: Failed to execute 'set' on 'Headers': String contains non ISO-8859-1 code point.
    at ky.extend.hooks.beforeRequest (http://localhost:3210/node_modules/.pnpm/@salla.sa+twilight-theme-en_c3cd9c099c8c4c71b5353d842e4aee2e/node_modules/@salla.sa/twilight-theme-engine/dist/chunk-O6XXHXC4.js?v=c58539c0:95:25)
    at http://localhost:3210/node_modules/.pnpm/ky@2.1.0/node_modules/ky/distribution/core/Ky.js?v=c58539c0:731:73
    at #raceWithTotalTimeout (http://localhost:3210/node_modules/.pnpm/ky@2.1.0/node_modules/ky/distribution/core/Ky.js?v=c58539c0:572:20)
    at #runBeforeRequestHooks (http://localhost:3210/node_modules/.pnpm/ky@2.1.0/node_modules/ky/distribution/core/Ky.js?v=c58539c0:731:60)
    at function_ (http://localhost:3210/node_modules/.pnpm/ky@2.1.0/node_modules/ky/distribution/core/Ky.js?v=c58539c0:117:74)
    at async http://localhost:3210/node_modules/.pnpm/ky@2.1.0/node_modules/ky/distribution/core/Ky.js?v=c58539c0:195:24
    at async result.<computed> [as json] (http://localhost:3210/node_modules/.pnpm/ky@2.1.0/node_modules/ky/distribution/core/Ky.js?v=c58539c0:219:34)
    at async Object.settings (http://localhost:3210/node_modules/.pnpm/@salla.sa+twilight-theme-en_c3cd9c099c8c4c71b5353d842e4aee2e/node_modules/@salla.sa/twilight-theme-engine/dist/chunk-WMSOSA74.js?v=c58539c0:34:20) @ http://localhost:3210/@vite/client:532
[ 1631118ms] [LOG] [offline-api] browser: api.salla.dev + cdn.salla.network -> http://127.0.0.1:5178 @ http://localhost:3210/:0
[ 1631999ms] [INFO] %cDownload the React DevTools for a better development experience: https://react.dev/link/react-devtools font-weight:bold @ http://localhost:3210/node_modules/.vite/deps/react-dom_client.js?v=c58539c0:14335
[ 1632090ms] [WARNING] [Twilight] Could not hydrate twilight context: no root match in router state @ http://localhost:3210/@vite/client:532
[ 1632196ms] [ERROR] The result of getServerSnapshot should be cached to avoid an infinite loop @ http://localhost:3210/@vite/client:532
[ 1632236ms] [ERROR] A tree hydrated but some attributes of the server rendered HTML didn't match the client properties. This won't be patched up. This can happen if a SSR-ed Client Component used:

- A server/client branch `if (typeof window !== 'undefined')`.
- Variable input such as `Date.now()` or `Math.random()` which changes each time it's called.
- Date formatting in a user's locale which doesn't match the server.
- External changing data without sending a snapshot of it along with the HTML.
- Invalid HTML tag nesting.

It can also happen if the client has a browser extension installed which messes with the HTML before React loaded.

%s%s https://react.dev/link/hydration-mismatch 

  ...
    <ThemeDocumentSync>
    <TanStackDocumentSync>
    <NavigationSetup>
      <NavigationProvider navigate={function}>
        <LinkProvider adapter={{...}}>
          <WidgetHead>
          <AppsSnippets>
          <HookSlot>
          <Suspense>
          <OptimalXLayout>
            <div>
            <BottomTabBar>
              <nav className="ox-tabbar" aria-label="تنقل سريع" data-testid="ox-tabbar">
                <ul className="ox-tabbar_...">
                  <li>
                    <Link to="/" className="ox-tab">
                      <TanStackLinkAdapter ref={null} to="/" className="ox-tab" data-spa-link="">
                        <a
+                         className="ox-tab active"
-                         className="ox-tab is-active active"
                          style={undefined}
                          title={undefined}
                          target={undefined}
                          rel={undefined}
                          onClick={function handleClick}
                          aria-label={undefined}
                          data-spa-link=""
                          ref={{current:null}}
                          onBlur={function handleLeave}
                          onFocus={function}
                          onMouseEnter={function}
                          onMouseLeave={function handleLeave}
                          onTouchStart={function handleTouchStart}
                          href="/"
                          data-status="active"
                          aria-current="page"
                        >
                  ...
            ...
          ...
 @ http://localhost:3210/@vite/client:532
[ 1632713ms] [LOG] [HomeComponentRenderer] RENDER: path=ox-hero, index=0, renderCount=1 @ http://localhost:3210/node_modules/.pnpm/@salla.sa+twilight-theme-en_c3cd9c099c8c4c71b5353d842e4aee2e/node_modules/@salla.sa/twilight-theme-engine/dist/chunk-WITIL2MK.js?v=c58539c0:670
[ 1632713ms] [LOG] [HomeComponentRenderer] RENDER: path=ox-hero, index=0, renderCount=2 @ http://localhost:3210/node_modules/.pnpm/@salla.sa+twilight-theme-en_c3cd9c099c8c4c71b5353d842e4aee2e/node_modules/@salla.sa/twilight-theme-engine/dist/chunk-WITIL2MK.js?v=c58539c0:670
[ 1632717ms] Error: Hydration failed because the server rendered HTML didn't match the client. As a result this tree will be regenerated on the client. This can happen if a SSR-ed Client Component used:

- A server/client branch `if (typeof window !== 'undefined')`.
- Variable input such as `Date.now()` or `Math.random()` which changes each time it's called.
- Date formatting in a user's locale which doesn't match the server.
- External changing data without sending a snapshot of it along with the HTML.
- Invalid HTML tag nesting.

It can also happen if the client has a browser extension installed which messes with the HTML before React loaded.

https://react.dev/link/hydration-mismatch

  ...
    <Matches>
      <Transitioner>
      <SafeFragment fallback={<Context>}>
        <MatchesInner>
          <CatchBoundary getResetKey={function getResetKey} onCatch={function}>
            <MatchImpl routeId="__root__">
              <MatchView router={{...}} match={{id:"__root__/", ...}}>
                <RootComponent>
                  <html lang="ar" dir="rtl" suppressHydrationWarning={true}>
                    <head>
                    <body suppressHydrationWarning={true}>
                      <noscript>
                      <TwilightProvider>
                      <Suspense fallback={null}>
                        <TanStackRouterDevtools position="bottom-right">
+                         <div ref={{current:null}}>
                      ...

    at throwOnHydrationMismatch (http://localhost:3210/node_modules/.vite/deps/react-dom_client.js?v=c58539c0:2968:51)
    at beginWork (http://localhost:3210/node_modules/.vite/deps/react-dom_client.js?v=c58539c0:6200:914)
    at runWithFiberInDEV (http://localhost:3210/node_modules/.vite/deps/react-dom_client.js?v=c58539c0:851:66)
    at performUnitOfWork (http://localhost:3210/node_modules/.vite/deps/react-dom_client.js?v=c58539c0:8429:92)
    at workLoopConcurrentByScheduler (http://localhost:3210/node_modules/.vite/deps/react-dom_client.js?v=c58539c0:8425:55)
    at renderRootConcurrent (http://localhost:3210/node_modules/.vite/deps/react-dom_client.js?v=c58539c0:8408:64)
    at performWorkOnRoot (http://localhost:3210/node_modules/.vite/deps/react-dom_client.js?v=c58539c0:7957:145)
    at performWorkOnRootViaSchedulerTask (http://localhost:3210/node_modules/.vite/deps/react-dom_client.js?v=c58539c0:9059:4)
    at MessagePort.performWorkUntilDeadline (http://localhost:3210/node_modules/.vite/deps/react-dom_client.js?v=c58539c0:36:38)
[ 1632734ms] [LOG] [HomeComponentRenderer] RENDER: path=ox-hero, index=0, renderCount=1 @ http://localhost:3210/node_modules/.pnpm/@salla.sa+twilight-theme-en_c3cd9c099c8c4c71b5353d842e4aee2e/node_modules/@salla.sa/twilight-theme-engine/dist/chunk-WITIL2MK.js?v=c58539c0:670
[ 1632734ms] [LOG] [HomeComponentRenderer] RENDER: path=ox-hero, index=0, renderCount=2 @ http://localhost:3210/node_modules/.pnpm/@salla.sa+twilight-theme-en_c3cd9c099c8c4c71b5353d842e4aee2e/node_modules/@salla.sa/twilight-theme-engine/dist/chunk-WITIL2MK.js?v=c58539c0:670
[ 1632735ms] [LOG] [HomeComponentRenderer] RENDER: path=ox-trust-strip, index=1, renderCount=1 @ http://localhost:3210/node_modules/.pnpm/@salla.sa+twilight-theme-en_c3cd9c099c8c4c71b5353d842e4aee2e/node_modules/@salla.sa/twilight-theme-engine/dist/chunk-WITIL2MK.js?v=c58539c0:670
[ 1632735ms] [LOG] [HomeComponentRenderer] RENDER: path=ox-trust-strip, index=1, renderCount=2 @ http://localhost:3210/node_modules/.pnpm/@salla.sa+twilight-theme-en_c3cd9c099c8c4c71b5353d842e4aee2e/node_modules/@salla.sa/twilight-theme-engine/dist/chunk-WITIL2MK.js?v=c58539c0:670
[ 1632735ms] [LOG] [HomeComponentRenderer] RENDER: path=ox-goals, index=2, renderCount=1 @ http://localhost:3210/node_modules/.pnpm/@salla.sa+twilight-theme-en_c3cd9c099c8c4c71b5353d842e4aee2e/node_modules/@salla.sa/twilight-theme-engine/dist/chunk-WITIL2MK.js?v=c58539c0:670
[ 1632736ms] [LOG] [HomeComponentRenderer] RENDER: path=ox-goals, index=2, renderCount=2 @ http://localhost:3210/node_modules/.pnpm/@salla.sa+twilight-theme-en_c3cd9c099c8c4c71b5353d842e4aee2e/node_modules/@salla.sa/twilight-theme-engine/dist/chunk-WITIL2MK.js?v=c58539c0:670
[ 1632736ms] [LOG] [HomeComponentRenderer] RENDER: path=ox-products, index=3, renderCount=1 @ http://localhost:3210/node_modules/.pnpm/@salla.sa+twilight-theme-en_c3cd9c099c8c4c71b5353d842e4aee2e/node_modules/@salla.sa/twilight-theme-engine/dist/chunk-WITIL2MK.js?v=c58539c0:670
[ 1632736ms] [LOG] [HomeComponentRenderer] RENDER: path=ox-products, index=3, renderCount=2 @ http://localhost:3210/node_modules/.pnpm/@salla.sa+twilight-theme-en_c3cd9c099c8c4c71b5353d842e4aee2e/node_modules/@salla.sa/twilight-theme-engine/dist/chunk-WITIL2MK.js?v=c58539c0:670
[ 1632739ms] [LOG] [HomeComponentRenderer] RENDER: path=ox-poster, index=4, renderCount=1 @ http://localhost:3210/node_modules/.pnpm/@salla.sa+twilight-theme-en_c3cd9c099c8c4c71b5353d842e4aee2e/node_modules/@salla.sa/twilight-theme-engine/dist/chunk-WITIL2MK.js?v=c58539c0:670
[ 1632739ms] [LOG] [HomeComponentRenderer] RENDER: path=ox-poster, index=4, renderCount=2 @ http://localhost:3210/node_modules/.pnpm/@salla.sa+twilight-theme-en_c3cd9c099c8c4c71b5353d842e4aee2e/node_modules/@salla.sa/twilight-theme-engine/dist/chunk-WITIL2MK.js?v=c58539c0:670
[ 1632739ms] [LOG] [HomeComponentRenderer] RENDER: path=ox-posters, index=5, renderCount=1 @ http://localhost:3210/node_modules/.pnpm/@salla.sa+twilight-theme-en_c3cd9c099c8c4c71b5353d842e4aee2e/node_modules/@salla.sa/twilight-theme-engine/dist/chunk-WITIL2MK.js?v=c58539c0:670
[ 1632739ms] [LOG] [HomeComponentRenderer] RENDER: path=ox-posters, index=5, renderCount=2 @ http://localhost:3210/node_modules/.pnpm/@salla.sa+twilight-theme-en_c3cd9c099c8c4c71b5353d842e4aee2e/node_modules/@salla.sa/twilight-theme-engine/dist/chunk-WITIL2MK.js?v=c58539c0:670
[ 1632740ms] [LOG] [HomeComponentRenderer] RENDER: path=ox-products-secondary, index=6, renderCount=1 @ http://localhost:3210/node_modules/.pnpm/@salla.sa+twilight-theme-en_c3cd9c099c8c4c71b5353d842e4aee2e/node_modules/@salla.sa/twilight-theme-engine/dist/chunk-WITIL2MK.js?v=c58539c0:670
[ 1632741ms] [LOG] [HomeComponentRenderer] RENDER: path=ox-products-secondary, index=6, renderCount=2 @ http://localhost:3210/node_modules/.pnpm/@salla.sa+twilight-theme-en_c3cd9c099c8c4c71b5353d842e4aee2e/node_modules/@salla.sa/twilight-theme-engine/dist/chunk-WITIL2MK.js?v=c58539c0:670
[ 1632742ms] [LOG] [HomeComponentRenderer] RENDER: path=ox-categories, index=7, renderCount=1 @ http://localhost:3210/node_modules/.pnpm/@salla.sa+twilight-theme-en_c3cd9c099c8c4c71b5353d842e4aee2e/node_modules/@salla.sa/twilight-theme-engine/dist/chunk-WITIL2MK.js?v=c58539c0:670
[ 1632742ms] [LOG] [HomeComponentRenderer] RENDER: path=ox-categories, index=7, renderCount=2 @ http://localhost:3210/node_modules/.pnpm/@salla.sa+twilight-theme-en_c3cd9c099c8c4c71b5353d842e4aee2e/node_modules/@salla.sa/twilight-theme-engine/dist/chunk-WITIL2MK.js?v=c58539c0:670
[ 1632743ms] [LOG] [HomeComponentRenderer] RENDER: path=ox-brands, index=8, renderCount=1 @ http://localhost:3210/node_modules/.pnpm/@salla.sa+twilight-theme-en_c3cd9c099c8c4c71b5353d842e4aee2e/node_modules/@salla.sa/twilight-theme-engine/dist/chunk-WITIL2MK.js?v=c58539c0:670
[ 1632744ms] [LOG] [HomeComponentRenderer] RENDER: path=ox-brands, index=8, renderCount=2 @ http://localhost:3210/node_modules/.pnpm/@salla.sa+twilight-theme-en_c3cd9c099c8c4c71b5353d842e4aee2e/node_modules/@salla.sa/twilight-theme-engine/dist/chunk-WITIL2MK.js?v=c58539c0:670
[ 1632744ms] [LOG] [HomeComponentRenderer] RENDER: path=ox-services, index=9, renderCount=1 @ http://localhost:3210/node_modules/.pnpm/@salla.sa+twilight-theme-en_c3cd9c099c8c4c71b5353d842e4aee2e/node_modules/@salla.sa/twilight-theme-engine/dist/chunk-WITIL2MK.js?v=c58539c0:670
[ 1632744ms] [LOG] [HomeComponentRenderer] RENDER: path=ox-services, index=9, renderCount=2 @ http://localhost:3210/node_modules/.pnpm/@salla.sa+twilight-theme-en_c3cd9c099c8c4c71b5353d842e4aee2e/node_modules/@salla.sa/twilight-theme-engine/dist/chunk-WITIL2MK.js?v=c58539c0:670
[ 1632745ms] [LOG] [HomeComponentRenderer] RENDER: path=ox-guides, index=10, renderCount=1 @ http://localhost:3210/node_modules/.pnpm/@salla.sa+twilight-theme-en_c3cd9c099c8c4c71b5353d842e4aee2e/node_modules/@salla.sa/twilight-theme-engine/dist/chunk-WITIL2MK.js?v=c58539c0:670
[ 1632745ms] [LOG] [HomeComponentRenderer] RENDER: path=ox-guides, index=10, renderCount=2 @ http://localhost:3210/node_modules/.pnpm/@salla.sa+twilight-theme-en_c3cd9c099c8c4c71b5353d842e4aee2e/node_modules/@salla.sa/twilight-theme-engine/dist/chunk-WITIL2MK.js?v=c58539c0:670
[ 1632745ms] [LOG] [HomeComponentRenderer] RENDER: path=ox-branch, index=11, renderCount=1 @ http://localhost:3210/node_modules/.pnpm/@salla.sa+twilight-theme-en_c3cd9c099c8c4c71b5353d842e4aee2e/node_modules/@salla.sa/twilight-theme-engine/dist/chunk-WITIL2MK.js?v=c58539c0:670
[ 1632745ms] [LOG] [HomeComponentRenderer] RENDER: path=ox-branch, index=11, renderCount=2 @ http://localhost:3210/node_modules/.pnpm/@salla.sa+twilight-theme-en_c3cd9c099c8c4c71b5353d842e4aee2e/node_modules/@salla.sa/twilight-theme-engine/dist/chunk-WITIL2MK.js?v=c58539c0:670
[ 1632746ms] [LOG] [HomeComponentRenderer] RENDER: path=ox-certifications, index=12, renderCount=1 @ http://localhost:3210/node_modules/.pnpm/@salla.sa+twilight-theme-en_c3cd9c099c8c4c71b5353d842e4aee2e/node_modules/@salla.sa/twilight-theme-engine/dist/chunk-WITIL2MK.js?v=c58539c0:670
[ 1632746ms] [LOG] [HomeComponentRenderer] RENDER: path=ox-certifications, index=12, renderCount=2 @ http://localhost:3210/node_modules/.pnpm/@salla.sa+twilight-theme-en_c3cd9c099c8c4c71b5353d842e4aee2e/node_modules/@salla.sa/twilight-theme-engine/dist/chunk-WITIL2MK.js?v=c58539c0:670
[ 1632747ms] [LOG] [HomeComponentRenderer] RENDER: path=ox-faq, index=13, renderCount=1 @ http://localhost:3210/node_modules/.pnpm/@salla.sa+twilight-theme-en_c3cd9c099c8c4c71b5353d842e4aee2e/node_modules/@salla.sa/twilight-theme-engine/dist/chunk-WITIL2MK.js?v=c58539c0:670
[ 1632747ms] [LOG] [HomeComponentRenderer] RENDER: path=ox-faq, index=13, renderCount=2 @ http://localhost:3210/node_modules/.pnpm/@salla.sa+twilight-theme-en_c3cd9c099c8c4c71b5353d842e4aee2e/node_modules/@salla.sa/twilight-theme-engine/dist/chunk-WITIL2MK.js?v=c58539c0:670
[ 1632748ms] [LOG] [HomeComponentRenderer] RENDER: path=ox-newsletter, index=14, renderCount=1 @ http://localhost:3210/node_modules/.pnpm/@salla.sa+twilight-theme-en_c3cd9c099c8c4c71b5353d842e4aee2e/node_modules/@salla.sa/twilight-theme-engine/dist/chunk-WITIL2MK.js?v=c58539c0:670
[ 1632748ms] [LOG] [HomeComponentRenderer] RENDER: path=ox-newsletter, index=14, renderCount=2 @ http://localhost:3210/node_modules/.pnpm/@salla.sa+twilight-theme-en_c3cd9c099c8c4c71b5353d842e4aee2e/node_modules/@salla.sa/twilight-theme-engine/dist/chunk-WITIL2MK.js?v=c58539c0:670
[ 1632749ms] [LOG] [HomeComponentRenderer] RENDER: path=ox-banner, index=15, renderCount=1 @ http://localhost:3210/node_modules/.pnpm/@salla.sa+twilight-theme-en_c3cd9c099c8c4c71b5353d842e4aee2e/node_modules/@salla.sa/twilight-theme-engine/dist/chunk-WITIL2MK.js?v=c58539c0:670
[ 1632749ms] [LOG] [HomeComponentRenderer] RENDER: path=ox-banner, index=15, renderCount=2 @ http://localhost:3210/node_modules/.pnpm/@salla.sa+twilight-theme-en_c3cd9c099c8c4c71b5353d842e4aee2e/node_modules/@salla.sa/twilight-theme-engine/dist/chunk-WITIL2MK.js?v=c58539c0:670
[ 1632752ms] [LOG] [HomeComponentRenderer] MOUNT: path=ox-hero, index=0, renderCount=2 @ http://localhost:3210/node_modules/.pnpm/@salla.sa+twilight-theme-en_c3cd9c099c8c4c71b5353d842e4aee2e/node_modules/@salla.sa/twilight-theme-engine/dist/chunk-WITIL2MK.js?v=c58539c0:673
[ 1632752ms] [LOG] [HomeComponentRenderer] MOUNT: path=ox-trust-strip, index=1, renderCount=2 @ http://localhost:3210/node_modules/.pnpm/@salla.sa+twilight-theme-en_c3cd9c099c8c4c71b5353d842e4aee2e/node_modules/@salla.sa/twilight-theme-engine/dist/chunk-WITIL2MK.js?v=c58539c0:673
[ 1632753ms] [LOG] [HomeComponentRenderer] MOUNT: path=ox-goals, index=2, renderCount=2 @ http://localhost:3210/node_modules/.pnpm/@salla.sa+twilight-theme-en_c3cd9c099c8c4c71b5353d842e4aee2e/node_modules/@salla.sa/twilight-theme-engine/dist/chunk-WITIL2MK.js?v=c58539c0:673
[ 1632754ms] [LOG] [HomeComponentRenderer] MOUNT: path=ox-products, index=3, renderCount=2 @ http://localhost:3210/node_modules/.pnpm/@salla.sa+twilight-theme-en_c3cd9c099c8c4c71b5353d842e4aee2e/node_modules/@salla.sa/twilight-theme-engine/dist/chunk-WITIL2MK.js?v=c58539c0:673
[ 1632755ms] [LOG] [HomeComponentRenderer] MOUNT: path=ox-poster, index=4, renderCount=2 @ http://localhost:3210/node_modules/.pnpm/@salla.sa+twilight-theme-en_c3cd9c099c8c4c71b5353d842e4aee2e/node_modules/@salla.sa/twilight-theme-engine/dist/chunk-WITIL2MK.js?v=c58539c0:673
[ 1632755ms] [LOG] [HomeComponentRenderer] MOUNT: path=ox-posters, index=5, renderCount=2 @ http://localhost:3210/node_modules/.pnpm/@salla.sa+twilight-theme-en_c3cd9c099c8c4c71b5353d842e4aee2e/node_modules/@salla.sa/twilight-theme-engine/dist/chunk-WITIL2MK.js?v=c58539c0:673
[ 1632756ms] [LOG] [HomeComponentRenderer] MOUNT: path=ox-products-secondary, index=6, renderCount=2 @ http://localhost:3210/node_modules/.pnpm/@salla.sa+twilight-theme-en_c3cd9c099c8c4c71b5353d842e4aee2e/node_modules/@salla.sa/twilight-theme-engine/dist/chunk-WITIL2MK.js?v=c58539c0:673
[ 1632756ms] [LOG] [HomeComponentRenderer] MOUNT: path=ox-categories, index=7, renderCount=2 @ http://localhost:3210/node_modules/.pnpm/@salla.sa+twilight-theme-en_c3cd9c099c8c4c71b5353d842e4aee2e/node_modules/@salla.sa/twilight-theme-engine/dist/chunk-WITIL2MK.js?v=c58539c0:673
[ 1632757ms] [LOG] [HomeComponentRenderer] MOUNT: path=ox-brands, index=8, renderCount=2 @ http://localhost:3210/node_modules/.pnpm/@salla.sa+twilight-theme-en_c3cd9c099c8c4c71b5353d842e4aee2e/node_modules/@salla.sa/twilight-theme-engine/dist/chunk-WITIL2MK.js?v=c58539c0:673
[ 1632758ms] [LOG] [HomeComponentRenderer] MOUNT: path=ox-services, index=9, renderCount=2 @ http://localhost:3210/node_modules/.pnpm/@salla.sa+twilight-theme-en_c3cd9c099c8c4c71b5353d842e4aee2e/node_modules/@salla.sa/twilight-theme-engine/dist/chunk-WITIL2MK.js?v=c58539c0:673
[ 1632758ms] [LOG] [HomeComponentRenderer] MOUNT: path=ox-guides, index=10, renderCount=2 @ http://localhost:3210/node_modules/.pnpm/@salla.sa+twilight-theme-en_c3cd9c099c8c4c71b5353d842e4aee2e/node_modules/@salla.sa/twilight-theme-engine/dist/chunk-WITIL2MK.js?v=c58539c0:673
[ 1632759ms] [LOG] [HomeComponentRenderer] MOUNT: path=ox-branch, index=11, renderCount=2 @ http://localhost:3210/node_modules/.pnpm/@salla.sa+twilight-theme-en_c3cd9c099c8c4c71b5353d842e4aee2e/node_modules/@salla.sa/twilight-theme-engine/dist/chunk-WITIL2MK.js?v=c58539c0:673
[ 1632759ms] [LOG] [HomeComponentRenderer] MOUNT: path=ox-certifications, index=12, renderCount=2 @ http://localhost:3210/node_modules/.pnpm/@salla.sa+twilight-theme-en_c3cd9c099c8c4c71b5353d842e4aee2e/node_modules/@salla.sa/twilight-theme-engine/dist/chunk-WITIL2MK.js?v=c58539c0:673
[ 1632759ms] [LOG] [HomeComponentRenderer] MOUNT: path=ox-faq, index=13, renderCount=2 @ http://localhost:3210/node_modules/.pnpm/@salla.sa+twilight-theme-en_c3cd9c099c8c4c71b5353d842e4aee2e/node_modules/@salla.sa/twilight-theme-engine/dist/chunk-WITIL2MK.js?v=c58539c0:673
[ 1632760ms] [LOG] [HomeComponentRenderer] MOUNT: path=ox-newsletter, index=14, renderCount=2 @ http://localhost:3210/node_modules/.pnpm/@salla.sa+twilight-theme-en_c3cd9c099c8c4c71b5353d842e4aee2e/node_modules/@salla.sa/twilight-theme-engine/dist/chunk-WITIL2MK.js?v=c58539c0:673
[ 1632760ms] [LOG] [HomeComponentRenderer] MOUNT: path=ox-banner, index=15, renderCount=2 @ http://localhost:3210/node_modules/.pnpm/@salla.sa+twilight-theme-en_c3cd9c099c8c4c71b5353d842e4aee2e/node_modules/@salla.sa/twilight-theme-engine/dist/chunk-WITIL2MK.js?v=c58539c0:673
[ 1637076ms] [ERROR] [store.settings] Failed: TypeError: Failed to execute 'set' on 'Headers': String contains non ISO-8859-1 code point.
    at ky.extend.hooks.beforeRequest (http://localhost:3210/node_modules/.pnpm/@salla.sa+twilight-theme-en_c3cd9c099c8c4c71b5353d842e4aee2e/node_modules/@salla.sa/twilight-theme-engine/dist/chunk-O6XXHXC4.js?v=c58539c0:95:25)
    at http://localhost:3210/node_modules/.pnpm/ky@2.1.0/node_modules/ky/distribution/core/Ky.js?v=c58539c0:731:73
    at #raceWithTotalTimeout (http://localhost:3210/node_modules/.pnpm/ky@2.1.0/node_modules/ky/distribution/core/Ky.js?v=c58539c0:572:20)
    at #runBeforeRequestHooks (http://localhost:3210/node_modules/.pnpm/ky@2.1.0/node_modules/ky/distribution/core/Ky.js?v=c58539c0:731:60)
    at function_ (http://localhost:3210/node_modules/.pnpm/ky@2.1.0/node_modules/ky/distribution/core/Ky.js?v=c58539c0:117:74)
    at async http://localhost:3210/node_modules/.pnpm/ky@2.1.0/node_modules/ky/distribution/core/Ky.js?v=c58539c0:195:24
    at async result.<computed> [as json] (http://localhost:3210/node_modules/.pnpm/ky@2.1.0/node_modules/ky/distribution/core/Ky.js?v=c58539c0:219:34)
    at async Object.settings (http://localhost:3210/node_modules/.pnpm/@salla.sa+twilight-theme-en_c3cd9c099c8c4c71b5353d842e4aee2e/node_modules/@salla.sa/twilight-theme-engine/dist/chunk-WMSOSA74.js?v=c58539c0:34:20) @ http://localhost:3210/@vite/client:532
[ 1640374ms] [ERROR] [store.settings] Failed: TypeError: Failed to execute 'set' on 'Headers': String contains non ISO-8859-1 code point.
    at ky.extend.hooks.beforeRequest (http://localhost:3210/node_modules/.pnpm/@salla.sa+twilight-theme-en_c3cd9c099c8c4c71b5353d842e4aee2e/node_modules/@salla.sa/twilight-theme-engine/dist/chunk-O6XXHXC4.js?v=c58539c0:95:25)
    at http://localhost:3210/node_modules/.pnpm/ky@2.1.0/node_modules/ky/distribution/core/Ky.js?v=c58539c0:731:73
    at #raceWithTotalTimeout (http://localhost:3210/node_modules/.pnpm/ky@2.1.0/node_modules/ky/distribution/core/Ky.js?v=c58539c0:572:20)
    at #runBeforeRequestHooks (http://localhost:3210/node_modules/.pnpm/ky@2.1.0/node_modules/ky/distribution/core/Ky.js?v=c58539c0:731:60)
    at function_ (http://localhost:3210/node_modules/.pnpm/ky@2.1.0/node_modules/ky/distribution/core/Ky.js?v=c58539c0:117:74)
    at async http://localhost:3210/node_modules/.pnpm/ky@2.1.0/node_modules/ky/distribution/core/Ky.js?v=c58539c0:195:24
    at async result.<computed> [as json] (http://localhost:3210/node_modules/.pnpm/ky@2.1.0/node_modules/ky/distribution/core/Ky.js?v=c58539c0:219:34)
    at async Object.settings (http://localhost:3210/node_modules/.pnpm/@salla.sa+twilight-theme-en_c3cd9c099c8c4c71b5353d842e4aee2e/node_modules/@salla.sa/twilight-theme-engine/dist/chunk-WMSOSA74.js?v=c58539c0:34:20) @ http://localhost:3210/@vite/client:532
[ 2388133ms] [LOG] [offline-api] browser: api.salla.dev + cdn.salla.network -> http://127.0.0.1:5178 @ http://localhost:3210/:0
[ 2389933ms] [INFO] %cDownload the React DevTools for a better development experience: https://react.dev/link/react-devtools font-weight:bold @ http://localhost:3210/node_modules/.vite/deps/react-dom_client.js?v=c58539c0:14335
[ 2390310ms] [WARNING] [Twilight] Could not hydrate twilight context: no root match in router state @ http://localhost:3210/@vite/client:532
[ 2390463ms] [ERROR] The result of getServerSnapshot should be cached to avoid an infinite loop @ http://localhost:3210/@vite/client:532
[ 2390532ms] [ERROR] A tree hydrated but some attributes of the server rendered HTML didn't match the client properties. This won't be patched up. This can happen if a SSR-ed Client Component used:

- A server/client branch `if (typeof window !== 'undefined')`.
- Variable input such as `Date.now()` or `Math.random()` which changes each time it's called.
- Date formatting in a user's locale which doesn't match the server.
- External changing data without sending a snapshot of it along with the HTML.
- Invalid HTML tag nesting.

It can also happen if the client has a browser extension installed which messes with the HTML before React loaded.

%s%s https://react.dev/link/hydration-mismatch 

  ...
    <ThemeDocumentSync>
    <TanStackDocumentSync>
    <NavigationSetup>
      <NavigationProvider navigate={function}>
        <LinkProvider adapter={{...}}>
          <WidgetHead>
          <AppsSnippets>
          <HookSlot>
          <Suspense>
          <OptimalXLayout>
            <div className="app-inner ...">
              <Sprite>
              <SkipLink>
              <Header>
                <header ref={{current:null}} className="store-head..." suppressHydrationWarning={true} ...>
                  <HookSlot>
                  <div>
                  <AnnouncementBar>
                  <UtilityBar>
                  <div className="ox-mainbar">
                    <MainBar>
                      <div className="ox-mainbar...">
                        <Logo width={112} priority={true} className="ox-mainbar...">
                          <Link to="/" className="ox-logo ox..." aria-label="Optimal X">
                            <TanStackLinkAdapter ref={null} to="/" className="ox-logo ox..." aria-label="Optimal X" ...>
                              <a
                                className="ox-logo ox-mainbar__logo active"
                                style={undefined}
                                title={undefined}
                                target={undefined}
                                rel={undefined}
                                onClick={function handleClick}
                                aria-label="Optimal X"
                                data-spa-link=""
                                ref={{current:null}}
                                onBlur={function handleLeave}
                                onFocus={function}
                                onMouseEnter={function}
                                onMouseLeave={function handleLeave}
                                onTouchStart={function handleTouchStart}
+                               href="/latest-products"
-                               href="/"
                                data-status="active"
                                aria-current="page"
                              >
                        ...
                          ...
                            <TanStackLinkAdapter ref={null} to="/latest-pr..." className="ox-nav__link" data-spa-link="">
                              <a
                                className="ox-nav__link"
                                style={undefined}
                                title={undefined}
                                target={undefined}
                                rel={undefined}
                                onClick={function handleClick}
                                aria-label={undefined}
                                data-spa-link=""
                                ref={{current:null}}
                                onBlur={function handleLeave}
                                onFocus={function}
                                onMouseEnter={function}
                                onMouseLeave={function handleLeave}
                                onTouchStart={function handleTouchStart}
+                               href="/latest-products/latest-products"
-                               href="/latest-products"
                              >
+                               المنتجات
                          ...
                            <TanStackLinkAdapter ref={null} to="/search?q=..." className="ox-nav__link" data-spa-link="">
                              <a
                                className="ox-nav__link"
                                style={undefined}
                                title={undefined}
                                target={undefined}
                                rel={undefined}
                                onClick={function handleClick}
                                aria-label={undefined}
                                data-spa-link=""
                                ref={{current:null}}
                                onBlur={function handleLeave}
                                onFocus={function}
                                onMouseEnter={function}
                                onMouseLeave={function handleLeave}
                                onTouchStart={function handleTouchStart}
+                               href="/latest-products/search?q=%D8%A7%D9%84%D9%85%D9%83%D9%85%D9%84%D8%A7%D8%AA"
-                               href="/search?q=%D8%A7%D9%84%D9%85%D9%83%D9%85%D9%84%D8%A7%D8%AA"
                              >
+                               المكملات
                          ...
                            <TanStackLinkAdapter ref={null} to="/search?q=..." className="ox-nav__link" data-spa-link="">
                              <a
                                className="ox-nav__link"
                                style={undefined}
                                title={undefined}
                                target={undefined}
                                rel={undefined}
                                onClick={function handleClick}
                                aria-label={undefined}
                                data-spa-link=""
                                ref={{current:null}}
                                onBlur={function handleLeave}
                                onFocus={function}
                                onMouseEnter={function}
                                onMouseLeave={function handleLeave}
                                onTouchStart={function handleTouchStart}
+                               href="/latest-products/search?q=%D8%A7%D9%84%D8%A8%D8%B1%D9%88%D8%AA%D9%8A%D9%86"
-                               href="/search?q=%D8%A7%D9%84%D8%A8%D8%B1%D9%88%D8%AA%D9%8A%D9%86"
                              >
+                               البروتين
                          ...
                            <TanStackLinkAdapter ref={null} to="/services" className="ox-nav__link" data-spa-link="">
                              <a
                                className="ox-nav__link"
                                style={undefined}
                                title={undefined}
                                target={undefined}
                                rel={undefined}
                                onClick={function handleClick}
                                aria-label={undefined}
                                data-spa-link=""
                                ref={{current:null}}
                                onBlur={function handleLeave}
                                onFocus={function}
                                onMouseEnter={function}
                                onMouseLeave={function handleLeave}
                                onTouchStart={function handleTouchStart}
+                               href="/latest-products/services"
-                               href="/services"
                              >
+                               اسأل قبل أن تشتري
                          ...
                            <TanStackLinkAdapter ref={null} to="/search?q=..." className="ox-nav__link" data-spa-link="">
                              <a
                                className="ox-nav__link"
                                style={undefined}
                                title={undefined}
                                target={undefined}
                                rel={undefined}
                                onClick={function handleClick}
                                aria-label={undefined}
                                data-spa-link=""
                                ref={{current:null}}
                                onBlur={function handleLeave}
                                onFocus={function}
                                onMouseEnter={function}
                                onMouseLeave={function handleLeave}
                                onTouchStart={function handleTouchStart}
+                               href="/latest-products/search?q=%D8%A7%D9%84%D8%AE%D8%B7%D8%B7%20%D8%A7%D9%84%D8%BA%D8..."
-                               href="/search?q=%D8%A7%D9%84%D8%AE%D8%B7%D8%B7%20%D8%A7%D9%84%D8%BA%D8%B0%D8%A7%D8%A6%..."
                              >
+                               الخطط الغذائية
                          ...
                            <TanStackLinkAdapter ref={null} to="/about" className="ox-nav__link" data-spa-link="">
                              <a
                                className="ox-nav__link"
                                style={undefined}
                                title={undefined}
                                target={undefined}
                                rel={undefined}
                                onClick={function handleClick}
                                aria-label={undefined}
                                data-spa-link=""
                                ref={{current:null}}
                                onBlur={function handleLeave}
                                onFocus={function}
                                onMouseEnter={function}
                                onMouseLeave={function handleLeave}
                                onTouchStart={function handleTouchStart}
+                               href="/latest-products/about"
-                               href="/about"
                              >
+                               عن اوبتيمال اكس
                        <SearchField>
                        <div className="ox-mainbar..." ref={{current:null}}>
                          <Link to="/account/w..." className="ox-iconbtn..." aria-label="المفضلة">
                            <TanStackLinkAdapter ref={null} to="/account/w..." className="ox-iconbtn..." ...>
                              <a
                                className="ox-iconbtn ox-wishlist"
                                style={undefined}
                                title={undefined}
                                target={undefined}
                                rel={undefined}
                                onClick={function handleClick}
                                aria-label="المفضلة"
                                data-spa-link=""
                                ref={{current:null}}
                                onBlur={function handleLeave}
                                onFocus={function}
                                onMouseEnter={function}
                                onMouseLeave={function handleLeave}
                                onTouchStart={function handleTouchStart}
+                               href="/latest-products/account/wishlist"
-                               href="/account/wishlist"
                              >
                          ...
                    ...
                      <div className="ox-mobileb..." ref={{current:null}}>
                        <button>
                        <Logo width={108} priority={true} className="ox-mobileb...">
                          <Link to="/" className="ox-logo ox..." aria-label="Optimal X">
                            <TanStackLinkAdapter ref={null} to="/" className="ox-logo ox..." aria-label="Optimal X" ...>
                              <a
                                className="ox-logo ox-mobilebar__logo active"
                                style={undefined}
                                title={undefined}
                                target={undefined}
                                rel={undefined}
                                onClick={function handleClick}
                                aria-label="Optimal X"
                                data-spa-link=""
                                ref={{current:null}}
                                onBlur={function handleLeave}
                                onFocus={function}
                                onMouseEnter={function}
                                onMouseLeave={function handleLeave}
                                onTouchStart={function handleTouchStart}
+                               href="/latest-products"
-                               href="/"
                                data-status="active"
                                aria-current="page"
                              >
                        ...
                  ...
              <main>
              ...
                <nav className="ox-footer_..." aria-label="روابط الصفحة" data-testid="ox-footer-...">
                  ...
                    <div className="ox-footer_...">
                      <ul>
                        <li>
                          <Link to="/about" className="ox-footer_...">
                            <TanStackLinkAdapter ref={null} to="/about" className="ox-footer_..." data-spa-link="">
                              <a
                                className="ox-footer__link"
                                style={undefined}
                                title={undefined}
                                target={undefined}
                                rel={undefined}
                                onClick={function handleClick}
                                aria-label={undefined}
                                data-spa-link=""
                                ref={{current:null}}
                                onBlur={function handleLeave}
                                onFocus={function}
                                onMouseEnter={function}
                                onMouseLeave={function handleLeave}
                                onTouchStart={function handleTouchStart}
+                               href="/latest-products/about"
-                               href="/about"
                              >
+                               من نحن
                  ...
                    <div className="ox-footer_...">
                      <ul>
                        <li>
                          <Link to="/contact" className="ox-footer_...">
                            <TanStackLinkAdapter ref={null} to="/contact" className="ox-footer_..." data-spa-link="">
                              <a
                                className="ox-footer__link"
                                style={undefined}
                                title={undefined}
                                target={undefined}
                                rel={undefined}
                                onClick={function handleClick}
                                aria-label={undefined}
                                data-spa-link=""
                                ref={{current:null}}
                                onBlur={function handleLeave}
                                onFocus={function}
                                onMouseEnter={function}
                                onMouseLeave={function handleLeave}
                                onTouchStart={function handleTouchStart}
+                               href="/latest-products/contact"
-                               href="/contact"
                              >
+                               تواصل معنا
                        <li>
                        <li>
                          <Link to="/services" className="ox-footer_...">
                            <TanStackLinkAdapter ref={null} to="/services" className="ox-footer_..." data-spa-link="">
                              <a
                                className="ox-footer__link"
                                style={undefined}
                                title={undefined}
                                target={undefined}
                                rel={undefined}
                                onClick={function handleClick}
                                aria-label={undefined}
                                data-spa-link=""
                                ref={{current:null}}
                                onBlur={function handleLeave}
                                onFocus={function}
                                onMouseEnter={function}
                                onMouseLeave={function handleLeave}
                                onTouchStart={function handleTouchStart}
+                               href="/latest-products/services"
-                               href="/services"
                              >
+                               الأسئلة الشائعة
                  ...
                    <div className="ox-footer_...">
                      <ul>
                        <li>
                          <Link to="/search?q=..." className="ox-footer_...">
                            <TanStackLinkAdapter ref={null} to="/search?q=..." className="ox-footer_..." data-spa-link="">
                              <a
                                className="ox-footer__link"
                                style={undefined}
                                title={undefined}
                                target={undefined}
                                rel={undefined}
                                onClick={function handleClick}
                                aria-label={undefined}
                                data-spa-link=""
                                ref={{current:null}}
                                onBlur={function handleLeave}
                                onFocus={function}
                                onMouseEnter={function}
                                onMouseLeave={function handleLeave}
                                onTouchStart={function handleTouchStart}
+                               href="/latest-products/search?q=%D8%A7%D9%84%D9%85%D9%83%D9%85%D9%84%D8%A7%D8%AA"
-                               href="/search?q=%D8%A7%D9%84%D9%85%D9%83%D9%85%D9%84%D8%A7%D8%AA"
                              >
+                               المكملات
                        <li>
                          <Link to="/search?q=..." className="ox-footer_...">
                            <TanStackLinkAdapter ref={null} to="/search?q=..." className="ox-footer_..." data-spa-link="">
                              <a
                                className="ox-footer__link"
                                style={undefined}
                                title={undefined}
                                target={undefined}
                                rel={undefined}
                                onClick={function handleClick}
                                aria-label={undefined}
                                data-spa-link=""
                                ref={{current:null}}
                                onBlur={function handleLeave}
                                onFocus={function}
                                onMouseEnter={function}
                                onMouseLeave={function handleLeave}
                                onTouchStart={function handleTouchStart}
+                               href="/latest-products/search?q=%D8%A7%D9%84%D8%A8%D8%B1%D9%88%D8%AA%D9%8A%D9%86"
-                               href="/search?q=%D8%A7%D9%84%D8%A8%D8%B1%D9%88%D8%AA%D9%8A%D9%86"
                              >
+                               البروتين
                        <li>
                          <Link to="/search?q=..." className="ox-footer_...">
                            <TanStackLinkAdapter ref={null} to="/search?q=..." className="ox-footer_..." data-spa-link="">
                              <a
                                className="ox-footer__link"
                                style={undefined}
                                title={undefined}
                                target={undefined}
                                rel={undefined}
                                onClick={function handleClick}
                                aria-label={undefined}
                                data-spa-link=""
                                ref={{current:null}}
                                onBlur={function handleLeave}
                                onFocus={function}
                                onMouseEnter={function}
                                onMouseLeave={function handleLeave}
                                onTouchStart={function handleTouchStart}
+                               href="/latest-products/search?q=%D8%A7%D9%84%D8%AA%D8%BA%D8%B0%D9%8A%D8%A9"
-                               href="/search?q=%D8%A7%D9%84%D8%AA%D8%BA%D8%B0%D9%8A%D8%A9"
                              >
+                               التغذية
                        <li>
                          <Link to="/search?q=..." className="ox-footer_...">
                            <TanStackLinkAdapter ref={null} to="/search?q=..." className="ox-footer_..." data-spa-link="">
                              <a
                                className="ox-footer__link"
                                style={undefined}
                                title={undefined}
                                target={undefined}
                                rel={undefined}
                                onClick={function handleClick}
                                aria-label={undefined}
                                data-spa-link=""
                                ref={{current:null}}
                                onBlur={function handleLeave}
                                onFocus={function}
                                onMouseEnter={function}
                                onMouseLeave={function handleLeave}
                                onTouchStart={function handleTouchStart}
+                               href="/latest-products/search?q=%D8%A7%D9%84%D8%AE%D8%B7%D8%B7%20%D8%A7%D9%84%D8%BA%D8..."
-                               href="/search?q=%D8%A7%D9%84%D8%AE%D8%B7%D8%B7%20%D8%A7%D9%84%D8%BA%D8%B0%D8%A7%D8%A6%..."
                              >
+                               الخطط الغذائية
              ...
            <BottomTabBar>
              <nav className="ox-tabbar" aria-label="تنقل سريع" data-testid="ox-tabbar">
                <ul className="ox-tabbar_...">
                  <li>
                    <Link to="/" className="ox-tab">
                      <TanStackLinkAdapter ref={null} to="/" className="ox-tab" data-spa-link="">
                        <a
                          className="ox-tab active"
                          style={undefined}
                          title={undefined}
                          target={undefined}
                          rel={undefined}
                          onClick={function handleClick}
                          aria-label={undefined}
                          data-spa-link=""
                          ref={{current:null}}
                          onBlur={function handleLeave}
                          onFocus={function}
                          onMouseEnter={function}
                          onMouseLeave={function handleLeave}
                          onTouchStart={function handleTouchStart}
+                         href="/latest-products"
-                         href="/"
                          data-status="active"
                          aria-current="page"
                        >
                  <li>
                  <li>
                    <Link to="/search" className="ox-tab">
                      <TanStackLinkAdapter ref={null} to="/search" className="ox-tab" data-spa-link="">
                        <a
+                         className="ox-tab"
-                         className="ox-tab is-active"
                          style={undefined}
                          title={undefined}
                          target={undefined}
                          rel={undefined}
                          onClick={function handleClick}
                          aria-label={undefined}
                          data-spa-link=""
                          ref={{current:null}}
                          onBlur={function handleLeave}
                          onFocus={function}
                          onMouseEnter={function}
                          onMouseLeave={function handleLeave}
                          onTouchStart={function handleTouchStart}
+                         href="/latest-products/search"
-                         href="/search"
-                         aria-current="page"
                        >
                  <li>
                    <Link to="/cart" className="ox-tab">
                      <TanStackLinkAdapter ref={null} to="/cart" className="ox-tab" data-spa-link="">
                        <a
                          className="ox-tab"
                          style={undefined}
                          title={undefined}
                          target={undefined}
                          rel={undefined}
                          onClick={function handleClick}
                          aria-label={undefined}
                          data-spa-link=""
                          ref={{current:null}}
                          onBlur={function handleLeave}
                          onFocus={function}
                          onMouseEnter={function}
                          onMouseLeave={function handleLeave}
                          onTouchStart={function handleTouchStart}
+                         href="/latest-products/cart"
-                         href="/cart"
                        >
                  <li>
                    <Link to="/account/p..." className="ox-tab">
                      <TanStackLinkAdapter ref={null} to="/account/p..." className="ox-tab" data-spa-link="">
                        <a
                          className="ox-tab"
                          style={undefined}
                          title={undefined}
                          target={undefined}
                          rel={undefined}
                          onClick={function handleClick}
                          aria-label={undefined}
                          data-spa-link=""
                          ref={{current:null}}
                          onBlur={function handleLeave}
                          onFocus={function}
                          onMouseEnter={function}
                          onMouseLeave={function handleLeave}
                          onTouchStart={function handleTouchStart}
+                         href="/latest-products/account/profile"
-                         href="/account/profile"
                        >
            ...
          ...
 @ http://localhost:3210/@vite/client:532
[ 2391757ms] [ERROR] A tree hydrated but some attributes of the server rendered HTML didn't match the client properties. This won't be patched up. This can happen if a SSR-ed Client Component used:

- A server/client branch `if (typeof window !== 'undefined')`.
- Variable input such as `Date.now()` or `Math.random()` which changes each time it's called.
- Date formatting in a user's locale which doesn't match the server.
- External changing data without sending a snapshot of it along with the HTML.
- Invalid HTML tag nesting.

It can also happen if the client has a browser extension installed which messes with the HTML before React loaded.

%s%s https://react.dev/link/hydration-mismatch 

  ...
    <div className="app-inner ...">
      <Sprite>
      <SkipLink>
      <Header>
      <main>
      <Footer>
        <footer className="store-foot..." suppressHydrationWarning={true} data-testid="ox-footer">
          <HookSlot>
          <div>
          <FooterBottom>
            <div className="ox-footer_..." data-testid="ox-footer-...">
              <span>
              <div className="ox-footer_...">
                <p className="ox-footer_...">
                  <Suspense fallback={null}>
                    <HookSlot name="copyright" context={{...}} fallback={<Copyright>}>
                      <Copyright storeName="Optimal X">
                        <Link to="/" className="hover:text...">
                          <TanStackLinkAdapter ref={null} to="/" className="hover:text..." data-spa-link="">
                            <a
                              className="hover:text-primary active"
                              style={undefined}
                              title={undefined}
                              target={undefined}
                              rel={undefined}
                              onClick={function handleClick}
                              aria-label={undefined}
                              data-spa-link=""
                              ref={{current:null}}
                              onBlur={function handleLeave}
                              onFocus={function}
                              onMouseEnter={function}
                              onMouseLeave={function handleLeave}
                              onTouchStart={function handleTouchStart}
+                             href="/latest-products"
-                             href="/"
                              data-status="active"
                              aria-current="page"
                            >
+                             Optimal X
                        ...
          ...
      ...
 @ http://localhost:3210/@vite/client:532
[ 2391787ms] [LOG] [HomeComponentRenderer] RENDER: path=ox-hero, index=0, renderCount=1 @ http://localhost:3210/node_modules/.pnpm/@salla.sa+twilight-theme-en_c3cd9c099c8c4c71b5353d842e4aee2e/node_modules/@salla.sa/twilight-theme-engine/dist/chunk-WITIL2MK.js?v=c58539c0:670
[ 2391787ms] [LOG] [HomeComponentRenderer] RENDER: path=ox-hero, index=0, renderCount=2 @ http://localhost:3210/node_modules/.pnpm/@salla.sa+twilight-theme-en_c3cd9c099c8c4c71b5353d842e4aee2e/node_modules/@salla.sa/twilight-theme-engine/dist/chunk-WITIL2MK.js?v=c58539c0:670
[ 2391797ms] [LOG] [HomeComponentRenderer] RENDER: path=ox-hero, index=0, renderCount=1 @ http://localhost:3210/node_modules/.pnpm/@salla.sa+twilight-theme-en_c3cd9c099c8c4c71b5353d842e4aee2e/node_modules/@salla.sa/twilight-theme-engine/dist/chunk-WITIL2MK.js?v=c58539c0:670
[ 2391798ms] [LOG] [HomeComponentRenderer] RENDER: path=ox-hero, index=0, renderCount=2 @ http://localhost:3210/node_modules/.pnpm/@salla.sa+twilight-theme-en_c3cd9c099c8c4c71b5353d842e4aee2e/node_modules/@salla.sa/twilight-theme-engine/dist/chunk-WITIL2MK.js?v=c58539c0:670
[ 2391798ms] [LOG] [HomeComponentRenderer] RENDER: path=ox-trust-strip, index=1, renderCount=1 @ http://localhost:3210/node_modules/.pnpm/@salla.sa+twilight-theme-en_c3cd9c099c8c4c71b5353d842e4aee2e/node_modules/@salla.sa/twilight-theme-engine/dist/chunk-WITIL2MK.js?v=c58539c0:670
[ 2391799ms] [LOG] [HomeComponentRenderer] RENDER: path=ox-trust-strip, index=1, renderCount=2 @ http://localhost:3210/node_modules/.pnpm/@salla.sa+twilight-theme-en_c3cd9c099c8c4c71b5353d842e4aee2e/node_modules/@salla.sa/twilight-theme-engine/dist/chunk-WITIL2MK.js?v=c58539c0:670
[ 2391799ms] [LOG] [HomeComponentRenderer] RENDER: path=ox-goals, index=2, renderCount=1 @ http://localhost:3210/node_modules/.pnpm/@salla.sa+twilight-theme-en_c3cd9c099c8c4c71b5353d842e4aee2e/node_modules/@salla.sa/twilight-theme-engine/dist/chunk-WITIL2MK.js?v=c58539c0:670
[ 2391800ms] [LOG] [HomeComponentRenderer] RENDER: path=ox-goals, index=2, renderCount=2 @ http://localhost:3210/node_modules/.pnpm/@salla.sa+twilight-theme-en_c3cd9c099c8c4c71b5353d842e4aee2e/node_modules/@salla.sa/twilight-theme-engine/dist/chunk-WITIL2MK.js?v=c58539c0:670
[ 2391801ms] [LOG] [HomeComponentRenderer] RENDER: path=ox-products, index=3, renderCount=1 @ http://localhost:3210/node_modules/.pnpm/@salla.sa+twilight-theme-en_c3cd9c099c8c4c71b5353d842e4aee2e/node_modules/@salla.sa/twilight-theme-engine/dist/chunk-WITIL2MK.js?v=c58539c0:670
[ 2391801ms] [LOG] [HomeComponentRenderer] RENDER: path=ox-products, index=3, renderCount=2 @ http://localhost:3210/node_modules/.pnpm/@salla.sa+twilight-theme-en_c3cd9c099c8c4c71b5353d842e4aee2e/node_modules/@salla.sa/twilight-theme-engine/dist/chunk-WITIL2MK.js?v=c58539c0:670
[ 2391802ms] [LOG] [HomeComponentRenderer] RENDER: path=ox-poster, index=4, renderCount=1 @ http://localhost:3210/node_modules/.pnpm/@salla.sa+twilight-theme-en_c3cd9c099c8c4c71b5353d842e4aee2e/node_modules/@salla.sa/twilight-theme-engine/dist/chunk-WITIL2MK.js?v=c58539c0:670
[ 2391803ms] [LOG] [HomeComponentRenderer] RENDER: path=ox-poster, index=4, renderCount=2 @ http://localhost:3210/node_modules/.pnpm/@salla.sa+twilight-theme-en_c3cd9c099c8c4c71b5353d842e4aee2e/node_modules/@salla.sa/twilight-theme-engine/dist/chunk-WITIL2MK.js?v=c58539c0:670
[ 2391803ms] [LOG] [HomeComponentRenderer] RENDER: path=ox-posters, index=5, renderCount=1 @ http://localhost:3210/node_modules/.pnpm/@salla.sa+twilight-theme-en_c3cd9c099c8c4c71b5353d842e4aee2e/node_modules/@salla.sa/twilight-theme-engine/dist/chunk-WITIL2MK.js?v=c58539c0:670
[ 2391803ms] [LOG] [HomeComponentRenderer] RENDER: path=ox-posters, index=5, renderCount=2 @ http://localhost:3210/node_modules/.pnpm/@salla.sa+twilight-theme-en_c3cd9c099c8c4c71b5353d842e4aee2e/node_modules/@salla.sa/twilight-theme-engine/dist/chunk-WITIL2MK.js?v=c58539c0:670
[ 2391804ms] [LOG] [HomeComponentRenderer] RENDER: path=ox-products-secondary, index=6, renderCount=1 @ http://localhost:3210/node_modules/.pnpm/@salla.sa+twilight-theme-en_c3cd9c099c8c4c71b5353d842e4aee2e/node_modules/@salla.sa/twilight-theme-engine/dist/chunk-WITIL2MK.js?v=c58539c0:670
[ 2391805ms] [LOG] [HomeComponentRenderer] RENDER: path=ox-products-secondary, index=6, renderCount=2 @ http://localhost:3210/node_modules/.pnpm/@salla.sa+twilight-theme-en_c3cd9c099c8c4c71b5353d842e4aee2e/node_modules/@salla.sa/twilight-theme-engine/dist/chunk-WITIL2MK.js?v=c58539c0:670
[ 2391806ms] [LOG] [HomeComponentRenderer] RENDER: path=ox-categories, index=7, renderCount=1 @ http://localhost:3210/node_modules/.pnpm/@salla.sa+twilight-theme-en_c3cd9c099c8c4c71b5353d842e4aee2e/node_modules/@salla.sa/twilight-theme-engine/dist/chunk-WITIL2MK.js?v=c58539c0:670
[ 2391807ms] [LOG] [HomeComponentRenderer] RENDER: path=ox-categories, index=7, renderCount=2 @ http://localhost:3210/node_modules/.pnpm/@salla.sa+twilight-theme-en_c3cd9c099c8c4c71b5353d842e4aee2e/node_modules/@salla.sa/twilight-theme-engine/dist/chunk-WITIL2MK.js?v=c58539c0:670
[ 2391808ms] [LOG] [HomeComponentRenderer] RENDER: path=ox-brands, index=8, renderCount=1 @ http://localhost:3210/node_modules/.pnpm/@salla.sa+twilight-theme-en_c3cd9c099c8c4c71b5353d842e4aee2e/node_modules/@salla.sa/twilight-theme-engine/dist/chunk-WITIL2MK.js?v=c58539c0:670
[ 2391809ms] [LOG] [HomeComponentRenderer] RENDER: path=ox-brands, index=8, renderCount=2 @ http://localhost:3210/node_modules/.pnpm/@salla.sa+twilight-theme-en_c3cd9c099c8c4c71b5353d842e4aee2e/node_modules/@salla.sa/twilight-theme-engine/dist/chunk-WITIL2MK.js?v=c58539c0:670
[ 2391809ms] [LOG] [HomeComponentRenderer] RENDER: path=ox-services, index=9, renderCount=1 @ http://localhost:3210/node_modules/.pnpm/@salla.sa+twilight-theme-en_c3cd9c099c8c4c71b5353d842e4aee2e/node_modules/@salla.sa/twilight-theme-engine/dist/chunk-WITIL2MK.js?v=c58539c0:670
[ 2391809ms] [LOG] [HomeComponentRenderer] RENDER: path=ox-services, index=9, renderCount=2 @ http://localhost:3210/node_modules/.pnpm/@salla.sa+twilight-theme-en_c3cd9c099c8c4c71b5353d842e4aee2e/node_modules/@salla.sa/twilight-theme-engine/dist/chunk-WITIL2MK.js?v=c58539c0:670
[ 2391814ms] [LOG] [HomeComponentRenderer] RENDER: path=ox-guides, index=10, renderCount=1 @ http://localhost:3210/node_modules/.pnpm/@salla.sa+twilight-theme-en_c3cd9c099c8c4c71b5353d842e4aee2e/node_modules/@salla.sa/twilight-theme-engine/dist/chunk-WITIL2MK.js?v=c58539c0:670
[ 2391815ms] [LOG] [HomeComponentRenderer] RENDER: path=ox-guides, index=10, renderCount=2 @ http://localhost:3210/node_modules/.pnpm/@salla.sa+twilight-theme-en_c3cd9c099c8c4c71b5353d842e4aee2e/node_modules/@salla.sa/twilight-theme-engine/dist/chunk-WITIL2MK.js?v=c58539c0:670
[ 2391815ms] [LOG] [HomeComponentRenderer] RENDER: path=ox-branch, index=11, renderCount=1 @ http://localhost:3210/node_modules/.pnpm/@salla.sa+twilight-theme-en_c3cd9c099c8c4c71b5353d842e4aee2e/node_modules/@salla.sa/twilight-theme-engine/dist/chunk-WITIL2MK.js?v=c58539c0:670
[ 2391815ms] [LOG] [HomeComponentRenderer] RENDER: path=ox-branch, index=11, renderCount=2 @ http://localhost:3210/node_modules/.pnpm/@salla.sa+twilight-theme-en_c3cd9c099c8c4c71b5353d842e4aee2e/node_modules/@salla.sa/twilight-theme-engine/dist/chunk-WITIL2MK.js?v=c58539c0:670
[ 2391817ms] [LOG] [HomeComponentRenderer] RENDER: path=ox-certifications, index=12, renderCount=1 @ http://localhost:3210/node_modules/.pnpm/@salla.sa+twilight-theme-en_c3cd9c099c8c4c71b5353d842e4aee2e/node_modules/@salla.sa/twilight-theme-engine/dist/chunk-WITIL2MK.js?v=c58539c0:670
[ 2391817ms] [LOG] [HomeComponentRenderer] RENDER: path=ox-certifications, index=12, renderCount=2 @ http://localhost:3210/node_modules/.pnpm/@salla.sa+twilight-theme-en_c3cd9c099c8c4c71b5353d842e4aee2e/node_modules/@salla.sa/twilight-theme-engine/dist/chunk-WITIL2MK.js?v=c58539c0:670
[ 2391818ms] [LOG] [HomeComponentRenderer] RENDER: path=ox-faq, index=13, renderCount=1 @ http://localhost:3210/node_modules/.pnpm/@salla.sa+twilight-theme-en_c3cd9c099c8c4c71b5353d842e4aee2e/node_modules/@salla.sa/twilight-theme-engine/dist/chunk-WITIL2MK.js?v=c58539c0:670
[ 2391818ms] [LOG] [HomeComponentRenderer] RENDER: path=ox-faq, index=13, renderCount=2 @ http://localhost:3210/node_modules/.pnpm/@salla.sa+twilight-theme-en_c3cd9c099c8c4c71b5353d842e4aee2e/node_modules/@salla.sa/twilight-theme-engine/dist/chunk-WITIL2MK.js?v=c58539c0:670
[ 2391819ms] [LOG] [HomeComponentRenderer] RENDER: path=ox-newsletter, index=14, renderCount=1 @ http://localhost:3210/node_modules/.pnpm/@salla.sa+twilight-theme-en_c3cd9c099c8c4c71b5353d842e4aee2e/node_modules/@salla.sa/twilight-theme-engine/dist/chunk-WITIL2MK.js?v=c58539c0:670
[ 2391820ms] [LOG] [HomeComponentRenderer] RENDER: path=ox-newsletter, index=14, renderCount=2 @ http://localhost:3210/node_modules/.pnpm/@salla.sa+twilight-theme-en_c3cd9c099c8c4c71b5353d842e4aee2e/node_modules/@salla.sa/twilight-theme-engine/dist/chunk-WITIL2MK.js?v=c58539c0:670
[ 2391820ms] [LOG] [HomeComponentRenderer] RENDER: path=ox-banner, index=15, renderCount=1 @ http://localhost:3210/node_modules/.pnpm/@salla.sa+twilight-theme-en_c3cd9c099c8c4c71b5353d842e4aee2e/node_modules/@salla.sa/twilight-theme-engine/dist/chunk-WITIL2MK.js?v=c58539c0:670
[ 2391821ms] [LOG] [HomeComponentRenderer] RENDER: path=ox-banner, index=15, renderCount=2 @ http://localhost:3210/node_modules/.pnpm/@salla.sa+twilight-theme-en_c3cd9c099c8c4c71b5353d842e4aee2e/node_modules/@salla.sa/twilight-theme-engine/dist/chunk-WITIL2MK.js?v=c58539c0:670
[ 2391822ms] [LOG] [HomeComponentRenderer] MOUNT: path=ox-hero, index=0, renderCount=2 @ http://localhost:3210/node_modules/.pnpm/@salla.sa+twilight-theme-en_c3cd9c099c8c4c71b5353d842e4aee2e/node_modules/@salla.sa/twilight-theme-engine/dist/chunk-WITIL2MK.js?v=c58539c0:673
[ 2391823ms] [LOG] [HomeComponentRenderer] MOUNT: path=ox-trust-strip, index=1, renderCount=2 @ http://localhost:3210/node_modules/.pnpm/@salla.sa+twilight-theme-en_c3cd9c099c8c4c71b5353d842e4aee2e/node_modules/@salla.sa/twilight-theme-engine/dist/chunk-WITIL2MK.js?v=c58539c0:673
[ 2391824ms] [LOG] [HomeComponentRenderer] MOUNT: path=ox-goals, index=2, renderCount=2 @ http://localhost:3210/node_modules/.pnpm/@salla.sa+twilight-theme-en_c3cd9c099c8c4c71b5353d842e4aee2e/node_modules/@salla.sa/twilight-theme-engine/dist/chunk-WITIL2MK.js?v=c58539c0:673
[ 2391824ms] [LOG] [HomeComponentRenderer] MOUNT: path=ox-products, index=3, renderCount=2 @ http://localhost:3210/node_modules/.pnpm/@salla.sa+twilight-theme-en_c3cd9c099c8c4c71b5353d842e4aee2e/node_modules/@salla.sa/twilight-theme-engine/dist/chunk-WITIL2MK.js?v=c58539c0:673
[ 2391825ms] [LOG] [HomeComponentRenderer] MOUNT: path=ox-poster, index=4, renderCount=2 @ http://localhost:3210/node_modules/.pnpm/@salla.sa+twilight-theme-en_c3cd9c099c8c4c71b5353d842e4aee2e/node_modules/@salla.sa/twilight-theme-engine/dist/chunk-WITIL2MK.js?v=c58539c0:673
[ 2391826ms] [LOG] [HomeComponentRenderer] MOUNT: path=ox-posters, index=5, renderCount=2 @ http://localhost:3210/node_modules/.pnpm/@salla.sa+twilight-theme-en_c3cd9c099c8c4c71b5353d842e4aee2e/node_modules/@salla.sa/twilight-theme-engine/dist/chunk-WITIL2MK.js?v=c58539c0:673
[ 2391826ms] [LOG] [HomeComponentRenderer] MOUNT: path=ox-products-secondary, index=6, renderCount=2 @ http://localhost:3210/node_modules/.pnpm/@salla.sa+twilight-theme-en_c3cd9c099c8c4c71b5353d842e4aee2e/node_modules/@salla.sa/twilight-theme-engine/dist/chunk-WITIL2MK.js?v=c58539c0:673
[ 2391827ms] [LOG] [HomeComponentRenderer] MOUNT: path=ox-categories, index=7, renderCount=2 @ http://localhost:3210/node_modules/.pnpm/@salla.sa+twilight-theme-en_c3cd9c099c8c4c71b5353d842e4aee2e/node_modules/@salla.sa/twilight-theme-engine/dist/chunk-WITIL2MK.js?v=c58539c0:673
[ 2391828ms] [LOG] [HomeComponentRenderer] MOUNT: path=ox-brands, index=8, renderCount=2 @ http://localhost:3210/node_modules/.pnpm/@salla.sa+twilight-theme-en_c3cd9c099c8c4c71b5353d842e4aee2e/node_modules/@salla.sa/twilight-theme-engine/dist/chunk-WITIL2MK.js?v=c58539c0:673
[ 2391828ms] [LOG] [HomeComponentRenderer] MOUNT: path=ox-services, index=9, renderCount=2 @ http://localhost:3210/node_modules/.pnpm/@salla.sa+twilight-theme-en_c3cd9c099c8c4c71b5353d842e4aee2e/node_modules/@salla.sa/twilight-theme-engine/dist/chunk-WITIL2MK.js?v=c58539c0:673
[ 2391829ms] [LOG] [HomeComponentRenderer] MOUNT: path=ox-guides, index=10, renderCount=2 @ http://localhost:3210/node_modules/.pnpm/@salla.sa+twilight-theme-en_c3cd9c099c8c4c71b5353d842e4aee2e/node_modules/@salla.sa/twilight-theme-engine/dist/chunk-WITIL2MK.js?v=c58539c0:673
[ 2391829ms] [LOG] [HomeComponentRenderer] MOUNT: path=ox-branch, index=11, renderCount=2 @ http://localhost:3210/node_modules/.pnpm/@salla.sa+twilight-theme-en_c3cd9c099c8c4c71b5353d842e4aee2e/node_modules/@salla.sa/twilight-theme-engine/dist/chunk-WITIL2MK.js?v=c58539c0:673
[ 2391830ms] [LOG] [HomeComponentRenderer] MOUNT: path=ox-certifications, index=12, renderCount=2 @ http://localhost:3210/node_modules/.pnpm/@salla.sa+twilight-theme-en_c3cd9c099c8c4c71b5353d842e4aee2e/node_modules/@salla.sa/twilight-theme-engine/dist/chunk-WITIL2MK.js?v=c58539c0:673
[ 2391830ms] [LOG] [HomeComponentRenderer] MOUNT: path=ox-faq, index=13, renderCount=2 @ http://localhost:3210/node_modules/.pnpm/@salla.sa+twilight-theme-en_c3cd9c099c8c4c71b5353d842e4aee2e/node_modules/@salla.sa/twilight-theme-engine/dist/chunk-WITIL2MK.js?v=c58539c0:673
[ 2391831ms] [LOG] [HomeComponentRenderer] MOUNT: path=ox-newsletter, index=14, renderCount=2 @ http://localhost:3210/node_modules/.pnpm/@salla.sa+twilight-theme-en_c3cd9c099c8c4c71b5353d842e4aee2e/node_modules/@salla.sa/twilight-theme-engine/dist/chunk-WITIL2MK.js?v=c58539c0:673
[ 2391831ms] [LOG] [HomeComponentRenderer] MOUNT: path=ox-banner, index=15, renderCount=2 @ http://localhost:3210/node_modules/.pnpm/@salla.sa+twilight-theme-en_c3cd9c099c8c4c71b5353d842e4aee2e/node_modules/@salla.sa/twilight-theme-engine/dist/chunk-WITIL2MK.js?v=c58539c0:673
[ 2391997ms] [ERROR] A tree hydrated but some attributes of the server rendered HTML didn't match the client properties. This won't be patched up. This can happen if a SSR-ed Client Component used:

- A server/client branch `if (typeof window !== 'undefined')`.
- Variable input such as `Date.now()` or `Math.random()` which changes each time it's called.
- Date formatting in a user's locale which doesn't match the server.
- External changing data without sending a snapshot of it along with the HTML.
- Invalid HTML tag nesting.

It can also happen if the client has a browser extension installed which messes with the HTML before React loaded.

%s%s https://react.dev/link/hydration-mismatch 

  ...
    <RenderWhenVisible2 rootMargin="50px" className="s-block s-..." id={undefined} estimatedHeight="clamp(480p..." ...>
      <section ref={undefined} className="s-block s-..." id={undefined} style={{...}}>
        <Suspense fallback={<HeroSkeleton>}>
          <ComponentErrorBoundary data={{path:"ox-hero", ...}} position={1}>
            <OxHero data={{path:"ox-hero", ...}}>
              <section className="ox-hero ox..." data-testid="ox-hero">
                <div>
                <div className="ox-hero__i...">
                  <div className="ox-hero__text">
                    <h1>
                    <p>
                    <div className="ox-hero__a...">
                      <Button>
                      <Button to="/services" variant="secondary" size={48} className="ox-cta-pill">
                        <Link to="/services" ref={function setRefs} className="ox-btn ox-..." aria-disabled={undefined} ...>
                          <TanStackLinkAdapter ref={function setRefs} to="/services" className="ox-btn ox-..." ...>
                            <a
                              className="ox-btn ox-btn--secondary ox-btn--s48 ox-cta-pill"
                              style={{}}
                              title={undefined}
                              target={undefined}
                              rel={undefined}
                              onClick={function handleClick}
                              aria-label={undefined}
                              aria-disabled={undefined}
                              aria-busy={undefined}
                              data-spa-link=""
                              ref={function}
                              onBlur={function handleLeave}
                              onFocus={function}
                              onMouseEnter={function}
                              onMouseLeave={function handleLeave}
                              onTouchStart={function handleTouchStart}
+                             href="/latest-products/services"
-                             href="/services"
                            >
          ...
 @ http://localhost:3210/@vite/client:532
[ 2392081ms] [ERROR] A tree hydrated but some attributes of the server rendered HTML didn't match the client properties. This won't be patched up. This can happen if a SSR-ed Client Component used:

- A server/client branch `if (typeof window !== 'undefined')`.
- Variable input such as `Date.now()` or `Math.random()` which changes each time it's called.
- Date formatting in a user's locale which doesn't match the server.
- External changing data without sending a snapshot of it along with the HTML.
- Invalid HTML tag nesting.

It can also happen if the client has a browser extension installed which messes with the HTML before React loaded.

%s%s https://react.dev/link/hydration-mismatch 

  ...
    <RenderWhenVisible2 rootMargin="50px" className="s-block s-..." id={undefined} estimatedHeight="clamp(332p..." ...>
      <section ref={undefined} className="s-block s-..." id={undefined} style={{...}}>
        <Suspense fallback={<GoalsSkeleton>}>
          <ComponentErrorBoundary data={{path:"ox-g...", ...}} position={3}>
            <OxGoals data={{path:"ox-g...", ...}}>
              <section className="ox-goals" id="ox-goals" data-testid="ox-goals">
                <div className="ox-container">
                  <SectionHeader>
                  <ul className="ox-goals__..." ref={{current:null}}>
                    <li style={{--i:"0"}}>
                      <GoalCard slug="goal-energy" label="مكملات الطاقة" line="ما قبل الت..." icon="goal-energy" ...>
                        <Link to="/search?q=..." className="ox-goal" data-testid="ox-goal-card" data-goal="goal-energy" ...>
                          <TanStackLinkAdapter ref={null} to="/search?q=..." className="ox-goal" ...>
                            <a
                              className="ox-goal"
                              style={{--i:"0"}}
                              title={undefined}
                              target={undefined}
                              rel={undefined}
                              onClick={function handleClick}
                              aria-label={undefined}
                              data-testid="ox-goal-card"
                              data-goal="goal-energy"
                              data-spa-link=""
                              ref={{current:null}}
                              onBlur={function handleLeave}
                              onFocus={function}
                              onMouseEnter={function}
                              onMouseLeave={function handleLeave}
                              onTouchStart={function handleTouchStart}
+                             href="/latest-products/search?q=%D9%85%D9%83%D9%85%D9%84%D8%A7%D8%AA%20%D8%A7%D9%84%D8%B..."
-                             href="/search?q=%D9%85%D9%83%D9%85%D9%84%D8%A7%D8%AA%20%D8%A7%D9%84%D8%B7%D8%A7%D9%82%D8%A9"
                            >
                    <li style={{--i:"1"}}>
                      <GoalCard slug="goal-gener..." label="مكملات الص..." line="ملتي فيتام..." icon="goal-gener..." ...>
                        <Link to="/search?q=..." className="ox-goal" data-testid="ox-goal-card" data-goal="goal-gener..." ...>
                          <TanStackLinkAdapter ref={null} to="/search?q=..." className="ox-goal" ...>
                            <a
                              className="ox-goal"
                              style={{--i:"1"}}
                              title={undefined}
                              target={undefined}
                              rel={undefined}
                              onClick={function handleClick}
                              aria-label={undefined}
                              data-testid="ox-goal-card"
                              data-goal="goal-general-health"
                              data-spa-link=""
                              ref={{current:null}}
                              onBlur={function handleLeave}
                              onFocus={function}
                              onMouseEnter={function}
                              onMouseLeave={function handleLeave}
                              onTouchStart={function handleTouchStart}
+                             href="/latest-products/search?q=%D9%85%D9%83%D9%85%D9%84%D8%A7%D8%AA%20%D8%A7%D9%84%D8%B..."
-                             href="/search?q=%D9%85%D9%83%D9%85%D9%84%D8%A7%D8%AA%20%D8%A7%D9%84%D8%B5%D8%AD%D8%A9%20..."
                            >
                    <li style={{--i:"2"}}>
                      <GoalCard slug="goal-perfo..." label="مكملات الأ..." line="بروتين، كر..." icon="goal-perfo..." ...>
                        <Link to="/search?q=..." className="ox-goal" data-testid="ox-goal-card" data-goal="goal-perfo..." ...>
                          <TanStackLinkAdapter ref={null} to="/search?q=..." className="ox-goal" ...>
                            <a
                              className="ox-goal"
                              style={{--i:"2"}}
                              title={undefined}
                              target={undefined}
                              rel={undefined}
                              onClick={function handleClick}
                              aria-label={undefined}
                              data-testid="ox-goal-card"
                              data-goal="goal-performance"
                              data-spa-link=""
                              ref={{current:null}}
                              onBlur={function handleLeave}
                              onFocus={function}
                              onMouseEnter={function}
                              onMouseLeave={function handleLeave}
                              onTouchStart={function handleTouchStart}
+                             href="/latest-products/search?q=%D9%85%D9%83%D9%85%D9%84%D8%A7%D8%AA%20%D8%A7%D9%84%D8%A..."
-                             href="/search?q=%D9%85%D9%83%D9%85%D9%84%D8%A7%D8%AA%20%D8%A7%D9%84%D8%A3%D8%AF%D8%A7%D8..."
                            >
                    <li style={{--i:"3"}}>
                      <GoalCard slug="goal-recovery" label="مكملات الت..." line="بروتين، كا..." icon="goal-recovery" ...>
                        <Link to="/search?q=..." className="ox-goal" data-testid="ox-goal-card" data-goal="goal-recovery" ...>
                          <TanStackLinkAdapter ref={null} to="/search?q=..." className="ox-goal" ...>
                            <a
                              className="ox-goal"
                              style={{--i:"3"}}
                              title={undefined}
                              target={undefined}
                              rel={undefined}
                              onClick={function handleClick}
                              aria-label={undefined}
                              data-testid="ox-goal-card"
                              data-goal="goal-recovery"
                              data-spa-link=""
                              ref={{current:null}}
                              onBlur={function handleLeave}
                              onFocus={function}
                              onMouseEnter={function}
                              onMouseLeave={function handleLeave}
                              onTouchStart={function handleTouchStart}
+                             href="/latest-products/search?q=%D9%85%D9%83%D9%85%D9%84%D8%A7%D8%AA%20%D8%A7%D9%84%D8%A..."
-                             href="/search?q=%D9%85%D9%83%D9%85%D9%84%D8%A7%D8%AA%20%D8%A7%D9%84%D8%AA%D8%B9%D8%A7%D9..."
                            >
                    <li style={{--i:"4"}}>
                      <GoalCard slug="goal-hair-..." label="مكملات الش..." line="كولاجين، ب..." icon="goal-hair-..." ...>
                        <Link to="/search?q=..." className="ox-goal" data-testid="ox-goal-card" data-goal="goal-hair-..." ...>
                          <TanStackLinkAdapter ref={null} to="/search?q=..." className="ox-goal" ...>
                            <a
                              className="ox-goal"
                              style={{--i:"4"}}
                              title={undefined}
                              target={undefined}
                              rel={undefined}
                              onClick={function handleClick}
                              aria-label={undefined}
                              data-testid="ox-goal-card"
                              data-goal="goal-hair-skin"
                              data-spa-link=""
                              ref={{current:null}}
                              onBlur={function handleLeave}
                              onFocus={function}
                              onMouseEnter={function}
                              onMouseLeave={function handleLeave}
                              onTouchStart={function handleTouchStart}
+                             href="/latest-products/search?q=%D9%85%D9%83%D9%85%D9%84%D8%A7%D8%AA%20%D8%A7%D9%84%D8%B..."
-                             href="/search?q=%D9%85%D9%83%D9%85%D9%84%D8%A7%D8%AA%20%D8%A7%D9%84%D8%B4%D8%B9%D8%B1%20..."
                            >
                    <li style={{--i:"5"}}>
                      <GoalCard slug="goal-ideal..." label="مكملات الو..." line="ماس جينر، ..." icon="goal-ideal..." ...>
                        <Link to="/search?q=..." className="ox-goal" data-testid="ox-goal-card" data-goal="goal-ideal..." ...>
                          <TanStackLinkAdapter ref={null} to="/search?q=..." className="ox-goal" ...>
                            <a
                              className="ox-goal"
                              style={{--i:"5"}}
                              title={undefined}
                              target={undefined}
                              rel={undefined}
                              onClick={function handleClick}
                              aria-label={undefined}
                              data-testid="ox-goal-card"
                              data-goal="goal-ideal-weight"
                              data-spa-link=""
                              ref={{current:null}}
                              onBlur={function handleLeave}
                              onFocus={function}
                              onMouseEnter={function}
                              onMouseLeave={function handleLeave}
                              onTouchStart={function handleTouchStart}
+                             href="/latest-products/search?q=%D9%85%D9%83%D9%85%D9%84%D8%A7%D8%AA%20%D8%A7%D9%84%D9%8..."
-                             href="/search?q=%D9%85%D9%83%D9%85%D9%84%D8%A7%D8%AA%20%D8%A7%D9%84%D9%88%D8%B2%D9%86%20..."
                            >
          ...
 @ http://localhost:3210/@vite/client:532
[ 2419707ms] [LOG] [offline-api] browser: api.salla.dev + cdn.salla.network -> http://127.0.0.1:5178 @ http://localhost:3210/latest-products:0
[ 2437637ms] [INFO] %cDownload the React DevTools for a better development experience: https://react.dev/link/react-devtools font-weight:bold @ http://localhost:3210/node_modules/.vite/deps/react-dom_client.js?v=c58539c0:14335
[ 2437761ms] [WARNING] [Twilight] Could not hydrate twilight context: no root match in router state @ http://localhost:3210/@vite/client:532
[ 2437904ms] [ERROR] The result of getServerSnapshot should be cached to avoid an infinite loop @ http://localhost:3210/@vite/client:532
[ 2437952ms] [ERROR] A tree hydrated but some attributes of the server rendered HTML didn't match the client properties. This won't be patched up. This can happen if a SSR-ed Client Component used:

- A server/client branch `if (typeof window !== 'undefined')`.
- Variable input such as `Date.now()` or `Math.random()` which changes each time it's called.
- Date formatting in a user's locale which doesn't match the server.
- External changing data without sending a snapshot of it along with the HTML.
- Invalid HTML tag nesting.

It can also happen if the client has a browser extension installed which messes with the HTML before React loaded.

%s%s https://react.dev/link/hydration-mismatch 

  ...
    <ThemeDocumentSync>
    <TanStackDocumentSync>
    <NavigationSetup>
      <NavigationProvider navigate={function}>
        <LinkProvider adapter={{...}}>
          <WidgetHead>
          <AppsSnippets>
          <HookSlot>
          <Suspense>
          <OptimalXLayout>
            <div>
            <BottomTabBar>
              <nav className="ox-tabbar" aria-label="تنقل سريع" data-testid="ox-tabbar">
                <ul className="ox-tabbar_...">
                  <li>
                    <Link to="/" className="ox-tab">
                      <TanStackLinkAdapter ref={null} to="/" className="ox-tab" data-spa-link="">
                        <a
+                         className="ox-tab active"
-                         className="ox-tab is-active active"
                          style={undefined}
                          title={undefined}
                          target={undefined}
                          rel={undefined}
                          onClick={function handleClick}
                          aria-label={undefined}
                          data-spa-link=""
                          ref={{current:null}}
                          onBlur={function handleLeave}
                          onFocus={function}
                          onMouseEnter={function}
                          onMouseLeave={function handleLeave}
                          onTouchStart={function handleTouchStart}
                          href="/latest-products"
                          data-status="active"
                          aria-current="page"
                        >
                  ...
            ...
          ...
 @ http://localhost:3210/@vite/client:532
[ 2438507ms] [LOG] [HomeComponentRenderer] RENDER: path=ox-hero, index=0, renderCount=1 @ http://localhost:3210/node_modules/.pnpm/@salla.sa+twilight-theme-en_c3cd9c099c8c4c71b5353d842e4aee2e/node_modules/@salla.sa/twilight-theme-engine/dist/chunk-WITIL2MK.js?v=c58539c0:670
[ 2438508ms] [LOG] [HomeComponentRenderer] RENDER: path=ox-hero, index=0, renderCount=2 @ http://localhost:3210/node_modules/.pnpm/@salla.sa+twilight-theme-en_c3cd9c099c8c4c71b5353d842e4aee2e/node_modules/@salla.sa/twilight-theme-engine/dist/chunk-WITIL2MK.js?v=c58539c0:670
[ 2438524ms] Error: Hydration failed because the server rendered HTML didn't match the client. As a result this tree will be regenerated on the client. This can happen if a SSR-ed Client Component used:

- A server/client branch `if (typeof window !== 'undefined')`.
- Variable input such as `Date.now()` or `Math.random()` which changes each time it's called.
- Date formatting in a user's locale which doesn't match the server.
- External changing data without sending a snapshot of it along with the HTML.
- Invalid HTML tag nesting.

It can also happen if the client has a browser extension installed which messes with the HTML before React loaded.

https://react.dev/link/hydration-mismatch

  ...
    <Matches>
      <Transitioner>
      <SafeFragment fallback={<Context>}>
        <MatchesInner>
          <CatchBoundary getResetKey={function getResetKey} onCatch={function}>
            <MatchImpl routeId="__root__">
              <MatchView router={{...}} match={{id:"__root__/", ...}}>
                <RootComponent>
                  <html lang="ar" dir="rtl" suppressHydrationWarning={true}>
                    <head>
                    <body suppressHydrationWarning={true}>
                      <noscript>
                      <TwilightProvider>
                      <Suspense fallback={null}>
                        <TanStackRouterDevtools position="bottom-right">
+                         <div ref={{current:null}}>
                      ...

    at throwOnHydrationMismatch (http://localhost:3210/node_modules/.vite/deps/react-dom_client.js?v=c58539c0:2968:51)
    at beginWork (http://localhost:3210/node_modules/.vite/deps/react-dom_client.js?v=c58539c0:6200:914)
    at runWithFiberInDEV (http://localhost:3210/node_modules/.vite/deps/react-dom_client.js?v=c58539c0:851:66)
    at performUnitOfWork (http://localhost:3210/node_modules/.vite/deps/react-dom_client.js?v=c58539c0:8429:92)
    at workLoopConcurrentByScheduler (http://localhost:3210/node_modules/.vite/deps/react-dom_client.js?v=c58539c0:8425:55)
    at renderRootConcurrent (http://localhost:3210/node_modules/.vite/deps/react-dom_client.js?v=c58539c0:8408:64)
    at performWorkOnRoot (http://localhost:3210/node_modules/.vite/deps/react-dom_client.js?v=c58539c0:7957:145)
    at performWorkOnRootViaSchedulerTask (http://localhost:3210/node_modules/.vite/deps/react-dom_client.js?v=c58539c0:9059:4)
    at MessagePort.performWorkUntilDeadline (http://localhost:3210/node_modules/.vite/deps/react-dom_client.js?v=c58539c0:36:38)
[ 2438529ms] [LOG] [HomeComponentRenderer] RENDER: path=ox-hero, index=0, renderCount=1 @ http://localhost:3210/node_modules/.pnpm/@salla.sa+twilight-theme-en_c3cd9c099c8c4c71b5353d842e4aee2e/node_modules/@salla.sa/twilight-theme-engine/dist/chunk-WITIL2MK.js?v=c58539c0:670
[ 2438530ms] [LOG] [HomeComponentRenderer] RENDER: path=ox-hero, index=0, renderCount=2 @ http://localhost:3210/node_modules/.pnpm/@salla.sa+twilight-theme-en_c3cd9c099c8c4c71b5353d842e4aee2e/node_modules/@salla.sa/twilight-theme-engine/dist/chunk-WITIL2MK.js?v=c58539c0:670
[ 2438530ms] [LOG] [HomeComponentRenderer] RENDER: path=ox-trust-strip, index=1, renderCount=1 @ http://localhost:3210/node_modules/.pnpm/@salla.sa+twilight-theme-en_c3cd9c099c8c4c71b5353d842e4aee2e/node_modules/@salla.sa/twilight-theme-engine/dist/chunk-WITIL2MK.js?v=c58539c0:670
[ 2438530ms] [LOG] [HomeComponentRenderer] RENDER: path=ox-trust-strip, index=1, renderCount=2 @ http://localhost:3210/node_modules/.pnpm/@salla.sa+twilight-theme-en_c3cd9c099c8c4c71b5353d842e4aee2e/node_modules/@salla.sa/twilight-theme-engine/dist/chunk-WITIL2MK.js?v=c58539c0:670
[ 2438531ms] [LOG] [HomeComponentRenderer] RENDER: path=ox-goals, index=2, renderCount=1 @ http://localhost:3210/node_modules/.pnpm/@salla.sa+twilight-theme-en_c3cd9c099c8c4c71b5353d842e4aee2e/node_modules/@salla.sa/twilight-theme-engine/dist/chunk-WITIL2MK.js?v=c58539c0:670
[ 2438531ms] [LOG] [HomeComponentRenderer] RENDER: path=ox-goals, index=2, renderCount=2 @ http://localhost:3210/node_modules/.pnpm/@salla.sa+twilight-theme-en_c3cd9c099c8c4c71b5353d842e4aee2e/node_modules/@salla.sa/twilight-theme-engine/dist/chunk-WITIL2MK.js?v=c58539c0:670
[ 2438532ms] [LOG] [HomeComponentRenderer] RENDER: path=ox-products, index=3, renderCount=1 @ http://localhost:3210/node_modules/.pnpm/@salla.sa+twilight-theme-en_c3cd9c099c8c4c71b5353d842e4aee2e/node_modules/@salla.sa/twilight-theme-engine/dist/chunk-WITIL2MK.js?v=c58539c0:670
[ 2438532ms] [LOG] [HomeComponentRenderer] RENDER: path=ox-products, index=3, renderCount=2 @ http://localhost:3210/node_modules/.pnpm/@salla.sa+twilight-theme-en_c3cd9c099c8c4c71b5353d842e4aee2e/node_modules/@salla.sa/twilight-theme-engine/dist/chunk-WITIL2MK.js?v=c58539c0:670
[ 2438534ms] [LOG] [HomeComponentRenderer] RENDER: path=ox-poster, index=4, renderCount=1 @ http://localhost:3210/node_modules/.pnpm/@salla.sa+twilight-theme-en_c3cd9c099c8c4c71b5353d842e4aee2e/node_modules/@salla.sa/twilight-theme-engine/dist/chunk-WITIL2MK.js?v=c58539c0:670
[ 2438535ms] [LOG] [HomeComponentRenderer] RENDER: path=ox-poster, index=4, renderCount=2 @ http://localhost:3210/node_modules/.pnpm/@salla.sa+twilight-theme-en_c3cd9c099c8c4c71b5353d842e4aee2e/node_modules/@salla.sa/twilight-theme-engine/dist/chunk-WITIL2MK.js?v=c58539c0:670
[ 2438535ms] [LOG] [HomeComponentRenderer] RENDER: path=ox-posters, index=5, renderCount=1 @ http://localhost:3210/node_modules/.pnpm/@salla.sa+twilight-theme-en_c3cd9c099c8c4c71b5353d842e4aee2e/node_modules/@salla.sa/twilight-theme-engine/dist/chunk-WITIL2MK.js?v=c58539c0:670
[ 2438536ms] [LOG] [HomeComponentRenderer] RENDER: path=ox-posters, index=5, renderCount=2 @ http://localhost:3210/node_modules/.pnpm/@salla.sa+twilight-theme-en_c3cd9c099c8c4c71b5353d842e4aee2e/node_modules/@salla.sa/twilight-theme-engine/dist/chunk-WITIL2MK.js?v=c58539c0:670
[ 2438537ms] [LOG] [HomeComponentRenderer] RENDER: path=ox-products-secondary, index=6, renderCount=1 @ http://localhost:3210/node_modules/.pnpm/@salla.sa+twilight-theme-en_c3cd9c099c8c4c71b5353d842e4aee2e/node_modules/@salla.sa/twilight-theme-engine/dist/chunk-WITIL2MK.js?v=c58539c0:670
[ 2438537ms] [LOG] [HomeComponentRenderer] RENDER: path=ox-products-secondary, index=6, renderCount=2 @ http://localhost:3210/node_modules/.pnpm/@salla.sa+twilight-theme-en_c3cd9c099c8c4c71b5353d842e4aee2e/node_modules/@salla.sa/twilight-theme-engine/dist/chunk-WITIL2MK.js?v=c58539c0:670
[ 2438538ms] [LOG] [HomeComponentRenderer] RENDER: path=ox-categories, index=7, renderCount=1 @ http://localhost:3210/node_modules/.pnpm/@salla.sa+twilight-theme-en_c3cd9c099c8c4c71b5353d842e4aee2e/node_modules/@salla.sa/twilight-theme-engine/dist/chunk-WITIL2MK.js?v=c58539c0:670
[ 2438539ms] [LOG] [HomeComponentRenderer] RENDER: path=ox-categories, index=7, renderCount=2 @ http://localhost:3210/node_modules/.pnpm/@salla.sa+twilight-theme-en_c3cd9c099c8c4c71b5353d842e4aee2e/node_modules/@salla.sa/twilight-theme-engine/dist/chunk-WITIL2MK.js?v=c58539c0:670
[ 2438540ms] [LOG] [HomeComponentRenderer] RENDER: path=ox-brands, index=8, renderCount=1 @ http://localhost:3210/node_modules/.pnpm/@salla.sa+twilight-theme-en_c3cd9c099c8c4c71b5353d842e4aee2e/node_modules/@salla.sa/twilight-theme-engine/dist/chunk-WITIL2MK.js?v=c58539c0:670
[ 2438541ms] [LOG] [HomeComponentRenderer] RENDER: path=ox-brands, index=8, renderCount=2 @ http://localhost:3210/node_modules/.pnpm/@salla.sa+twilight-theme-en_c3cd9c099c8c4c71b5353d842e4aee2e/node_modules/@salla.sa/twilight-theme-engine/dist/chunk-WITIL2MK.js?v=c58539c0:670
[ 2438541ms] [LOG] [HomeComponentRenderer] RENDER: path=ox-services, index=9, renderCount=1 @ http://localhost:3210/node_modules/.pnpm/@salla.sa+twilight-theme-en_c3cd9c099c8c4c71b5353d842e4aee2e/node_modules/@salla.sa/twilight-theme-engine/dist/chunk-WITIL2MK.js?v=c58539c0:670
[ 2438542ms] [LOG] [HomeComponentRenderer] RENDER: path=ox-services, index=9, renderCount=2 @ http://localhost:3210/node_modules/.pnpm/@salla.sa+twilight-theme-en_c3cd9c099c8c4c71b5353d842e4aee2e/node_modules/@salla.sa/twilight-theme-engine/dist/chunk-WITIL2MK.js?v=c58539c0:670
[ 2438543ms] [LOG] [HomeComponentRenderer] RENDER: path=ox-guides, index=10, renderCount=1 @ http://localhost:3210/node_modules/.pnpm/@salla.sa+twilight-theme-en_c3cd9c099c8c4c71b5353d842e4aee2e/node_modules/@salla.sa/twilight-theme-engine/dist/chunk-WITIL2MK.js?v=c58539c0:670
[ 2438544ms] [LOG] [HomeComponentRenderer] RENDER: path=ox-guides, index=10, renderCount=2 @ http://localhost:3210/node_modules/.pnpm/@salla.sa+twilight-theme-en_c3cd9c099c8c4c71b5353d842e4aee2e/node_modules/@salla.sa/twilight-theme-engine/dist/chunk-WITIL2MK.js?v=c58539c0:670
[ 2438544ms] [LOG] [HomeComponentRenderer] RENDER: path=ox-branch, index=11, renderCount=1 @ http://localhost:3210/node_modules/.pnpm/@salla.sa+twilight-theme-en_c3cd9c099c8c4c71b5353d842e4aee2e/node_modules/@salla.sa/twilight-theme-engine/dist/chunk-WITIL2MK.js?v=c58539c0:670
[ 2438545ms] [LOG] [HomeComponentRenderer] RENDER: path=ox-branch, index=11, renderCount=2 @ http://localhost:3210/node_modules/.pnpm/@salla.sa+twilight-theme-en_c3cd9c099c8c4c71b5353d842e4aee2e/node_modules/@salla.sa/twilight-theme-engine/dist/chunk-WITIL2MK.js?v=c58539c0:670
[ 2438546ms] [LOG] [HomeComponentRenderer] RENDER: path=ox-certifications, index=12, renderCount=1 @ http://localhost:3210/node_modules/.pnpm/@salla.sa+twilight-theme-en_c3cd9c099c8c4c71b5353d842e4aee2e/node_modules/@salla.sa/twilight-theme-engine/dist/chunk-WITIL2MK.js?v=c58539c0:670
[ 2438546ms] [LOG] [HomeComponentRenderer] RENDER: path=ox-certifications, index=12, renderCount=2 @ http://localhost:3210/node_modules/.pnpm/@salla.sa+twilight-theme-en_c3cd9c099c8c4c71b5353d842e4aee2e/node_modules/@salla.sa/twilight-theme-engine/dist/chunk-WITIL2MK.js?v=c58539c0:670
[ 2438546ms] [LOG] [HomeComponentRenderer] RENDER: path=ox-faq, index=13, renderCount=1 @ http://localhost:3210/node_modules/.pnpm/@salla.sa+twilight-theme-en_c3cd9c099c8c4c71b5353d842e4aee2e/node_modules/@salla.sa/twilight-theme-engine/dist/chunk-WITIL2MK.js?v=c58539c0:670
[ 2438547ms] [LOG] [HomeComponentRenderer] RENDER: path=ox-faq, index=13, renderCount=2 @ http://localhost:3210/node_modules/.pnpm/@salla.sa+twilight-theme-en_c3cd9c099c8c4c71b5353d842e4aee2e/node_modules/@salla.sa/twilight-theme-engine/dist/chunk-WITIL2MK.js?v=c58539c0:670
[ 2438548ms] [LOG] [HomeComponentRenderer] RENDER: path=ox-newsletter, index=14, renderCount=1 @ http://localhost:3210/node_modules/.pnpm/@salla.sa+twilight-theme-en_c3cd9c099c8c4c71b5353d842e4aee2e/node_modules/@salla.sa/twilight-theme-engine/dist/chunk-WITIL2MK.js?v=c58539c0:670
[ 2438548ms] [LOG] [HomeComponentRenderer] RENDER: path=ox-newsletter, index=14, renderCount=2 @ http://localhost:3210/node_modules/.pnpm/@salla.sa+twilight-theme-en_c3cd9c099c8c4c71b5353d842e4aee2e/node_modules/@salla.sa/twilight-theme-engine/dist/chunk-WITIL2MK.js?v=c58539c0:670
[ 2438549ms] [LOG] [HomeComponentRenderer] RENDER: path=ox-banner, index=15, renderCount=1 @ http://localhost:3210/node_modules/.pnpm/@salla.sa+twilight-theme-en_c3cd9c099c8c4c71b5353d842e4aee2e/node_modules/@salla.sa/twilight-theme-engine/dist/chunk-WITIL2MK.js?v=c58539c0:670
[ 2438549ms] [LOG] [HomeComponentRenderer] RENDER: path=ox-banner, index=15, renderCount=2 @ http://localhost:3210/node_modules/.pnpm/@salla.sa+twilight-theme-en_c3cd9c099c8c4c71b5353d842e4aee2e/node_modules/@salla.sa/twilight-theme-engine/dist/chunk-WITIL2MK.js?v=c58539c0:670
[ 2438552ms] [LOG] [HomeComponentRenderer] MOUNT: path=ox-hero, index=0, renderCount=2 @ http://localhost:3210/node_modules/.pnpm/@salla.sa+twilight-theme-en_c3cd9c099c8c4c71b5353d842e4aee2e/node_modules/@salla.sa/twilight-theme-engine/dist/chunk-WITIL2MK.js?v=c58539c0:673
[ 2438553ms] [LOG] [HomeComponentRenderer] MOUNT: path=ox-trust-strip, index=1, renderCount=2 @ http://localhost:3210/node_modules/.pnpm/@salla.sa+twilight-theme-en_c3cd9c099c8c4c71b5353d842e4aee2e/node_modules/@salla.sa/twilight-theme-engine/dist/chunk-WITIL2MK.js?v=c58539c0:673
[ 2438554ms] [LOG] [HomeComponentRenderer] MOUNT: path=ox-goals, index=2, renderCount=2 @ http://localhost:3210/node_modules/.pnpm/@salla.sa+twilight-theme-en_c3cd9c099c8c4c71b5353d842e4aee2e/node_modules/@salla.sa/twilight-theme-engine/dist/chunk-WITIL2MK.js?v=c58539c0:673
[ 2438555ms] [LOG] [HomeComponentRenderer] MOUNT: path=ox-products, index=3, renderCount=2 @ http://localhost:3210/node_modules/.pnpm/@salla.sa+twilight-theme-en_c3cd9c099c8c4c71b5353d842e4aee2e/node_modules/@salla.sa/twilight-theme-engine/dist/chunk-WITIL2MK.js?v=c58539c0:673
[ 2438555ms] [LOG] [HomeComponentRenderer] MOUNT: path=ox-poster, index=4, renderCount=2 @ http://localhost:3210/node_modules/.pnpm/@salla.sa+twilight-theme-en_c3cd9c099c8c4c71b5353d842e4aee2e/node_modules/@salla.sa/twilight-theme-engine/dist/chunk-WITIL2MK.js?v=c58539c0:673
[ 2438556ms] [LOG] [HomeComponentRenderer] MOUNT: path=ox-posters, index=5, renderCount=2 @ http://localhost:3210/node_modules/.pnpm/@salla.sa+twilight-theme-en_c3cd9c099c8c4c71b5353d842e4aee2e/node_modules/@salla.sa/twilight-theme-engine/dist/chunk-WITIL2MK.js?v=c58539c0:673
[ 2438557ms] [LOG] [HomeComponentRenderer] MOUNT: path=ox-products-secondary, index=6, renderCount=2 @ http://localhost:3210/node_modules/.pnpm/@salla.sa+twilight-theme-en_c3cd9c099c8c4c71b5353d842e4aee2e/node_modules/@salla.sa/twilight-theme-engine/dist/chunk-WITIL2MK.js?v=c58539c0:673
[ 2438558ms] [LOG] [HomeComponentRenderer] MOUNT: path=ox-categories, index=7, renderCount=2 @ http://localhost:3210/node_modules/.pnpm/@salla.sa+twilight-theme-en_c3cd9c099c8c4c71b5353d842e4aee2e/node_modules/@salla.sa/twilight-theme-engine/dist/chunk-WITIL2MK.js?v=c58539c0:673
[ 2438559ms] [LOG] [HomeComponentRenderer] MOUNT: path=ox-brands, index=8, renderCount=2 @ http://localhost:3210/node_modules/.pnpm/@salla.sa+twilight-theme-en_c3cd9c099c8c4c71b5353d842e4aee2e/node_modules/@salla.sa/twilight-theme-engine/dist/chunk-WITIL2MK.js?v=c58539c0:673
[ 2438559ms] [LOG] [HomeComponentRenderer] MOUNT: path=ox-services, index=9, renderCount=2 @ http://localhost:3210/node_modules/.pnpm/@salla.sa+twilight-theme-en_c3cd9c099c8c4c71b5353d842e4aee2e/node_modules/@salla.sa/twilight-theme-engine/dist/chunk-WITIL2MK.js?v=c58539c0:673
[ 2438560ms] [LOG] [HomeComponentRenderer] MOUNT: path=ox-guides, index=10, renderCount=2 @ http://localhost:3210/node_modules/.pnpm/@salla.sa+twilight-theme-en_c3cd9c099c8c4c71b5353d842e4aee2e/node_modules/@salla.sa/twilight-theme-engine/dist/chunk-WITIL2MK.js?v=c58539c0:673
[ 2438561ms] [LOG] [HomeComponentRenderer] MOUNT: path=ox-branch, index=11, renderCount=2 @ http://localhost:3210/node_modules/.pnpm/@salla.sa+twilight-theme-en_c3cd9c099c8c4c71b5353d842e4aee2e/node_modules/@salla.sa/twilight-theme-engine/dist/chunk-WITIL2MK.js?v=c58539c0:673
[ 2438562ms] [LOG] [HomeComponentRenderer] MOUNT: path=ox-certifications, index=12, renderCount=2 @ http://localhost:3210/node_modules/.pnpm/@salla.sa+twilight-theme-en_c3cd9c099c8c4c71b5353d842e4aee2e/node_modules/@salla.sa/twilight-theme-engine/dist/chunk-WITIL2MK.js?v=c58539c0:673
[ 2438562ms] [LOG] [HomeComponentRenderer] MOUNT: path=ox-faq, index=13, renderCount=2 @ http://localhost:3210/node_modules/.pnpm/@salla.sa+twilight-theme-en_c3cd9c099c8c4c71b5353d842e4aee2e/node_modules/@salla.sa/twilight-theme-engine/dist/chunk-WITIL2MK.js?v=c58539c0:673
[ 2438563ms] [LOG] [HomeComponentRenderer] MOUNT: path=ox-newsletter, index=14, renderCount=2 @ http://localhost:3210/node_modules/.pnpm/@salla.sa+twilight-theme-en_c3cd9c099c8c4c71b5353d842e4aee2e/node_modules/@salla.sa/twilight-theme-engine/dist/chunk-WITIL2MK.js?v=c58539c0:673
[ 2438564ms] [LOG] [HomeComponentRenderer] MOUNT: path=ox-banner, index=15, renderCount=2 @ http://localhost:3210/node_modules/.pnpm/@salla.sa+twilight-theme-en_c3cd9c099c8c4c71b5353d842e4aee2e/node_modules/@salla.sa/twilight-theme-engine/dist/chunk-WITIL2MK.js?v=c58539c0:673
[ 2438808ms] Error: Hydration failed because the server rendered HTML didn't match the client. As a result this tree will be regenerated on the client. This can happen if a SSR-ed Client Component used:

- A server/client branch `if (typeof window !== 'undefined')`.
- Variable input such as `Date.now()` or `Math.random()` which changes each time it's called.
- Date formatting in a user's locale which doesn't match the server.
- External changing data without sending a snapshot of it along with the HTML.
- Invalid HTML tag nesting.

It can also happen if the client has a browser extension installed which messes with the HTML before React loaded.

https://react.dev/link/hydration-mismatch

  ...
    <MatchInnerImpl match={{id:"/{-$lo...", ...}}>
      <Lazy>
        <HomeComponent>
          <DefaultHome locale="ar">
            <HomePage2 components={[...]} locale="ar">
              <HookSlot>
              <HookSlot>
              <HomeComponentRenderer2 data={{path:"ox-hero", ...}} index={0}>
                <RenderWhenVisible2 rootMargin="50px" className="s-block s-..." id={undefined} ...>
                  <section ref={undefined} className="s-block s-..." id={undefined} style={{...}}>
                    <Suspense fallback={<HeroSkeleton>}>
                      <ComponentErrorBoundary data={{path:"ox-hero", ...}} position={1}>
                        <OxHero data={{path:"ox-hero", ...}}>
                          <section className="ox-hero ox..." data-testid="ox-hero">
                            <div className="ox-hero__p..." onMouseEnter={function onMouseEnter} ...>
                              <div>
                              <span>
                              <span
+                               className="ox-hero__edge"
-                               className="ox-band__wedge ox-hero__wedge ox-hero__wedge--wide"
                                aria-hidden="true"
                              >
                              <span
+                               className="ox-band__wedge ox-hero__wedge ox-hero__wedge--wide"
-                               className="ox-band__wedge ox-hero__wedge ox-hero__wedge--thin"
                                aria-hidden="true"
                              >
+                             <span className="ox-band__wedge ox-hero__wedge ox-hero__wedge--thin" aria-hidden="true">
                            ...
                      ...
              ...
              ...
          ...

    at throwOnHydrationMismatch (http://localhost:3210/node_modules/.vite/deps/react-dom_client.js?v=c58539c0:2968:51)
    at beginWork (http://localhost:3210/node_modules/.vite/deps/react-dom_client.js?v=c58539c0:6200:914)
    at runWithFiberInDEV (http://localhost:3210/node_modules/.vite/deps/react-dom_client.js?v=c58539c0:851:66)
    at performUnitOfWork (http://localhost:3210/node_modules/.vite/deps/react-dom_client.js?v=c58539c0:8429:92)
    at workLoopConcurrentByScheduler (http://localhost:3210/node_modules/.vite/deps/react-dom_client.js?v=c58539c0:8425:55)
    at renderRootConcurrent (http://localhost:3210/node_modules/.vite/deps/react-dom_client.js?v=c58539c0:8408:64)
    at performWorkOnRoot (http://localhost:3210/node_modules/.vite/deps/react-dom_client.js?v=c58539c0:7957:145)
    at performWorkOnRootViaSchedulerTask (http://localhost:3210/node_modules/.vite/deps/react-dom_client.js?v=c58539c0:9059:4)
    at MessagePort.performWorkUntilDeadline (http://localhost:3210/node_modules/.vite/deps/react-dom_client.js?v=c58539c0:36:38)
[ 2461578ms] [LOG] [offline-api] browser: api.salla.dev + cdn.salla.network -> http://127.0.0.1:5178 @ http://localhost:3210/latest-products:0
[ 2462131ms] [INFO] %cDownload the React DevTools for a better development experience: https://react.dev/link/react-devtools font-weight:bold @ http://localhost:3210/node_modules/.vite/deps/react-dom_client.js?v=c58539c0:14335
[ 2462234ms] [WARNING] [Twilight] Could not hydrate twilight context: no root match in router state @ http://localhost:3210/@vite/client:532
[ 2462344ms] [ERROR] The result of getServerSnapshot should be cached to avoid an infinite loop @ http://localhost:3210/@vite/client:532
[ 2462919ms] Error: Hydration failed because the server rendered HTML didn't match the client. As a result this tree will be regenerated on the client. This can happen if a SSR-ed Client Component used:

- A server/client branch `if (typeof window !== 'undefined')`.
- Variable input such as `Date.now()` or `Math.random()` which changes each time it's called.
- Date formatting in a user's locale which doesn't match the server.
- External changing data without sending a snapshot of it along with the HTML.
- Invalid HTML tag nesting.

It can also happen if the client has a browser extension installed which messes with the HTML before React loaded.

https://react.dev/link/hydration-mismatch

  ...
    <Matches>
      <Transitioner>
      <SafeFragment fallback={<Context>}>
        <MatchesInner>
          <CatchBoundary getResetKey={function getResetKey} onCatch={function}>
            <MatchImpl routeId="__root__">
              <MatchView router={{...}} match={{id:"__root__/", ...}}>
                <RootComponent>
                  <html lang="ar" dir="rtl" suppressHydrationWarning={true}>
                    <head>
                    <body suppressHydrationWarning={true}>
                      <noscript>
                      <TwilightProvider>
                      <Suspense fallback={null}>
                        <TanStackRouterDevtools position="bottom-right">
+                         <div ref={{current:null}}>
                      ...

    at throwOnHydrationMismatch (http://localhost:3210/node_modules/.vite/deps/react-dom_client.js?v=c58539c0:2968:51)
    at beginWork (http://localhost:3210/node_modules/.vite/deps/react-dom_client.js?v=c58539c0:6200:914)
    at runWithFiberInDEV (http://localhost:3210/node_modules/.vite/deps/react-dom_client.js?v=c58539c0:851:66)
    at performUnitOfWork (http://localhost:3210/node_modules/.vite/deps/react-dom_client.js?v=c58539c0:8429:92)
    at workLoopConcurrentByScheduler (http://localhost:3210/node_modules/.vite/deps/react-dom_client.js?v=c58539c0:8425:55)
    at renderRootConcurrent (http://localhost:3210/node_modules/.vite/deps/react-dom_client.js?v=c58539c0:8408:64)
    at performWorkOnRoot (http://localhost:3210/node_modules/.vite/deps/react-dom_client.js?v=c58539c0:7957:145)
    at performWorkOnRootViaSchedulerTask (http://localhost:3210/node_modules/.vite/deps/react-dom_client.js?v=c58539c0:9059:4)
    at MessagePort.performWorkUntilDeadline (http://localhost:3210/node_modules/.vite/deps/react-dom_client.js?v=c58539c0:36:38)
