[    2441ms] [INFO] %cDownload the React DevTools for a better development experience: https://react.dev/link/react-devtools font-weight:bold @ http://localhost:5190/node_modules/.vite/deps/react-dom_client.js?v=c58539c0:14335
[    2548ms] [WARNING] [Twilight] Could not hydrate twilight context: no root match in router state @ http://localhost:5190/@vite/client:532
[    2666ms] [ERROR] The result of getServerSnapshot should be cached to avoid an infinite loop @ http://localhost:5190/@vite/client:532
[    2709ms] [ERROR] A tree hydrated but some attributes of the server rendered HTML didn't match the client properties. This won't be patched up. This can happen if a SSR-ed Client Component used:

- A server/client branch `if (typeof window !== 'undefined')`.
- Variable input such as `Date.now()` or `Math.random()` which changes each time it's called.
- Date formatting in a user's locale which doesn't match the server.
- External changing data without sending a snapshot of it along with the HTML.
- Invalid HTML tag nesting.

It can also happen if the client has a browser extension installed which messes with the HTML before React loaded.

%s%s https://react.dev/link/hydration-mismatch 

  ...
    <QueryClientProvider client={{}}>
      <Matches>
        <Transitioner>
        <SafeFragment fallback={<Context>}>
          <MatchesInner>
            <CatchBoundary getResetKey={function getResetKey} onCatch={function}>
              <MatchImpl routeId="__root__">
                <MatchView router={{...}} match={{id:"__root__/", ...}}>
                  <RootComponent>
                    <html lang="ar" dir="rtl" suppressHydrationWarning={true}>
                      <head>
                        <meta>
                        <meta>
                        <meta>
                        <HeadContent>
                          <Asset>
                          <Asset>
                          <Asset>
                          <Asset>
                          <Asset>
                          <Asset>
                          <Asset>
                          <Asset>
                          <Asset>
                          <Asset>
                          <Asset>
                          <Asset>
                          <Asset>
                          <Asset>
                          <Asset>
                          <Asset>
                          <Asset>
                          <Asset>
                          <Asset>
                          <Asset>
                          <Asset>
                          <Asset>
                          <Asset>
                          <Asset>
                          <Asset>
                          <Asset>
                          <Asset>
                          <Asset>
                          <Asset>
                          <Asset>
                          <Asset>
                          <Asset>
                          <Asset>
                          <Asset>
                          <Asset>
                          <Asset tag="style" attrs={{id:"twilig...", ...}} nonce={undefined}>
                            <style
+                             id="twilight-loading"
-                             id={null}
                              nonce={undefined}
                              dangerouslySetInnerHTML={{
+                               __html: ".loading-overlay{position:fixed;inset:0;display:flex;align-items:center;justi..."
-                               __html: "salla-mini-checkout-modal,salla-mini-checkout-widget{visibility:hidden}.hydra..."
                              }}
-                             data-styles=""
                            >
                          ...
                      ...
 @ http://localhost:5190/@vite/client:532
[    2872ms] [LOG] allowed_pages: [thank-you] @ :10
[    2872ms] [LOG] title: شاهدتها مؤخرا @ :11
[    2872ms] [LOG] limit: 32 @ :12
[    5590ms] [WARNING] The resource https://cdn.assets.salla.network/themes/customization/1888890798/1298199463/499745075.js?v=17898351681 was preloaded using link preload but not used within a few seconds from the window's load event. Please make sure it has an appropriate `as` value and it is preloaded intentionally. @ http://localhost:5190/optimal-x/ar/p1996831868:0
[   17555ms] [WARNING] The resource https://cdn.assets.salla.network/themes/customization/1888890798/1298199463/499745075.js?v=17898351681 was preloaded using link preload but not used within a few seconds from the window's load event. Please make sure it has an appropriate `as` value and it is preloaded intentionally. @ http://localhost:5190/optimal-x/ar/p1996831868:0
[   52891ms] [WARNING] The resource https://cdn.assets.salla.network/themes/customization/1888890798/1298199463/499745075.js?v=17898351681 was preloaded using link preload but not used within a few seconds from the window's load event. Please make sure it has an appropriate `as` value and it is preloaded intentionally. @ http://localhost:5190/optimal-x/ar/p1996831868:0
[   93839ms] [WARNING] The resource https://cdn.assets.salla.network/themes/customization/1888890798/1298199463/499745075.js?v=17898351681 was preloaded using link preload but not used within a few seconds from the window's load event. Please make sure it has an appropriate `as` value and it is preloaded intentionally. @ http://localhost:5190/optimal-x/ar/p1996831868:0
[   98751ms] [INFO] %cDownload the React DevTools for a better development experience: https://react.dev/link/react-devtools font-weight:bold @ http://localhost:5190/node_modules/.vite/deps/react-dom_client.js?v=c58539c0:14335
[   98852ms] [WARNING] [Twilight] Could not hydrate twilight context: no root match in router state @ http://localhost:5190/@vite/client:532
[   98951ms] [ERROR] The result of getServerSnapshot should be cached to avoid an infinite loop @ http://localhost:5190/@vite/client:532
[   98995ms] [ERROR] A tree hydrated but some attributes of the server rendered HTML didn't match the client properties. This won't be patched up. This can happen if a SSR-ed Client Component used:

- A server/client branch `if (typeof window !== 'undefined')`.
- Variable input such as `Date.now()` or `Math.random()` which changes each time it's called.
- Date formatting in a user's locale which doesn't match the server.
- External changing data without sending a snapshot of it along with the HTML.
- Invalid HTML tag nesting.

It can also happen if the client has a browser extension installed which messes with the HTML before React loaded.

%s%s https://react.dev/link/hydration-mismatch 

  ...
    <QueryClientProvider client={{}}>
      <Matches>
        <Transitioner>
        <SafeFragment fallback={<Context>}>
          <MatchesInner>
            <CatchBoundary getResetKey={function getResetKey} onCatch={function}>
              <MatchImpl routeId="__root__">
                <MatchView router={{...}} match={{id:"__root__/", ...}}>
                  <RootComponent>
                    <html lang="ar" dir="rtl" suppressHydrationWarning={true}>
                      <head>
                        <meta>
                        <meta>
                        <meta>
                        <HeadContent>
                          <Asset>
                          <Asset>
                          <Asset>
                          <Asset>
                          <Asset>
                          <Asset>
                          <Asset>
                          <Asset>
                          <Asset>
                          <Asset>
                          <Asset>
                          <Asset>
                          <Asset>
                          <Asset>
                          <Asset>
                          <Asset>
                          <Asset>
                          <Asset>
                          <Asset>
                          <Asset>
                          <Asset>
                          <Asset>
                          <Asset>
                          <Asset>
                          <Asset>
                          <Asset>
                          <Asset>
                          <Asset>
                          <Asset>
                          <Asset>
                          <Asset>
                          <Asset>
                          <Asset>
                          <Asset>
                          <Asset>
                          <Asset tag="style" attrs={{id:"twilig...", ...}} nonce={undefined}>
                            <style
+                             id="twilight-loading"
-                             id={null}
                              nonce={undefined}
                              dangerouslySetInnerHTML={{
+                               __html: ".loading-overlay{position:fixed;inset:0;display:flex;align-items:center;justi..."
-                               __html: "salla-mini-checkout-modal,salla-mini-checkout-widget{visibility:hidden}.hydra..."
                              }}
-                             data-styles=""
                            >
                          ...
                      ...
 @ http://localhost:5190/@vite/client:532
[   99130ms] [LOG] allowed_pages: [thank-you] @ :10
[   99130ms] [LOG] title: شاهدتها مؤخرا @ :11
[   99130ms] [LOG] limit: 32 @ :12
[  105807ms] [WARNING] The resource https://cdn.assets.salla.network/themes/customization/1888890798/1298199463/499745075.js?v=17898351681 was preloaded using link preload but not used within a few seconds from the window's load event. Please make sure it has an appropriate `as` value and it is preloaded intentionally. @ http://localhost:5190/optimal-x/ar/p1996831868:0
[  105807ms] [WARNING] The resource https://cdn.salla.sa/cdn-cgi/image/fit=scale-down,onerror=redirect,format=auto,width=400/dPrxBd/274871ce-8e46-49f5-94fe-e6afb7bf9787-1000x706.44391408115-XwUlLMYWcZD4GN6lM2RR3L36Hj1vkrKOlaUDnioV.webp was preloaded using link preload but not used within a few seconds from the window's load event. Please make sure it has an appropriate `as` value and it is preloaded intentionally. @ http://localhost:5190/optimal-x/ar/p1996831868:0
[  204469ms] [WARNING] The resource https://cdn.assets.salla.network/themes/customization/1888890798/1298199463/499745075.js?v=17898351681 was preloaded using link preload but not used within a few seconds from the window's load event. Please make sure it has an appropriate `as` value and it is preloaded intentionally. @ http://localhost:5190/optimal-x/ar/p1996831868:0
[  204469ms] [WARNING] The resource https://cdn.salla.sa/cdn-cgi/image/fit=scale-down,onerror=redirect,format=auto,width=400/dPrxBd/274871ce-8e46-49f5-94fe-e6afb7bf9787-1000x706.44391408115-XwUlLMYWcZD4GN6lM2RR3L36Hj1vkrKOlaUDnioV.webp was preloaded using link preload but not used within a few seconds from the window's load event. Please make sure it has an appropriate `as` value and it is preloaded intentionally. @ http://localhost:5190/optimal-x/ar/p1996831868:0
[  208996ms] [INFO] %cDownload the React DevTools for a better development experience: https://react.dev/link/react-devtools font-weight:bold @ http://localhost:5190/node_modules/.vite/deps/react-dom_client.js?v=c58539c0:14335
[  209102ms] [WARNING] [Twilight] Could not hydrate twilight context: no root match in router state @ http://localhost:5190/@vite/client:532
[  209235ms] [ERROR] The result of getServerSnapshot should be cached to avoid an infinite loop @ http://localhost:5190/@vite/client:532
[  209280ms] [ERROR] A tree hydrated but some attributes of the server rendered HTML didn't match the client properties. This won't be patched up. This can happen if a SSR-ed Client Component used:

- A server/client branch `if (typeof window !== 'undefined')`.
- Variable input such as `Date.now()` or `Math.random()` which changes each time it's called.
- Date formatting in a user's locale which doesn't match the server.
- External changing data without sending a snapshot of it along with the HTML.
- Invalid HTML tag nesting.

It can also happen if the client has a browser extension installed which messes with the HTML before React loaded.

%s%s https://react.dev/link/hydration-mismatch 

  ...
    <QueryClientProvider client={{}}>
      <Matches>
        <Transitioner>
        <SafeFragment fallback={<Context>}>
          <MatchesInner>
            <CatchBoundary getResetKey={function getResetKey} onCatch={function}>
              <MatchImpl routeId="__root__">
                <MatchView router={{...}} match={{id:"__root__/", ...}}>
                  <RootComponent>
                    <html lang="ar" dir="rtl" suppressHydrationWarning={true}>
                      <head>
                        <meta>
                        <meta>
                        <meta>
                        <HeadContent>
                          <Asset>
                          <Asset>
                          <Asset>
                          <Asset>
                          <Asset>
                          <Asset>
                          <Asset>
                          <Asset>
                          <Asset>
                          <Asset>
                          <Asset>
                          <Asset>
                          <Asset>
                          <Asset>
                          <Asset>
                          <Asset>
                          <Asset>
                          <Asset>
                          <Asset>
                          <Asset>
                          <Asset>
                          <Asset>
                          <Asset>
                          <Asset>
                          <Asset>
                          <Asset>
                          <Asset>
                          <Asset>
                          <Asset>
                          <Asset>
                          <Asset>
                          <Asset>
                          <Asset>
                          <Asset>
                          <Asset>
                          <Asset tag="style" attrs={{id:"twilig...", ...}} nonce={undefined}>
                            <style
+                             id="twilight-loading"
-                             id={null}
                              nonce={undefined}
                              dangerouslySetInnerHTML={{
+                               __html: ".loading-overlay{position:fixed;inset:0;display:flex;align-items:center;justi..."
-                               __html: "salla-mini-checkout-modal,salla-mini-checkout-widget{visibility:hidden}.hydra..."
                              }}
-                             data-styles=""
                            >
                          ...
                      ...
 @ http://localhost:5190/@vite/client:532
[  209428ms] [LOG] allowed_pages: [thank-you] @ :10
[  209429ms] [LOG] title: شاهدتها مؤخرا @ :11
[  209429ms] [LOG] limit: 32 @ :12
[  214002ms] [WARNING] The resource https://cdn.assets.salla.network/themes/customization/1888890798/1298199463/499745075.js?v=17898351681 was preloaded using link preload but not used within a few seconds from the window's load event. Please make sure it has an appropriate `as` value and it is preloaded intentionally. @ http://localhost:5190/optimal-x/ar/p1996831868:0
[  236884ms] [WARNING] The resource https://cdn.assets.salla.network/themes/customization/1888890798/1298199463/499745075.js?v=17898351681 was preloaded using link preload but not used within a few seconds from the window's load event. Please make sure it has an appropriate `as` value and it is preloaded intentionally. @ http://localhost:5190/optimal-x/ar/p1996831868:0
[  244100ms] [WARNING] The resource https://cdn.assets.salla.network/themes/customization/1888890798/1298199463/499745075.js?v=17898351681 was preloaded using link preload but not used within a few seconds from the window's load event. Please make sure it has an appropriate `as` value and it is preloaded intentionally. @ http://localhost:5190/optimal-x/ar/p1996831868:0
[  249948ms] [WARNING] The resource https://cdn.assets.salla.network/themes/customization/1888890798/1298199463/499745075.js?v=17898351681 was preloaded using link preload but not used within a few seconds from the window's load event. Please make sure it has an appropriate `as` value and it is preloaded intentionally. @ http://localhost:5190/optimal-x/ar/p1996831868:0
[  255150ms] [WARNING] The resource https://cdn.assets.salla.network/themes/customization/1888890798/1298199463/499745075.js?v=17898351681 was preloaded using link preload but not used within a few seconds from the window's load event. Please make sure it has an appropriate `as` value and it is preloaded intentionally. @ http://localhost:5190/optimal-x/ar/p1996831868:0
[  265253ms] [WARNING] The resource https://cdn.assets.salla.network/themes/customization/1888890798/1298199463/499745075.js?v=17898351681 was preloaded using link preload but not used within a few seconds from the window's load event. Please make sure it has an appropriate `as` value and it is preloaded intentionally. @ http://localhost:5190/optimal-x/ar/p1996831868:0
[  277099ms] [WARNING] The resource https://cdn.assets.salla.network/themes/customization/1888890798/1298199463/499745075.js?v=17898351681 was preloaded using link preload but not used within a few seconds from the window's load event. Please make sure it has an appropriate `as` value and it is preloaded intentionally. @ http://localhost:5190/optimal-x/ar/p1996831868:0
[  286450ms] [WARNING] The resource https://cdn.assets.salla.network/themes/customization/1888890798/1298199463/499745075.js?v=17898351681 was preloaded using link preload but not used within a few seconds from the window's load event. Please make sure it has an appropriate `as` value and it is preloaded intentionally. @ http://localhost:5190/optimal-x/ar/p1996831868:0
[  324610ms] [WARNING] The resource https://cdn.assets.salla.network/themes/customization/1888890798/1298199463/499745075.js?v=17898351681 was preloaded using link preload but not used within a few seconds from the window's load event. Please make sure it has an appropriate `as` value and it is preloaded intentionally. @ http://localhost:5190/optimal-x/ar/p1996831868:0
[  336150ms] [WARNING] The resource https://cdn.assets.salla.network/themes/customization/1888890798/1298199463/499745075.js?v=17898351681 was preloaded using link preload but not used within a few seconds from the window's load event. Please make sure it has an appropriate `as` value and it is preloaded intentionally. @ http://localhost:5190/optimal-x/ar/p1996831868:0
[  427784ms] [INFO] %cDownload the React DevTools for a better development experience: https://react.dev/link/react-devtools font-weight:bold @ http://localhost:5190/node_modules/.vite/deps/react-dom_client.js?v=c58539c0:14335
[  427953ms] [WARNING] [Twilight] Could not hydrate twilight context: no root match in router state @ http://localhost:5190/@vite/client:532
[  428788ms] Error: Hydration failed because the server rendered HTML didn't match the client. As a result this tree will be regenerated on the client. This can happen if a SSR-ed Client Component used:

- A server/client branch `if (typeof window !== 'undefined')`.
- Variable input such as `Date.now()` or `Math.random()` which changes each time it's called.
- Date formatting in a user's locale which doesn't match the server.
- External changing data without sending a snapshot of it along with the HTML.
- Invalid HTML tag nesting.

It can also happen if the client has a browser extension installed which messes with the HTML before React loaded.

https://react.dev/link/hydration-mismatch

  ...
    <QueryClientProvider client={{}}>
      <Matches>
        <Transitioner>
        <SafeFragment fallback={<Context>}>
          <MatchesInner>
            <CatchBoundary getResetKey={function getResetKey} onCatch={function}>
              <MatchImpl routeId="__root__">
                <MatchView router={{...}} match={{id:"__root__/", ...}}>
                  <RootComponent>
                    <html lang="ar" dir="rtl" suppressHydrationWarning={true}>
                      <head>
                        <meta>
                        <meta>
                        <meta>
                        <HeadContent>
                          <Asset>
                          <Asset>
                          <Asset>
                          <Asset>
                          <Asset>
                          <Asset>
                          <Asset>
                          <Asset>
                          <Asset>
                          <Asset>
                          <Asset>
                          <Asset>
                          <Asset>
                          <Asset>
                          <Asset>
                          <Asset>
                          <Asset>
                          <Asset>
                          <Asset>
                          <Asset>
                          <Asset>
                          <Asset>
                          <Asset>
                          <Asset>
                          <Asset>
                          <Asset>
                          <Asset>
                          <Asset>
                          <Asset>
                          <Asset>
                          <Asset>
                          <Asset>
                          <Asset>
                          <Asset>
                          <Asset>
                          <Asset tag="style" attrs={{id:"twilig...", ...}} nonce={undefined}>
                            <style
+                             id="twilight-loading"
-                             id={null}
                              nonce={undefined}
                              dangerouslySetInnerHTML={{
+                               __html: ".loading-overlay{position:fixed;inset:0;display:flex;align-items:center;justi..."
-                               __html: "salla-mini-checkout-modal,salla-mini-checkout-widget{visibility:hidden}.hydra..."
                              }}
-                             data-styles=""
                            >
                          ...
                      ...
                        <NavigationProvider navigate={function}>
                          <LinkProvider adapter={{...}}>
                            <WidgetHead>
                            <AppsSnippets>
                              <script
+                               src="https://cdn.portal.files.salla.network/snippets/prod/691365818/634884746.js"
-                               src={null}
+                               defer={true}
-                               defer={null}
+                               data-scope-id="1496036480"
-                               data-scope-id={null}
+                               data-snippet-id="13609"
-                               data-snippet-id={null}
-                               type="application/ld+json"
                              >
-                               {"{\"@context\":\"https://schema.org\",\"@graph\":[{\"@type\":\"Organization\",\"@id..."}
                            ...

    at throwOnHydrationMismatch (http://localhost:5190/node_modules/.vite/deps/react-dom_client.js?v=c58539c0:2968:51)
    at popHydrationState (http://localhost:5190/node_modules/.vite/deps/react-dom_client.js?v=c58539c0:3051:5)
    at completeWork (http://localhost:5190/node_modules/.vite/deps/react-dom_client.js?v=c58539c0:6332:11)
    at runWithFiberInDEV (http://localhost:5190/node_modules/.vite/deps/react-dom_client.js?v=c58539c0:851:66)
    at completeUnitOfWork (http://localhost:5190/node_modules/.vite/deps/react-dom_client.js?v=c58539c0:8492:15)
    at performUnitOfWork (http://localhost:5190/node_modules/.vite/deps/react-dom_client.js?v=c58539c0:8431:23)
    at workLoopConcurrentByScheduler (http://localhost:5190/node_modules/.vite/deps/react-dom_client.js?v=c58539c0:8425:55)
    at renderRootConcurrent (http://localhost:5190/node_modules/.vite/deps/react-dom_client.js?v=c58539c0:8408:64)
    at performWorkOnRoot (http://localhost:5190/node_modules/.vite/deps/react-dom_client.js?v=c58539c0:7957:145)
    at performWorkOnRootViaSchedulerTask (http://localhost:5190/node_modules/.vite/deps/react-dom_client.js?v=c58539c0:9059:4)
[  428359ms] [LOG] allowed_pages: [thank-you] @ :10
[  428360ms] [LOG] title: شاهدتها مؤخرا @ :11
[  428360ms] [LOG] limit: 32 @ :12
[  432808ms] [WARNING] The resource https://cdn.assets.salla.network/themes/customization/1888890798/1298199463/499745075.js?v=17898351681 was preloaded using link preload but not used within a few seconds from the window's load event. Please make sure it has an appropriate `as` value and it is preloaded intentionally. @ http://localhost:5190/optimal-x/ar/p1996831868:0
[  453126ms] [WARNING] The resource https://cdn.assets.salla.network/themes/customization/1888890798/1298199463/499745075.js?v=17898351681 was preloaded using link preload but not used within a few seconds from the window's load event. Please make sure it has an appropriate `as` value and it is preloaded intentionally. @ http://localhost:5190/optimal-x/ar/p1996831868:0
[  469868ms] [WARNING] The resource https://cdn.assets.salla.network/themes/customization/1888890798/1298199463/499745075.js?v=17898351681 was preloaded using link preload but not used within a few seconds from the window's load event. Please make sure it has an appropriate `as` value and it is preloaded intentionally. @ http://localhost:5190/optimal-x/ar/p1996831868:0
[  478838ms] [WARNING] The resource https://cdn.assets.salla.network/themes/customization/1888890798/1298199463/499745075.js?v=17898351681 was preloaded using link preload but not used within a few seconds from the window's load event. Please make sure it has an appropriate `as` value and it is preloaded intentionally. @ http://localhost:5190/optimal-x/ar/p1996831868:0
[  488093ms] [WARNING] The resource https://cdn.assets.salla.network/themes/customization/1888890798/1298199463/499745075.js?v=17898351681 was preloaded using link preload but not used within a few seconds from the window's load event. Please make sure it has an appropriate `as` value and it is preloaded intentionally. @ http://localhost:5190/optimal-x/ar/p1996831868:0
[  503040ms] [INFO] %cDownload the React DevTools for a better development experience: https://react.dev/link/react-devtools font-weight:bold @ http://localhost:5190/node_modules/.vite/deps/react-dom_client.js?v=c58539c0:14335
[  503180ms] [WARNING] [Twilight] Could not hydrate twilight context: no root match in router state @ http://localhost:5190/@vite/client:532
[  503732ms] Error: Hydration failed because the server rendered HTML didn't match the client. As a result this tree will be regenerated on the client. This can happen if a SSR-ed Client Component used:

- A server/client branch `if (typeof window !== 'undefined')`.
- Variable input such as `Date.now()` or `Math.random()` which changes each time it's called.
- Date formatting in a user's locale which doesn't match the server.
- External changing data without sending a snapshot of it along with the HTML.
- Invalid HTML tag nesting.

It can also happen if the client has a browser extension installed which messes with the HTML before React loaded.

https://react.dev/link/hydration-mismatch

  ...
    <QueryClientProvider client={{}}>
      <Matches>
        <Transitioner>
        <SafeFragment fallback={<Context>}>
          <MatchesInner>
            <CatchBoundary getResetKey={function getResetKey} onCatch={function}>
              <MatchImpl routeId="__root__">
                <MatchView router={{...}} match={{id:"__root__/", ...}}>
                  <RootComponent>
                    <html lang="ar" dir="rtl" suppressHydrationWarning={true}>
                      <head>
                        <meta>
                        <meta>
                        <meta>
                        <HeadContent>
                          <Asset>
                          <Asset>
                          <Asset>
                          <Asset>
                          <Asset>
                          <Asset>
                          <Asset>
                          <Asset>
                          <Asset>
                          <Asset>
                          <Asset>
                          <Asset>
                          <Asset>
                          <Asset>
                          <Asset>
                          <Asset>
                          <Asset>
                          <Asset>
                          <Asset>
                          <Asset>
                          <Asset>
                          <Asset>
                          <Asset>
                          <Asset>
                          <Asset>
                          <Asset>
                          <Asset>
                          <Asset>
                          <Asset>
                          <Asset>
                          <Asset>
                          <Asset>
                          <Asset>
                          <Asset>
                          <Asset tag="style" attrs={{id:"twilig...", ...}} nonce={undefined}>
                            <style
+                             id="twilight-loading"
-                             id={null}
                              nonce={undefined}
                              dangerouslySetInnerHTML={{
+                               __html: ".loading-overlay{position:fixed;inset:0;display:flex;align-items:center;justi..."
-                               __html: "salla-mini-checkout-modal,salla-mini-checkout-widget{visibility:hidden}.hydra..."
                              }}
-                             data-styles=""
                            >
                          ...
                      ...
                        <NavigationProvider navigate={function}>
                          <LinkProvider adapter={{...}}>
                            <WidgetHead>
                            <AppsSnippets>
                              <script
+                               src="https://cdn.portal.files.salla.network/snippets/prod/691365818/634884746.js"
-                               src={null}
+                               defer={true}
-                               defer={null}
+                               data-scope-id="1496036480"
-                               data-scope-id={null}
+                               data-snippet-id="13609"
-                               data-snippet-id={null}
-                               type="application/ld+json"
                              >
-                               {"{\"@context\":\"https://schema.org\",\"@graph\":[{\"@type\":\"Organization\",\"@id..."}
                            ...

    at throwOnHydrationMismatch (http://localhost:5190/node_modules/.vite/deps/react-dom_client.js?v=c58539c0:2968:51)
    at popHydrationState (http://localhost:5190/node_modules/.vite/deps/react-dom_client.js?v=c58539c0:3051:5)
    at completeWork (http://localhost:5190/node_modules/.vite/deps/react-dom_client.js?v=c58539c0:6332:11)
    at runWithFiberInDEV (http://localhost:5190/node_modules/.vite/deps/react-dom_client.js?v=c58539c0:851:66)
    at completeUnitOfWork (http://localhost:5190/node_modules/.vite/deps/react-dom_client.js?v=c58539c0:8492:15)
    at performUnitOfWork (http://localhost:5190/node_modules/.vite/deps/react-dom_client.js?v=c58539c0:8431:23)
    at workLoopConcurrentByScheduler (http://localhost:5190/node_modules/.vite/deps/react-dom_client.js?v=c58539c0:8425:55)
    at renderRootConcurrent (http://localhost:5190/node_modules/.vite/deps/react-dom_client.js?v=c58539c0:8408:64)
    at performWorkOnRoot (http://localhost:5190/node_modules/.vite/deps/react-dom_client.js?v=c58539c0:7957:145)
    at performWorkOnRootViaSchedulerTask (http://localhost:5190/node_modules/.vite/deps/react-dom_client.js?v=c58539c0:9059:4)
[  503946ms] [LOG] allowed_pages: [thank-you] @ :10
[  503948ms] [LOG] title: شاهدتها مؤخرا @ :11
[  503948ms] [LOG] limit: 32 @ :12
[  505315ms] [ERROR] Failed to load resource: the server responded with a status of 403 () @ https://api.salla.dev/store/v1/blog:0
[  509122ms] [WARNING] The resource https://cdn.assets.salla.network/themes/customization/1888890798/1298199463/499745075.js?v=17898351681 was preloaded using link preload but not used within a few seconds from the window's load event. Please make sure it has an appropriate `as` value and it is preloaded intentionally. @ http://localhost:5190/optimal-x/kitchen-sink:0
[  512587ms] [WARNING] The resource https://cdn.assets.salla.network/themes/customization/1888890798/1298199463/499745075.js?v=17898351681 was preloaded using link preload but not used within a few seconds from the window's load event. Please make sure it has an appropriate `as` value and it is preloaded intentionally. @ http://localhost:5190/optimal-x/kitchen-sink:0
[  555931ms] [WARNING] The resource https://cdn.assets.salla.network/themes/customization/1888890798/1298199463/499745075.js?v=17898351681 was preloaded using link preload but not used within a few seconds from the window's load event. Please make sure it has an appropriate `as` value and it is preloaded intentionally. @ http://localhost:5190/optimal-x/kitchen-sink:0
[  564353ms] [INFO] %cDownload the React DevTools for a better development experience: https://react.dev/link/react-devtools font-weight:bold @ http://localhost:5190/node_modules/.vite/deps/react-dom_client.js?v=c58539c0:14335
[  564443ms] [WARNING] [Twilight] Could not hydrate twilight context: no root match in router state @ http://localhost:5190/@vite/client:532
[  564686ms] Error: Hydration failed because the server rendered HTML didn't match the client. As a result this tree will be regenerated on the client. This can happen if a SSR-ed Client Component used:

- A server/client branch `if (typeof window !== 'undefined')`.
- Variable input such as `Date.now()` or `Math.random()` which changes each time it's called.
- Date formatting in a user's locale which doesn't match the server.
- External changing data without sending a snapshot of it along with the HTML.
- Invalid HTML tag nesting.

It can also happen if the client has a browser extension installed which messes with the HTML before React loaded.

https://react.dev/link/hydration-mismatch

  ...
    <QueryClientProvider client={{}}>
      <Matches>
        <Transitioner>
        <SafeFragment fallback={<Context>}>
          <MatchesInner>
            <CatchBoundary getResetKey={function getResetKey} onCatch={function}>
              <MatchImpl routeId="__root__">
                <MatchView router={{...}} match={{id:"__root__/", ...}}>
                  <RootComponent>
                    <html lang="ar" dir="rtl" suppressHydrationWarning={true}>
                      <head>
                        <meta>
                        <meta>
                        <meta>
                        <HeadContent>
                          <Asset>
                          <Asset>
                          <Asset>
                          <Asset>
                          <Asset>
                          <Asset>
                          <Asset>
                          <Asset>
                          <Asset>
                          <Asset>
                          <Asset>
                          <Asset>
                          <Asset>
                          <Asset>
                          <Asset>
                          <Asset>
                          <Asset>
                          <Asset>
                          <Asset>
                          <Asset>
                          <Asset>
                          <Asset>
                          <Asset>
                          <Asset>
                          <Asset>
                          <Asset>
                          <Asset>
                          <Asset>
                          <Asset>
                          <Asset>
                          <Asset>
                          <Asset>
                          <Asset>
                          <Asset>
                          <Asset>
                          <Asset tag="style" attrs={{id:"twilig...", ...}} nonce={undefined}>
                            <style
+                             id="twilight-loading"
-                             id={null}
                              nonce={undefined}
                              dangerouslySetInnerHTML={{
+                               __html: ".loading-overlay{position:fixed;inset:0;display:flex;align-items:center;justi..."
-                               __html: "salla-mini-checkout-modal,salla-mini-checkout-widget{visibility:hidden}.hydra..."
                              }}
-                             data-styles=""
                            >
                          ...
                      ...
                        <NavigationProvider navigate={function}>
                          <LinkProvider adapter={{...}}>
                            <WidgetHead>
                            <AppsSnippets>
                              <script
+                               src="https://cdn.portal.files.salla.network/snippets/prod/691365818/634884746.js"
-                               src={null}
+                               defer={true}
-                               defer={null}
+                               data-scope-id="1496036480"
-                               data-scope-id={null}
+                               data-snippet-id="13609"
-                               data-snippet-id={null}
-                               type="application/ld+json"
                              >
-                               {"{\"@context\":\"https://schema.org\",\"@graph\":[{\"@type\":\"Organization\",\"@id..."}
                            ...

    at throwOnHydrationMismatch (http://localhost:5190/node_modules/.vite/deps/react-dom_client.js?v=c58539c0:2968:51)
    at popHydrationState (http://localhost:5190/node_modules/.vite/deps/react-dom_client.js?v=c58539c0:3051:5)
    at completeWork (http://localhost:5190/node_modules/.vite/deps/react-dom_client.js?v=c58539c0:6332:11)
    at runWithFiberInDEV (http://localhost:5190/node_modules/.vite/deps/react-dom_client.js?v=c58539c0:851:66)
    at completeUnitOfWork (http://localhost:5190/node_modules/.vite/deps/react-dom_client.js?v=c58539c0:8492:15)
    at performUnitOfWork (http://localhost:5190/node_modules/.vite/deps/react-dom_client.js?v=c58539c0:8431:23)
    at workLoopConcurrentByScheduler (http://localhost:5190/node_modules/.vite/deps/react-dom_client.js?v=c58539c0:8425:55)
    at renderRootConcurrent (http://localhost:5190/node_modules/.vite/deps/react-dom_client.js?v=c58539c0:8408:64)
    at performWorkOnRoot (http://localhost:5190/node_modules/.vite/deps/react-dom_client.js?v=c58539c0:7957:145)
    at performWorkOnRootViaSchedulerTask (http://localhost:5190/node_modules/.vite/deps/react-dom_client.js?v=c58539c0:9059:4)
[  564788ms] [LOG] allowed_pages: [thank-you] @ :10
[  564788ms] [LOG] title: شاهدتها مؤخرا @ :11
[  564788ms] [LOG] limit: 32 @ :12
[  569962ms] [WARNING] The resource https://cdn.assets.salla.network/themes/customization/1888890798/1298199463/499745075.js?v=17898351681 was preloaded using link preload but not used within a few seconds from the window's load event. Please make sure it has an appropriate `as` value and it is preloaded intentionally. @ http://localhost:5190/optimal-x/ar/p1996831868:0
[  573492ms] [WARNING] The resource https://cdn.assets.salla.network/themes/customization/1888890798/1298199463/499745075.js?v=17898351681 was preloaded using link preload but not used within a few seconds from the window's load event. Please make sure it has an appropriate `as` value and it is preloaded intentionally. @ http://localhost:5190/optimal-x/ar/p1996831868:0
[  577044ms] [WARNING] The resource https://cdn.assets.salla.network/themes/customization/1888890798/1298199463/499745075.js?v=17898351681 was preloaded using link preload but not used within a few seconds from the window's load event. Please make sure it has an appropriate `as` value and it is preloaded intentionally. @ http://localhost:5190/optimal-x/ar/p1996831868:0
[  588199ms] [WARNING] The resource https://cdn.assets.salla.network/themes/customization/1888890798/1298199463/499745075.js?v=17898351681 was preloaded using link preload but not used within a few seconds from the window's load event. Please make sure it has an appropriate `as` value and it is preloaded intentionally. @ http://localhost:5190/optimal-x/ar/p1996831868:0
[  591674ms] [WARNING] The resource https://cdn.assets.salla.network/themes/customization/1888890798/1298199463/499745075.js?v=17898351681 was preloaded using link preload but not used within a few seconds from the window's load event. Please make sure it has an appropriate `as` value and it is preloaded intentionally. @ http://localhost:5190/optimal-x/ar/p1996831868:0
[  610196ms] [INFO] %cDownload the React DevTools for a better development experience: https://react.dev/link/react-devtools font-weight:bold @ http://localhost:5190/node_modules/.vite/deps/react-dom_client.js?v=c58539c0:14335
[  610281ms] [WARNING] [Twilight] Could not hydrate twilight context: no root match in router state @ http://localhost:5190/@vite/client:532
[  610505ms] Error: Hydration failed because the server rendered HTML didn't match the client. As a result this tree will be regenerated on the client. This can happen if a SSR-ed Client Component used:

- A server/client branch `if (typeof window !== 'undefined')`.
- Variable input such as `Date.now()` or `Math.random()` which changes each time it's called.
- Date formatting in a user's locale which doesn't match the server.
- External changing data without sending a snapshot of it along with the HTML.
- Invalid HTML tag nesting.

It can also happen if the client has a browser extension installed which messes with the HTML before React loaded.

https://react.dev/link/hydration-mismatch

  ...
    <QueryClientProvider client={{}}>
      <Matches>
        <Transitioner>
        <SafeFragment fallback={<Context>}>
          <MatchesInner>
            <CatchBoundary getResetKey={function getResetKey} onCatch={function}>
              <MatchImpl routeId="__root__">
                <MatchView router={{...}} match={{id:"__root__/", ...}}>
                  <RootComponent>
                    <html lang="ar" dir="rtl" suppressHydrationWarning={true}>
                      <head>
                        <meta>
                        <meta>
                        <meta>
                        <HeadContent>
                          <Asset>
                          <Asset>
                          <Asset>
                          <Asset>
                          <Asset>
                          <Asset>
                          <Asset>
                          <Asset>
                          <Asset>
                          <Asset>
                          <Asset>
                          <Asset>
                          <Asset>
                          <Asset>
                          <Asset>
                          <Asset>
                          <Asset>
                          <Asset>
                          <Asset>
                          <Asset>
                          <Asset>
                          <Asset>
                          <Asset>
                          <Asset>
                          <Asset>
                          <Asset>
                          <Asset>
                          <Asset>
                          <Asset>
                          <Asset>
                          <Asset>
                          <Asset>
                          <Asset>
                          <Asset>
                          <Asset>
                          <Asset tag="style" attrs={{id:"twilig...", ...}} nonce={undefined}>
                            <style
+                             id="twilight-loading"
-                             id={null}
                              nonce={undefined}
                              dangerouslySetInnerHTML={{
+                               __html: ".loading-overlay{position:fixed;inset:0;display:flex;align-items:center;justi..."
-                               __html: "salla-mini-checkout-modal,salla-mini-checkout-widget{visibility:hidden}.hydra..."
                              }}
-                             data-styles=""
                            >
                          ...
                      ...
                        <NavigationProvider navigate={function}>
                          <LinkProvider adapter={{...}}>
                            <WidgetHead>
                            <AppsSnippets>
                              <script
+                               src="https://cdn.portal.files.salla.network/snippets/prod/691365818/634884746.js"
-                               src={null}
+                               defer={true}
-                               defer={null}
+                               data-scope-id="1496036480"
-                               data-scope-id={null}
+                               data-snippet-id="13609"
-                               data-snippet-id={null}
-                               type="application/ld+json"
                              >
-                               {"{\"@context\":\"https://schema.org\",\"@graph\":[{\"@type\":\"Organization\",\"@id..."}
                            ...

    at throwOnHydrationMismatch (http://localhost:5190/node_modules/.vite/deps/react-dom_client.js?v=c58539c0:2968:51)
    at popHydrationState (http://localhost:5190/node_modules/.vite/deps/react-dom_client.js?v=c58539c0:3051:5)
    at completeWork (http://localhost:5190/node_modules/.vite/deps/react-dom_client.js?v=c58539c0:6332:11)
    at runWithFiberInDEV (http://localhost:5190/node_modules/.vite/deps/react-dom_client.js?v=c58539c0:851:66)
    at completeUnitOfWork (http://localhost:5190/node_modules/.vite/deps/react-dom_client.js?v=c58539c0:8492:15)
    at performUnitOfWork (http://localhost:5190/node_modules/.vite/deps/react-dom_client.js?v=c58539c0:8431:23)
    at workLoopConcurrentByScheduler (http://localhost:5190/node_modules/.vite/deps/react-dom_client.js?v=c58539c0:8425:55)
    at renderRootConcurrent (http://localhost:5190/node_modules/.vite/deps/react-dom_client.js?v=c58539c0:8408:64)
    at performWorkOnRoot (http://localhost:5190/node_modules/.vite/deps/react-dom_client.js?v=c58539c0:7957:145)
    at performWorkOnRootViaSchedulerTask (http://localhost:5190/node_modules/.vite/deps/react-dom_client.js?v=c58539c0:9059:4)
[  610597ms] [LOG] allowed_pages: [thank-you] @ :10
[  610598ms] [LOG] title: شاهدتها مؤخرا @ :11
[  610598ms] [LOG] limit: 32 @ :12
[  614850ms] [WARNING] The resource https://cdn.assets.salla.network/themes/customization/1888890798/1298199463/499745075.js?v=17898351681 was preloaded using link preload but not used within a few seconds from the window's load event. Please make sure it has an appropriate `as` value and it is preloaded intentionally. @ http://localhost:5190/optimal-x/ar/p1996831868:0
[  614850ms] [WARNING] The resource https://cdn.salla.sa/cdn-cgi/image/fit=scale-down,onerror=redirect,format=auto,width=400/dPrxBd/274871ce-8e46-49f5-94fe-e6afb7bf9787-1000x706.44391408115-XwUlLMYWcZD4GN6lM2RR3L36Hj1vkrKOlaUDnioV.webp was preloaded using link preload but not used within a few seconds from the window's load event. Please make sure it has an appropriate `as` value and it is preloaded intentionally. @ http://localhost:5190/optimal-x/ar/p1996831868:0
[  633069ms] [WARNING] The resource https://cdn.assets.salla.network/themes/customization/1888890798/1298199463/499745075.js?v=17898351681 was preloaded using link preload but not used within a few seconds from the window's load event. Please make sure it has an appropriate `as` value and it is preloaded intentionally. @ http://localhost:5190/optimal-x/ar/p1996831868:0
[  633069ms] [WARNING] The resource https://cdn.salla.sa/cdn-cgi/image/fit=scale-down,onerror=redirect,format=auto,width=400/dPrxBd/274871ce-8e46-49f5-94fe-e6afb7bf9787-1000x706.44391408115-XwUlLMYWcZD4GN6lM2RR3L36Hj1vkrKOlaUDnioV.webp was preloaded using link preload but not used within a few seconds from the window's load event. Please make sure it has an appropriate `as` value and it is preloaded intentionally. @ http://localhost:5190/optimal-x/ar/p1996831868:0
[  653477ms] [WARNING] The resource https://cdn.assets.salla.network/themes/customization/1888890798/1298199463/499745075.js?v=17898351681 was preloaded using link preload but not used within a few seconds from the window's load event. Please make sure it has an appropriate `as` value and it is preloaded intentionally. @ http://localhost:5190/optimal-x/ar/p1996831868:0
[  653477ms] [WARNING] The resource https://cdn.salla.sa/cdn-cgi/image/fit=scale-down,onerror=redirect,format=auto,width=400/dPrxBd/274871ce-8e46-49f5-94fe-e6afb7bf9787-1000x706.44391408115-XwUlLMYWcZD4GN6lM2RR3L36Hj1vkrKOlaUDnioV.webp was preloaded using link preload but not used within a few seconds from the window's load event. Please make sure it has an appropriate `as` value and it is preloaded intentionally. @ http://localhost:5190/optimal-x/ar/p1996831868:0
[  689905ms] [WARNING] The resource https://cdn.assets.salla.network/themes/customization/1888890798/1298199463/499745075.js?v=17898351681 was preloaded using link preload but not used within a few seconds from the window's load event. Please make sure it has an appropriate `as` value and it is preloaded intentionally. @ http://localhost:5190/optimal-x/ar/p1996831868:0
[  689905ms] [WARNING] The resource https://cdn.salla.sa/cdn-cgi/image/fit=scale-down,onerror=redirect,format=auto,width=400/dPrxBd/274871ce-8e46-49f5-94fe-e6afb7bf9787-1000x706.44391408115-XwUlLMYWcZD4GN6lM2RR3L36Hj1vkrKOlaUDnioV.webp was preloaded using link preload but not used within a few seconds from the window's load event. Please make sure it has an appropriate `as` value and it is preloaded intentionally. @ http://localhost:5190/optimal-x/ar/p1996831868:0
[  879247ms] [INFO] %cDownload the React DevTools for a better development experience: https://react.dev/link/react-devtools font-weight:bold @ http://localhost:5190/node_modules/.vite/deps/react-dom_client.js?v=c58539c0:14335
[  879484ms] [WARNING] [Twilight] Could not hydrate twilight context: no root match in router state @ http://localhost:5190/@vite/client:532
[  879821ms] Error: Hydration failed because the server rendered HTML didn't match the client. As a result this tree will be regenerated on the client. This can happen if a SSR-ed Client Component used:

- A server/client branch `if (typeof window !== 'undefined')`.
- Variable input such as `Date.now()` or `Math.random()` which changes each time it's called.
- Date formatting in a user's locale which doesn't match the server.
- External changing data without sending a snapshot of it along with the HTML.
- Invalid HTML tag nesting.

It can also happen if the client has a browser extension installed which messes with the HTML before React loaded.

https://react.dev/link/hydration-mismatch

  ...
    <QueryClientProvider client={{}}>
      <Matches>
        <Transitioner>
        <SafeFragment fallback={<Context>}>
          <MatchesInner>
            <CatchBoundary getResetKey={function getResetKey} onCatch={function}>
              <MatchImpl routeId="__root__">
                <MatchView router={{...}} match={{id:"__root__/", ...}}>
                  <RootComponent>
                    <html lang="ar" dir="rtl" suppressHydrationWarning={true}>
                      <head>
                        <meta>
                        <meta>
                        <meta>
                        <HeadContent>
                          <Asset>
                          <Asset>
                          <Asset>
                          <Asset>
                          <Asset>
                          <Asset>
                          <Asset>
                          <Asset>
                          <Asset>
                          <Asset>
                          <Asset>
                          <Asset>
                          <Asset>
                          <Asset>
                          <Asset>
                          <Asset>
                          <Asset>
                          <Asset>
                          <Asset>
                          <Asset>
                          <Asset>
                          <Asset>
                          <Asset>
                          <Asset>
                          <Asset>
                          <Asset>
                          <Asset>
                          <Asset>
                          <Asset>
                          <Asset>
                          <Asset>
                          <Asset>
                          <Asset>
                          <Asset>
                          <Asset>
                          <Asset tag="style" attrs={{id:"twilig...", ...}} nonce={undefined}>
                            <style
+                             id="twilight-loading"
-                             id={null}
                              nonce={undefined}
                              dangerouslySetInnerHTML={{
+                               __html: ".loading-overlay{position:fixed;inset:0;display:flex;align-items:center;justi..."
-                               __html: "salla-mini-checkout-modal,salla-mini-checkout-widget{visibility:hidden}.hydra..."
                              }}
-                             data-styles=""
                            >
                          ...
                      ...
                        <NavigationProvider navigate={function}>
                          <LinkProvider adapter={{...}}>
                            <WidgetHead>
                            <AppsSnippets>
                              <script
+                               src="https://cdn.portal.files.salla.network/snippets/prod/691365818/634884746.js"
-                               src={null}
+                               defer={true}
-                               defer={null}
+                               data-scope-id="1496036480"
-                               data-scope-id={null}
+                               data-snippet-id="13609"
-                               data-snippet-id={null}
-                               type="application/ld+json"
                              >
-                               {"{\"@context\":\"https://schema.org\",\"@graph\":[{\"@type\":\"Organization\",\"@id..."}
                            ...

    at throwOnHydrationMismatch (http://localhost:5190/node_modules/.vite/deps/react-dom_client.js?v=c58539c0:2968:51)
    at popHydrationState (http://localhost:5190/node_modules/.vite/deps/react-dom_client.js?v=c58539c0:3051:5)
    at completeWork (http://localhost:5190/node_modules/.vite/deps/react-dom_client.js?v=c58539c0:6332:11)
    at runWithFiberInDEV (http://localhost:5190/node_modules/.vite/deps/react-dom_client.js?v=c58539c0:851:66)
    at completeUnitOfWork (http://localhost:5190/node_modules/.vite/deps/react-dom_client.js?v=c58539c0:8492:15)
    at performUnitOfWork (http://localhost:5190/node_modules/.vite/deps/react-dom_client.js?v=c58539c0:8431:23)
    at workLoopConcurrentByScheduler (http://localhost:5190/node_modules/.vite/deps/react-dom_client.js?v=c58539c0:8425:55)
    at renderRootConcurrent (http://localhost:5190/node_modules/.vite/deps/react-dom_client.js?v=c58539c0:8408:64)
    at performWorkOnRoot (http://localhost:5190/node_modules/.vite/deps/react-dom_client.js?v=c58539c0:7957:145)
    at performWorkOnRootViaSchedulerTask (http://localhost:5190/node_modules/.vite/deps/react-dom_client.js?v=c58539c0:9059:4)
[  879958ms] [LOG] allowed_pages: [thank-you] @ :10
[  879958ms] [LOG] title: شاهدتها مؤخرا @ :11
[  879959ms] [LOG] limit: 32 @ :12
[  884556ms] [WARNING] The resource https://cdn.assets.salla.network/themes/customization/1888890798/1298199463/499745075.js?v=17898351681 was preloaded using link preload but not used within a few seconds from the window's load event. Please make sure it has an appropriate `as` value and it is preloaded intentionally. @ http://localhost:5190/optimal-x/en/p1996831868:0
[  923484ms] [INFO] %cDownload the React DevTools for a better development experience: https://react.dev/link/react-devtools font-weight:bold @ http://localhost:5190/node_modules/.vite/deps/react-dom_client.js?v=c58539c0:14335
[  923580ms] [WARNING] [Twilight] Could not hydrate twilight context: no root match in router state @ http://localhost:5190/@vite/client:532
[  923848ms] Error: Hydration failed because the server rendered HTML didn't match the client. As a result this tree will be regenerated on the client. This can happen if a SSR-ed Client Component used:

- A server/client branch `if (typeof window !== 'undefined')`.
- Variable input such as `Date.now()` or `Math.random()` which changes each time it's called.
- Date formatting in a user's locale which doesn't match the server.
- External changing data without sending a snapshot of it along with the HTML.
- Invalid HTML tag nesting.

It can also happen if the client has a browser extension installed which messes with the HTML before React loaded.

https://react.dev/link/hydration-mismatch

  ...
    <QueryClientProvider client={{}}>
      <Matches>
        <Transitioner>
        <SafeFragment fallback={<Context>}>
          <MatchesInner>
            <CatchBoundary getResetKey={function getResetKey} onCatch={function}>
              <MatchImpl routeId="__root__">
                <MatchView router={{...}} match={{id:"__root__/", ...}}>
                  <RootComponent>
                    <html lang="ar" dir="rtl" suppressHydrationWarning={true}>
                      <head>
                        <meta>
                        <meta>
                        <meta>
                        <HeadContent>
                          <Asset>
                          <Asset>
                          <Asset>
                          <Asset>
                          <Asset>
                          <Asset>
                          <Asset>
                          <Asset>
                          <Asset>
                          <Asset>
                          <Asset>
                          <Asset>
                          <Asset>
                          <Asset>
                          <Asset>
                          <Asset>
                          <Asset>
                          <Asset>
                          <Asset>
                          <Asset>
                          <Asset>
                          <Asset>
                          <Asset>
                          <Asset>
                          <Asset>
                          <Asset>
                          <Asset>
                          <Asset>
                          <Asset>
                          <Asset>
                          <Asset>
                          <Asset>
                          <Asset>
                          <Asset>
                          <Asset>
                          <Asset tag="style" attrs={{id:"twilig...", ...}} nonce={undefined}>
                            <style
+                             id="twilight-loading"
-                             id={null}
                              nonce={undefined}
                              dangerouslySetInnerHTML={{
+                               __html: ".loading-overlay{position:fixed;inset:0;display:flex;align-items:center;justi..."
-                               __html: "salla-mini-checkout-modal,salla-mini-checkout-widget{visibility:hidden}.hydra..."
                              }}
-                             data-styles=""
                            >
                          ...
                      ...
                        <NavigationProvider navigate={function}>
                          <LinkProvider adapter={{...}}>
                            <WidgetHead>
                            <AppsSnippets>
                              <script
+                               src="https://cdn.portal.files.salla.network/snippets/prod/691365818/634884746.js"
-                               src={null}
+                               defer={true}
-                               defer={null}
+                               data-scope-id="1496036480"
-                               data-scope-id={null}
+                               data-snippet-id="13609"
-                               data-snippet-id={null}
-                               type="application/ld+json"
                              >
-                               {"{\"@context\":\"https://schema.org\",\"@graph\":[{\"@type\":\"Organization\",\"@id..."}
                            ...

    at throwOnHydrationMismatch (http://localhost:5190/node_modules/.vite/deps/react-dom_client.js?v=c58539c0:2968:51)
    at popHydrationState (http://localhost:5190/node_modules/.vite/deps/react-dom_client.js?v=c58539c0:3051:5)
    at completeWork (http://localhost:5190/node_modules/.vite/deps/react-dom_client.js?v=c58539c0:6332:11)
    at runWithFiberInDEV (http://localhost:5190/node_modules/.vite/deps/react-dom_client.js?v=c58539c0:851:66)
    at completeUnitOfWork (http://localhost:5190/node_modules/.vite/deps/react-dom_client.js?v=c58539c0:8492:15)
    at performUnitOfWork (http://localhost:5190/node_modules/.vite/deps/react-dom_client.js?v=c58539c0:8431:23)
    at workLoopConcurrentByScheduler (http://localhost:5190/node_modules/.vite/deps/react-dom_client.js?v=c58539c0:8425:55)
    at renderRootConcurrent (http://localhost:5190/node_modules/.vite/deps/react-dom_client.js?v=c58539c0:8408:64)
    at performWorkOnRoot (http://localhost:5190/node_modules/.vite/deps/react-dom_client.js?v=c58539c0:7957:145)
    at performWorkOnRootViaSchedulerTask (http://localhost:5190/node_modules/.vite/deps/react-dom_client.js?v=c58539c0:9059:4)
[  923980ms] [LOG] allowed_pages: [thank-you] @ :10
[  923981ms] [LOG] title: شاهدتها مؤخرا @ :11
[  923981ms] [LOG] limit: 32 @ :12
[  928207ms] [WARNING] The resource https://cdn.assets.salla.network/themes/customization/1888890798/1298199463/499745075.js?v=17898351681 was preloaded using link preload but not used within a few seconds from the window's load event. Please make sure it has an appropriate `as` value and it is preloaded intentionally. @ http://localhost:5190/optimal-x/ar/p1996831868:0
[  937582ms] [WARNING] The resource https://cdn.assets.salla.network/themes/customization/1888890798/1298199463/499745075.js?v=17898351681 was preloaded using link preload but not used within a few seconds from the window's load event. Please make sure it has an appropriate `as` value and it is preloaded intentionally. @ http://localhost:5190/optimal-x/ar/p1996831868:0
[  941207ms] [WARNING] The resource https://cdn.assets.salla.network/themes/customization/1888890798/1298199463/499745075.js?v=17898351681 was preloaded using link preload but not used within a few seconds from the window's load event. Please make sure it has an appropriate `as` value and it is preloaded intentionally. @ http://localhost:5190/optimal-x/ar/p1996831868:0
[  959838ms] [WARNING] The resource https://cdn.assets.salla.network/themes/customization/1888890798/1298199463/499745075.js?v=17898351681 was preloaded using link preload but not used within a few seconds from the window's load event. Please make sure it has an appropriate `as` value and it is preloaded intentionally. @ http://localhost:5190/optimal-x/ar/p1996831868:0
[  962319ms] [INFO] %cDownload the React DevTools for a better development experience: https://react.dev/link/react-devtools font-weight:bold @ http://localhost:5190/node_modules/.vite/deps/react-dom_client.js?v=c58539c0:14335
[  962490ms] [WARNING] [Twilight] Could not hydrate twilight context: no root match in router state @ http://localhost:5190/@vite/client:532
[  962800ms] Error: Hydration failed because the server rendered HTML didn't match the client. As a result this tree will be regenerated on the client. This can happen if a SSR-ed Client Component used:

- A server/client branch `if (typeof window !== 'undefined')`.
- Variable input such as `Date.now()` or `Math.random()` which changes each time it's called.
- Date formatting in a user's locale which doesn't match the server.
- External changing data without sending a snapshot of it along with the HTML.
- Invalid HTML tag nesting.

It can also happen if the client has a browser extension installed which messes with the HTML before React loaded.

https://react.dev/link/hydration-mismatch

  ...
    <QueryClientProvider client={{}}>
      <Matches>
        <Transitioner>
        <SafeFragment fallback={<Context>}>
          <MatchesInner>
            <CatchBoundary getResetKey={function getResetKey} onCatch={function}>
              <MatchImpl routeId="__root__">
                <MatchView router={{...}} match={{id:"__root__/", ...}}>
                  <RootComponent>
                    <html lang="ar" dir="rtl" suppressHydrationWarning={true}>
                      <head>
                        <meta>
                        <meta>
                        <meta>
                        <HeadContent>
                          <Asset>
                          <Asset>
                          <Asset>
                          <Asset>
                          <Asset>
                          <Asset>
                          <Asset>
                          <Asset>
                          <Asset>
                          <Asset>
                          <Asset>
                          <Asset>
                          <Asset>
                          <Asset>
                          <Asset>
                          <Asset>
                          <Asset>
                          <Asset>
                          <Asset>
                          <Asset>
                          <Asset>
                          <Asset>
                          <Asset>
                          <Asset>
                          <Asset>
                          <Asset>
                          <Asset>
                          <Asset>
                          <Asset>
                          <Asset>
                          <Asset>
                          <Asset>
                          <Asset>
                          <Asset>
                          <Asset>
                          <Asset tag="style" attrs={{id:"twilig...", ...}} nonce={undefined}>
                            <style
+                             id="twilight-loading"
-                             id={null}
                              nonce={undefined}
                              dangerouslySetInnerHTML={{
+                               __html: ".loading-overlay{position:fixed;inset:0;display:flex;align-items:center;justi..."
-                               __html: "salla-mini-checkout-modal,salla-mini-checkout-widget{visibility:hidden}.hydra..."
                              }}
-                             data-styles=""
                            >
                          ...
                      ...
                        <NavigationProvider navigate={function}>
                          <LinkProvider adapter={{...}}>
                            <WidgetHead>
                            <AppsSnippets>
                              <script
+                               src="https://cdn.portal.files.salla.network/snippets/prod/691365818/634884746.js"
-                               src={null}
+                               defer={true}
-                               defer={null}
+                               data-scope-id="1496036480"
-                               data-scope-id={null}
+                               data-snippet-id="13609"
-                               data-snippet-id={null}
-                               type="application/ld+json"
                              >
-                               {"{\"@context\":\"https://schema.org\",\"@graph\":[{\"@type\":\"Organization\",\"@id..."}
                            ...

    at throwOnHydrationMismatch (http://localhost:5190/node_modules/.vite/deps/react-dom_client.js?v=c58539c0:2968:51)
    at popHydrationState (http://localhost:5190/node_modules/.vite/deps/react-dom_client.js?v=c58539c0:3051:5)
    at completeWork (http://localhost:5190/node_modules/.vite/deps/react-dom_client.js?v=c58539c0:6332:11)
    at runWithFiberInDEV (http://localhost:5190/node_modules/.vite/deps/react-dom_client.js?v=c58539c0:851:66)
    at completeUnitOfWork (http://localhost:5190/node_modules/.vite/deps/react-dom_client.js?v=c58539c0:8492:15)
    at performUnitOfWork (http://localhost:5190/node_modules/.vite/deps/react-dom_client.js?v=c58539c0:8431:23)
    at workLoopConcurrentByScheduler (http://localhost:5190/node_modules/.vite/deps/react-dom_client.js?v=c58539c0:8425:55)
    at renderRootConcurrent (http://localhost:5190/node_modules/.vite/deps/react-dom_client.js?v=c58539c0:8408:64)
    at performWorkOnRoot (http://localhost:5190/node_modules/.vite/deps/react-dom_client.js?v=c58539c0:7957:145)
    at performWorkOnRootViaSchedulerTask (http://localhost:5190/node_modules/.vite/deps/react-dom_client.js?v=c58539c0:9059:4)
[  962908ms] [LOG] allowed_pages: [thank-you] @ :10
[  962908ms] [LOG] title: شاهدتها مؤخرا @ :11
[  962908ms] [LOG] limit: 32 @ :12
[  966998ms] [WARNING] The resource https://cdn.assets.salla.network/themes/customization/1888890798/1298199463/499745075.js?v=17898351681 was preloaded using link preload but not used within a few seconds from the window's load event. Please make sure it has an appropriate `as` value and it is preloaded intentionally. @ http://localhost:5190/optimal-x/ar/p1996831868:0
[  966998ms] [WARNING] The resource https://cdn.salla.sa/cdn-cgi/image/fit=scale-down,onerror=redirect,format=auto,width=400/dPrxBd/274871ce-8e46-49f5-94fe-e6afb7bf9787-1000x706.44391408115-XwUlLMYWcZD4GN6lM2RR3L36Hj1vkrKOlaUDnioV.webp was preloaded using link preload but not used within a few seconds from the window's load event. Please make sure it has an appropriate `as` value and it is preloaded intentionally. @ http://localhost:5190/optimal-x/ar/p1996831868:0
[  986091ms] [WARNING] The resource https://cdn.assets.salla.network/themes/customization/1888890798/1298199463/499745075.js?v=17898351681 was preloaded using link preload but not used within a few seconds from the window's load event. Please make sure it has an appropriate `as` value and it is preloaded intentionally. @ http://localhost:5190/optimal-x/ar/p1996831868:0
[  986091ms] [WARNING] The resource https://cdn.salla.sa/cdn-cgi/image/fit=scale-down,onerror=redirect,format=auto,width=400/dPrxBd/274871ce-8e46-49f5-94fe-e6afb7bf9787-1000x706.44391408115-XwUlLMYWcZD4GN6lM2RR3L36Hj1vkrKOlaUDnioV.webp was preloaded using link preload but not used within a few seconds from the window's load event. Please make sure it has an appropriate `as` value and it is preloaded intentionally. @ http://localhost:5190/optimal-x/ar/p1996831868:0
[ 1005371ms] [WARNING] The resource https://cdn.assets.salla.network/themes/customization/1888890798/1298199463/499745075.js?v=17898351681 was preloaded using link preload but not used within a few seconds from the window's load event. Please make sure it has an appropriate `as` value and it is preloaded intentionally. @ http://localhost:5190/optimal-x/ar/p1996831868:0
[ 1005371ms] [WARNING] The resource https://cdn.salla.sa/cdn-cgi/image/fit=scale-down,onerror=redirect,format=auto,width=400/dPrxBd/274871ce-8e46-49f5-94fe-e6afb7bf9787-1000x706.44391408115-XwUlLMYWcZD4GN6lM2RR3L36Hj1vkrKOlaUDnioV.webp was preloaded using link preload but not used within a few seconds from the window's load event. Please make sure it has an appropriate `as` value and it is preloaded intentionally. @ http://localhost:5190/optimal-x/ar/p1996831868:0
[ 1014084ms] [INFO] %cDownload the React DevTools for a better development experience: https://react.dev/link/react-devtools font-weight:bold @ http://localhost:5190/node_modules/.vite/deps/react-dom_client.js?v=c58539c0:14335
[ 1014182ms] [WARNING] [Twilight] Could not hydrate twilight context: no root match in router state @ http://localhost:5190/@vite/client:532
[ 1014407ms] Error: Hydration failed because the server rendered HTML didn't match the client. As a result this tree will be regenerated on the client. This can happen if a SSR-ed Client Component used:

- A server/client branch `if (typeof window !== 'undefined')`.
- Variable input such as `Date.now()` or `Math.random()` which changes each time it's called.
- Date formatting in a user's locale which doesn't match the server.
- External changing data without sending a snapshot of it along with the HTML.
- Invalid HTML tag nesting.

It can also happen if the client has a browser extension installed which messes with the HTML before React loaded.

https://react.dev/link/hydration-mismatch

  ...
    <QueryClientProvider client={{}}>
      <Matches>
        <Transitioner>
        <SafeFragment fallback={<Context>}>
          <MatchesInner>
            <CatchBoundary getResetKey={function getResetKey} onCatch={function}>
              <MatchImpl routeId="__root__">
                <MatchView router={{...}} match={{id:"__root__/", ...}}>
                  <RootComponent>
                    <html lang="ar" dir="rtl" suppressHydrationWarning={true}>
                      <head>
                        <meta>
                        <meta>
                        <meta>
                        <HeadContent>
                          <Asset>
                          <Asset>
                          <Asset>
                          <Asset>
                          <Asset>
                          <Asset>
                          <Asset>
                          <Asset>
                          <Asset>
                          <Asset>
                          <Asset>
                          <Asset>
                          <Asset>
                          <Asset>
                          <Asset>
                          <Asset>
                          <Asset>
                          <Asset>
                          <Asset>
                          <Asset>
                          <Asset>
                          <Asset>
                          <Asset>
                          <Asset>
                          <Asset>
                          <Asset>
                          <Asset>
                          <Asset>
                          <Asset>
                          <Asset>
                          <Asset>
                          <Asset>
                          <Asset>
                          <Asset>
                          <Asset>
                          <Asset tag="style" attrs={{id:"twilig...", ...}} nonce={undefined}>
                            <style
+                             id="twilight-loading"
-                             id={null}
                              nonce={undefined}
                              dangerouslySetInnerHTML={{
+                               __html: ".loading-overlay{position:fixed;inset:0;display:flex;align-items:center;justi..."
-                               __html: "salla-mini-checkout-modal,salla-mini-checkout-widget{visibility:hidden}.hydra..."
                              }}
-                             data-styles=""
                            >
                          ...
                      ...
                        <NavigationProvider navigate={function}>
                          <LinkProvider adapter={{...}}>
                            <WidgetHead>
                            <AppsSnippets>
                              <script
+                               src="https://cdn.portal.files.salla.network/snippets/prod/691365818/634884746.js"
-                               src={null}
+                               defer={true}
-                               defer={null}
+                               data-scope-id="1496036480"
-                               data-scope-id={null}
+                               data-snippet-id="13609"
-                               data-snippet-id={null}
-                               type="application/ld+json"
                              >
-                               {"{\"@context\":\"https://schema.org\",\"@graph\":[{\"@type\":\"Organization\",\"@id..."}
                            ...

    at throwOnHydrationMismatch (http://localhost:5190/node_modules/.vite/deps/react-dom_client.js?v=c58539c0:2968:51)
    at popHydrationState (http://localhost:5190/node_modules/.vite/deps/react-dom_client.js?v=c58539c0:3051:5)
    at completeWork (http://localhost:5190/node_modules/.vite/deps/react-dom_client.js?v=c58539c0:6332:11)
    at runWithFiberInDEV (http://localhost:5190/node_modules/.vite/deps/react-dom_client.js?v=c58539c0:851:66)
    at completeUnitOfWork (http://localhost:5190/node_modules/.vite/deps/react-dom_client.js?v=c58539c0:8492:15)
    at performUnitOfWork (http://localhost:5190/node_modules/.vite/deps/react-dom_client.js?v=c58539c0:8431:23)
    at workLoopConcurrentByScheduler (http://localhost:5190/node_modules/.vite/deps/react-dom_client.js?v=c58539c0:8425:55)
    at renderRootConcurrent (http://localhost:5190/node_modules/.vite/deps/react-dom_client.js?v=c58539c0:8408:64)
    at performWorkOnRoot (http://localhost:5190/node_modules/.vite/deps/react-dom_client.js?v=c58539c0:7957:145)
    at performWorkOnRootViaSchedulerTask (http://localhost:5190/node_modules/.vite/deps/react-dom_client.js?v=c58539c0:9059:4)
[ 1014504ms] [LOG] allowed_pages: [thank-you] @ :10
[ 1014505ms] [LOG] title: شاهدتها مؤخرا @ :11
[ 1014505ms] [LOG] limit: 32 @ :12
[ 1021172ms] [WARNING] The resource https://cdn.assets.salla.network/themes/customization/1888890798/1298199463/499745075.js?v=17898351681 was preloaded using link preload but not used within a few seconds from the window's load event. Please make sure it has an appropriate `as` value and it is preloaded intentionally. @ http://localhost:5190/optimal-x/ar/p1996831868:0
[ 1051379ms] [INFO] %cDownload the React DevTools for a better development experience: https://react.dev/link/react-devtools font-weight:bold @ http://localhost:5190/node_modules/.vite/deps/react-dom_client.js?v=c58539c0:14335
[ 1051440ms] [WARNING] [Twilight] Could not hydrate twilight context: no root match in router state @ http://localhost:5190/@vite/client:532
[ 1051683ms] Error: Hydration failed because the server rendered HTML didn't match the client. As a result this tree will be regenerated on the client. This can happen if a SSR-ed Client Component used:

- A server/client branch `if (typeof window !== 'undefined')`.
- Variable input such as `Date.now()` or `Math.random()` which changes each time it's called.
- Date formatting in a user's locale which doesn't match the server.
- External changing data without sending a snapshot of it along with the HTML.
- Invalid HTML tag nesting.

It can also happen if the client has a browser extension installed which messes with the HTML before React loaded.

https://react.dev/link/hydration-mismatch

  ...
    <QueryClientProvider client={{}}>
      <Matches>
        <Transitioner>
        <SafeFragment fallback={<Context>}>
          <MatchesInner>
            <CatchBoundary getResetKey={function getResetKey} onCatch={function}>
              <MatchImpl routeId="__root__">
                <MatchView router={{...}} match={{id:"__root__/", ...}}>
                  <RootComponent>
                    <html lang="ar" dir="rtl" suppressHydrationWarning={true}>
                      <head>
                        <meta>
                        <meta>
                        <meta>
                        <HeadContent>
                          <Asset>
                          <Asset>
                          <Asset>
                          <Asset>
                          <Asset>
                          <Asset>
                          <Asset>
                          <Asset>
                          <Asset>
                          <Asset>
                          <Asset>
                          <Asset>
                          <Asset>
                          <Asset>
                          <Asset>
                          <Asset>
                          <Asset>
                          <Asset>
                          <Asset>
                          <Asset>
                          <Asset>
                          <Asset>
                          <Asset>
                          <Asset>
                          <Asset>
                          <Asset>
                          <Asset>
                          <Asset>
                          <Asset>
                          <Asset>
                          <Asset>
                          <Asset>
                          <Asset>
                          <Asset>
                          <Asset>
                          <Asset tag="style" attrs={{id:"twilig...", ...}} nonce={undefined}>
                            <style
+                             id="twilight-loading"
-                             id={null}
                              nonce={undefined}
                              dangerouslySetInnerHTML={{
+                               __html: ".loading-overlay{position:fixed;inset:0;display:flex;align-items:center;justi..."
-                               __html: "salla-mini-checkout-modal,salla-mini-checkout-widget{visibility:hidden}.hydra..."
                              }}
-                             data-styles=""
                            >
                          ...
                      ...
                        <NavigationProvider navigate={function}>
                          <LinkProvider adapter={{...}}>
                            <WidgetHead>
                            <AppsSnippets>
                              <script
+                               src="https://cdn.portal.files.salla.network/snippets/prod/691365818/634884746.js"
-                               src={null}
+                               defer={true}
-                               defer={null}
+                               data-scope-id="1496036480"
-                               data-scope-id={null}
+                               data-snippet-id="13609"
-                               data-snippet-id={null}
-                               type="application/ld+json"
                              >
-                               {"{\"@context\":\"https://schema.org\",\"@graph\":[{\"@type\":\"Organization\",\"@id..."}
                            ...

    at throwOnHydrationMismatch (http://localhost:5190/node_modules/.vite/deps/react-dom_client.js?v=c58539c0:2968:51)
    at popHydrationState (http://localhost:5190/node_modules/.vite/deps/react-dom_client.js?v=c58539c0:3051:5)
    at completeWork (http://localhost:5190/node_modules/.vite/deps/react-dom_client.js?v=c58539c0:6332:11)
    at runWithFiberInDEV (http://localhost:5190/node_modules/.vite/deps/react-dom_client.js?v=c58539c0:851:66)
    at completeUnitOfWork (http://localhost:5190/node_modules/.vite/deps/react-dom_client.js?v=c58539c0:8492:15)
    at performUnitOfWork (http://localhost:5190/node_modules/.vite/deps/react-dom_client.js?v=c58539c0:8431:23)
    at workLoopConcurrentByScheduler (http://localhost:5190/node_modules/.vite/deps/react-dom_client.js?v=c58539c0:8425:55)
    at renderRootConcurrent (http://localhost:5190/node_modules/.vite/deps/react-dom_client.js?v=c58539c0:8408:64)
    at performWorkOnRoot (http://localhost:5190/node_modules/.vite/deps/react-dom_client.js?v=c58539c0:7957:145)
    at performWorkOnRootViaSchedulerTask (http://localhost:5190/node_modules/.vite/deps/react-dom_client.js?v=c58539c0:9059:4)
[ 1051810ms] [LOG] allowed_pages: [thank-you] @ :10
[ 1051810ms] [LOG] title: شاهدتها مؤخرا @ :11
[ 1051811ms] [LOG] limit: 32 @ :12
[ 1058514ms] [WARNING] The resource https://cdn.assets.salla.network/themes/customization/1888890798/1298199463/499745075.js?v=17898351681 was preloaded using link preload but not used within a few seconds from the window's load event. Please make sure it has an appropriate `as` value and it is preloaded intentionally. @ http://localhost:5190/optimal-x/ar/p1996831868:0
[ 1096645ms] [WARNING] The resource https://cdn.assets.salla.network/themes/customization/1888890798/1298199463/499745075.js?v=17898351681 was preloaded using link preload but not used within a few seconds from the window's load event. Please make sure it has an appropriate `as` value and it is preloaded intentionally. @ http://localhost:5190/optimal-x/ar/p1996831868:0
[ 1106723ms] [WARNING] The resource https://cdn.assets.salla.network/themes/customization/1888890798/1298199463/499745075.js?v=17898351681 was preloaded using link preload but not used within a few seconds from the window's load event. Please make sure it has an appropriate `as` value and it is preloaded intentionally. @ http://localhost:5190/optimal-x/ar/p1996831868:0
[ 1117353ms] [INFO] %cDownload the React DevTools for a better development experience: https://react.dev/link/react-devtools font-weight:bold @ http://localhost:5190/node_modules/.vite/deps/react-dom_client.js?v=c58539c0:14335
[ 1117451ms] [WARNING] [Twilight] Could not hydrate twilight context: no root match in router state @ http://localhost:5190/@vite/client:532
[ 1117791ms] Error: Hydration failed because the server rendered HTML didn't match the client. As a result this tree will be regenerated on the client. This can happen if a SSR-ed Client Component used:

- A server/client branch `if (typeof window !== 'undefined')`.
- Variable input such as `Date.now()` or `Math.random()` which changes each time it's called.
- Date formatting in a user's locale which doesn't match the server.
- External changing data without sending a snapshot of it along with the HTML.
- Invalid HTML tag nesting.

It can also happen if the client has a browser extension installed which messes with the HTML before React loaded.

https://react.dev/link/hydration-mismatch

  ...
    <QueryClientProvider client={{}}>
      <Matches>
        <Transitioner>
        <SafeFragment fallback={<Context>}>
          <MatchesInner>
            <CatchBoundary getResetKey={function getResetKey} onCatch={function}>
              <MatchImpl routeId="__root__">
                <MatchView router={{...}} match={{id:"__root__/", ...}}>
                  <RootComponent>
                    <html lang="ar" dir="rtl" suppressHydrationWarning={true}>
                      <head>
                        <meta>
                        <meta>
                        <meta>
                        <HeadContent>
                          <Asset>
                          <Asset>
                          <Asset>
                          <Asset>
                          <Asset>
                          <Asset>
                          <Asset>
                          <Asset>
                          <Asset>
                          <Asset>
                          <Asset>
                          <Asset>
                          <Asset>
                          <Asset>
                          <Asset>
                          <Asset>
                          <Asset>
                          <Asset>
                          <Asset>
                          <Asset>
                          <Asset>
                          <Asset>
                          <Asset>
                          <Asset>
                          <Asset>
                          <Asset>
                          <Asset>
                          <Asset>
                          <Asset>
                          <Asset>
                          <Asset>
                          <Asset>
                          <Asset>
                          <Asset>
                          <Asset>
                          <Asset tag="style" attrs={{id:"twilig...", ...}} nonce={undefined}>
                            <style
+                             id="twilight-loading"
-                             id={null}
                              nonce={undefined}
                              dangerouslySetInnerHTML={{
+                               __html: ".loading-overlay{position:fixed;inset:0;display:flex;align-items:center;justi..."
-                               __html: "salla-mini-checkout-modal,salla-mini-checkout-widget{visibility:hidden}.hydra..."
                              }}
-                             data-styles=""
                            >
                          ...
                      ...
                        <NavigationProvider navigate={function}>
                          <LinkProvider adapter={{...}}>
                            <WidgetHead>
                            <AppsSnippets>
                              <script
+                               src="https://cdn.portal.files.salla.network/snippets/prod/691365818/634884746.js"
-                               src={null}
+                               defer={true}
-                               defer={null}
+                               data-scope-id="1496036480"
-                               data-scope-id={null}
+                               data-snippet-id="13609"
-                               data-snippet-id={null}
-                               type="application/ld+json"
                              >
-                               {"{\"@context\":\"https://schema.org\",\"@graph\":[{\"@type\":\"Organization\",\"@id..."}
                            ...

    at throwOnHydrationMismatch (http://localhost:5190/node_modules/.vite/deps/react-dom_client.js?v=c58539c0:2968:51)
    at popHydrationState (http://localhost:5190/node_modules/.vite/deps/react-dom_client.js?v=c58539c0:3051:5)
    at completeWork (http://localhost:5190/node_modules/.vite/deps/react-dom_client.js?v=c58539c0:6332:11)
    at runWithFiberInDEV (http://localhost:5190/node_modules/.vite/deps/react-dom_client.js?v=c58539c0:851:66)
    at completeUnitOfWork (http://localhost:5190/node_modules/.vite/deps/react-dom_client.js?v=c58539c0:8492:15)
    at performUnitOfWork (http://localhost:5190/node_modules/.vite/deps/react-dom_client.js?v=c58539c0:8431:23)
    at workLoopConcurrentByScheduler (http://localhost:5190/node_modules/.vite/deps/react-dom_client.js?v=c58539c0:8425:55)
    at renderRootConcurrent (http://localhost:5190/node_modules/.vite/deps/react-dom_client.js?v=c58539c0:8408:64)
    at performWorkOnRoot (http://localhost:5190/node_modules/.vite/deps/react-dom_client.js?v=c58539c0:7957:145)
    at performWorkOnRootViaSchedulerTask (http://localhost:5190/node_modules/.vite/deps/react-dom_client.js?v=c58539c0:9059:4)
[ 1117918ms] [LOG] allowed_pages: [thank-you] @ :10
[ 1117920ms] [LOG] title: شاهدتها مؤخرا @ :11
[ 1117920ms] [LOG] limit: 32 @ :12
[ 1125297ms] [WARNING] The resource https://cdn.assets.salla.network/themes/customization/1888890798/1298199463/499745075.js?v=17898351681 was preloaded using link preload but not used within a few seconds from the window's load event. Please make sure it has an appropriate `as` value and it is preloaded intentionally. @ http://localhost:5190/optimal-x/ar/p1996831868:0
[ 1170605ms] [INFO] %cDownload the React DevTools for a better development experience: https://react.dev/link/react-devtools font-weight:bold @ http://localhost:5190/node_modules/.vite/deps/react-dom_client.js?v=c58539c0:14335
[ 1170692ms] [WARNING] [Twilight] Could not hydrate twilight context: no root match in router state @ http://localhost:5190/@vite/client:532
[ 1170913ms] Error: Hydration failed because the server rendered HTML didn't match the client. As a result this tree will be regenerated on the client. This can happen if a SSR-ed Client Component used:

- A server/client branch `if (typeof window !== 'undefined')`.
- Variable input such as `Date.now()` or `Math.random()` which changes each time it's called.
- Date formatting in a user's locale which doesn't match the server.
- External changing data without sending a snapshot of it along with the HTML.
- Invalid HTML tag nesting.

It can also happen if the client has a browser extension installed which messes with the HTML before React loaded.

https://react.dev/link/hydration-mismatch

  ...
    <QueryClientProvider client={{}}>
      <Matches>
        <Transitioner>
        <SafeFragment fallback={<Context>}>
          <MatchesInner>
            <CatchBoundary getResetKey={function getResetKey} onCatch={function}>
              <MatchImpl routeId="__root__">
                <MatchView router={{...}} match={{id:"__root__/", ...}}>
                  <RootComponent>
                    <html lang="ar" dir="rtl" suppressHydrationWarning={true}>
                      <head>
                        <meta>
                        <meta>
                        <meta>
                        <HeadContent>
                          <Asset>
                          <Asset>
                          <Asset>
                          <Asset>
                          <Asset>
                          <Asset>
                          <Asset>
                          <Asset>
                          <Asset>
                          <Asset>
                          <Asset>
                          <Asset>
                          <Asset>
                          <Asset>
                          <Asset>
                          <Asset>
                          <Asset>
                          <Asset>
                          <Asset>
                          <Asset>
                          <Asset>
                          <Asset>
                          <Asset>
                          <Asset>
                          <Asset>
                          <Asset>
                          <Asset>
                          <Asset>
                          <Asset>
                          <Asset>
                          <Asset>
                          <Asset>
                          <Asset>
                          <Asset>
                          <Asset>
                          <Asset tag="style" attrs={{id:"twilig...", ...}} nonce={undefined}>
                            <style
+                             id="twilight-loading"
-                             id={null}
                              nonce={undefined}
                              dangerouslySetInnerHTML={{
+                               __html: ".loading-overlay{position:fixed;inset:0;display:flex;align-items:center;justi..."
-                               __html: "salla-mini-checkout-modal,salla-mini-checkout-widget{visibility:hidden}.hydra..."
                              }}
-                             data-styles=""
                            >
                          ...
                      ...
                        <NavigationProvider navigate={function}>
                          <LinkProvider adapter={{...}}>
                            <WidgetHead>
                            <AppsSnippets>
                              <script
+                               src="https://cdn.portal.files.salla.network/snippets/prod/691365818/634884746.js"
-                               src={null}
+                               defer={true}
-                               defer={null}
+                               data-scope-id="1496036480"
-                               data-scope-id={null}
+                               data-snippet-id="13609"
-                               data-snippet-id={null}
-                               type="application/ld+json"
                              >
-                               {"{\"@context\":\"https://schema.org\",\"@graph\":[{\"@type\":\"Organization\",\"@id..."}
                            ...

    at throwOnHydrationMismatch (http://localhost:5190/node_modules/.vite/deps/react-dom_client.js?v=c58539c0:2968:51)
    at popHydrationState (http://localhost:5190/node_modules/.vite/deps/react-dom_client.js?v=c58539c0:3051:5)
    at completeWork (http://localhost:5190/node_modules/.vite/deps/react-dom_client.js?v=c58539c0:6332:11)
    at runWithFiberInDEV (http://localhost:5190/node_modules/.vite/deps/react-dom_client.js?v=c58539c0:851:66)
    at completeUnitOfWork (http://localhost:5190/node_modules/.vite/deps/react-dom_client.js?v=c58539c0:8492:15)
    at performUnitOfWork (http://localhost:5190/node_modules/.vite/deps/react-dom_client.js?v=c58539c0:8431:23)
    at workLoopConcurrentByScheduler (http://localhost:5190/node_modules/.vite/deps/react-dom_client.js?v=c58539c0:8425:55)
    at renderRootConcurrent (http://localhost:5190/node_modules/.vite/deps/react-dom_client.js?v=c58539c0:8408:64)
    at performWorkOnRoot (http://localhost:5190/node_modules/.vite/deps/react-dom_client.js?v=c58539c0:7957:145)
    at performWorkOnRootViaSchedulerTask (http://localhost:5190/node_modules/.vite/deps/react-dom_client.js?v=c58539c0:9059:4)
[ 1171004ms] [LOG] allowed_pages: [thank-you] @ :10
[ 1171005ms] [LOG] title: شاهدتها مؤخرا @ :11
[ 1171005ms] [LOG] limit: 32 @ :12
[ 1177781ms] [WARNING] The resource https://cdn.assets.salla.network/themes/customization/1888890798/1298199463/499745075.js?v=17898351681 was preloaded using link preload but not used within a few seconds from the window's load event. Please make sure it has an appropriate `as` value and it is preloaded intentionally. @ http://localhost:5190/optimal-x/ar/p1996831868:0
[ 1189404ms] [WARNING] The resource https://cdn.assets.salla.network/themes/customization/1888890798/1298199463/499745075.js?v=17898351681 was preloaded using link preload but not used within a few seconds from the window's load event. Please make sure it has an appropriate `as` value and it is preloaded intentionally. @ http://localhost:5190/optimal-x/ar/p1996831868:0
[ 1192819ms] [WARNING] The resource https://cdn.assets.salla.network/themes/customization/1888890798/1298199463/499745075.js?v=17898351681 was preloaded using link preload but not used within a few seconds from the window's load event. Please make sure it has an appropriate `as` value and it is preloaded intentionally. @ http://localhost:5190/optimal-x/ar/p1996831868:0
[ 1194920ms] [INFO] %cDownload the React DevTools for a better development experience: https://react.dev/link/react-devtools font-weight:bold @ http://localhost:5190/node_modules/.vite/deps/react-dom_client.js?v=c58539c0:14335
[ 1194980ms] [WARNING] [Twilight] Could not hydrate twilight context: no root match in router state @ http://localhost:5190/@vite/client:532
[ 1195170ms] Error: Hydration failed because the server rendered HTML didn't match the client. As a result this tree will be regenerated on the client. This can happen if a SSR-ed Client Component used:

- A server/client branch `if (typeof window !== 'undefined')`.
- Variable input such as `Date.now()` or `Math.random()` which changes each time it's called.
- Date formatting in a user's locale which doesn't match the server.
- External changing data without sending a snapshot of it along with the HTML.
- Invalid HTML tag nesting.

It can also happen if the client has a browser extension installed which messes with the HTML before React loaded.

https://react.dev/link/hydration-mismatch

  ...
    <QueryClientProvider client={{}}>
      <Matches>
        <Transitioner>
        <SafeFragment fallback={<Context>}>
          <MatchesInner>
            <CatchBoundary getResetKey={function getResetKey} onCatch={function}>
              <MatchImpl routeId="__root__">
                <MatchView router={{...}} match={{id:"__root__/", ...}}>
                  <RootComponent>
                    <html lang="ar" dir="rtl" suppressHydrationWarning={true}>
                      <head>
                        <meta>
                        <meta>
                        <meta>
                        <HeadContent>
                          <Asset>
                          <Asset>
                          <Asset>
                          <Asset>
                          <Asset>
                          <Asset>
                          <Asset>
                          <Asset>
                          <Asset>
                          <Asset>
                          <Asset>
                          <Asset>
                          <Asset>
                          <Asset>
                          <Asset>
                          <Asset>
                          <Asset>
                          <Asset>
                          <Asset>
                          <Asset>
                          <Asset>
                          <Asset>
                          <Asset>
                          <Asset>
                          <Asset>
                          <Asset>
                          <Asset>
                          <Asset>
                          <Asset>
                          <Asset>
                          <Asset>
                          <Asset>
                          <Asset>
                          <Asset>
                          <Asset>
                          <Asset tag="style" attrs={{id:"twilig...", ...}} nonce={undefined}>
                            <style
+                             id="twilight-loading"
-                             id={null}
                              nonce={undefined}
                              dangerouslySetInnerHTML={{
+                               __html: ".loading-overlay{position:fixed;inset:0;display:flex;align-items:center;justi..."
-                               __html: "salla-mini-checkout-modal,salla-mini-checkout-widget{visibility:hidden}.hydra..."
                              }}
-                             data-styles=""
                            >
                          ...
                      ...
                        <NavigationProvider navigate={function}>
                          <LinkProvider adapter={{...}}>
                            <WidgetHead>
                            <AppsSnippets>
                              <script
+                               src="https://cdn.portal.files.salla.network/snippets/prod/691365818/634884746.js"
-                               src={null}
+                               defer={true}
-                               defer={null}
+                               data-scope-id="1496036480"
-                               data-scope-id={null}
+                               data-snippet-id="13609"
-                               data-snippet-id={null}
-                               type="application/ld+json"
                              >
-                               {"{\"@context\":\"https://schema.org\",\"@graph\":[{\"@type\":\"Organization\",\"@id..."}
                            ...

    at throwOnHydrationMismatch (http://localhost:5190/node_modules/.vite/deps/react-dom_client.js?v=c58539c0:2968:51)
    at popHydrationState (http://localhost:5190/node_modules/.vite/deps/react-dom_client.js?v=c58539c0:3051:5)
    at completeWork (http://localhost:5190/node_modules/.vite/deps/react-dom_client.js?v=c58539c0:6332:11)
    at runWithFiberInDEV (http://localhost:5190/node_modules/.vite/deps/react-dom_client.js?v=c58539c0:851:66)
    at completeUnitOfWork (http://localhost:5190/node_modules/.vite/deps/react-dom_client.js?v=c58539c0:8492:15)
    at performUnitOfWork (http://localhost:5190/node_modules/.vite/deps/react-dom_client.js?v=c58539c0:8431:23)
    at workLoopConcurrentByScheduler (http://localhost:5190/node_modules/.vite/deps/react-dom_client.js?v=c58539c0:8425:55)
    at renderRootConcurrent (http://localhost:5190/node_modules/.vite/deps/react-dom_client.js?v=c58539c0:8408:64)
    at performWorkOnRoot (http://localhost:5190/node_modules/.vite/deps/react-dom_client.js?v=c58539c0:7957:145)
    at performWorkOnRootViaSchedulerTask (http://localhost:5190/node_modules/.vite/deps/react-dom_client.js?v=c58539c0:9059:4)
[ 1195265ms] [LOG] allowed_pages: [thank-you] @ :10
[ 1195265ms] [LOG] title: شاهدتها مؤخرا @ :11
[ 1195265ms] [LOG] limit: 32 @ :12
[ 1199750ms] [WARNING] The resource https://cdn.assets.salla.network/themes/customization/1888890798/1298199463/499745075.js?v=17898351681 was preloaded using link preload but not used within a few seconds from the window's load event. Please make sure it has an appropriate `as` value and it is preloaded intentionally. @ http://localhost:5190/optimal-x/ar/p1996831868:0
[ 1199750ms] [WARNING] The resource https://cdn.salla.sa/cdn-cgi/image/fit=scale-down,onerror=redirect,format=auto,width=400/dPrxBd/274871ce-8e46-49f5-94fe-e6afb7bf9787-1000x706.44391408115-XwUlLMYWcZD4GN6lM2RR3L36Hj1vkrKOlaUDnioV.webp was preloaded using link preload but not used within a few seconds from the window's load event. Please make sure it has an appropriate `as` value and it is preloaded intentionally. @ http://localhost:5190/optimal-x/ar/p1996831868:0
[ 1211134ms] [WARNING] The resource https://cdn.assets.salla.network/themes/customization/1888890798/1298199463/499745075.js?v=17898351681 was preloaded using link preload but not used within a few seconds from the window's load event. Please make sure it has an appropriate `as` value and it is preloaded intentionally. @ http://localhost:5190/optimal-x/ar/p1996831868:0
[ 1211134ms] [WARNING] The resource https://cdn.salla.sa/cdn-cgi/image/fit=scale-down,onerror=redirect,format=auto,width=400/dPrxBd/274871ce-8e46-49f5-94fe-e6afb7bf9787-1000x706.44391408115-XwUlLMYWcZD4GN6lM2RR3L36Hj1vkrKOlaUDnioV.webp was preloaded using link preload but not used within a few seconds from the window's load event. Please make sure it has an appropriate `as` value and it is preloaded intentionally. @ http://localhost:5190/optimal-x/ar/p1996831868:0
[ 1226918ms] [WARNING] The resource https://cdn.assets.salla.network/themes/customization/1888890798/1298199463/499745075.js?v=17898351681 was preloaded using link preload but not used within a few seconds from the window's load event. Please make sure it has an appropriate `as` value and it is preloaded intentionally. @ http://localhost:5190/optimal-x/ar/p1996831868:0
[ 1226918ms] [WARNING] The resource https://cdn.salla.sa/cdn-cgi/image/fit=scale-down,onerror=redirect,format=auto,width=400/dPrxBd/274871ce-8e46-49f5-94fe-e6afb7bf9787-1000x706.44391408115-XwUlLMYWcZD4GN6lM2RR3L36Hj1vkrKOlaUDnioV.webp was preloaded using link preload but not used within a few seconds from the window's load event. Please make sure it has an appropriate `as` value and it is preloaded intentionally. @ http://localhost:5190/optimal-x/ar/p1996831868:0
[ 1395974ms] [WARNING] The resource https://cdn.assets.salla.network/themes/customization/1888890798/1298199463/499745075.js?v=17898351681 was preloaded using link preload but not used within a few seconds from the window's load event. Please make sure it has an appropriate `as` value and it is preloaded intentionally. @ http://localhost:5190/optimal-x/ar/p1996831868:0
[ 1395975ms] [WARNING] The resource https://cdn.salla.sa/cdn-cgi/image/fit=scale-down,onerror=redirect,format=auto,width=400/dPrxBd/274871ce-8e46-49f5-94fe-e6afb7bf9787-1000x706.44391408115-XwUlLMYWcZD4GN6lM2RR3L36Hj1vkrKOlaUDnioV.webp was preloaded using link preload but not used within a few seconds from the window's load event. Please make sure it has an appropriate `as` value and it is preloaded intentionally. @ http://localhost:5190/optimal-x/ar/p1996831868:0
[ 1573272ms] [WARNING] The resource https://cdn.assets.salla.network/themes/customization/1888890798/1298199463/499745075.js?v=17898351681 was preloaded using link preload but not used within a few seconds from the window's load event. Please make sure it has an appropriate `as` value and it is preloaded intentionally. @ http://localhost:5190/optimal-x/ar/p1996831868:0
[ 1573273ms] [WARNING] The resource https://cdn.salla.sa/cdn-cgi/image/fit=scale-down,onerror=redirect,format=auto,width=400/dPrxBd/274871ce-8e46-49f5-94fe-e6afb7bf9787-1000x706.44391408115-XwUlLMYWcZD4GN6lM2RR3L36Hj1vkrKOlaUDnioV.webp was preloaded using link preload but not used within a few seconds from the window's load event. Please make sure it has an appropriate `as` value and it is preloaded intentionally. @ http://localhost:5190/optimal-x/ar/p1996831868:0
[ 1599355ms] [INFO] %cDownload the React DevTools for a better development experience: https://react.dev/link/react-devtools font-weight:bold @ http://localhost:5190/node_modules/.vite/deps/react-dom_client.js?v=c58539c0:14335
[ 1599723ms] [WARNING] [Twilight] Could not hydrate twilight context: no root match in router state @ http://localhost:5190/@vite/client:532
[ 1600787ms] Error: Hydration failed because the server rendered HTML didn't match the client. As a result this tree will be regenerated on the client. This can happen if a SSR-ed Client Component used:

- A server/client branch `if (typeof window !== 'undefined')`.
- Variable input such as `Date.now()` or `Math.random()` which changes each time it's called.
- Date formatting in a user's locale which doesn't match the server.
- External changing data without sending a snapshot of it along with the HTML.
- Invalid HTML tag nesting.

It can also happen if the client has a browser extension installed which messes with the HTML before React loaded.

https://react.dev/link/hydration-mismatch

  ...
    <QueryClientProvider client={{}}>
      <Matches>
        <Transitioner>
        <SafeFragment fallback={<Context>}>
          <MatchesInner>
            <CatchBoundary getResetKey={function getResetKey} onCatch={function}>
              <MatchImpl routeId="__root__">
                <MatchView router={{...}} match={{id:"__root__/", ...}}>
                  <RootComponent>
                    <html lang="ar" dir="rtl" suppressHydrationWarning={true}>
                      <head>
                        <meta>
                        <meta>
                        <meta>
                        <HeadContent>
                          <Asset>
                          <Asset>
                          <Asset>
                          <Asset>
                          <Asset>
                          <Asset>
                          <Asset>
                          <Asset>
                          <Asset>
                          <Asset>
                          <Asset>
                          <Asset>
                          <Asset>
                          <Asset>
                          <Asset>
                          <Asset>
                          <Asset>
                          <Asset>
                          <Asset>
                          <Asset>
                          <Asset>
                          <Asset>
                          <Asset>
                          <Asset>
                          <Asset>
                          <Asset>
                          <Asset>
                          <Asset>
                          <Asset>
                          <Asset>
                          <Asset>
                          <Asset>
                          <Asset>
                          <Asset>
                          <Asset>
                          <Asset tag="style" attrs={{id:"twilig...", ...}} nonce={undefined}>
                            <style
+                             id="twilight-loading"
-                             id={null}
                              nonce={undefined}
                              dangerouslySetInnerHTML={{
+                               __html: ".loading-overlay{position:fixed;inset:0;display:flex;align-items:center;justi..."
-                               __html: "salla-mini-checkout-modal,salla-mini-checkout-widget{visibility:hidden}.hydra..."
                              }}
-                             data-styles=""
                            >
                          ...
                      ...
                        <NavigationProvider navigate={function}>
                          <LinkProvider adapter={{...}}>
                            <WidgetHead>
                            <AppsSnippets>
                              <script
+                               src="https://cdn.portal.files.salla.network/snippets/prod/691365818/634884746.js"
-                               src={null}
+                               defer={true}
-                               defer={null}
+                               data-scope-id="1496036480"
-                               data-scope-id={null}
+                               data-snippet-id="13609"
-                               data-snippet-id={null}
-                               type="application/ld+json"
                              >
-                               {"{\"@context\":\"https://schema.org\",\"@graph\":[{\"@type\":\"Organization\",\"@id..."}
                            ...

    at throwOnHydrationMismatch (http://localhost:5190/node_modules/.vite/deps/react-dom_client.js?v=c58539c0:2968:51)
    at popHydrationState (http://localhost:5190/node_modules/.vite/deps/react-dom_client.js?v=c58539c0:3051:5)
    at completeWork (http://localhost:5190/node_modules/.vite/deps/react-dom_client.js?v=c58539c0:6332:11)
    at runWithFiberInDEV (http://localhost:5190/node_modules/.vite/deps/react-dom_client.js?v=c58539c0:851:66)
    at completeUnitOfWork (http://localhost:5190/node_modules/.vite/deps/react-dom_client.js?v=c58539c0:8492:15)
    at performUnitOfWork (http://localhost:5190/node_modules/.vite/deps/react-dom_client.js?v=c58539c0:8431:23)
    at workLoopConcurrentByScheduler (http://localhost:5190/node_modules/.vite/deps/react-dom_client.js?v=c58539c0:8425:55)
    at renderRootConcurrent (http://localhost:5190/node_modules/.vite/deps/react-dom_client.js?v=c58539c0:8408:64)
    at performWorkOnRoot (http://localhost:5190/node_modules/.vite/deps/react-dom_client.js?v=c58539c0:7957:145)
    at performWorkOnRootViaSchedulerTask (http://localhost:5190/node_modules/.vite/deps/react-dom_client.js?v=c58539c0:9059:4)
[ 1601451ms] [LOG] allowed_pages: [thank-you] @ :10
[ 1601452ms] [LOG] title: شاهدتها مؤخرا @ :11
[ 1601453ms] [LOG] limit: 32 @ :12
[ 1609408ms] [WARNING] The resource https://cdn.assets.salla.network/themes/customization/1888890798/1298199463/499745075.js?v=17898351681 was preloaded using link preload but not used within a few seconds from the window's load event. Please make sure it has an appropriate `as` value and it is preloaded intentionally. @ http://localhost:5190/optimal-x/ar/p1996831868:0
[ 1609409ms] [WARNING] The resource https://cdn.salla.sa/cdn-cgi/image/fit=scale-down,onerror=redirect,format=auto,width=400/dPrxBd/274871ce-8e46-49f5-94fe-e6afb7bf9787-1000x706.44391408115-XwUlLMYWcZD4GN6lM2RR3L36Hj1vkrKOlaUDnioV.webp was preloaded using link preload but not used within a few seconds from the window's load event. Please make sure it has an appropriate `as` value and it is preloaded intentionally. @ http://localhost:5190/optimal-x/ar/p1996831868:0
[ 1889333ms] [WARNING] The resource https://cdn.assets.salla.network/themes/customization/1888890798/1298199463/499745075.js?v=17898351681 was preloaded using link preload but not used within a few seconds from the window's load event. Please make sure it has an appropriate `as` value and it is preloaded intentionally. @ http://localhost:5190/optimal-x/ar/p1996831868:0
[ 1889333ms] [WARNING] The resource https://cdn.salla.sa/cdn-cgi/image/fit=scale-down,onerror=redirect,format=auto,width=400/dPrxBd/274871ce-8e46-49f5-94fe-e6afb7bf9787-1000x706.44391408115-XwUlLMYWcZD4GN6lM2RR3L36Hj1vkrKOlaUDnioV.webp was preloaded using link preload but not used within a few seconds from the window's load event. Please make sure it has an appropriate `as` value and it is preloaded intentionally. @ http://localhost:5190/optimal-x/ar/p1996831868:0
[ 1903508ms] [WARNING] The resource https://cdn.assets.salla.network/themes/customization/1888890798/1298199463/499745075.js?v=17898351681 was preloaded using link preload but not used within a few seconds from the window's load event. Please make sure it has an appropriate `as` value and it is preloaded intentionally. @ http://localhost:5190/optimal-x/ar/p1996831868:0
[ 1903508ms] [WARNING] The resource https://cdn.salla.sa/cdn-cgi/image/fit=scale-down,onerror=redirect,format=auto,width=400/dPrxBd/274871ce-8e46-49f5-94fe-e6afb7bf9787-1000x706.44391408115-XwUlLMYWcZD4GN6lM2RR3L36Hj1vkrKOlaUDnioV.webp was preloaded using link preload but not used within a few seconds from the window's load event. Please make sure it has an appropriate `as` value and it is preloaded intentionally. @ http://localhost:5190/optimal-x/ar/p1996831868:0
[ 1916495ms] [WARNING] The resource https://cdn.assets.salla.network/themes/customization/1888890798/1298199463/499745075.js?v=17898351681 was preloaded using link preload but not used within a few seconds from the window's load event. Please make sure it has an appropriate `as` value and it is preloaded intentionally. @ http://localhost:5190/optimal-x/ar/p1996831868:0
[ 1916495ms] [WARNING] The resource https://cdn.salla.sa/cdn-cgi/image/fit=scale-down,onerror=redirect,format=auto,width=400/dPrxBd/274871ce-8e46-49f5-94fe-e6afb7bf9787-1000x706.44391408115-XwUlLMYWcZD4GN6lM2RR3L36Hj1vkrKOlaUDnioV.webp was preloaded using link preload but not used within a few seconds from the window's load event. Please make sure it has an appropriate `as` value and it is preloaded intentionally. @ http://localhost:5190/optimal-x/ar/p1996831868:0
[ 1929557ms] [WARNING] The resource https://cdn.assets.salla.network/themes/customization/1888890798/1298199463/499745075.js?v=17898351681 was preloaded using link preload but not used within a few seconds from the window's load event. Please make sure it has an appropriate `as` value and it is preloaded intentionally. @ http://localhost:5190/optimal-x/ar/p1996831868:0
[ 1929557ms] [WARNING] The resource https://cdn.salla.sa/cdn-cgi/image/fit=scale-down,onerror=redirect,format=auto,width=400/dPrxBd/274871ce-8e46-49f5-94fe-e6afb7bf9787-1000x706.44391408115-XwUlLMYWcZD4GN6lM2RR3L36Hj1vkrKOlaUDnioV.webp was preloaded using link preload but not used within a few seconds from the window's load event. Please make sure it has an appropriate `as` value and it is preloaded intentionally. @ http://localhost:5190/optimal-x/ar/p1996831868:0
[ 1965033ms] [WARNING] The resource https://cdn.assets.salla.network/themes/customization/1888890798/1298199463/499745075.js?v=17898351681 was preloaded using link preload but not used within a few seconds from the window's load event. Please make sure it has an appropriate `as` value and it is preloaded intentionally. @ http://localhost:5190/optimal-x/ar/p1996831868:0
[ 1965034ms] [WARNING] The resource https://cdn.salla.sa/cdn-cgi/image/fit=scale-down,onerror=redirect,format=auto,width=400/dPrxBd/274871ce-8e46-49f5-94fe-e6afb7bf9787-1000x706.44391408115-XwUlLMYWcZD4GN6lM2RR3L36Hj1vkrKOlaUDnioV.webp was preloaded using link preload but not used within a few seconds from the window's load event. Please make sure it has an appropriate `as` value and it is preloaded intentionally. @ http://localhost:5190/optimal-x/ar/p1996831868:0
[ 1980728ms] [ERROR] Failed to load resource: the server responded with a status of 500 (Internal Server Error) @ http://localhost:5190/optimal-x/ar/p1996831868:0
[ 2042139ms] [INFO] %cDownload the React DevTools for a better development experience: https://react.dev/link/react-devtools font-weight:bold @ http://localhost:5190/node_modules/.vite/deps/react-dom_client.js?v=c58539c0:14335
[ 2042335ms] [WARNING] [Twilight] Could not hydrate twilight context: no root match in router state @ http://localhost:5190/@vite/client:532
[ 2042590ms] Error: Hydration failed because the server rendered HTML didn't match the client. As a result this tree will be regenerated on the client. This can happen if a SSR-ed Client Component used:

- A server/client branch `if (typeof window !== 'undefined')`.
- Variable input such as `Date.now()` or `Math.random()` which changes each time it's called.
- Date formatting in a user's locale which doesn't match the server.
- External changing data without sending a snapshot of it along with the HTML.
- Invalid HTML tag nesting.

It can also happen if the client has a browser extension installed which messes with the HTML before React loaded.

https://react.dev/link/hydration-mismatch

  ...
    <CatchBoundary getResetKey={function getResetKey} onCatch={function}>
      <MatchImpl routeId="__root__">
        <MatchView router={{...}} match={{id:"__root__/", ...}}>
          <RootComponent>
            <html lang="ar" dir="rtl" suppressHydrationWarning={true}>
              <head>
              <body suppressHydrationWarning={true}>
                <noscript>
                <TwilightProvider translations={{ar.trans:{...}, ...}} layout={function OptimalXLayout}>
                  <DocumentClassProvider>
                    <I18nProvider i18nInstance={{observers:{}, ...}} themeTranslations={{ar.trans:{...}, ...}}>
                      <I18nextProvider i18n={{observers:{}, ...}}>
                        <ThemeDocumentSync>
                        <TanStackDocumentSync>
+                       <div className="loading-overlay">
-                       <salla-hook className="hydrated">
                    ...
                ...

    at throwOnHydrationMismatch (http://localhost:5190/node_modules/.vite/deps/react-dom_client.js?v=c58539c0:2968:51)
    at beginWork (http://localhost:5190/node_modules/.vite/deps/react-dom_client.js?v=c58539c0:6200:914)
    at runWithFiberInDEV (http://localhost:5190/node_modules/.vite/deps/react-dom_client.js?v=c58539c0:851:66)
    at performUnitOfWork (http://localhost:5190/node_modules/.vite/deps/react-dom_client.js?v=c58539c0:8429:92)
    at workLoopConcurrentByScheduler (http://localhost:5190/node_modules/.vite/deps/react-dom_client.js?v=c58539c0:8425:55)
    at renderRootConcurrent (http://localhost:5190/node_modules/.vite/deps/react-dom_client.js?v=c58539c0:8408:64)
    at performWorkOnRoot (http://localhost:5190/node_modules/.vite/deps/react-dom_client.js?v=c58539c0:7957:145)
    at performWorkOnRootViaSchedulerTask (http://localhost:5190/node_modules/.vite/deps/react-dom_client.js?v=c58539c0:9059:4)
    at MessagePort.performWorkUntilDeadline (http://localhost:5190/node_modules/.vite/deps/react-dom_client.js?v=c58539c0:36:38)
[ 2042502ms] [ERROR] Trying to init Twilight without store.id! @ http://localhost:5190/@vite/client:532
[ 2042502ms] [LOG] you can initiate twilight using this line only: Salla.init({store:{id:1234}}) @ https://cdn.assets.salla.network/dev/@salla.sa/twilight/9b1ad668bb386735f64a045e4c13b4c5508ad4c8/p-CynV-zYl.js:3
[ 2042512ms] [ERROR] Trying to init Twilight without store.id! @ http://localhost:5190/@vite/client:532
[ 2042513ms] [LOG] you can initiate twilight using this line only: Salla.init({store:{id:1234}}) @ https://cdn.assets.salla.network/dev/@salla.sa/twilight/9b1ad668bb386735f64a045e4c13b4c5508ad4c8/p-CynV-zYl.js:3
[ 2725777ms] [ERROR] Failed to load resource: the server responded with a status of 500 (Internal Server Error) @ http://localhost:5190/optimal-x/ar/p1996831868:0
[ 2725947ms] [ERROR] Failed to load resource: the server responded with a status of 500 (Internal Server Error) @ http://localhost:5190/favicon.ico:0
