[   16543ms] [LOG] [offline-api] browser: api.salla.dev + cdn.salla.network -> http://127.0.0.1:5178 @ http://localhost:3210/:0
[   17559ms] [INFO] %cDownload the React DevTools for a better development experience: https://react.dev/link/react-devtools font-weight:bold @ http://localhost:3210/node_modules/.vite/deps/react-dom_client.js?v=c58539c0:14335
[   17672ms] [WARNING] [Twilight] Could not hydrate twilight context: no root match in router state @ http://localhost:3210/@vite/client:532
[   17853ms] [ERROR] The result of getServerSnapshot should be cached to avoid an infinite loop @ http://localhost:3210/@vite/client:532
[   17888ms] [ERROR] A tree hydrated but some attributes of the server rendered HTML didn't match the client properties. This won't be patched up. This can happen if a SSR-ed Client Component used:

- A server/client branch `if (typeof window !== 'undefined')`.
- Variable input such as `Date.now()` or `Math.random()` which changes each time it's called.
- Date formatting in a user's locale which doesn't match the server.
- External changing data without sending a snapshot of it along with the HTML.
- Invalid HTML tag nesting.

It can also happen if the client has a browser extension installed which messes with the HTML before React loaded.

%s%s https://react.dev/link/hydration-mismatch 

  ...
    <ThemeDocumentSync>
    <TanStackDocumentSync>
    <NavigationSetup>
      <NavigationProvider navigate={function}>
        <LinkProvider adapter={{...}}>
          <WidgetHead>
          <AppsSnippets>
          <HookSlot>
          <Suspense>
          <OptimalXLayout>
            <div>
            <BottomTabBar>
              <nav className="ox-tabbar" aria-label="تنقل سريع" data-testid="ox-tabbar">
                <ul className="ox-tabbar_...">
                  <li>
                    <Link to="/" className="ox-tab">
                      <TanStackLinkAdapter ref={null} to="/" className="ox-tab" data-spa-link="">
                        <a
+                         className="ox-tab active"
-                         className="ox-tab is-active active"
                          style={undefined}
                          title={undefined}
                          target={undefined}
                          rel={undefined}
                          onClick={function handleClick}
                          aria-label={undefined}
                          data-spa-link=""
                          ref={{current:null}}
                          onBlur={function handleLeave}
                          onFocus={function}
                          onMouseEnter={function}
                          onMouseLeave={function handleLeave}
                          onTouchStart={function handleTouchStart}
                          href="/"
                          data-status="active"
                          aria-current="page"
                        >
                  ...
            ...
          ...
 @ http://localhost:3210/@vite/client:532
[   18476ms] [LOG] [HomeComponentRenderer] RENDER: path=ox-hero, index=0, renderCount=1 @ http://localhost:3210/node_modules/.pnpm/@salla.sa+twilight-theme-en_c3cd9c099c8c4c71b5353d842e4aee2e/node_modules/@salla.sa/twilight-theme-engine/dist/chunk-WITIL2MK.js?v=c58539c0:670
[   18477ms] [LOG] [HomeComponentRenderer] RENDER: path=ox-hero, index=0, renderCount=2 @ http://localhost:3210/node_modules/.pnpm/@salla.sa+twilight-theme-en_c3cd9c099c8c4c71b5353d842e4aee2e/node_modules/@salla.sa/twilight-theme-engine/dist/chunk-WITIL2MK.js?v=c58539c0:670
[   18628ms] Error: Hydration failed because the server rendered HTML didn't match the client. As a result this tree will be regenerated on the client. This can happen if a SSR-ed Client Component used:

- A server/client branch `if (typeof window !== 'undefined')`.
- Variable input such as `Date.now()` or `Math.random()` which changes each time it's called.
- Date formatting in a user's locale which doesn't match the server.
- External changing data without sending a snapshot of it along with the HTML.
- Invalid HTML tag nesting.

It can also happen if the client has a browser extension installed which messes with the HTML before React loaded.

https://react.dev/link/hydration-mismatch

  ...
    <Matches>
      <Transitioner>
      <SafeFragment fallback={<Context>}>
        <MatchesInner>
          <CatchBoundary getResetKey={function getResetKey} onCatch={function}>
            <MatchImpl routeId="__root__">
              <MatchView router={{...}} match={{id:"__root__/", ...}}>
                <RootComponent>
                  <html lang="ar" dir="rtl" suppressHydrationWarning={true}>
                    <head>
                    <body suppressHydrationWarning={true}>
                      <noscript>
                      <TwilightProvider>
                      <Suspense fallback={null}>
                        <TanStackRouterDevtools position="bottom-right">
+                         <div ref={{current:null}}>
                      ...

    at throwOnHydrationMismatch (http://localhost:3210/node_modules/.vite/deps/react-dom_client.js?v=c58539c0:2968:51)
    at beginWork (http://localhost:3210/node_modules/.vite/deps/react-dom_client.js?v=c58539c0:6200:914)
    at runWithFiberInDEV (http://localhost:3210/node_modules/.vite/deps/react-dom_client.js?v=c58539c0:851:66)
    at performUnitOfWork (http://localhost:3210/node_modules/.vite/deps/react-dom_client.js?v=c58539c0:8429:92)
    at workLoopConcurrentByScheduler (http://localhost:3210/node_modules/.vite/deps/react-dom_client.js?v=c58539c0:8425:55)
    at renderRootConcurrent (http://localhost:3210/node_modules/.vite/deps/react-dom_client.js?v=c58539c0:8408:64)
    at performWorkOnRoot (http://localhost:3210/node_modules/.vite/deps/react-dom_client.js?v=c58539c0:7957:145)
    at performWorkOnRootViaSchedulerTask (http://localhost:3210/node_modules/.vite/deps/react-dom_client.js?v=c58539c0:9059:4)
    at MessagePort.performWorkUntilDeadline (http://localhost:3210/node_modules/.vite/deps/react-dom_client.js?v=c58539c0:36:38)
[   18491ms] [LOG] [HomeComponentRenderer] RENDER: path=ox-hero, index=0, renderCount=1 @ http://localhost:3210/node_modules/.pnpm/@salla.sa+twilight-theme-en_c3cd9c099c8c4c71b5353d842e4aee2e/node_modules/@salla.sa/twilight-theme-engine/dist/chunk-WITIL2MK.js?v=c58539c0:670
[   18491ms] [LOG] [HomeComponentRenderer] RENDER: path=ox-hero, index=0, renderCount=2 @ http://localhost:3210/node_modules/.pnpm/@salla.sa+twilight-theme-en_c3cd9c099c8c4c71b5353d842e4aee2e/node_modules/@salla.sa/twilight-theme-engine/dist/chunk-WITIL2MK.js?v=c58539c0:670
[   18492ms] [LOG] [HomeComponentRenderer] RENDER: path=ox-trust-strip, index=1, renderCount=1 @ http://localhost:3210/node_modules/.pnpm/@salla.sa+twilight-theme-en_c3cd9c099c8c4c71b5353d842e4aee2e/node_modules/@salla.sa/twilight-theme-engine/dist/chunk-WITIL2MK.js?v=c58539c0:670
[   18493ms] [LOG] [HomeComponentRenderer] RENDER: path=ox-trust-strip, index=1, renderCount=2 @ http://localhost:3210/node_modules/.pnpm/@salla.sa+twilight-theme-en_c3cd9c099c8c4c71b5353d842e4aee2e/node_modules/@salla.sa/twilight-theme-engine/dist/chunk-WITIL2MK.js?v=c58539c0:670
[   18495ms] [LOG] [HomeComponentRenderer] RENDER: path=ox-goals, index=2, renderCount=1 @ http://localhost:3210/node_modules/.pnpm/@salla.sa+twilight-theme-en_c3cd9c099c8c4c71b5353d842e4aee2e/node_modules/@salla.sa/twilight-theme-engine/dist/chunk-WITIL2MK.js?v=c58539c0:670
[   18495ms] [LOG] [HomeComponentRenderer] RENDER: path=ox-goals, index=2, renderCount=2 @ http://localhost:3210/node_modules/.pnpm/@salla.sa+twilight-theme-en_c3cd9c099c8c4c71b5353d842e4aee2e/node_modules/@salla.sa/twilight-theme-engine/dist/chunk-WITIL2MK.js?v=c58539c0:670
[   18495ms] [LOG] [HomeComponentRenderer] RENDER: path=ox-products, index=3, renderCount=1 @ http://localhost:3210/node_modules/.pnpm/@salla.sa+twilight-theme-en_c3cd9c099c8c4c71b5353d842e4aee2e/node_modules/@salla.sa/twilight-theme-engine/dist/chunk-WITIL2MK.js?v=c58539c0:670
[   18495ms] [LOG] [HomeComponentRenderer] RENDER: path=ox-products, index=3, renderCount=2 @ http://localhost:3210/node_modules/.pnpm/@salla.sa+twilight-theme-en_c3cd9c099c8c4c71b5353d842e4aee2e/node_modules/@salla.sa/twilight-theme-engine/dist/chunk-WITIL2MK.js?v=c58539c0:670
[   18497ms] [LOG] [HomeComponentRenderer] RENDER: path=ox-poster, index=4, renderCount=1 @ http://localhost:3210/node_modules/.pnpm/@salla.sa+twilight-theme-en_c3cd9c099c8c4c71b5353d842e4aee2e/node_modules/@salla.sa/twilight-theme-engine/dist/chunk-WITIL2MK.js?v=c58539c0:670
[   18498ms] [LOG] [HomeComponentRenderer] RENDER: path=ox-poster, index=4, renderCount=2 @ http://localhost:3210/node_modules/.pnpm/@salla.sa+twilight-theme-en_c3cd9c099c8c4c71b5353d842e4aee2e/node_modules/@salla.sa/twilight-theme-engine/dist/chunk-WITIL2MK.js?v=c58539c0:670
[   18499ms] [LOG] [HomeComponentRenderer] RENDER: path=ox-posters, index=5, renderCount=1 @ http://localhost:3210/node_modules/.pnpm/@salla.sa+twilight-theme-en_c3cd9c099c8c4c71b5353d842e4aee2e/node_modules/@salla.sa/twilight-theme-engine/dist/chunk-WITIL2MK.js?v=c58539c0:670
[   18499ms] [LOG] [HomeComponentRenderer] RENDER: path=ox-posters, index=5, renderCount=2 @ http://localhost:3210/node_modules/.pnpm/@salla.sa+twilight-theme-en_c3cd9c099c8c4c71b5353d842e4aee2e/node_modules/@salla.sa/twilight-theme-engine/dist/chunk-WITIL2MK.js?v=c58539c0:670
[   18501ms] [LOG] [HomeComponentRenderer] RENDER: path=ox-products-secondary, index=6, renderCount=1 @ http://localhost:3210/node_modules/.pnpm/@salla.sa+twilight-theme-en_c3cd9c099c8c4c71b5353d842e4aee2e/node_modules/@salla.sa/twilight-theme-engine/dist/chunk-WITIL2MK.js?v=c58539c0:670
[   18501ms] [LOG] [HomeComponentRenderer] RENDER: path=ox-products-secondary, index=6, renderCount=2 @ http://localhost:3210/node_modules/.pnpm/@salla.sa+twilight-theme-en_c3cd9c099c8c4c71b5353d842e4aee2e/node_modules/@salla.sa/twilight-theme-engine/dist/chunk-WITIL2MK.js?v=c58539c0:670
[   18503ms] [LOG] [HomeComponentRenderer] RENDER: path=ox-categories, index=7, renderCount=1 @ http://localhost:3210/node_modules/.pnpm/@salla.sa+twilight-theme-en_c3cd9c099c8c4c71b5353d842e4aee2e/node_modules/@salla.sa/twilight-theme-engine/dist/chunk-WITIL2MK.js?v=c58539c0:670
[   18503ms] [LOG] [HomeComponentRenderer] RENDER: path=ox-categories, index=7, renderCount=2 @ http://localhost:3210/node_modules/.pnpm/@salla.sa+twilight-theme-en_c3cd9c099c8c4c71b5353d842e4aee2e/node_modules/@salla.sa/twilight-theme-engine/dist/chunk-WITIL2MK.js?v=c58539c0:670
[   18505ms] [LOG] [HomeComponentRenderer] RENDER: path=ox-brands, index=8, renderCount=1 @ http://localhost:3210/node_modules/.pnpm/@salla.sa+twilight-theme-en_c3cd9c099c8c4c71b5353d842e4aee2e/node_modules/@salla.sa/twilight-theme-engine/dist/chunk-WITIL2MK.js?v=c58539c0:670
[   18506ms] [LOG] [HomeComponentRenderer] RENDER: path=ox-brands, index=8, renderCount=2 @ http://localhost:3210/node_modules/.pnpm/@salla.sa+twilight-theme-en_c3cd9c099c8c4c71b5353d842e4aee2e/node_modules/@salla.sa/twilight-theme-engine/dist/chunk-WITIL2MK.js?v=c58539c0:670
[   18506ms] [LOG] [HomeComponentRenderer] RENDER: path=ox-services, index=9, renderCount=1 @ http://localhost:3210/node_modules/.pnpm/@salla.sa+twilight-theme-en_c3cd9c099c8c4c71b5353d842e4aee2e/node_modules/@salla.sa/twilight-theme-engine/dist/chunk-WITIL2MK.js?v=c58539c0:670
[   18506ms] [LOG] [HomeComponentRenderer] RENDER: path=ox-services, index=9, renderCount=2 @ http://localhost:3210/node_modules/.pnpm/@salla.sa+twilight-theme-en_c3cd9c099c8c4c71b5353d842e4aee2e/node_modules/@salla.sa/twilight-theme-engine/dist/chunk-WITIL2MK.js?v=c58539c0:670
[   18508ms] [LOG] [HomeComponentRenderer] RENDER: path=ox-guides, index=10, renderCount=1 @ http://localhost:3210/node_modules/.pnpm/@salla.sa+twilight-theme-en_c3cd9c099c8c4c71b5353d842e4aee2e/node_modules/@salla.sa/twilight-theme-engine/dist/chunk-WITIL2MK.js?v=c58539c0:670
[   18508ms] [LOG] [HomeComponentRenderer] RENDER: path=ox-guides, index=10, renderCount=2 @ http://localhost:3210/node_modules/.pnpm/@salla.sa+twilight-theme-en_c3cd9c099c8c4c71b5353d842e4aee2e/node_modules/@salla.sa/twilight-theme-engine/dist/chunk-WITIL2MK.js?v=c58539c0:670
[   18509ms] [LOG] [HomeComponentRenderer] RENDER: path=ox-branch, index=11, renderCount=1 @ http://localhost:3210/node_modules/.pnpm/@salla.sa+twilight-theme-en_c3cd9c099c8c4c71b5353d842e4aee2e/node_modules/@salla.sa/twilight-theme-engine/dist/chunk-WITIL2MK.js?v=c58539c0:670
[   18509ms] [LOG] [HomeComponentRenderer] RENDER: path=ox-branch, index=11, renderCount=2 @ http://localhost:3210/node_modules/.pnpm/@salla.sa+twilight-theme-en_c3cd9c099c8c4c71b5353d842e4aee2e/node_modules/@salla.sa/twilight-theme-engine/dist/chunk-WITIL2MK.js?v=c58539c0:670
[   18511ms] [LOG] [HomeComponentRenderer] RENDER: path=ox-certifications, index=12, renderCount=1 @ http://localhost:3210/node_modules/.pnpm/@salla.sa+twilight-theme-en_c3cd9c099c8c4c71b5353d842e4aee2e/node_modules/@salla.sa/twilight-theme-engine/dist/chunk-WITIL2MK.js?v=c58539c0:670
[   18511ms] [LOG] [HomeComponentRenderer] RENDER: path=ox-certifications, index=12, renderCount=2 @ http://localhost:3210/node_modules/.pnpm/@salla.sa+twilight-theme-en_c3cd9c099c8c4c71b5353d842e4aee2e/node_modules/@salla.sa/twilight-theme-engine/dist/chunk-WITIL2MK.js?v=c58539c0:670
[   18512ms] [LOG] [HomeComponentRenderer] RENDER: path=ox-faq, index=13, renderCount=1 @ http://localhost:3210/node_modules/.pnpm/@salla.sa+twilight-theme-en_c3cd9c099c8c4c71b5353d842e4aee2e/node_modules/@salla.sa/twilight-theme-engine/dist/chunk-WITIL2MK.js?v=c58539c0:670
[   18512ms] [LOG] [HomeComponentRenderer] RENDER: path=ox-faq, index=13, renderCount=2 @ http://localhost:3210/node_modules/.pnpm/@salla.sa+twilight-theme-en_c3cd9c099c8c4c71b5353d842e4aee2e/node_modules/@salla.sa/twilight-theme-engine/dist/chunk-WITIL2MK.js?v=c58539c0:670
[   18514ms] [LOG] [HomeComponentRenderer] RENDER: path=ox-newsletter, index=14, renderCount=1 @ http://localhost:3210/node_modules/.pnpm/@salla.sa+twilight-theme-en_c3cd9c099c8c4c71b5353d842e4aee2e/node_modules/@salla.sa/twilight-theme-engine/dist/chunk-WITIL2MK.js?v=c58539c0:670
[   18514ms] [LOG] [HomeComponentRenderer] RENDER: path=ox-newsletter, index=14, renderCount=2 @ http://localhost:3210/node_modules/.pnpm/@salla.sa+twilight-theme-en_c3cd9c099c8c4c71b5353d842e4aee2e/node_modules/@salla.sa/twilight-theme-engine/dist/chunk-WITIL2MK.js?v=c58539c0:670
[   18514ms] [LOG] [HomeComponentRenderer] RENDER: path=ox-banner, index=15, renderCount=1 @ http://localhost:3210/node_modules/.pnpm/@salla.sa+twilight-theme-en_c3cd9c099c8c4c71b5353d842e4aee2e/node_modules/@salla.sa/twilight-theme-engine/dist/chunk-WITIL2MK.js?v=c58539c0:670
[   18514ms] [LOG] [HomeComponentRenderer] RENDER: path=ox-banner, index=15, renderCount=2 @ http://localhost:3210/node_modules/.pnpm/@salla.sa+twilight-theme-en_c3cd9c099c8c4c71b5353d842e4aee2e/node_modules/@salla.sa/twilight-theme-engine/dist/chunk-WITIL2MK.js?v=c58539c0:670
[   18585ms] [LOG] [HomeComponentRenderer] MOUNT: path=ox-hero, index=0, renderCount=2 @ http://localhost:3210/node_modules/.pnpm/@salla.sa+twilight-theme-en_c3cd9c099c8c4c71b5353d842e4aee2e/node_modules/@salla.sa/twilight-theme-engine/dist/chunk-WITIL2MK.js?v=c58539c0:673
[   18586ms] [LOG] [HomeComponentRenderer] MOUNT: path=ox-trust-strip, index=1, renderCount=2 @ http://localhost:3210/node_modules/.pnpm/@salla.sa+twilight-theme-en_c3cd9c099c8c4c71b5353d842e4aee2e/node_modules/@salla.sa/twilight-theme-engine/dist/chunk-WITIL2MK.js?v=c58539c0:673
[   18586ms] [LOG] [HomeComponentRenderer] MOUNT: path=ox-goals, index=2, renderCount=2 @ http://localhost:3210/node_modules/.pnpm/@salla.sa+twilight-theme-en_c3cd9c099c8c4c71b5353d842e4aee2e/node_modules/@salla.sa/twilight-theme-engine/dist/chunk-WITIL2MK.js?v=c58539c0:673
[   18587ms] [LOG] [HomeComponentRenderer] MOUNT: path=ox-products, index=3, renderCount=2 @ http://localhost:3210/node_modules/.pnpm/@salla.sa+twilight-theme-en_c3cd9c099c8c4c71b5353d842e4aee2e/node_modules/@salla.sa/twilight-theme-engine/dist/chunk-WITIL2MK.js?v=c58539c0:673
[   18588ms] [LOG] [HomeComponentRenderer] MOUNT: path=ox-poster, index=4, renderCount=2 @ http://localhost:3210/node_modules/.pnpm/@salla.sa+twilight-theme-en_c3cd9c099c8c4c71b5353d842e4aee2e/node_modules/@salla.sa/twilight-theme-engine/dist/chunk-WITIL2MK.js?v=c58539c0:673
[   18589ms] [LOG] [HomeComponentRenderer] MOUNT: path=ox-posters, index=5, renderCount=2 @ http://localhost:3210/node_modules/.pnpm/@salla.sa+twilight-theme-en_c3cd9c099c8c4c71b5353d842e4aee2e/node_modules/@salla.sa/twilight-theme-engine/dist/chunk-WITIL2MK.js?v=c58539c0:673
[   18589ms] [LOG] [HomeComponentRenderer] MOUNT: path=ox-products-secondary, index=6, renderCount=2 @ http://localhost:3210/node_modules/.pnpm/@salla.sa+twilight-theme-en_c3cd9c099c8c4c71b5353d842e4aee2e/node_modules/@salla.sa/twilight-theme-engine/dist/chunk-WITIL2MK.js?v=c58539c0:673
[   18590ms] [LOG] [HomeComponentRenderer] MOUNT: path=ox-categories, index=7, renderCount=2 @ http://localhost:3210/node_modules/.pnpm/@salla.sa+twilight-theme-en_c3cd9c099c8c4c71b5353d842e4aee2e/node_modules/@salla.sa/twilight-theme-engine/dist/chunk-WITIL2MK.js?v=c58539c0:673
[   18590ms] [LOG] [HomeComponentRenderer] MOUNT: path=ox-brands, index=8, renderCount=2 @ http://localhost:3210/node_modules/.pnpm/@salla.sa+twilight-theme-en_c3cd9c099c8c4c71b5353d842e4aee2e/node_modules/@salla.sa/twilight-theme-engine/dist/chunk-WITIL2MK.js?v=c58539c0:673
[   18596ms] [LOG] [HomeComponentRenderer] MOUNT: path=ox-services, index=9, renderCount=2 @ http://localhost:3210/node_modules/.pnpm/@salla.sa+twilight-theme-en_c3cd9c099c8c4c71b5353d842e4aee2e/node_modules/@salla.sa/twilight-theme-engine/dist/chunk-WITIL2MK.js?v=c58539c0:673
[   18598ms] [LOG] [HomeComponentRenderer] MOUNT: path=ox-guides, index=10, renderCount=2 @ http://localhost:3210/node_modules/.pnpm/@salla.sa+twilight-theme-en_c3cd9c099c8c4c71b5353d842e4aee2e/node_modules/@salla.sa/twilight-theme-engine/dist/chunk-WITIL2MK.js?v=c58539c0:673
[   18599ms] [LOG] [HomeComponentRenderer] MOUNT: path=ox-branch, index=11, renderCount=2 @ http://localhost:3210/node_modules/.pnpm/@salla.sa+twilight-theme-en_c3cd9c099c8c4c71b5353d842e4aee2e/node_modules/@salla.sa/twilight-theme-engine/dist/chunk-WITIL2MK.js?v=c58539c0:673
[   18600ms] [LOG] [HomeComponentRenderer] MOUNT: path=ox-certifications, index=12, renderCount=2 @ http://localhost:3210/node_modules/.pnpm/@salla.sa+twilight-theme-en_c3cd9c099c8c4c71b5353d842e4aee2e/node_modules/@salla.sa/twilight-theme-engine/dist/chunk-WITIL2MK.js?v=c58539c0:673
[   18600ms] [LOG] [HomeComponentRenderer] MOUNT: path=ox-faq, index=13, renderCount=2 @ http://localhost:3210/node_modules/.pnpm/@salla.sa+twilight-theme-en_c3cd9c099c8c4c71b5353d842e4aee2e/node_modules/@salla.sa/twilight-theme-engine/dist/chunk-WITIL2MK.js?v=c58539c0:673
[   18601ms] [LOG] [HomeComponentRenderer] MOUNT: path=ox-newsletter, index=14, renderCount=2 @ http://localhost:3210/node_modules/.pnpm/@salla.sa+twilight-theme-en_c3cd9c099c8c4c71b5353d842e4aee2e/node_modules/@salla.sa/twilight-theme-engine/dist/chunk-WITIL2MK.js?v=c58539c0:673
[   18601ms] [LOG] [HomeComponentRenderer] MOUNT: path=ox-banner, index=15, renderCount=2 @ http://localhost:3210/node_modules/.pnpm/@salla.sa+twilight-theme-en_c3cd9c099c8c4c71b5353d842e4aee2e/node_modules/@salla.sa/twilight-theme-engine/dist/chunk-WITIL2MK.js?v=c58539c0:673
[   52807ms] [LOG] [offline-api] browser: api.salla.dev + cdn.salla.network -> http://127.0.0.1:5178 @ http://localhost:3210/:0
[   54384ms] [INFO] %cDownload the React DevTools for a better development experience: https://react.dev/link/react-devtools font-weight:bold @ http://localhost:3210/node_modules/.vite/deps/react-dom_client.js?v=c58539c0:14335
[   54558ms] [WARNING] [Twilight] Could not hydrate twilight context: no root match in router state @ http://localhost:3210/@vite/client:532
[   54730ms] [ERROR] The result of getServerSnapshot should be cached to avoid an infinite loop @ http://localhost:3210/@vite/client:532
[   54793ms] [ERROR] A tree hydrated but some attributes of the server rendered HTML didn't match the client properties. This won't be patched up. This can happen if a SSR-ed Client Component used:

- A server/client branch `if (typeof window !== 'undefined')`.
- Variable input such as `Date.now()` or `Math.random()` which changes each time it's called.
- Date formatting in a user's locale which doesn't match the server.
- External changing data without sending a snapshot of it along with the HTML.
- Invalid HTML tag nesting.

It can also happen if the client has a browser extension installed which messes with the HTML before React loaded.

%s%s https://react.dev/link/hydration-mismatch 

  ...
    <ThemeDocumentSync>
    <TanStackDocumentSync>
    <NavigationSetup>
      <NavigationProvider navigate={function}>
        <LinkProvider adapter={{...}}>
          <WidgetHead>
          <AppsSnippets>
          <HookSlot>
          <Suspense>
          <OptimalXLayout>
            <div className="app-inner ...">
              <Sprite>
              <SkipLink>
              <Header>
                <header ref={{current:null}} className="store-head..." suppressHydrationWarning={true} ...>
                  <HookSlot>
                  <div>
                  <AnnouncementBar>
                  <UtilityBar>
                  <div className="ox-mainbar">
                    <MainBar>
                      <div className="ox-mainbar...">
                        <Logo width={112} priority={true} className="ox-mainbar...">
                          <Link to="/" className="ox-logo ox..." aria-label="Optimal X">
                            <TanStackLinkAdapter ref={null} to="/" className="ox-logo ox..." aria-label="Optimal X" ...>
                              <a
                                className="ox-logo ox-mainbar__logo active"
                                style={undefined}
                                title={undefined}
                                target={undefined}
                                rel={undefined}
                                onClick={function handleClick}
                                aria-label="Optimal X"
                                data-spa-link=""
                                ref={{current:null}}
                                onBlur={function handleLeave}
                                onFocus={function}
                                onMouseEnter={function}
                                onMouseLeave={function handleLeave}
                                onTouchStart={function handleTouchStart}
+                               href="/search"
-                               href="/"
                                data-status="active"
                                aria-current="page"
                              >
                        ...
                          ...
                            <TanStackLinkAdapter ref={null} to="/latest-pr..." className="ox-nav__link" data-spa-link="">
                              <a
                                className="ox-nav__link"
                                style={undefined}
                                title={undefined}
                                target={undefined}
                                rel={undefined}
                                onClick={function handleClick}
                                aria-label={undefined}
                                data-spa-link=""
                                ref={{current:null}}
                                onBlur={function handleLeave}
                                onFocus={function}
                                onMouseEnter={function}
                                onMouseLeave={function handleLeave}
                                onTouchStart={function handleTouchStart}
+                               href="/search/latest-products"
-                               href="/latest-products"
                              >
+                               المنتجات
                          ...
                            <TanStackLinkAdapter ref={null} to="/search?q=..." className="ox-nav__link" data-spa-link="">
                              <a
                                className="ox-nav__link"
                                style={undefined}
                                title={undefined}
                                target={undefined}
                                rel={undefined}
                                onClick={function handleClick}
                                aria-label={undefined}
                                data-spa-link=""
                                ref={{current:null}}
                                onBlur={function handleLeave}
                                onFocus={function}
                                onMouseEnter={function}
                                onMouseLeave={function handleLeave}
                                onTouchStart={function handleTouchStart}
+                               href="/search/search?q=%D8%A7%D9%84%D9%85%D9%83%D9%85%D9%84%D8%A7%D8%AA"
-                               href="/search?q=%D8%A7%D9%84%D9%85%D9%83%D9%85%D9%84%D8%A7%D8%AA"
                              >
+                               المكملات
                          ...
                            <TanStackLinkAdapter ref={null} to="/search?q=..." className="ox-nav__link" data-spa-link="">
                              <a
                                className="ox-nav__link"
                                style={undefined}
                                title={undefined}
                                target={undefined}
                                rel={undefined}
                                onClick={function handleClick}
                                aria-label={undefined}
                                data-spa-link=""
                                ref={{current:null}}
                                onBlur={function handleLeave}
                                onFocus={function}
                                onMouseEnter={function}
                                onMouseLeave={function handleLeave}
                                onTouchStart={function handleTouchStart}
+                               href="/search/search?q=%D8%A7%D9%84%D8%A8%D8%B1%D9%88%D8%AA%D9%8A%D9%86"
-                               href="/search?q=%D8%A7%D9%84%D8%A8%D8%B1%D9%88%D8%AA%D9%8A%D9%86"
                              >
+                               البروتين
                          ...
                            <TanStackLinkAdapter ref={null} to="/services" className="ox-nav__link" data-spa-link="">
                              <a
                                className="ox-nav__link"
                                style={undefined}
                                title={undefined}
                                target={undefined}
                                rel={undefined}
                                onClick={function handleClick}
                                aria-label={undefined}
                                data-spa-link=""
                                ref={{current:null}}
                                onBlur={function handleLeave}
                                onFocus={function}
                                onMouseEnter={function}
                                onMouseLeave={function handleLeave}
                                onTouchStart={function handleTouchStart}
+                               href="/search/services"
-                               href="/services"
                              >
+                               اسأل قبل أن تشتري
                          ...
                            <TanStackLinkAdapter ref={null} to="/search?q=..." className="ox-nav__link" data-spa-link="">
                              <a
                                className="ox-nav__link"
                                style={undefined}
                                title={undefined}
                                target={undefined}
                                rel={undefined}
                                onClick={function handleClick}
                                aria-label={undefined}
                                data-spa-link=""
                                ref={{current:null}}
                                onBlur={function handleLeave}
                                onFocus={function}
                                onMouseEnter={function}
                                onMouseLeave={function handleLeave}
                                onTouchStart={function handleTouchStart}
+                               href="/search/search?q=%D8%A7%D9%84%D8%AE%D8%B7%D8%B7%20%D8%A7%D9%84%D8%BA%D8%B0%D8%A7..."
-                               href="/search?q=%D8%A7%D9%84%D8%AE%D8%B7%D8%B7%20%D8%A7%D9%84%D8%BA%D8%B0%D8%A7%D8%A6%..."
                              >
+                               الخطط الغذائية
                          ...
                            <TanStackLinkAdapter ref={null} to="/about" className="ox-nav__link" data-spa-link="">
                              <a
                                className="ox-nav__link"
                                style={undefined}
                                title={undefined}
                                target={undefined}
                                rel={undefined}
                                onClick={function handleClick}
                                aria-label={undefined}
                                data-spa-link=""
                                ref={{current:null}}
                                onBlur={function handleLeave}
                                onFocus={function}
                                onMouseEnter={function}
                                onMouseLeave={function handleLeave}
                                onTouchStart={function handleTouchStart}
+                               href="/search/about"
-                               href="/about"
                              >
+                               عن اوبتيمال اكس
                        <SearchField>
                        <div className="ox-mainbar..." ref={{current:null}}>
                          <Link to="/account/w..." className="ox-iconbtn..." aria-label="المفضلة">
                            <TanStackLinkAdapter ref={null} to="/account/w..." className="ox-iconbtn..." ...>
                              <a
                                className="ox-iconbtn ox-wishlist"
                                style={undefined}
                                title={undefined}
                                target={undefined}
                                rel={undefined}
                                onClick={function handleClick}
                                aria-label="المفضلة"
                                data-spa-link=""
                                ref={{current:null}}
                                onBlur={function handleLeave}
                                onFocus={function}
                                onMouseEnter={function}
                                onMouseLeave={function handleLeave}
                                onTouchStart={function handleTouchStart}
+                               href="/search/account/wishlist"
-                               href="/account/wishlist"
                              >
                          ...
                    ...
                      <div className="ox-mobileb..." ref={{current:null}}>
                        <button>
                        <Logo width={108} priority={true} className="ox-mobileb...">
                          <Link to="/" className="ox-logo ox..." aria-label="Optimal X">
                            <TanStackLinkAdapter ref={null} to="/" className="ox-logo ox..." aria-label="Optimal X" ...>
                              <a
                                className="ox-logo ox-mobilebar__logo active"
                                style={undefined}
                                title={undefined}
                                target={undefined}
                                rel={undefined}
                                onClick={function handleClick}
                                aria-label="Optimal X"
                                data-spa-link=""
                                ref={{current:null}}
                                onBlur={function handleLeave}
                                onFocus={function}
                                onMouseEnter={function}
                                onMouseLeave={function handleLeave}
                                onTouchStart={function handleTouchStart}
+                               href="/search"
-                               href="/"
                                data-status="active"
                                aria-current="page"
                              >
                        ...
                  ...
              <main>
              ...
                <nav className="ox-footer_..." aria-label="روابط الصفحة" data-testid="ox-footer-...">
                  ...
                    <div className="ox-footer_...">
                      <ul>
                        <li>
                          <Link to="/about" className="ox-footer_...">
                            <TanStackLinkAdapter ref={null} to="/about" className="ox-footer_..." data-spa-link="">
                              <a
                                className="ox-footer__link"
                                style={undefined}
                                title={undefined}
                                target={undefined}
                                rel={undefined}
                                onClick={function handleClick}
                                aria-label={undefined}
                                data-spa-link=""
                                ref={{current:null}}
                                onBlur={function handleLeave}
                                onFocus={function}
                                onMouseEnter={function}
                                onMouseLeave={function handleLeave}
                                onTouchStart={function handleTouchStart}
+                               href="/search/about"
-                               href="/about"
                              >
+                               من نحن
                  ...
                    <div className="ox-footer_...">
                      <ul>
                        <li>
                          <Link to="/contact" className="ox-footer_...">
                            <TanStackLinkAdapter ref={null} to="/contact" className="ox-footer_..." data-spa-link="">
                              <a
                                className="ox-footer__link"
                                style={undefined}
                                title={undefined}
                                target={undefined}
                                rel={undefined}
                                onClick={function handleClick}
                                aria-label={undefined}
                                data-spa-link=""
                                ref={{current:null}}
                                onBlur={function handleLeave}
                                onFocus={function}
                                onMouseEnter={function}
                                onMouseLeave={function handleLeave}
                                onTouchStart={function handleTouchStart}
+                               href="/search/contact"
-                               href="/contact"
                              >
+                               تواصل معنا
                        <li>
                        <li>
                          <Link to="/services" className="ox-footer_...">
                            <TanStackLinkAdapter ref={null} to="/services" className="ox-footer_..." data-spa-link="">
                              <a
                                className="ox-footer__link"
                                style={undefined}
                                title={undefined}
                                target={undefined}
                                rel={undefined}
                                onClick={function handleClick}
                                aria-label={undefined}
                                data-spa-link=""
                                ref={{current:null}}
                                onBlur={function handleLeave}
                                onFocus={function}
                                onMouseEnter={function}
                                onMouseLeave={function handleLeave}
                                onTouchStart={function handleTouchStart}
+                               href="/search/services"
-                               href="/services"
                              >
+                               الأسئلة الشائعة
                  ...
                    <div className="ox-footer_...">
                      <ul>
                        <li>
                          <Link to="/search?q=..." className="ox-footer_...">
                            <TanStackLinkAdapter ref={null} to="/search?q=..." className="ox-footer_..." data-spa-link="">
                              <a
                                className="ox-footer__link"
                                style={undefined}
                                title={undefined}
                                target={undefined}
                                rel={undefined}
                                onClick={function handleClick}
                                aria-label={undefined}
                                data-spa-link=""
                                ref={{current:null}}
                                onBlur={function handleLeave}
                                onFocus={function}
                                onMouseEnter={function}
                                onMouseLeave={function handleLeave}
                                onTouchStart={function handleTouchStart}
+                               href="/search/search?q=%D8%A7%D9%84%D9%85%D9%83%D9%85%D9%84%D8%A7%D8%AA"
-                               href="/search?q=%D8%A7%D9%84%D9%85%D9%83%D9%85%D9%84%D8%A7%D8%AA"
                              >
+                               المكملات
                        <li>
                          <Link to="/search?q=..." className="ox-footer_...">
                            <TanStackLinkAdapter ref={null} to="/search?q=..." className="ox-footer_..." data-spa-link="">
                              <a
                                className="ox-footer__link"
                                style={undefined}
                                title={undefined}
                                target={undefined}
                                rel={undefined}
                                onClick={function handleClick}
                                aria-label={undefined}
                                data-spa-link=""
                                ref={{current:null}}
                                onBlur={function handleLeave}
                                onFocus={function}
                                onMouseEnter={function}
                                onMouseLeave={function handleLeave}
                                onTouchStart={function handleTouchStart}
+                               href="/search/search?q=%D8%A7%D9%84%D8%A8%D8%B1%D9%88%D8%AA%D9%8A%D9%86"
-                               href="/search?q=%D8%A7%D9%84%D8%A8%D8%B1%D9%88%D8%AA%D9%8A%D9%86"
                              >
+                               البروتين
                        <li>
                          <Link to="/search?q=..." className="ox-footer_...">
                            <TanStackLinkAdapter ref={null} to="/search?q=..." className="ox-footer_..." data-spa-link="">
                              <a
                                className="ox-footer__link"
                                style={undefined}
                                title={undefined}
                                target={undefined}
                                rel={undefined}
                                onClick={function handleClick}
                                aria-label={undefined}
                                data-spa-link=""
                                ref={{current:null}}
                                onBlur={function handleLeave}
                                onFocus={function}
                                onMouseEnter={function}
                                onMouseLeave={function handleLeave}
                                onTouchStart={function handleTouchStart}
+                               href="/search/search?q=%D8%A7%D9%84%D8%AA%D8%BA%D8%B0%D9%8A%D8%A9"
-                               href="/search?q=%D8%A7%D9%84%D8%AA%D8%BA%D8%B0%D9%8A%D8%A9"
                              >
+                               التغذية
                        <li>
                          <Link to="/search?q=..." className="ox-footer_...">
                            <TanStackLinkAdapter ref={null} to="/search?q=..." className="ox-footer_..." data-spa-link="">
                              <a
                                className="ox-footer__link"
                                style={undefined}
                                title={undefined}
                                target={undefined}
                                rel={undefined}
                                onClick={function handleClick}
                                aria-label={undefined}
                                data-spa-link=""
                                ref={{current:null}}
                                onBlur={function handleLeave}
                                onFocus={function}
                                onMouseEnter={function}
                                onMouseLeave={function handleLeave}
                                onTouchStart={function handleTouchStart}
+                               href="/search/search?q=%D8%A7%D9%84%D8%AE%D8%B7%D8%B7%20%D8%A7%D9%84%D8%BA%D8%B0%D8%A7..."
-                               href="/search?q=%D8%A7%D9%84%D8%AE%D8%B7%D8%B7%20%D8%A7%D9%84%D8%BA%D8%B0%D8%A7%D8%A6%..."
                              >
+                               الخطط الغذائية
              ...
            <BottomTabBar>
              <nav className="ox-tabbar" aria-label="تنقل سريع" data-testid="ox-tabbar">
                <ul className="ox-tabbar_...">
                  <li>
                    <Link to="/" className="ox-tab">
                      <TanStackLinkAdapter ref={null} to="/" className="ox-tab" data-spa-link="">
                        <a
+                         className="ox-tab active"
-                         className="ox-tab is-active active"
                          style={undefined}
                          title={undefined}
                          target={undefined}
                          rel={undefined}
                          onClick={function handleClick}
                          aria-label={undefined}
                          data-spa-link=""
                          ref={{current:null}}
                          onBlur={function handleLeave}
                          onFocus={function}
                          onMouseEnter={function}
                          onMouseLeave={function handleLeave}
                          onTouchStart={function handleTouchStart}
+                         href="/search"
-                         href="/"
                          data-status="active"
                          aria-current="page"
                        >
                  <li>
                  <li>
                    <Link to="/search" className="ox-tab">
                      <TanStackLinkAdapter ref={null} to="/search" className="ox-tab" data-spa-link="">
                        <a
                          className="ox-tab"
                          style={undefined}
                          title={undefined}
                          target={undefined}
                          rel={undefined}
                          onClick={function handleClick}
                          aria-label={undefined}
                          data-spa-link=""
                          ref={{current:null}}
                          onBlur={function handleLeave}
                          onFocus={function}
                          onMouseEnter={function}
                          onMouseLeave={function handleLeave}
                          onTouchStart={function handleTouchStart}
+                         href="/search/search"
-                         href="/search"
                        >
                  <li>
                    <Link to="/cart" className="ox-tab">
                      <TanStackLinkAdapter ref={null} to="/cart" className="ox-tab" data-spa-link="">
                        <a
                          className="ox-tab"
                          style={undefined}
                          title={undefined}
                          target={undefined}
                          rel={undefined}
                          onClick={function handleClick}
                          aria-label={undefined}
                          data-spa-link=""
                          ref={{current:null}}
                          onBlur={function handleLeave}
                          onFocus={function}
                          onMouseEnter={function}
                          onMouseLeave={function handleLeave}
                          onTouchStart={function handleTouchStart}
+                         href="/search/cart"
-                         href="/cart"
                        >
                  <li>
                    <Link to="/account/p..." className="ox-tab">
                      <TanStackLinkAdapter ref={null} to="/account/p..." className="ox-tab" data-spa-link="">
                        <a
                          className="ox-tab"
                          style={undefined}
                          title={undefined}
                          target={undefined}
                          rel={undefined}
                          onClick={function handleClick}
                          aria-label={undefined}
                          data-spa-link=""
                          ref={{current:null}}
                          onBlur={function handleLeave}
                          onFocus={function}
                          onMouseEnter={function}
                          onMouseLeave={function handleLeave}
                          onTouchStart={function handleTouchStart}
+                         href="/search/account/profile"
-                         href="/account/profile"
                        >
            ...
          ...
 @ http://localhost:3210/@vite/client:532
[   55756ms] [ERROR] A tree hydrated but some attributes of the server rendered HTML didn't match the client properties. This won't be patched up. This can happen if a SSR-ed Client Component used:

- A server/client branch `if (typeof window !== 'undefined')`.
- Variable input such as `Date.now()` or `Math.random()` which changes each time it's called.
- Date formatting in a user's locale which doesn't match the server.
- External changing data without sending a snapshot of it along with the HTML.
- Invalid HTML tag nesting.

It can also happen if the client has a browser extension installed which messes with the HTML before React loaded.

%s%s https://react.dev/link/hydration-mismatch 

  ...
    <div className="app-inner ...">
      <Sprite>
      <SkipLink>
      <Header>
      <main>
      <Footer>
        <footer className="store-foot..." suppressHydrationWarning={true} data-testid="ox-footer">
          <HookSlot>
          <div>
          <FooterBottom>
            <div className="ox-footer_..." data-testid="ox-footer-...">
              <span>
              <div className="ox-footer_...">
                <p className="ox-footer_...">
                  <Suspense fallback={null}>
                    <HookSlot name="copyright" context={{...}} fallback={<Copyright>}>
                      <Copyright storeName="Optimal X">
                        <Link to="/" className="hover:text...">
                          <TanStackLinkAdapter ref={null} to="/" className="hover:text..." data-spa-link="">
                            <a
                              className="hover:text-primary active"
                              style={undefined}
                              title={undefined}
                              target={undefined}
                              rel={undefined}
                              onClick={function handleClick}
                              aria-label={undefined}
                              data-spa-link=""
                              ref={{current:null}}
                              onBlur={function handleLeave}
                              onFocus={function}
                              onMouseEnter={function}
                              onMouseLeave={function handleLeave}
                              onTouchStart={function handleTouchStart}
+                             href="/search"
-                             href="/"
                              data-status="active"
                              aria-current="page"
                            >
+                             Optimal X
                        ...
          ...
      ...
 @ http://localhost:3210/@vite/client:532
[   55807ms] [LOG] [HomeComponentRenderer] RENDER: path=ox-hero, index=0, renderCount=1 @ http://localhost:3210/node_modules/.pnpm/@salla.sa+twilight-theme-en_c3cd9c099c8c4c71b5353d842e4aee2e/node_modules/@salla.sa/twilight-theme-engine/dist/chunk-WITIL2MK.js?v=c58539c0:670
[   55808ms] [LOG] [HomeComponentRenderer] RENDER: path=ox-hero, index=0, renderCount=2 @ http://localhost:3210/node_modules/.pnpm/@salla.sa+twilight-theme-en_c3cd9c099c8c4c71b5353d842e4aee2e/node_modules/@salla.sa/twilight-theme-engine/dist/chunk-WITIL2MK.js?v=c58539c0:670
[   55862ms] [LOG] [HomeComponentRenderer] RENDER: path=ox-hero, index=0, renderCount=1 @ http://localhost:3210/node_modules/.pnpm/@salla.sa+twilight-theme-en_c3cd9c099c8c4c71b5353d842e4aee2e/node_modules/@salla.sa/twilight-theme-engine/dist/chunk-WITIL2MK.js?v=c58539c0:670
[   55863ms] [LOG] [HomeComponentRenderer] RENDER: path=ox-hero, index=0, renderCount=2 @ http://localhost:3210/node_modules/.pnpm/@salla.sa+twilight-theme-en_c3cd9c099c8c4c71b5353d842e4aee2e/node_modules/@salla.sa/twilight-theme-engine/dist/chunk-WITIL2MK.js?v=c58539c0:670
[   55864ms] [LOG] [HomeComponentRenderer] RENDER: path=ox-trust-strip, index=1, renderCount=1 @ http://localhost:3210/node_modules/.pnpm/@salla.sa+twilight-theme-en_c3cd9c099c8c4c71b5353d842e4aee2e/node_modules/@salla.sa/twilight-theme-engine/dist/chunk-WITIL2MK.js?v=c58539c0:670
[   55865ms] [LOG] [HomeComponentRenderer] RENDER: path=ox-trust-strip, index=1, renderCount=2 @ http://localhost:3210/node_modules/.pnpm/@salla.sa+twilight-theme-en_c3cd9c099c8c4c71b5353d842e4aee2e/node_modules/@salla.sa/twilight-theme-engine/dist/chunk-WITIL2MK.js?v=c58539c0:670
[   55871ms] [LOG] [HomeComponentRenderer] RENDER: path=ox-goals, index=2, renderCount=1 @ http://localhost:3210/node_modules/.pnpm/@salla.sa+twilight-theme-en_c3cd9c099c8c4c71b5353d842e4aee2e/node_modules/@salla.sa/twilight-theme-engine/dist/chunk-WITIL2MK.js?v=c58539c0:670
[   55872ms] [LOG] [HomeComponentRenderer] RENDER: path=ox-goals, index=2, renderCount=2 @ http://localhost:3210/node_modules/.pnpm/@salla.sa+twilight-theme-en_c3cd9c099c8c4c71b5353d842e4aee2e/node_modules/@salla.sa/twilight-theme-engine/dist/chunk-WITIL2MK.js?v=c58539c0:670
[   55873ms] [LOG] [HomeComponentRenderer] RENDER: path=ox-products, index=3, renderCount=1 @ http://localhost:3210/node_modules/.pnpm/@salla.sa+twilight-theme-en_c3cd9c099c8c4c71b5353d842e4aee2e/node_modules/@salla.sa/twilight-theme-engine/dist/chunk-WITIL2MK.js?v=c58539c0:670
[   55873ms] [LOG] [HomeComponentRenderer] RENDER: path=ox-products, index=3, renderCount=2 @ http://localhost:3210/node_modules/.pnpm/@salla.sa+twilight-theme-en_c3cd9c099c8c4c71b5353d842e4aee2e/node_modules/@salla.sa/twilight-theme-engine/dist/chunk-WITIL2MK.js?v=c58539c0:670
[   55875ms] [LOG] [HomeComponentRenderer] RENDER: path=ox-poster, index=4, renderCount=1 @ http://localhost:3210/node_modules/.pnpm/@salla.sa+twilight-theme-en_c3cd9c099c8c4c71b5353d842e4aee2e/node_modules/@salla.sa/twilight-theme-engine/dist/chunk-WITIL2MK.js?v=c58539c0:670
[   55876ms] [LOG] [HomeComponentRenderer] RENDER: path=ox-poster, index=4, renderCount=2 @ http://localhost:3210/node_modules/.pnpm/@salla.sa+twilight-theme-en_c3cd9c099c8c4c71b5353d842e4aee2e/node_modules/@salla.sa/twilight-theme-engine/dist/chunk-WITIL2MK.js?v=c58539c0:670
[   55877ms] [LOG] [HomeComponentRenderer] RENDER: path=ox-posters, index=5, renderCount=1 @ http://localhost:3210/node_modules/.pnpm/@salla.sa+twilight-theme-en_c3cd9c099c8c4c71b5353d842e4aee2e/node_modules/@salla.sa/twilight-theme-engine/dist/chunk-WITIL2MK.js?v=c58539c0:670
[   55877ms] [LOG] [HomeComponentRenderer] RENDER: path=ox-posters, index=5, renderCount=2 @ http://localhost:3210/node_modules/.pnpm/@salla.sa+twilight-theme-en_c3cd9c099c8c4c71b5353d842e4aee2e/node_modules/@salla.sa/twilight-theme-engine/dist/chunk-WITIL2MK.js?v=c58539c0:670
[   55878ms] [LOG] [HomeComponentRenderer] RENDER: path=ox-products-secondary, index=6, renderCount=1 @ http://localhost:3210/node_modules/.pnpm/@salla.sa+twilight-theme-en_c3cd9c099c8c4c71b5353d842e4aee2e/node_modules/@salla.sa/twilight-theme-engine/dist/chunk-WITIL2MK.js?v=c58539c0:670
[   55879ms] [LOG] [HomeComponentRenderer] RENDER: path=ox-products-secondary, index=6, renderCount=2 @ http://localhost:3210/node_modules/.pnpm/@salla.sa+twilight-theme-en_c3cd9c099c8c4c71b5353d842e4aee2e/node_modules/@salla.sa/twilight-theme-engine/dist/chunk-WITIL2MK.js?v=c58539c0:670
[   55881ms] [LOG] [HomeComponentRenderer] RENDER: path=ox-categories, index=7, renderCount=1 @ http://localhost:3210/node_modules/.pnpm/@salla.sa+twilight-theme-en_c3cd9c099c8c4c71b5353d842e4aee2e/node_modules/@salla.sa/twilight-theme-engine/dist/chunk-WITIL2MK.js?v=c58539c0:670
[   55882ms] [LOG] [HomeComponentRenderer] RENDER: path=ox-categories, index=7, renderCount=2 @ http://localhost:3210/node_modules/.pnpm/@salla.sa+twilight-theme-en_c3cd9c099c8c4c71b5353d842e4aee2e/node_modules/@salla.sa/twilight-theme-engine/dist/chunk-WITIL2MK.js?v=c58539c0:670
[   55889ms] [LOG] [HomeComponentRenderer] RENDER: path=ox-brands, index=8, renderCount=1 @ http://localhost:3210/node_modules/.pnpm/@salla.sa+twilight-theme-en_c3cd9c099c8c4c71b5353d842e4aee2e/node_modules/@salla.sa/twilight-theme-engine/dist/chunk-WITIL2MK.js?v=c58539c0:670
[   55890ms] [LOG] [HomeComponentRenderer] RENDER: path=ox-brands, index=8, renderCount=2 @ http://localhost:3210/node_modules/.pnpm/@salla.sa+twilight-theme-en_c3cd9c099c8c4c71b5353d842e4aee2e/node_modules/@salla.sa/twilight-theme-engine/dist/chunk-WITIL2MK.js?v=c58539c0:670
[   55890ms] [LOG] [HomeComponentRenderer] RENDER: path=ox-services, index=9, renderCount=1 @ http://localhost:3210/node_modules/.pnpm/@salla.sa+twilight-theme-en_c3cd9c099c8c4c71b5353d842e4aee2e/node_modules/@salla.sa/twilight-theme-engine/dist/chunk-WITIL2MK.js?v=c58539c0:670
[   55890ms] [LOG] [HomeComponentRenderer] RENDER: path=ox-services, index=9, renderCount=2 @ http://localhost:3210/node_modules/.pnpm/@salla.sa+twilight-theme-en_c3cd9c099c8c4c71b5353d842e4aee2e/node_modules/@salla.sa/twilight-theme-engine/dist/chunk-WITIL2MK.js?v=c58539c0:670
[   55892ms] [LOG] [HomeComponentRenderer] RENDER: path=ox-guides, index=10, renderCount=1 @ http://localhost:3210/node_modules/.pnpm/@salla.sa+twilight-theme-en_c3cd9c099c8c4c71b5353d842e4aee2e/node_modules/@salla.sa/twilight-theme-engine/dist/chunk-WITIL2MK.js?v=c58539c0:670
[   55892ms] [LOG] [HomeComponentRenderer] RENDER: path=ox-guides, index=10, renderCount=2 @ http://localhost:3210/node_modules/.pnpm/@salla.sa+twilight-theme-en_c3cd9c099c8c4c71b5353d842e4aee2e/node_modules/@salla.sa/twilight-theme-engine/dist/chunk-WITIL2MK.js?v=c58539c0:670
[   55893ms] [LOG] [HomeComponentRenderer] RENDER: path=ox-branch, index=11, renderCount=1 @ http://localhost:3210/node_modules/.pnpm/@salla.sa+twilight-theme-en_c3cd9c099c8c4c71b5353d842e4aee2e/node_modules/@salla.sa/twilight-theme-engine/dist/chunk-WITIL2MK.js?v=c58539c0:670
[   55894ms] [LOG] [HomeComponentRenderer] RENDER: path=ox-branch, index=11, renderCount=2 @ http://localhost:3210/node_modules/.pnpm/@salla.sa+twilight-theme-en_c3cd9c099c8c4c71b5353d842e4aee2e/node_modules/@salla.sa/twilight-theme-engine/dist/chunk-WITIL2MK.js?v=c58539c0:670
[   55895ms] [LOG] [HomeComponentRenderer] RENDER: path=ox-certifications, index=12, renderCount=1 @ http://localhost:3210/node_modules/.pnpm/@salla.sa+twilight-theme-en_c3cd9c099c8c4c71b5353d842e4aee2e/node_modules/@salla.sa/twilight-theme-engine/dist/chunk-WITIL2MK.js?v=c58539c0:670
[   55895ms] [LOG] [HomeComponentRenderer] RENDER: path=ox-certifications, index=12, renderCount=2 @ http://localhost:3210/node_modules/.pnpm/@salla.sa+twilight-theme-en_c3cd9c099c8c4c71b5353d842e4aee2e/node_modules/@salla.sa/twilight-theme-engine/dist/chunk-WITIL2MK.js?v=c58539c0:670
[   55897ms] [LOG] [HomeComponentRenderer] RENDER: path=ox-faq, index=13, renderCount=1 @ http://localhost:3210/node_modules/.pnpm/@salla.sa+twilight-theme-en_c3cd9c099c8c4c71b5353d842e4aee2e/node_modules/@salla.sa/twilight-theme-engine/dist/chunk-WITIL2MK.js?v=c58539c0:670
[   55897ms] [LOG] [HomeComponentRenderer] RENDER: path=ox-faq, index=13, renderCount=2 @ http://localhost:3210/node_modules/.pnpm/@salla.sa+twilight-theme-en_c3cd9c099c8c4c71b5353d842e4aee2e/node_modules/@salla.sa/twilight-theme-engine/dist/chunk-WITIL2MK.js?v=c58539c0:670
[   55904ms] [LOG] [HomeComponentRenderer] RENDER: path=ox-newsletter, index=14, renderCount=1 @ http://localhost:3210/node_modules/.pnpm/@salla.sa+twilight-theme-en_c3cd9c099c8c4c71b5353d842e4aee2e/node_modules/@salla.sa/twilight-theme-engine/dist/chunk-WITIL2MK.js?v=c58539c0:670
[   55904ms] [LOG] [HomeComponentRenderer] RENDER: path=ox-newsletter, index=14, renderCount=2 @ http://localhost:3210/node_modules/.pnpm/@salla.sa+twilight-theme-en_c3cd9c099c8c4c71b5353d842e4aee2e/node_modules/@salla.sa/twilight-theme-engine/dist/chunk-WITIL2MK.js?v=c58539c0:670
[   55905ms] [LOG] [HomeComponentRenderer] RENDER: path=ox-banner, index=15, renderCount=1 @ http://localhost:3210/node_modules/.pnpm/@salla.sa+twilight-theme-en_c3cd9c099c8c4c71b5353d842e4aee2e/node_modules/@salla.sa/twilight-theme-engine/dist/chunk-WITIL2MK.js?v=c58539c0:670
[   55905ms] [LOG] [HomeComponentRenderer] RENDER: path=ox-banner, index=15, renderCount=2 @ http://localhost:3210/node_modules/.pnpm/@salla.sa+twilight-theme-en_c3cd9c099c8c4c71b5353d842e4aee2e/node_modules/@salla.sa/twilight-theme-engine/dist/chunk-WITIL2MK.js?v=c58539c0:670
[   55908ms] [LOG] [HomeComponentRenderer] MOUNT: path=ox-hero, index=0, renderCount=2 @ http://localhost:3210/node_modules/.pnpm/@salla.sa+twilight-theme-en_c3cd9c099c8c4c71b5353d842e4aee2e/node_modules/@salla.sa/twilight-theme-engine/dist/chunk-WITIL2MK.js?v=c58539c0:673
[   55909ms] [LOG] [HomeComponentRenderer] MOUNT: path=ox-trust-strip, index=1, renderCount=2 @ http://localhost:3210/node_modules/.pnpm/@salla.sa+twilight-theme-en_c3cd9c099c8c4c71b5353d842e4aee2e/node_modules/@salla.sa/twilight-theme-engine/dist/chunk-WITIL2MK.js?v=c58539c0:673
[   55910ms] [LOG] [HomeComponentRenderer] MOUNT: path=ox-goals, index=2, renderCount=2 @ http://localhost:3210/node_modules/.pnpm/@salla.sa+twilight-theme-en_c3cd9c099c8c4c71b5353d842e4aee2e/node_modules/@salla.sa/twilight-theme-engine/dist/chunk-WITIL2MK.js?v=c58539c0:673
[   55910ms] [LOG] [HomeComponentRenderer] MOUNT: path=ox-products, index=3, renderCount=2 @ http://localhost:3210/node_modules/.pnpm/@salla.sa+twilight-theme-en_c3cd9c099c8c4c71b5353d842e4aee2e/node_modules/@salla.sa/twilight-theme-engine/dist/chunk-WITIL2MK.js?v=c58539c0:673
[   55911ms] [LOG] [HomeComponentRenderer] MOUNT: path=ox-poster, index=4, renderCount=2 @ http://localhost:3210/node_modules/.pnpm/@salla.sa+twilight-theme-en_c3cd9c099c8c4c71b5353d842e4aee2e/node_modules/@salla.sa/twilight-theme-engine/dist/chunk-WITIL2MK.js?v=c58539c0:673
[   55912ms] [LOG] [HomeComponentRenderer] MOUNT: path=ox-posters, index=5, renderCount=2 @ http://localhost:3210/node_modules/.pnpm/@salla.sa+twilight-theme-en_c3cd9c099c8c4c71b5353d842e4aee2e/node_modules/@salla.sa/twilight-theme-engine/dist/chunk-WITIL2MK.js?v=c58539c0:673
[   55912ms] [LOG] [HomeComponentRenderer] MOUNT: path=ox-products-secondary, index=6, renderCount=2 @ http://localhost:3210/node_modules/.pnpm/@salla.sa+twilight-theme-en_c3cd9c099c8c4c71b5353d842e4aee2e/node_modules/@salla.sa/twilight-theme-engine/dist/chunk-WITIL2MK.js?v=c58539c0:673
[   55913ms] [LOG] [HomeComponentRenderer] MOUNT: path=ox-categories, index=7, renderCount=2 @ http://localhost:3210/node_modules/.pnpm/@salla.sa+twilight-theme-en_c3cd9c099c8c4c71b5353d842e4aee2e/node_modules/@salla.sa/twilight-theme-engine/dist/chunk-WITIL2MK.js?v=c58539c0:673
[   55914ms] [LOG] [HomeComponentRenderer] MOUNT: path=ox-brands, index=8, renderCount=2 @ http://localhost:3210/node_modules/.pnpm/@salla.sa+twilight-theme-en_c3cd9c099c8c4c71b5353d842e4aee2e/node_modules/@salla.sa/twilight-theme-engine/dist/chunk-WITIL2MK.js?v=c58539c0:673
[   55915ms] [LOG] [HomeComponentRenderer] MOUNT: path=ox-services, index=9, renderCount=2 @ http://localhost:3210/node_modules/.pnpm/@salla.sa+twilight-theme-en_c3cd9c099c8c4c71b5353d842e4aee2e/node_modules/@salla.sa/twilight-theme-engine/dist/chunk-WITIL2MK.js?v=c58539c0:673
[   55915ms] [LOG] [HomeComponentRenderer] MOUNT: path=ox-guides, index=10, renderCount=2 @ http://localhost:3210/node_modules/.pnpm/@salla.sa+twilight-theme-en_c3cd9c099c8c4c71b5353d842e4aee2e/node_modules/@salla.sa/twilight-theme-engine/dist/chunk-WITIL2MK.js?v=c58539c0:673
[   55917ms] [LOG] [HomeComponentRenderer] MOUNT: path=ox-branch, index=11, renderCount=2 @ http://localhost:3210/node_modules/.pnpm/@salla.sa+twilight-theme-en_c3cd9c099c8c4c71b5353d842e4aee2e/node_modules/@salla.sa/twilight-theme-engine/dist/chunk-WITIL2MK.js?v=c58539c0:673
[   55918ms] [LOG] [HomeComponentRenderer] MOUNT: path=ox-certifications, index=12, renderCount=2 @ http://localhost:3210/node_modules/.pnpm/@salla.sa+twilight-theme-en_c3cd9c099c8c4c71b5353d842e4aee2e/node_modules/@salla.sa/twilight-theme-engine/dist/chunk-WITIL2MK.js?v=c58539c0:673
[   55920ms] [LOG] [HomeComponentRenderer] MOUNT: path=ox-faq, index=13, renderCount=2 @ http://localhost:3210/node_modules/.pnpm/@salla.sa+twilight-theme-en_c3cd9c099c8c4c71b5353d842e4aee2e/node_modules/@salla.sa/twilight-theme-engine/dist/chunk-WITIL2MK.js?v=c58539c0:673
[   55921ms] [LOG] [HomeComponentRenderer] MOUNT: path=ox-newsletter, index=14, renderCount=2 @ http://localhost:3210/node_modules/.pnpm/@salla.sa+twilight-theme-en_c3cd9c099c8c4c71b5353d842e4aee2e/node_modules/@salla.sa/twilight-theme-engine/dist/chunk-WITIL2MK.js?v=c58539c0:673
[   55922ms] [LOG] [HomeComponentRenderer] MOUNT: path=ox-banner, index=15, renderCount=2 @ http://localhost:3210/node_modules/.pnpm/@salla.sa+twilight-theme-en_c3cd9c099c8c4c71b5353d842e4aee2e/node_modules/@salla.sa/twilight-theme-engine/dist/chunk-WITIL2MK.js?v=c58539c0:673
[   55966ms] [ERROR] A tree hydrated but some attributes of the server rendered HTML didn't match the client properties. This won't be patched up. This can happen if a SSR-ed Client Component used:

- A server/client branch `if (typeof window !== 'undefined')`.
- Variable input such as `Date.now()` or `Math.random()` which changes each time it's called.
- Date formatting in a user's locale which doesn't match the server.
- External changing data without sending a snapshot of it along with the HTML.
- Invalid HTML tag nesting.

It can also happen if the client has a browser extension installed which messes with the HTML before React loaded.

%s%s https://react.dev/link/hydration-mismatch 

  ...
    <RenderWhenVisible2 rootMargin="50px" className="s-block s-..." id={undefined} estimatedHeight="clamp(480p..." ...>
      <section ref={undefined} className="s-block s-..." id={undefined} style={{...}}>
        <Suspense fallback={<HeroSkeleton>}>
          <ComponentErrorBoundary data={{path:"ox-hero", ...}} position={1}>
            <OxHero data={{path:"ox-hero", ...}}>
              <section className="ox-hero ox..." data-testid="ox-hero">
                <div>
                <div className="ox-hero__i...">
                  <div className="ox-hero__text">
                    <p>
                    <h1>
                    <p>
                    <div className="ox-hero__a...">
                      <Button>
                      <Button to="/services" variant="secondary" size={48} className="ox-cta-pill">
                        <Link to="/services" ref={function setRefs} className="ox-btn ox-..." aria-disabled={undefined} ...>
                          <TanStackLinkAdapter ref={function setRefs} to="/services" className="ox-btn ox-..." ...>
                            <a
                              className="ox-btn ox-btn--secondary ox-btn--s48 ox-cta-pill"
                              style={{}}
                              title={undefined}
                              target={undefined}
                              rel={undefined}
                              onClick={function handleClick}
                              aria-label={undefined}
                              aria-disabled={undefined}
                              aria-busy={undefined}
                              data-spa-link=""
                              ref={function}
                              onBlur={function handleLeave}
                              onFocus={function}
                              onMouseEnter={function}
                              onMouseLeave={function handleLeave}
                              onTouchStart={function handleTouchStart}
+                             href="/search/services"
-                             href="/services"
                            >
          ...
 @ http://localhost:3210/@vite/client:532
[   55993ms] [ERROR] A tree hydrated but some attributes of the server rendered HTML didn't match the client properties. This won't be patched up. This can happen if a SSR-ed Client Component used:

- A server/client branch `if (typeof window !== 'undefined')`.
- Variable input such as `Date.now()` or `Math.random()` which changes each time it's called.
- Date formatting in a user's locale which doesn't match the server.
- External changing data without sending a snapshot of it along with the HTML.
- Invalid HTML tag nesting.

It can also happen if the client has a browser extension installed which messes with the HTML before React loaded.

%s%s https://react.dev/link/hydration-mismatch 

  ...
    <RenderWhenVisible2 rootMargin="50px" className="s-block s-..." id={undefined} estimatedHeight="clamp(332p..." ...>
      <section ref={undefined} className="s-block s-..." id={undefined} style={{...}}>
        <Suspense fallback={<GoalsSkeleton>}>
          <ComponentErrorBoundary data={{path:"ox-g...", ...}} position={3}>
            <OxGoals data={{path:"ox-g...", ...}}>
              <section className="ox-goals" id="ox-goals" data-testid="ox-goals">
                <div className="ox-container">
                  <SectionHeader>
                  <ul className="ox-goals__..." ref={{current:null}}>
                    <li style={{--i:"0"}}>
                      <GoalCard slug="goal-energy" label="الطاقة وال..." line="ما قبل الت..." icon="goal-energy" ...>
                        <Link to="/search?q=..." className="ox-goal" data-testid="ox-goal-card" data-goal="goal-energy" ...>
                          <TanStackLinkAdapter ref={null} to="/search?q=..." className="ox-goal" ...>
                            <a
                              className="ox-goal"
                              style={{--i:"0"}}
                              title={undefined}
                              target={undefined}
                              rel={undefined}
                              onClick={function handleClick}
                              aria-label={undefined}
                              data-testid="ox-goal-card"
                              data-goal="goal-energy"
                              data-spa-link=""
                              ref={{current:null}}
                              onBlur={function handleLeave}
                              onFocus={function}
                              onMouseEnter={function}
                              onMouseLeave={function handleLeave}
                              onTouchStart={function handleTouchStart}
+                             href="/search/search?q=%D9%85%D9%83%D9%85%D9%84%D8%A7%D8%AA%20%D8%A7%D9%84%D8%B7%D8%A7%D..."
-                             href="/search?q=%D9%85%D9%83%D9%85%D9%84%D8%A7%D8%AA%20%D8%A7%D9%84%D8%B7%D8%A7%D9%82%D8%A9"
                            >
                    <li style={{--i:"1"}}>
                      <GoalCard slug="goal-gener..." label="الصحة العامة" line="ملتي فيتام..." icon="goal-gener..." ...>
                        <Link to="/search?q=..." className="ox-goal" data-testid="ox-goal-card" data-goal="goal-gener..." ...>
                          <TanStackLinkAdapter ref={null} to="/search?q=..." className="ox-goal" ...>
                            <a
                              className="ox-goal"
                              style={{--i:"1"}}
                              title={undefined}
                              target={undefined}
                              rel={undefined}
                              onClick={function handleClick}
                              aria-label={undefined}
                              data-testid="ox-goal-card"
                              data-goal="goal-general-health"
                              data-spa-link=""
                              ref={{current:null}}
                              onBlur={function handleLeave}
                              onFocus={function}
                              onMouseEnter={function}
                              onMouseLeave={function handleLeave}
                              onTouchStart={function handleTouchStart}
+                             href="/search/search?q=%D9%85%D9%83%D9%85%D9%84%D8%A7%D8%AA%20%D8%A7%D9%84%D8%B5%D8%AD%D..."
-                             href="/search?q=%D9%85%D9%83%D9%85%D9%84%D8%A7%D8%AA%20%D8%A7%D9%84%D8%B5%D8%AD%D8%A9%20..."
                            >
                    <li style={{--i:"2"}}>
                      <GoalCard slug="goal-perfo..." label="الأداء وبن..." line="بروتين، كر..." icon="goal-perfo..." ...>
                        <Link to="/search?q=..." className="ox-goal" data-testid="ox-goal-card" data-goal="goal-perfo..." ...>
                          <TanStackLinkAdapter ref={null} to="/search?q=..." className="ox-goal" ...>
                            <a
                              className="ox-goal"
                              style={{--i:"2"}}
                              title={undefined}
                              target={undefined}
                              rel={undefined}
                              onClick={function handleClick}
                              aria-label={undefined}
                              data-testid="ox-goal-card"
                              data-goal="goal-performance"
                              data-spa-link=""
                              ref={{current:null}}
                              onBlur={function handleLeave}
                              onFocus={function}
                              onMouseEnter={function}
                              onMouseLeave={function handleLeave}
                              onTouchStart={function handleTouchStart}
+                             href="/search/search?q=%D9%85%D9%83%D9%85%D9%84%D8%A7%D8%AA%20%D8%A7%D9%84%D8%A3%D8%AF%D..."
-                             href="/search?q=%D9%85%D9%83%D9%85%D9%84%D8%A7%D8%AA%20%D8%A7%D9%84%D8%A3%D8%AF%D8%A7%D8..."
                            >
                    <li style={{--i:"3"}}>
                      <GoalCard slug="goal-recovery" label="التعافي بع..." line="بروتين، كا..." icon="goal-recovery" ...>
                        <Link to="/search?q=..." className="ox-goal" data-testid="ox-goal-card" data-goal="goal-recovery" ...>
                          <TanStackLinkAdapter ref={null} to="/search?q=..." className="ox-goal" ...>
                            <a
                              className="ox-goal"
                              style={{--i:"3"}}
                              title={undefined}
                              target={undefined}
                              rel={undefined}
                              onClick={function handleClick}
                              aria-label={undefined}
                              data-testid="ox-goal-card"
                              data-goal="goal-recovery"
                              data-spa-link=""
                              ref={{current:null}}
                              onBlur={function handleLeave}
                              onFocus={function}
                              onMouseEnter={function}
                              onMouseLeave={function handleLeave}
                              onTouchStart={function handleTouchStart}
+                             href="/search/search?q=%D9%85%D9%83%D9%85%D9%84%D8%A7%D8%AA%20%D8%A7%D9%84%D8%AA%D8%B9%D..."
-                             href="/search?q=%D9%85%D9%83%D9%85%D9%84%D8%A7%D8%AA%20%D8%A7%D9%84%D8%AA%D8%B9%D8%A7%D9..."
                            >
                    <li style={{--i:"4"}}>
                      <GoalCard slug="goal-hair-..." label="الشعر والب..." line="كولاجين، ب..." icon="goal-hair-..." ...>
                        <Link to="/search?q=..." className="ox-goal" data-testid="ox-goal-card" data-goal="goal-hair-..." ...>
                          <TanStackLinkAdapter ref={null} to="/search?q=..." className="ox-goal" ...>
                            <a
                              className="ox-goal"
                              style={{--i:"4"}}
                              title={undefined}
                              target={undefined}
                              rel={undefined}
                              onClick={function handleClick}
                              aria-label={undefined}
                              data-testid="ox-goal-card"
                              data-goal="goal-hair-skin"
                              data-spa-link=""
                              ref={{current:null}}
                              onBlur={function handleLeave}
                              onFocus={function}
                              onMouseEnter={function}
                              onMouseLeave={function handleLeave}
                              onTouchStart={function handleTouchStart}
+                             href="/search/search?q=%D9%85%D9%83%D9%85%D9%84%D8%A7%D8%AA%20%D8%A7%D9%84%D8%B4%D8%B9%D..."
-                             href="/search?q=%D9%85%D9%83%D9%85%D9%84%D8%A7%D8%AA%20%D8%A7%D9%84%D8%B4%D8%B9%D8%B1%20..."
                            >
                    <li style={{--i:"5"}}>
                      <GoalCard slug="goal-ideal..." label="الوزن المثالي" line="ماس جينر، ..." icon="goal-ideal..." ...>
                        <Link to="/search?q=..." className="ox-goal" data-testid="ox-goal-card" data-goal="goal-ideal..." ...>
                          <TanStackLinkAdapter ref={null} to="/search?q=..." className="ox-goal" ...>
                            <a
                              className="ox-goal"
                              style={{--i:"5"}}
                              title={undefined}
                              target={undefined}
                              rel={undefined}
                              onClick={function handleClick}
                              aria-label={undefined}
                              data-testid="ox-goal-card"
                              data-goal="goal-ideal-weight"
                              data-spa-link=""
                              ref={{current:null}}
                              onBlur={function handleLeave}
                              onFocus={function}
                              onMouseEnter={function}
                              onMouseLeave={function handleLeave}
                              onTouchStart={function handleTouchStart}
+                             href="/search/search?q=%D9%85%D9%83%D9%85%D9%84%D8%A7%D8%AA%20%D8%A7%D9%84%D9%88%D8%B2%D..."
-                             href="/search?q=%D9%85%D9%83%D9%85%D9%84%D8%A7%D8%AA%20%D8%A7%D9%84%D9%88%D8%B2%D9%86%20..."
                            >
          ...
 @ http://localhost:3210/@vite/client:532
[  483804ms] [LOG] [offline-api] browser: api.salla.dev + cdn.salla.network -> http://127.0.0.1:5178 @ http://localhost:3210/%D8%AD%D8%B2%D9%85%D8%A9-%D8%A7%D9%84%D8%A8%D8%AF%D8%A7%D9%8A%D8%A9-%D9%88%D8%A7%D9%8A-%D9%88%D9%83%D8%B1%D9%8A%D8%A7%D8%AA%D9%8A%D9%86-%D9%88%D9%85%D9%84%D8%AA%D9%8A-%D9%81%D9%8A%D8%AA%D8%A7%D9%85%D9%8A%D9%86-%D8%A7%D9%88%D8%A8%D8%AA%D9%8A%D9%85%D8%A7%D9%84-%D8%A7%D9%83%D8%B3/p1141798217:0
[  484795ms] [INFO] %cDownload the React DevTools for a better development experience: https://react.dev/link/react-devtools font-weight:bold @ http://localhost:3210/node_modules/.vite/deps/react-dom_client.js?v=c58539c0:14335
[  484984ms] [WARNING] [Twilight] Could not hydrate twilight context: no root match in router state @ http://localhost:3210/@vite/client:532
[  485155ms] [ERROR] The result of getServerSnapshot should be cached to avoid an infinite loop @ http://localhost:3210/@vite/client:532
[  485962ms] Error: Hydration failed because the server rendered HTML didn't match the client. As a result this tree will be regenerated on the client. This can happen if a SSR-ed Client Component used:

- A server/client branch `if (typeof window !== 'undefined')`.
- Variable input such as `Date.now()` or `Math.random()` which changes each time it's called.
- Date formatting in a user's locale which doesn't match the server.
- External changing data without sending a snapshot of it along with the HTML.
- Invalid HTML tag nesting.

It can also happen if the client has a browser extension installed which messes with the HTML before React loaded.

https://react.dev/link/hydration-mismatch

  ...
    <Matches>
      <Transitioner>
      <SafeFragment fallback={<Context>}>
        <MatchesInner>
          <CatchBoundary getResetKey={function getResetKey} onCatch={function}>
            <MatchImpl routeId="__root__">
              <MatchView router={{...}} match={{id:"__root__/", ...}}>
                <RootComponent>
                  <html lang="ar" dir="rtl" suppressHydrationWarning={true}>
                    <head>
                    <body suppressHydrationWarning={true}>
                      <noscript>
                      <TwilightProvider>
                      <Suspense fallback={null}>
                        <TanStackRouterDevtools position="bottom-right">
+                         <div ref={{current:null}}>
                      ...

    at throwOnHydrationMismatch (http://localhost:3210/node_modules/.vite/deps/react-dom_client.js?v=c58539c0:2968:51)
    at beginWork (http://localhost:3210/node_modules/.vite/deps/react-dom_client.js?v=c58539c0:6200:914)
    at runWithFiberInDEV (http://localhost:3210/node_modules/.vite/deps/react-dom_client.js?v=c58539c0:851:66)
    at performUnitOfWork (http://localhost:3210/node_modules/.vite/deps/react-dom_client.js?v=c58539c0:8429:92)
    at workLoopConcurrentByScheduler (http://localhost:3210/node_modules/.vite/deps/react-dom_client.js?v=c58539c0:8425:55)
    at renderRootConcurrent (http://localhost:3210/node_modules/.vite/deps/react-dom_client.js?v=c58539c0:8408:64)
    at performWorkOnRoot (http://localhost:3210/node_modules/.vite/deps/react-dom_client.js?v=c58539c0:7957:145)
    at performWorkOnRootViaSchedulerTask (http://localhost:3210/node_modules/.vite/deps/react-dom_client.js?v=c58539c0:9059:4)
    at MessagePort.performWorkUntilDeadline (http://localhost:3210/node_modules/.vite/deps/react-dom_client.js?v=c58539c0:36:38)
[  486772ms] [ERROR] TypeError: Cannot read properties of null (reading 'length')
    at v.render (https://cdn.assets.salla.network/dev/@salla.sa/twilight/9b1ad668bb386735f64a045e4c13b4c5508ad4c8/p-8f2ecff5.entry.js:4:25557)
    at Yt (https://cdn.assets.salla.network/dev/@salla.sa/twilight/9b1ad668bb386735f64a045e4c13b4c5508ad4c8/p-Cz6ID6IN.js:4:19885)
    at qt (https://cdn.assets.salla.network/dev/@salla.sa/twilight/9b1ad668bb386735f64a045e4c13b4c5508ad4c8/p-Cz6ID6IN.js:4:19696)
    at https://cdn.assets.salla.network/dev/@salla.sa/twilight/9b1ad668bb386735f64a045e4c13b4c5508ad4c8/p-Cz6ID6IN.js:4:19351 JSHandle@node @ http://localhost:3210/@vite/client:532
[  486993ms] [ERROR] TypeError: Cannot read properties of null (reading 'length')
    at v.emitPromotionViewed (https://cdn.assets.salla.network/dev/@salla.sa/twilight/9b1ad668bb386735f64a045e4c13b4c5508ad4c8/p-8f2ecff5.entry.js:4:22121)
    at v.componentDidLoad (https://cdn.assets.salla.network/dev/@salla.sa/twilight/9b1ad668bb386735f64a045e4c13b4c5508ad4c8/p-8f2ecff5.entry.js:4:25334)
    at Kt (https://cdn.assets.salla.network/dev/@salla.sa/twilight/9b1ad668bb386735f64a045e4c13b4c5508ad4c8/p-Cz6ID6IN.js:4:22621)
    at Gt (https://cdn.assets.salla.network/dev/@salla.sa/twilight/9b1ad668bb386735f64a045e4c13b4c5508ad4c8/p-Cz6ID6IN.js:4:22203)
    at e (https://cdn.assets.salla.network/dev/@salla.sa/twilight/9b1ad668bb386735f64a045e4c13b4c5508ad4c8/p-Cz6ID6IN.js:4:19785)
    at qt (https://cdn.assets.salla.network/dev/@salla.sa/twilight/9b1ad668bb386735f64a045e4c13b4c5508ad4c8/p-Cz6ID6IN.js:4:19804)
    at https://cdn.assets.salla.network/dev/@salla.sa/twilight/9b1ad668bb386735f64a045e4c13b4c5508ad4c8/p-Cz6ID6IN.js:4:19351 JSHandle@node @ http://localhost:3210/@vite/client:532
[  533186ms] [LOG] [HomeComponentRenderer] RENDER: path=ox-hero, index=0, renderCount=1 @ http://localhost:3210/node_modules/.pnpm/@salla.sa+twilight-theme-en_c3cd9c099c8c4c71b5353d842e4aee2e/node_modules/@salla.sa/twilight-theme-engine/dist/chunk-WITIL2MK.js?v=c58539c0:670
[  533187ms] [LOG] [HomeComponentRenderer] RENDER: path=ox-hero, index=0, renderCount=2 @ http://localhost:3210/node_modules/.pnpm/@salla.sa+twilight-theme-en_c3cd9c099c8c4c71b5353d842e4aee2e/node_modules/@salla.sa/twilight-theme-engine/dist/chunk-WITIL2MK.js?v=c58539c0:670
[  533202ms] [LOG] [HomeComponentRenderer] RENDER: path=ox-trust-strip, index=1, renderCount=1 @ http://localhost:3210/node_modules/.pnpm/@salla.sa+twilight-theme-en_c3cd9c099c8c4c71b5353d842e4aee2e/node_modules/@salla.sa/twilight-theme-engine/dist/chunk-WITIL2MK.js?v=c58539c0:670
[  533203ms] [LOG] [HomeComponentRenderer] RENDER: path=ox-trust-strip, index=1, renderCount=2 @ http://localhost:3210/node_modules/.pnpm/@salla.sa+twilight-theme-en_c3cd9c099c8c4c71b5353d842e4aee2e/node_modules/@salla.sa/twilight-theme-engine/dist/chunk-WITIL2MK.js?v=c58539c0:670
[  533212ms] [LOG] [HomeComponentRenderer] RENDER: path=ox-goals, index=2, renderCount=1 @ http://localhost:3210/node_modules/.pnpm/@salla.sa+twilight-theme-en_c3cd9c099c8c4c71b5353d842e4aee2e/node_modules/@salla.sa/twilight-theme-engine/dist/chunk-WITIL2MK.js?v=c58539c0:670
[  533212ms] [LOG] [HomeComponentRenderer] RENDER: path=ox-goals, index=2, renderCount=2 @ http://localhost:3210/node_modules/.pnpm/@salla.sa+twilight-theme-en_c3cd9c099c8c4c71b5353d842e4aee2e/node_modules/@salla.sa/twilight-theme-engine/dist/chunk-WITIL2MK.js?v=c58539c0:670
[  533232ms] [LOG] [HomeComponentRenderer] RENDER: path=ox-products, index=3, renderCount=1 @ http://localhost:3210/node_modules/.pnpm/@salla.sa+twilight-theme-en_c3cd9c099c8c4c71b5353d842e4aee2e/node_modules/@salla.sa/twilight-theme-engine/dist/chunk-WITIL2MK.js?v=c58539c0:670
[  533232ms] [LOG] [HomeComponentRenderer] RENDER: path=ox-products, index=3, renderCount=2 @ http://localhost:3210/node_modules/.pnpm/@salla.sa+twilight-theme-en_c3cd9c099c8c4c71b5353d842e4aee2e/node_modules/@salla.sa/twilight-theme-engine/dist/chunk-WITIL2MK.js?v=c58539c0:670
[  533236ms] [LOG] [HomeComponentRenderer] RENDER: path=ox-poster, index=4, renderCount=1 @ http://localhost:3210/node_modules/.pnpm/@salla.sa+twilight-theme-en_c3cd9c099c8c4c71b5353d842e4aee2e/node_modules/@salla.sa/twilight-theme-engine/dist/chunk-WITIL2MK.js?v=c58539c0:670
[  533236ms] [LOG] [HomeComponentRenderer] RENDER: path=ox-poster, index=4, renderCount=2 @ http://localhost:3210/node_modules/.pnpm/@salla.sa+twilight-theme-en_c3cd9c099c8c4c71b5353d842e4aee2e/node_modules/@salla.sa/twilight-theme-engine/dist/chunk-WITIL2MK.js?v=c58539c0:670
[  533237ms] [LOG] [HomeComponentRenderer] RENDER: path=ox-posters, index=5, renderCount=1 @ http://localhost:3210/node_modules/.pnpm/@salla.sa+twilight-theme-en_c3cd9c099c8c4c71b5353d842e4aee2e/node_modules/@salla.sa/twilight-theme-engine/dist/chunk-WITIL2MK.js?v=c58539c0:670
[  533237ms] [LOG] [HomeComponentRenderer] RENDER: path=ox-posters, index=5, renderCount=2 @ http://localhost:3210/node_modules/.pnpm/@salla.sa+twilight-theme-en_c3cd9c099c8c4c71b5353d842e4aee2e/node_modules/@salla.sa/twilight-theme-engine/dist/chunk-WITIL2MK.js?v=c58539c0:670
[  533239ms] [LOG] [HomeComponentRenderer] RENDER: path=ox-products-secondary, index=6, renderCount=1 @ http://localhost:3210/node_modules/.pnpm/@salla.sa+twilight-theme-en_c3cd9c099c8c4c71b5353d842e4aee2e/node_modules/@salla.sa/twilight-theme-engine/dist/chunk-WITIL2MK.js?v=c58539c0:670
[  533239ms] [LOG] [HomeComponentRenderer] RENDER: path=ox-products-secondary, index=6, renderCount=2 @ http://localhost:3210/node_modules/.pnpm/@salla.sa+twilight-theme-en_c3cd9c099c8c4c71b5353d842e4aee2e/node_modules/@salla.sa/twilight-theme-engine/dist/chunk-WITIL2MK.js?v=c58539c0:670
[  533241ms] [LOG] [HomeComponentRenderer] RENDER: path=ox-categories, index=7, renderCount=1 @ http://localhost:3210/node_modules/.pnpm/@salla.sa+twilight-theme-en_c3cd9c099c8c4c71b5353d842e4aee2e/node_modules/@salla.sa/twilight-theme-engine/dist/chunk-WITIL2MK.js?v=c58539c0:670
[  533242ms] [LOG] [HomeComponentRenderer] RENDER: path=ox-categories, index=7, renderCount=2 @ http://localhost:3210/node_modules/.pnpm/@salla.sa+twilight-theme-en_c3cd9c099c8c4c71b5353d842e4aee2e/node_modules/@salla.sa/twilight-theme-engine/dist/chunk-WITIL2MK.js?v=c58539c0:670
[  533244ms] [LOG] [HomeComponentRenderer] RENDER: path=ox-brands, index=8, renderCount=1 @ http://localhost:3210/node_modules/.pnpm/@salla.sa+twilight-theme-en_c3cd9c099c8c4c71b5353d842e4aee2e/node_modules/@salla.sa/twilight-theme-engine/dist/chunk-WITIL2MK.js?v=c58539c0:670
[  533244ms] [LOG] [HomeComponentRenderer] RENDER: path=ox-brands, index=8, renderCount=2 @ http://localhost:3210/node_modules/.pnpm/@salla.sa+twilight-theme-en_c3cd9c099c8c4c71b5353d842e4aee2e/node_modules/@salla.sa/twilight-theme-engine/dist/chunk-WITIL2MK.js?v=c58539c0:670
[  533245ms] [LOG] [HomeComponentRenderer] RENDER: path=ox-services, index=9, renderCount=1 @ http://localhost:3210/node_modules/.pnpm/@salla.sa+twilight-theme-en_c3cd9c099c8c4c71b5353d842e4aee2e/node_modules/@salla.sa/twilight-theme-engine/dist/chunk-WITIL2MK.js?v=c58539c0:670
[  533245ms] [LOG] [HomeComponentRenderer] RENDER: path=ox-services, index=9, renderCount=2 @ http://localhost:3210/node_modules/.pnpm/@salla.sa+twilight-theme-en_c3cd9c099c8c4c71b5353d842e4aee2e/node_modules/@salla.sa/twilight-theme-engine/dist/chunk-WITIL2MK.js?v=c58539c0:670
[  533247ms] [LOG] [HomeComponentRenderer] RENDER: path=ox-guides, index=10, renderCount=1 @ http://localhost:3210/node_modules/.pnpm/@salla.sa+twilight-theme-en_c3cd9c099c8c4c71b5353d842e4aee2e/node_modules/@salla.sa/twilight-theme-engine/dist/chunk-WITIL2MK.js?v=c58539c0:670
[  533248ms] [LOG] [HomeComponentRenderer] RENDER: path=ox-guides, index=10, renderCount=2 @ http://localhost:3210/node_modules/.pnpm/@salla.sa+twilight-theme-en_c3cd9c099c8c4c71b5353d842e4aee2e/node_modules/@salla.sa/twilight-theme-engine/dist/chunk-WITIL2MK.js?v=c58539c0:670
[  533249ms] [LOG] [HomeComponentRenderer] RENDER: path=ox-branch, index=11, renderCount=1 @ http://localhost:3210/node_modules/.pnpm/@salla.sa+twilight-theme-en_c3cd9c099c8c4c71b5353d842e4aee2e/node_modules/@salla.sa/twilight-theme-engine/dist/chunk-WITIL2MK.js?v=c58539c0:670
[  533249ms] [LOG] [HomeComponentRenderer] RENDER: path=ox-branch, index=11, renderCount=2 @ http://localhost:3210/node_modules/.pnpm/@salla.sa+twilight-theme-en_c3cd9c099c8c4c71b5353d842e4aee2e/node_modules/@salla.sa/twilight-theme-engine/dist/chunk-WITIL2MK.js?v=c58539c0:670
[  533251ms] [LOG] [HomeComponentRenderer] RENDER: path=ox-certifications, index=12, renderCount=1 @ http://localhost:3210/node_modules/.pnpm/@salla.sa+twilight-theme-en_c3cd9c099c8c4c71b5353d842e4aee2e/node_modules/@salla.sa/twilight-theme-engine/dist/chunk-WITIL2MK.js?v=c58539c0:670
[  533252ms] [LOG] [HomeComponentRenderer] RENDER: path=ox-certifications, index=12, renderCount=2 @ http://localhost:3210/node_modules/.pnpm/@salla.sa+twilight-theme-en_c3cd9c099c8c4c71b5353d842e4aee2e/node_modules/@salla.sa/twilight-theme-engine/dist/chunk-WITIL2MK.js?v=c58539c0:670
[  533253ms] [LOG] [HomeComponentRenderer] RENDER: path=ox-faq, index=13, renderCount=1 @ http://localhost:3210/node_modules/.pnpm/@salla.sa+twilight-theme-en_c3cd9c099c8c4c71b5353d842e4aee2e/node_modules/@salla.sa/twilight-theme-engine/dist/chunk-WITIL2MK.js?v=c58539c0:670
[  533253ms] [LOG] [HomeComponentRenderer] RENDER: path=ox-faq, index=13, renderCount=2 @ http://localhost:3210/node_modules/.pnpm/@salla.sa+twilight-theme-en_c3cd9c099c8c4c71b5353d842e4aee2e/node_modules/@salla.sa/twilight-theme-engine/dist/chunk-WITIL2MK.js?v=c58539c0:670
[  533256ms] [LOG] [HomeComponentRenderer] RENDER: path=ox-newsletter, index=14, renderCount=1 @ http://localhost:3210/node_modules/.pnpm/@salla.sa+twilight-theme-en_c3cd9c099c8c4c71b5353d842e4aee2e/node_modules/@salla.sa/twilight-theme-engine/dist/chunk-WITIL2MK.js?v=c58539c0:670
[  533257ms] [LOG] [HomeComponentRenderer] RENDER: path=ox-newsletter, index=14, renderCount=2 @ http://localhost:3210/node_modules/.pnpm/@salla.sa+twilight-theme-en_c3cd9c099c8c4c71b5353d842e4aee2e/node_modules/@salla.sa/twilight-theme-engine/dist/chunk-WITIL2MK.js?v=c58539c0:670
[  533257ms] [LOG] [HomeComponentRenderer] RENDER: path=ox-banner, index=15, renderCount=1 @ http://localhost:3210/node_modules/.pnpm/@salla.sa+twilight-theme-en_c3cd9c099c8c4c71b5353d842e4aee2e/node_modules/@salla.sa/twilight-theme-engine/dist/chunk-WITIL2MK.js?v=c58539c0:670
[  533258ms] [LOG] [HomeComponentRenderer] RENDER: path=ox-banner, index=15, renderCount=2 @ http://localhost:3210/node_modules/.pnpm/@salla.sa+twilight-theme-en_c3cd9c099c8c4c71b5353d842e4aee2e/node_modules/@salla.sa/twilight-theme-engine/dist/chunk-WITIL2MK.js?v=c58539c0:670
[  533306ms] [LOG] [HomeComponentRenderer] MOUNT: path=ox-hero, index=0, renderCount=2 @ http://localhost:3210/node_modules/.pnpm/@salla.sa+twilight-theme-en_c3cd9c099c8c4c71b5353d842e4aee2e/node_modules/@salla.sa/twilight-theme-engine/dist/chunk-WITIL2MK.js?v=c58539c0:673
[  533307ms] [LOG] [HomeComponentRenderer] MOUNT: path=ox-trust-strip, index=1, renderCount=2 @ http://localhost:3210/node_modules/.pnpm/@salla.sa+twilight-theme-en_c3cd9c099c8c4c71b5353d842e4aee2e/node_modules/@salla.sa/twilight-theme-engine/dist/chunk-WITIL2MK.js?v=c58539c0:673
[  533308ms] [LOG] [HomeComponentRenderer] MOUNT: path=ox-goals, index=2, renderCount=2 @ http://localhost:3210/node_modules/.pnpm/@salla.sa+twilight-theme-en_c3cd9c099c8c4c71b5353d842e4aee2e/node_modules/@salla.sa/twilight-theme-engine/dist/chunk-WITIL2MK.js?v=c58539c0:673
[  533308ms] [LOG] [HomeComponentRenderer] MOUNT: path=ox-products, index=3, renderCount=2 @ http://localhost:3210/node_modules/.pnpm/@salla.sa+twilight-theme-en_c3cd9c099c8c4c71b5353d842e4aee2e/node_modules/@salla.sa/twilight-theme-engine/dist/chunk-WITIL2MK.js?v=c58539c0:673
[  533309ms] [LOG] [HomeComponentRenderer] MOUNT: path=ox-poster, index=4, renderCount=2 @ http://localhost:3210/node_modules/.pnpm/@salla.sa+twilight-theme-en_c3cd9c099c8c4c71b5353d842e4aee2e/node_modules/@salla.sa/twilight-theme-engine/dist/chunk-WITIL2MK.js?v=c58539c0:673
[  533309ms] [LOG] [HomeComponentRenderer] MOUNT: path=ox-posters, index=5, renderCount=2 @ http://localhost:3210/node_modules/.pnpm/@salla.sa+twilight-theme-en_c3cd9c099c8c4c71b5353d842e4aee2e/node_modules/@salla.sa/twilight-theme-engine/dist/chunk-WITIL2MK.js?v=c58539c0:673
[  533310ms] [LOG] [HomeComponentRenderer] MOUNT: path=ox-products-secondary, index=6, renderCount=2 @ http://localhost:3210/node_modules/.pnpm/@salla.sa+twilight-theme-en_c3cd9c099c8c4c71b5353d842e4aee2e/node_modules/@salla.sa/twilight-theme-engine/dist/chunk-WITIL2MK.js?v=c58539c0:673
[  533310ms] [LOG] [HomeComponentRenderer] MOUNT: path=ox-categories, index=7, renderCount=2 @ http://localhost:3210/node_modules/.pnpm/@salla.sa+twilight-theme-en_c3cd9c099c8c4c71b5353d842e4aee2e/node_modules/@salla.sa/twilight-theme-engine/dist/chunk-WITIL2MK.js?v=c58539c0:673
[  533311ms] [LOG] [HomeComponentRenderer] MOUNT: path=ox-brands, index=8, renderCount=2 @ http://localhost:3210/node_modules/.pnpm/@salla.sa+twilight-theme-en_c3cd9c099c8c4c71b5353d842e4aee2e/node_modules/@salla.sa/twilight-theme-engine/dist/chunk-WITIL2MK.js?v=c58539c0:673
[  533311ms] [LOG] [HomeComponentRenderer] MOUNT: path=ox-services, index=9, renderCount=2 @ http://localhost:3210/node_modules/.pnpm/@salla.sa+twilight-theme-en_c3cd9c099c8c4c71b5353d842e4aee2e/node_modules/@salla.sa/twilight-theme-engine/dist/chunk-WITIL2MK.js?v=c58539c0:673
[  533312ms] [LOG] [HomeComponentRenderer] MOUNT: path=ox-guides, index=10, renderCount=2 @ http://localhost:3210/node_modules/.pnpm/@salla.sa+twilight-theme-en_c3cd9c099c8c4c71b5353d842e4aee2e/node_modules/@salla.sa/twilight-theme-engine/dist/chunk-WITIL2MK.js?v=c58539c0:673
[  533312ms] [LOG] [HomeComponentRenderer] MOUNT: path=ox-branch, index=11, renderCount=2 @ http://localhost:3210/node_modules/.pnpm/@salla.sa+twilight-theme-en_c3cd9c099c8c4c71b5353d842e4aee2e/node_modules/@salla.sa/twilight-theme-engine/dist/chunk-WITIL2MK.js?v=c58539c0:673
[  533313ms] [LOG] [HomeComponentRenderer] MOUNT: path=ox-certifications, index=12, renderCount=2 @ http://localhost:3210/node_modules/.pnpm/@salla.sa+twilight-theme-en_c3cd9c099c8c4c71b5353d842e4aee2e/node_modules/@salla.sa/twilight-theme-engine/dist/chunk-WITIL2MK.js?v=c58539c0:673
[  533314ms] [LOG] [HomeComponentRenderer] MOUNT: path=ox-faq, index=13, renderCount=2 @ http://localhost:3210/node_modules/.pnpm/@salla.sa+twilight-theme-en_c3cd9c099c8c4c71b5353d842e4aee2e/node_modules/@salla.sa/twilight-theme-engine/dist/chunk-WITIL2MK.js?v=c58539c0:673
[  533314ms] [LOG] [HomeComponentRenderer] MOUNT: path=ox-newsletter, index=14, renderCount=2 @ http://localhost:3210/node_modules/.pnpm/@salla.sa+twilight-theme-en_c3cd9c099c8c4c71b5353d842e4aee2e/node_modules/@salla.sa/twilight-theme-engine/dist/chunk-WITIL2MK.js?v=c58539c0:673
[  533315ms] [LOG] [HomeComponentRenderer] MOUNT: path=ox-banner, index=15, renderCount=2 @ http://localhost:3210/node_modules/.pnpm/@salla.sa+twilight-theme-en_c3cd9c099c8c4c71b5353d842e4aee2e/node_modules/@salla.sa/twilight-theme-engine/dist/chunk-WITIL2MK.js?v=c58539c0:673
[  533328ms] [LOG] [HomeComponentRenderer] UNMOUNT: path=ox-hero, index=0 @ http://localhost:3210/node_modules/.pnpm/@salla.sa+twilight-theme-en_c3cd9c099c8c4c71b5353d842e4aee2e/node_modules/@salla.sa/twilight-theme-engine/dist/chunk-WITIL2MK.js?v=c58539c0:675
[  533328ms] [LOG] [HomeComponentRenderer] UNMOUNT: path=ox-trust-strip, index=1 @ http://localhost:3210/node_modules/.pnpm/@salla.sa+twilight-theme-en_c3cd9c099c8c4c71b5353d842e4aee2e/node_modules/@salla.sa/twilight-theme-engine/dist/chunk-WITIL2MK.js?v=c58539c0:675
[  533329ms] [LOG] [HomeComponentRenderer] UNMOUNT: path=ox-goals, index=2 @ http://localhost:3210/node_modules/.pnpm/@salla.sa+twilight-theme-en_c3cd9c099c8c4c71b5353d842e4aee2e/node_modules/@salla.sa/twilight-theme-engine/dist/chunk-WITIL2MK.js?v=c58539c0:675
[  533329ms] [LOG] [HomeComponentRenderer] UNMOUNT: path=ox-products, index=3 @ http://localhost:3210/node_modules/.pnpm/@salla.sa+twilight-theme-en_c3cd9c099c8c4c71b5353d842e4aee2e/node_modules/@salla.sa/twilight-theme-engine/dist/chunk-WITIL2MK.js?v=c58539c0:675
[  533329ms] [LOG] [HomeComponentRenderer] UNMOUNT: path=ox-poster, index=4 @ http://localhost:3210/node_modules/.pnpm/@salla.sa+twilight-theme-en_c3cd9c099c8c4c71b5353d842e4aee2e/node_modules/@salla.sa/twilight-theme-engine/dist/chunk-WITIL2MK.js?v=c58539c0:675
[  533329ms] [LOG] [HomeComponentRenderer] UNMOUNT: path=ox-posters, index=5 @ http://localhost:3210/node_modules/.pnpm/@salla.sa+twilight-theme-en_c3cd9c099c8c4c71b5353d842e4aee2e/node_modules/@salla.sa/twilight-theme-engine/dist/chunk-WITIL2MK.js?v=c58539c0:675
[  533330ms] [LOG] [HomeComponentRenderer] UNMOUNT: path=ox-products-secondary, index=6 @ http://localhost:3210/node_modules/.pnpm/@salla.sa+twilight-theme-en_c3cd9c099c8c4c71b5353d842e4aee2e/node_modules/@salla.sa/twilight-theme-engine/dist/chunk-WITIL2MK.js?v=c58539c0:675
[  533330ms] [LOG] [HomeComponentRenderer] UNMOUNT: path=ox-categories, index=7 @ http://localhost:3210/node_modules/.pnpm/@salla.sa+twilight-theme-en_c3cd9c099c8c4c71b5353d842e4aee2e/node_modules/@salla.sa/twilight-theme-engine/dist/chunk-WITIL2MK.js?v=c58539c0:675
[  533330ms] [LOG] [HomeComponentRenderer] UNMOUNT: path=ox-brands, index=8 @ http://localhost:3210/node_modules/.pnpm/@salla.sa+twilight-theme-en_c3cd9c099c8c4c71b5353d842e4aee2e/node_modules/@salla.sa/twilight-theme-engine/dist/chunk-WITIL2MK.js?v=c58539c0:675
[  533331ms] [LOG] [HomeComponentRenderer] UNMOUNT: path=ox-services, index=9 @ http://localhost:3210/node_modules/.pnpm/@salla.sa+twilight-theme-en_c3cd9c099c8c4c71b5353d842e4aee2e/node_modules/@salla.sa/twilight-theme-engine/dist/chunk-WITIL2MK.js?v=c58539c0:675
[  533332ms] [LOG] [HomeComponentRenderer] UNMOUNT: path=ox-guides, index=10 @ http://localhost:3210/node_modules/.pnpm/@salla.sa+twilight-theme-en_c3cd9c099c8c4c71b5353d842e4aee2e/node_modules/@salla.sa/twilight-theme-engine/dist/chunk-WITIL2MK.js?v=c58539c0:675
[  533332ms] [LOG] [HomeComponentRenderer] UNMOUNT: path=ox-branch, index=11 @ http://localhost:3210/node_modules/.pnpm/@salla.sa+twilight-theme-en_c3cd9c099c8c4c71b5353d842e4aee2e/node_modules/@salla.sa/twilight-theme-engine/dist/chunk-WITIL2MK.js?v=c58539c0:675
[  533332ms] [LOG] [HomeComponentRenderer] UNMOUNT: path=ox-certifications, index=12 @ http://localhost:3210/node_modules/.pnpm/@salla.sa+twilight-theme-en_c3cd9c099c8c4c71b5353d842e4aee2e/node_modules/@salla.sa/twilight-theme-engine/dist/chunk-WITIL2MK.js?v=c58539c0:675
[  533333ms] [LOG] [HomeComponentRenderer] UNMOUNT: path=ox-faq, index=13 @ http://localhost:3210/node_modules/.pnpm/@salla.sa+twilight-theme-en_c3cd9c099c8c4c71b5353d842e4aee2e/node_modules/@salla.sa/twilight-theme-engine/dist/chunk-WITIL2MK.js?v=c58539c0:675
[  533333ms] [LOG] [HomeComponentRenderer] UNMOUNT: path=ox-newsletter, index=14 @ http://localhost:3210/node_modules/.pnpm/@salla.sa+twilight-theme-en_c3cd9c099c8c4c71b5353d842e4aee2e/node_modules/@salla.sa/twilight-theme-engine/dist/chunk-WITIL2MK.js?v=c58539c0:675
[  533333ms] [LOG] [HomeComponentRenderer] UNMOUNT: path=ox-banner, index=15 @ http://localhost:3210/node_modules/.pnpm/@salla.sa+twilight-theme-en_c3cd9c099c8c4c71b5353d842e4aee2e/node_modules/@salla.sa/twilight-theme-engine/dist/chunk-WITIL2MK.js?v=c58539c0:675
[  533342ms] [LOG] [HomeComponentRenderer] MOUNT: path=ox-hero, index=0, renderCount=2 @ http://localhost:3210/node_modules/.pnpm/@salla.sa+twilight-theme-en_c3cd9c099c8c4c71b5353d842e4aee2e/node_modules/@salla.sa/twilight-theme-engine/dist/chunk-WITIL2MK.js?v=c58539c0:673
[  533342ms] [LOG] [HomeComponentRenderer] MOUNT: path=ox-trust-strip, index=1, renderCount=2 @ http://localhost:3210/node_modules/.pnpm/@salla.sa+twilight-theme-en_c3cd9c099c8c4c71b5353d842e4aee2e/node_modules/@salla.sa/twilight-theme-engine/dist/chunk-WITIL2MK.js?v=c58539c0:673
[  533343ms] [LOG] [HomeComponentRenderer] MOUNT: path=ox-goals, index=2, renderCount=2 @ http://localhost:3210/node_modules/.pnpm/@salla.sa+twilight-theme-en_c3cd9c099c8c4c71b5353d842e4aee2e/node_modules/@salla.sa/twilight-theme-engine/dist/chunk-WITIL2MK.js?v=c58539c0:673
[  533343ms] [LOG] [HomeComponentRenderer] MOUNT: path=ox-products, index=3, renderCount=2 @ http://localhost:3210/node_modules/.pnpm/@salla.sa+twilight-theme-en_c3cd9c099c8c4c71b5353d842e4aee2e/node_modules/@salla.sa/twilight-theme-engine/dist/chunk-WITIL2MK.js?v=c58539c0:673
[  533343ms] [LOG] [HomeComponentRenderer] MOUNT: path=ox-poster, index=4, renderCount=2 @ http://localhost:3210/node_modules/.pnpm/@salla.sa+twilight-theme-en_c3cd9c099c8c4c71b5353d842e4aee2e/node_modules/@salla.sa/twilight-theme-engine/dist/chunk-WITIL2MK.js?v=c58539c0:673
[  533344ms] [LOG] [HomeComponentRenderer] MOUNT: path=ox-posters, index=5, renderCount=2 @ http://localhost:3210/node_modules/.pnpm/@salla.sa+twilight-theme-en_c3cd9c099c8c4c71b5353d842e4aee2e/node_modules/@salla.sa/twilight-theme-engine/dist/chunk-WITIL2MK.js?v=c58539c0:673
[  533344ms] [LOG] [HomeComponentRenderer] MOUNT: path=ox-products-secondary, index=6, renderCount=2 @ http://localhost:3210/node_modules/.pnpm/@salla.sa+twilight-theme-en_c3cd9c099c8c4c71b5353d842e4aee2e/node_modules/@salla.sa/twilight-theme-engine/dist/chunk-WITIL2MK.js?v=c58539c0:673
[  533345ms] [LOG] [HomeComponentRenderer] MOUNT: path=ox-categories, index=7, renderCount=2 @ http://localhost:3210/node_modules/.pnpm/@salla.sa+twilight-theme-en_c3cd9c099c8c4c71b5353d842e4aee2e/node_modules/@salla.sa/twilight-theme-engine/dist/chunk-WITIL2MK.js?v=c58539c0:673
[  533345ms] [LOG] [HomeComponentRenderer] MOUNT: path=ox-brands, index=8, renderCount=2 @ http://localhost:3210/node_modules/.pnpm/@salla.sa+twilight-theme-en_c3cd9c099c8c4c71b5353d842e4aee2e/node_modules/@salla.sa/twilight-theme-engine/dist/chunk-WITIL2MK.js?v=c58539c0:673
[  533346ms] [LOG] [HomeComponentRenderer] MOUNT: path=ox-services, index=9, renderCount=2 @ http://localhost:3210/node_modules/.pnpm/@salla.sa+twilight-theme-en_c3cd9c099c8c4c71b5353d842e4aee2e/node_modules/@salla.sa/twilight-theme-engine/dist/chunk-WITIL2MK.js?v=c58539c0:673
[  533346ms] [LOG] [HomeComponentRenderer] MOUNT: path=ox-guides, index=10, renderCount=2 @ http://localhost:3210/node_modules/.pnpm/@salla.sa+twilight-theme-en_c3cd9c099c8c4c71b5353d842e4aee2e/node_modules/@salla.sa/twilight-theme-engine/dist/chunk-WITIL2MK.js?v=c58539c0:673
[  533347ms] [LOG] [HomeComponentRenderer] MOUNT: path=ox-branch, index=11, renderCount=2 @ http://localhost:3210/node_modules/.pnpm/@salla.sa+twilight-theme-en_c3cd9c099c8c4c71b5353d842e4aee2e/node_modules/@salla.sa/twilight-theme-engine/dist/chunk-WITIL2MK.js?v=c58539c0:673
[  533347ms] [LOG] [HomeComponentRenderer] MOUNT: path=ox-certifications, index=12, renderCount=2 @ http://localhost:3210/node_modules/.pnpm/@salla.sa+twilight-theme-en_c3cd9c099c8c4c71b5353d842e4aee2e/node_modules/@salla.sa/twilight-theme-engine/dist/chunk-WITIL2MK.js?v=c58539c0:673
[  533347ms] [LOG] [HomeComponentRenderer] MOUNT: path=ox-faq, index=13, renderCount=2 @ http://localhost:3210/node_modules/.pnpm/@salla.sa+twilight-theme-en_c3cd9c099c8c4c71b5353d842e4aee2e/node_modules/@salla.sa/twilight-theme-engine/dist/chunk-WITIL2MK.js?v=c58539c0:673
[  533348ms] [LOG] [HomeComponentRenderer] MOUNT: path=ox-newsletter, index=14, renderCount=2 @ http://localhost:3210/node_modules/.pnpm/@salla.sa+twilight-theme-en_c3cd9c099c8c4c71b5353d842e4aee2e/node_modules/@salla.sa/twilight-theme-engine/dist/chunk-WITIL2MK.js?v=c58539c0:673
[  533348ms] [LOG] [HomeComponentRenderer] MOUNT: path=ox-banner, index=15, renderCount=2 @ http://localhost:3210/node_modules/.pnpm/@salla.sa+twilight-theme-en_c3cd9c099c8c4c71b5353d842e4aee2e/node_modules/@salla.sa/twilight-theme-engine/dist/chunk-WITIL2MK.js?v=c58539c0:673
[  634746ms] [LOG] [vite] server connection lost. Polling for restart... @ http://localhost:3210/@vite/client:1002
[  745481ms] [LOG] [offline-api] browser: api.salla.dev + cdn.salla.network -> http://127.0.0.1:5178 @ http://localhost:3210/:0
