[   12371ms] [LOG] [offline-api] browser: api.salla.dev + cdn.salla.network -> http://127.0.0.1:5178 @ http://localhost:3210/:0
[   13041ms] [ERROR] Failed to load resource: the server responded with a status of 404 (Not Found) @ http://localhost:3210/assets/images/goal-weight.jpg:0
[   13044ms] [ERROR] Failed to load resource: the server responded with a status of 404 (Not Found) @ http://localhost:3210/assets/images/goal-strength.jpg:0
[   13045ms] [ERROR] Failed to load resource: the server responded with a status of 404 (Not Found) @ http://localhost:3210/assets/images/goal-muscle.jpg:0
[   13045ms] [ERROR] Failed to load resource: the server responded with a status of 404 (Not Found) @ http://localhost:3210/assets/images/goal-recovery.jpg:0
[   13046ms] [ERROR] Failed to load resource: the server responded with a status of 404 (Not Found) @ http://localhost:3210/assets/images/goal-daily.jpg:0
[   13046ms] [ERROR] Failed to load resource: the server responded with a status of 404 (Not Found) @ http://localhost:3210/assets/images/goal-lean.jpg:0
[   13766ms] [INFO] %cDownload the React DevTools for a better development experience: https://react.dev/link/react-devtools font-weight:bold @ http://localhost:3210/node_modules/.vite/deps/react-dom_client.js?v=c58539c0:14335
[   14018ms] [WARNING] [Twilight] Could not hydrate twilight context: no root match in router state @ http://localhost:3210/@vite/client:532
[   14257ms] [ERROR] The result of getServerSnapshot should be cached to avoid an infinite loop @ http://localhost:3210/@vite/client:532
[   14299ms] [ERROR] A tree hydrated but some attributes of the server rendered HTML didn't match the client properties. This won't be patched up. This can happen if a SSR-ed Client Component used:

- A server/client branch `if (typeof window !== 'undefined')`.
- Variable input such as `Date.now()` or `Math.random()` which changes each time it's called.
- Date formatting in a user's locale which doesn't match the server.
- External changing data without sending a snapshot of it along with the HTML.
- Invalid HTML tag nesting.

It can also happen if the client has a browser extension installed which messes with the HTML before React loaded.

%s%s https://react.dev/link/hydration-mismatch 

  ...
    <ThemeDocumentSync>
    <TanStackDocumentSync>
    <NavigationSetup>
      <NavigationProvider navigate={function}>
        <LinkProvider adapter={{...}}>
          <WidgetHead>
          <AppsSnippets>
          <HookSlot>
          <Suspense>
          <OptimalXLayout>
            <div>
            <BottomTabBar>
              <nav className="ox-tabbar" aria-label="تنقل سريع" data-testid="ox-tabbar">
                <ul className="ox-tabbar_...">
                  <li>
                    <Link to="/" className="ox-tab">
                      <TanStackLinkAdapter ref={null} to="/" className="ox-tab" data-spa-link="">
                        <a
+                         className="ox-tab active"
-                         className="ox-tab is-active active"
                          style={undefined}
                          title={undefined}
                          target={undefined}
                          rel={undefined}
                          onClick={function handleClick}
                          aria-label={undefined}
                          data-spa-link=""
                          ref={{current:null}}
                          onBlur={function handleLeave}
                          onFocus={function}
                          onMouseEnter={function}
                          onMouseLeave={function handleLeave}
                          onTouchStart={function handleTouchStart}
                          href="/"
                          data-status="active"
                          aria-current="page"
                        >
                  ...
            ...
          ...
 @ http://localhost:3210/@vite/client:532
[   14883ms] [LOG] [HomeComponentRenderer] RENDER: path=ox-hero, index=0, renderCount=1 @ http://localhost:3210/node_modules/.pnpm/@salla.sa+twilight-theme-en_c3cd9c099c8c4c71b5353d842e4aee2e/node_modules/@salla.sa/twilight-theme-engine/dist/chunk-WITIL2MK.js?v=c58539c0:670
[   14884ms] [LOG] [HomeComponentRenderer] RENDER: path=ox-hero, index=0, renderCount=2 @ http://localhost:3210/node_modules/.pnpm/@salla.sa+twilight-theme-en_c3cd9c099c8c4c71b5353d842e4aee2e/node_modules/@salla.sa/twilight-theme-engine/dist/chunk-WITIL2MK.js?v=c58539c0:670
[   14891ms] [LOG] [HomeComponentRenderer] RENDER: path=ox-hero, index=0, renderCount=1 @ http://localhost:3210/node_modules/.pnpm/@salla.sa+twilight-theme-en_c3cd9c099c8c4c71b5353d842e4aee2e/node_modules/@salla.sa/twilight-theme-engine/dist/chunk-WITIL2MK.js?v=c58539c0:670
[   14891ms] [LOG] [HomeComponentRenderer] RENDER: path=ox-hero, index=0, renderCount=2 @ http://localhost:3210/node_modules/.pnpm/@salla.sa+twilight-theme-en_c3cd9c099c8c4c71b5353d842e4aee2e/node_modules/@salla.sa/twilight-theme-engine/dist/chunk-WITIL2MK.js?v=c58539c0:670
[   14893ms] [LOG] [HomeComponentRenderer] RENDER: path=ox-trust-strip, index=1, renderCount=1 @ http://localhost:3210/node_modules/.pnpm/@salla.sa+twilight-theme-en_c3cd9c099c8c4c71b5353d842e4aee2e/node_modules/@salla.sa/twilight-theme-engine/dist/chunk-WITIL2MK.js?v=c58539c0:670
[   14893ms] [LOG] [HomeComponentRenderer] RENDER: path=ox-trust-strip, index=1, renderCount=2 @ http://localhost:3210/node_modules/.pnpm/@salla.sa+twilight-theme-en_c3cd9c099c8c4c71b5353d842e4aee2e/node_modules/@salla.sa/twilight-theme-engine/dist/chunk-WITIL2MK.js?v=c58539c0:670
[   14897ms] [LOG] [HomeComponentRenderer] RENDER: path=ox-goals, index=2, renderCount=1 @ http://localhost:3210/node_modules/.pnpm/@salla.sa+twilight-theme-en_c3cd9c099c8c4c71b5353d842e4aee2e/node_modules/@salla.sa/twilight-theme-engine/dist/chunk-WITIL2MK.js?v=c58539c0:670
[   14898ms] [LOG] [HomeComponentRenderer] RENDER: path=ox-goals, index=2, renderCount=2 @ http://localhost:3210/node_modules/.pnpm/@salla.sa+twilight-theme-en_c3cd9c099c8c4c71b5353d842e4aee2e/node_modules/@salla.sa/twilight-theme-engine/dist/chunk-WITIL2MK.js?v=c58539c0:670
[   14898ms] [LOG] [HomeComponentRenderer] RENDER: path=ox-products, index=3, renderCount=1 @ http://localhost:3210/node_modules/.pnpm/@salla.sa+twilight-theme-en_c3cd9c099c8c4c71b5353d842e4aee2e/node_modules/@salla.sa/twilight-theme-engine/dist/chunk-WITIL2MK.js?v=c58539c0:670
[   14898ms] [LOG] [HomeComponentRenderer] RENDER: path=ox-products, index=3, renderCount=2 @ http://localhost:3210/node_modules/.pnpm/@salla.sa+twilight-theme-en_c3cd9c099c8c4c71b5353d842e4aee2e/node_modules/@salla.sa/twilight-theme-engine/dist/chunk-WITIL2MK.js?v=c58539c0:670
[   14901ms] [LOG] [HomeComponentRenderer] RENDER: path=ox-categories, index=4, renderCount=1 @ http://localhost:3210/node_modules/.pnpm/@salla.sa+twilight-theme-en_c3cd9c099c8c4c71b5353d842e4aee2e/node_modules/@salla.sa/twilight-theme-engine/dist/chunk-WITIL2MK.js?v=c58539c0:670
[   14901ms] [LOG] [HomeComponentRenderer] RENDER: path=ox-categories, index=4, renderCount=2 @ http://localhost:3210/node_modules/.pnpm/@salla.sa+twilight-theme-en_c3cd9c099c8c4c71b5353d842e4aee2e/node_modules/@salla.sa/twilight-theme-engine/dist/chunk-WITIL2MK.js?v=c58539c0:670
[   14904ms] [LOG] [HomeComponentRenderer] RENDER: path=ox-brands, index=5, renderCount=1 @ http://localhost:3210/node_modules/.pnpm/@salla.sa+twilight-theme-en_c3cd9c099c8c4c71b5353d842e4aee2e/node_modules/@salla.sa/twilight-theme-engine/dist/chunk-WITIL2MK.js?v=c58539c0:670
[   14904ms] [LOG] [HomeComponentRenderer] RENDER: path=ox-brands, index=5, renderCount=2 @ http://localhost:3210/node_modules/.pnpm/@salla.sa+twilight-theme-en_c3cd9c099c8c4c71b5353d842e4aee2e/node_modules/@salla.sa/twilight-theme-engine/dist/chunk-WITIL2MK.js?v=c58539c0:670
[   14908ms] [LOG] [HomeComponentRenderer] RENDER: path=ox-services, index=6, renderCount=1 @ http://localhost:3210/node_modules/.pnpm/@salla.sa+twilight-theme-en_c3cd9c099c8c4c71b5353d842e4aee2e/node_modules/@salla.sa/twilight-theme-engine/dist/chunk-WITIL2MK.js?v=c58539c0:670
[   14909ms] [LOG] [HomeComponentRenderer] RENDER: path=ox-services, index=6, renderCount=2 @ http://localhost:3210/node_modules/.pnpm/@salla.sa+twilight-theme-en_c3cd9c099c8c4c71b5353d842e4aee2e/node_modules/@salla.sa/twilight-theme-engine/dist/chunk-WITIL2MK.js?v=c58539c0:670
[   14911ms] [LOG] [HomeComponentRenderer] RENDER: path=ox-guides, index=7, renderCount=1 @ http://localhost:3210/node_modules/.pnpm/@salla.sa+twilight-theme-en_c3cd9c099c8c4c71b5353d842e4aee2e/node_modules/@salla.sa/twilight-theme-engine/dist/chunk-WITIL2MK.js?v=c58539c0:670
[   14911ms] [LOG] [HomeComponentRenderer] RENDER: path=ox-guides, index=7, renderCount=2 @ http://localhost:3210/node_modules/.pnpm/@salla.sa+twilight-theme-en_c3cd9c099c8c4c71b5353d842e4aee2e/node_modules/@salla.sa/twilight-theme-engine/dist/chunk-WITIL2MK.js?v=c58539c0:670
[   14913ms] [LOG] [HomeComponentRenderer] RENDER: path=ox-branch, index=8, renderCount=1 @ http://localhost:3210/node_modules/.pnpm/@salla.sa+twilight-theme-en_c3cd9c099c8c4c71b5353d842e4aee2e/node_modules/@salla.sa/twilight-theme-engine/dist/chunk-WITIL2MK.js?v=c58539c0:670
[   14913ms] [LOG] [HomeComponentRenderer] RENDER: path=ox-branch, index=8, renderCount=2 @ http://localhost:3210/node_modules/.pnpm/@salla.sa+twilight-theme-en_c3cd9c099c8c4c71b5353d842e4aee2e/node_modules/@salla.sa/twilight-theme-engine/dist/chunk-WITIL2MK.js?v=c58539c0:670
[   14916ms] [LOG] [HomeComponentRenderer] RENDER: path=ox-faq, index=9, renderCount=1 @ http://localhost:3210/node_modules/.pnpm/@salla.sa+twilight-theme-en_c3cd9c099c8c4c71b5353d842e4aee2e/node_modules/@salla.sa/twilight-theme-engine/dist/chunk-WITIL2MK.js?v=c58539c0:670
[   14916ms] [LOG] [HomeComponentRenderer] RENDER: path=ox-faq, index=9, renderCount=2 @ http://localhost:3210/node_modules/.pnpm/@salla.sa+twilight-theme-en_c3cd9c099c8c4c71b5353d842e4aee2e/node_modules/@salla.sa/twilight-theme-engine/dist/chunk-WITIL2MK.js?v=c58539c0:670
[   14918ms] [LOG] [HomeComponentRenderer] RENDER: path=ox-newsletter, index=10, renderCount=1 @ http://localhost:3210/node_modules/.pnpm/@salla.sa+twilight-theme-en_c3cd9c099c8c4c71b5353d842e4aee2e/node_modules/@salla.sa/twilight-theme-engine/dist/chunk-WITIL2MK.js?v=c58539c0:670
[   14919ms] [LOG] [HomeComponentRenderer] RENDER: path=ox-newsletter, index=10, renderCount=2 @ http://localhost:3210/node_modules/.pnpm/@salla.sa+twilight-theme-en_c3cd9c099c8c4c71b5353d842e4aee2e/node_modules/@salla.sa/twilight-theme-engine/dist/chunk-WITIL2MK.js?v=c58539c0:670
[   14919ms] [LOG] [HomeComponentRenderer] RENDER: path=ox-banner, index=11, renderCount=1 @ http://localhost:3210/node_modules/.pnpm/@salla.sa+twilight-theme-en_c3cd9c099c8c4c71b5353d842e4aee2e/node_modules/@salla.sa/twilight-theme-engine/dist/chunk-WITIL2MK.js?v=c58539c0:670
[   14920ms] [LOG] [HomeComponentRenderer] RENDER: path=ox-banner, index=11, renderCount=2 @ http://localhost:3210/node_modules/.pnpm/@salla.sa+twilight-theme-en_c3cd9c099c8c4c71b5353d842e4aee2e/node_modules/@salla.sa/twilight-theme-engine/dist/chunk-WITIL2MK.js?v=c58539c0:670
[   15034ms] [LOG] [HomeComponentRenderer] MOUNT: path=ox-hero, index=0, renderCount=2 @ http://localhost:3210/node_modules/.pnpm/@salla.sa+twilight-theme-en_c3cd9c099c8c4c71b5353d842e4aee2e/node_modules/@salla.sa/twilight-theme-engine/dist/chunk-WITIL2MK.js?v=c58539c0:673
[   15035ms] [LOG] [HomeComponentRenderer] MOUNT: path=ox-trust-strip, index=1, renderCount=2 @ http://localhost:3210/node_modules/.pnpm/@salla.sa+twilight-theme-en_c3cd9c099c8c4c71b5353d842e4aee2e/node_modules/@salla.sa/twilight-theme-engine/dist/chunk-WITIL2MK.js?v=c58539c0:673
[   15035ms] [LOG] [HomeComponentRenderer] MOUNT: path=ox-goals, index=2, renderCount=2 @ http://localhost:3210/node_modules/.pnpm/@salla.sa+twilight-theme-en_c3cd9c099c8c4c71b5353d842e4aee2e/node_modules/@salla.sa/twilight-theme-engine/dist/chunk-WITIL2MK.js?v=c58539c0:673
[   15036ms] [LOG] [HomeComponentRenderer] MOUNT: path=ox-products, index=3, renderCount=2 @ http://localhost:3210/node_modules/.pnpm/@salla.sa+twilight-theme-en_c3cd9c099c8c4c71b5353d842e4aee2e/node_modules/@salla.sa/twilight-theme-engine/dist/chunk-WITIL2MK.js?v=c58539c0:673
[   15037ms] [LOG] [HomeComponentRenderer] MOUNT: path=ox-categories, index=4, renderCount=2 @ http://localhost:3210/node_modules/.pnpm/@salla.sa+twilight-theme-en_c3cd9c099c8c4c71b5353d842e4aee2e/node_modules/@salla.sa/twilight-theme-engine/dist/chunk-WITIL2MK.js?v=c58539c0:673
[   15037ms] [LOG] [HomeComponentRenderer] MOUNT: path=ox-brands, index=5, renderCount=2 @ http://localhost:3210/node_modules/.pnpm/@salla.sa+twilight-theme-en_c3cd9c099c8c4c71b5353d842e4aee2e/node_modules/@salla.sa/twilight-theme-engine/dist/chunk-WITIL2MK.js?v=c58539c0:673
[   15038ms] [LOG] [HomeComponentRenderer] MOUNT: path=ox-services, index=6, renderCount=2 @ http://localhost:3210/node_modules/.pnpm/@salla.sa+twilight-theme-en_c3cd9c099c8c4c71b5353d842e4aee2e/node_modules/@salla.sa/twilight-theme-engine/dist/chunk-WITIL2MK.js?v=c58539c0:673
[   15039ms] [LOG] [HomeComponentRenderer] MOUNT: path=ox-guides, index=7, renderCount=2 @ http://localhost:3210/node_modules/.pnpm/@salla.sa+twilight-theme-en_c3cd9c099c8c4c71b5353d842e4aee2e/node_modules/@salla.sa/twilight-theme-engine/dist/chunk-WITIL2MK.js?v=c58539c0:673
[   15040ms] [LOG] [HomeComponentRenderer] MOUNT: path=ox-branch, index=8, renderCount=2 @ http://localhost:3210/node_modules/.pnpm/@salla.sa+twilight-theme-en_c3cd9c099c8c4c71b5353d842e4aee2e/node_modules/@salla.sa/twilight-theme-engine/dist/chunk-WITIL2MK.js?v=c58539c0:673
[   15041ms] [LOG] [HomeComponentRenderer] MOUNT: path=ox-faq, index=9, renderCount=2 @ http://localhost:3210/node_modules/.pnpm/@salla.sa+twilight-theme-en_c3cd9c099c8c4c71b5353d842e4aee2e/node_modules/@salla.sa/twilight-theme-engine/dist/chunk-WITIL2MK.js?v=c58539c0:673
[   15041ms] [LOG] [HomeComponentRenderer] MOUNT: path=ox-newsletter, index=10, renderCount=2 @ http://localhost:3210/node_modules/.pnpm/@salla.sa+twilight-theme-en_c3cd9c099c8c4c71b5353d842e4aee2e/node_modules/@salla.sa/twilight-theme-engine/dist/chunk-WITIL2MK.js?v=c58539c0:673
[   15042ms] [LOG] [HomeComponentRenderer] MOUNT: path=ox-banner, index=11, renderCount=2 @ http://localhost:3210/node_modules/.pnpm/@salla.sa+twilight-theme-en_c3cd9c099c8c4c71b5353d842e4aee2e/node_modules/@salla.sa/twilight-theme-engine/dist/chunk-WITIL2MK.js?v=c58539c0:673
[   29157ms] [ERROR] Failed to load resource: the server responded with a status of 500 (Internal Server Error) @ http://localhost:3210/assets/images/plan-training.jpg:0
[   29158ms] [ERROR] Failed to load resource: the server responded with a status of 500 (Internal Server Error) @ http://localhost:3210/assets/images/plan-nutrition.jpg:0
[   29159ms] [ERROR] Failed to load resource: the server responded with a status of 500 (Internal Server Error) @ http://localhost:3210/assets/images/plan-advisory.jpg:0
[  750829ms] [LOG] [offline-api] browser: api.salla.dev + cdn.salla.network -> http://127.0.0.1:5178 @ http://localhost:3210/:0
[  751737ms] [ERROR] Failed to load resource: the server responded with a status of 404 (Not Found) @ http://localhost:3210/assets/images/goal-muscle.jpg:0
[  751738ms] [ERROR] Failed to load resource: the server responded with a status of 404 (Not Found) @ http://localhost:3210/assets/images/goal-daily.jpg:0
[  751738ms] [ERROR] Failed to load resource: the server responded with a status of 404 (Not Found) @ http://localhost:3210/assets/images/goal-strength.jpg:0
[  751744ms] [ERROR] Failed to load resource: the server responded with a status of 404 (Not Found) @ http://localhost:3210/assets/images/goal-recovery.jpg:0
[  752180ms] [ERROR] Failed to load resource: the server responded with a status of 404 (Not Found) @ http://localhost:3210/assets/images/goal-lean.jpg:0
[  752504ms] [ERROR] Failed to load resource: the server responded with a status of 404 (Not Found) @ http://localhost:3210/assets/images/goal-weight.jpg:0
[  753200ms] [INFO] %cDownload the React DevTools for a better development experience: https://react.dev/link/react-devtools font-weight:bold @ http://localhost:3210/node_modules/.vite/deps/react-dom_client.js?v=c58539c0:14335
[  753425ms] [WARNING] [Twilight] Could not hydrate twilight context: no root match in router state @ http://localhost:3210/@vite/client:532
[  753614ms] [ERROR] The result of getServerSnapshot should be cached to avoid an infinite loop @ http://localhost:3210/@vite/client:532
[  753671ms] [ERROR] A tree hydrated but some attributes of the server rendered HTML didn't match the client properties. This won't be patched up. This can happen if a SSR-ed Client Component used:

- A server/client branch `if (typeof window !== 'undefined')`.
- Variable input such as `Date.now()` or `Math.random()` which changes each time it's called.
- Date formatting in a user's locale which doesn't match the server.
- External changing data without sending a snapshot of it along with the HTML.
- Invalid HTML tag nesting.

It can also happen if the client has a browser extension installed which messes with the HTML before React loaded.

%s%s https://react.dev/link/hydration-mismatch 

  ...
    <ThemeDocumentSync>
    <TanStackDocumentSync>
    <NavigationSetup>
      <NavigationProvider navigate={function}>
        <LinkProvider adapter={{...}}>
          <WidgetHead>
          <AppsSnippets>
          <HookSlot>
          <Suspense>
          <OptimalXLayout>
            <div>
            <BottomTabBar>
              <nav className="ox-tabbar" aria-label="تنقل سريع" data-testid="ox-tabbar">
                <ul className="ox-tabbar_...">
                  <li>
                    <Link to="/" className="ox-tab">
                      <TanStackLinkAdapter ref={null} to="/" className="ox-tab" data-spa-link="">
                        <a
+                         className="ox-tab active"
-                         className="ox-tab is-active active"
                          style={undefined}
                          title={undefined}
                          target={undefined}
                          rel={undefined}
                          onClick={function handleClick}
                          aria-label={undefined}
                          data-spa-link=""
                          ref={{current:null}}
                          onBlur={function handleLeave}
                          onFocus={function}
                          onMouseEnter={function}
                          onMouseLeave={function handleLeave}
                          onTouchStart={function handleTouchStart}
                          href="/"
                          data-status="active"
                          aria-current="page"
                        >
                  ...
            ...
          ...
 @ http://localhost:3210/@vite/client:532
[  754347ms] [LOG] [HomeComponentRenderer] RENDER: path=ox-hero, index=0, renderCount=1 @ http://localhost:3210/node_modules/.pnpm/@salla.sa+twilight-theme-en_c3cd9c099c8c4c71b5353d842e4aee2e/node_modules/@salla.sa/twilight-theme-engine/dist/chunk-WITIL2MK.js?v=c58539c0:670
[  754348ms] [LOG] [HomeComponentRenderer] RENDER: path=ox-hero, index=0, renderCount=2 @ http://localhost:3210/node_modules/.pnpm/@salla.sa+twilight-theme-en_c3cd9c099c8c4c71b5353d842e4aee2e/node_modules/@salla.sa/twilight-theme-engine/dist/chunk-WITIL2MK.js?v=c58539c0:670
[  754788ms] Error: Hydration failed because the server rendered HTML didn't match the client. As a result this tree will be regenerated on the client. This can happen if a SSR-ed Client Component used:

- A server/client branch `if (typeof window !== 'undefined')`.
- Variable input such as `Date.now()` or `Math.random()` which changes each time it's called.
- Date formatting in a user's locale which doesn't match the server.
- External changing data without sending a snapshot of it along with the HTML.
- Invalid HTML tag nesting.

It can also happen if the client has a browser extension installed which messes with the HTML before React loaded.

https://react.dev/link/hydration-mismatch

  ...
    <Matches>
      <Transitioner>
      <SafeFragment fallback={<Context>}>
        <MatchesInner>
          <CatchBoundary getResetKey={function getResetKey} onCatch={function}>
            <MatchImpl routeId="__root__">
              <MatchView router={{...}} match={{id:"__root__/", ...}}>
                <RootComponent>
                  <html lang="ar" dir="rtl" suppressHydrationWarning={true}>
                    <head>
                    <body suppressHydrationWarning={true}>
                      <noscript>
                      <TwilightProvider>
                      <Suspense fallback={null}>
                        <TanStackRouterDevtools position="bottom-right">
+                         <div ref={{current:null}}>
                      ...

    at throwOnHydrationMismatch (http://localhost:3210/node_modules/.vite/deps/react-dom_client.js?v=c58539c0:2968:51)
    at beginWork (http://localhost:3210/node_modules/.vite/deps/react-dom_client.js?v=c58539c0:6200:914)
    at runWithFiberInDEV (http://localhost:3210/node_modules/.vite/deps/react-dom_client.js?v=c58539c0:851:66)
    at performUnitOfWork (http://localhost:3210/node_modules/.vite/deps/react-dom_client.js?v=c58539c0:8429:92)
    at workLoopConcurrentByScheduler (http://localhost:3210/node_modules/.vite/deps/react-dom_client.js?v=c58539c0:8425:55)
    at renderRootConcurrent (http://localhost:3210/node_modules/.vite/deps/react-dom_client.js?v=c58539c0:8408:64)
    at performWorkOnRoot (http://localhost:3210/node_modules/.vite/deps/react-dom_client.js?v=c58539c0:7957:145)
    at performWorkOnRootViaSchedulerTask (http://localhost:3210/node_modules/.vite/deps/react-dom_client.js?v=c58539c0:9059:4)
    at MessagePort.performWorkUntilDeadline (http://localhost:3210/node_modules/.vite/deps/react-dom_client.js?v=c58539c0:36:38)
[  754428ms] [LOG] [HomeComponentRenderer] RENDER: path=ox-hero, index=0, renderCount=1 @ http://localhost:3210/node_modules/.pnpm/@salla.sa+twilight-theme-en_c3cd9c099c8c4c71b5353d842e4aee2e/node_modules/@salla.sa/twilight-theme-engine/dist/chunk-WITIL2MK.js?v=c58539c0:670
[  754429ms] [LOG] [HomeComponentRenderer] RENDER: path=ox-hero, index=0, renderCount=2 @ http://localhost:3210/node_modules/.pnpm/@salla.sa+twilight-theme-en_c3cd9c099c8c4c71b5353d842e4aee2e/node_modules/@salla.sa/twilight-theme-engine/dist/chunk-WITIL2MK.js?v=c58539c0:670
[  754430ms] [LOG] [HomeComponentRenderer] RENDER: path=ox-trust-strip, index=1, renderCount=1 @ http://localhost:3210/node_modules/.pnpm/@salla.sa+twilight-theme-en_c3cd9c099c8c4c71b5353d842e4aee2e/node_modules/@salla.sa/twilight-theme-engine/dist/chunk-WITIL2MK.js?v=c58539c0:670
[  754430ms] [LOG] [HomeComponentRenderer] RENDER: path=ox-trust-strip, index=1, renderCount=2 @ http://localhost:3210/node_modules/.pnpm/@salla.sa+twilight-theme-en_c3cd9c099c8c4c71b5353d842e4aee2e/node_modules/@salla.sa/twilight-theme-engine/dist/chunk-WITIL2MK.js?v=c58539c0:670
[  754431ms] [LOG] [HomeComponentRenderer] RENDER: path=ox-goals, index=2, renderCount=1 @ http://localhost:3210/node_modules/.pnpm/@salla.sa+twilight-theme-en_c3cd9c099c8c4c71b5353d842e4aee2e/node_modules/@salla.sa/twilight-theme-engine/dist/chunk-WITIL2MK.js?v=c58539c0:670
[  754431ms] [LOG] [HomeComponentRenderer] RENDER: path=ox-goals, index=2, renderCount=2 @ http://localhost:3210/node_modules/.pnpm/@salla.sa+twilight-theme-en_c3cd9c099c8c4c71b5353d842e4aee2e/node_modules/@salla.sa/twilight-theme-engine/dist/chunk-WITIL2MK.js?v=c58539c0:670
[  754432ms] [LOG] [HomeComponentRenderer] RENDER: path=ox-products, index=3, renderCount=1 @ http://localhost:3210/node_modules/.pnpm/@salla.sa+twilight-theme-en_c3cd9c099c8c4c71b5353d842e4aee2e/node_modules/@salla.sa/twilight-theme-engine/dist/chunk-WITIL2MK.js?v=c58539c0:670
[  754432ms] [LOG] [HomeComponentRenderer] RENDER: path=ox-products, index=3, renderCount=2 @ http://localhost:3210/node_modules/.pnpm/@salla.sa+twilight-theme-en_c3cd9c099c8c4c71b5353d842e4aee2e/node_modules/@salla.sa/twilight-theme-engine/dist/chunk-WITIL2MK.js?v=c58539c0:670
[  754435ms] [LOG] [HomeComponentRenderer] RENDER: path=ox-categories, index=4, renderCount=1 @ http://localhost:3210/node_modules/.pnpm/@salla.sa+twilight-theme-en_c3cd9c099c8c4c71b5353d842e4aee2e/node_modules/@salla.sa/twilight-theme-engine/dist/chunk-WITIL2MK.js?v=c58539c0:670
[  754436ms] [LOG] [HomeComponentRenderer] RENDER: path=ox-categories, index=4, renderCount=2 @ http://localhost:3210/node_modules/.pnpm/@salla.sa+twilight-theme-en_c3cd9c099c8c4c71b5353d842e4aee2e/node_modules/@salla.sa/twilight-theme-engine/dist/chunk-WITIL2MK.js?v=c58539c0:670
[  754439ms] [LOG] [HomeComponentRenderer] RENDER: path=ox-brands, index=5, renderCount=1 @ http://localhost:3210/node_modules/.pnpm/@salla.sa+twilight-theme-en_c3cd9c099c8c4c71b5353d842e4aee2e/node_modules/@salla.sa/twilight-theme-engine/dist/chunk-WITIL2MK.js?v=c58539c0:670
[  754439ms] [LOG] [HomeComponentRenderer] RENDER: path=ox-brands, index=5, renderCount=2 @ http://localhost:3210/node_modules/.pnpm/@salla.sa+twilight-theme-en_c3cd9c099c8c4c71b5353d842e4aee2e/node_modules/@salla.sa/twilight-theme-engine/dist/chunk-WITIL2MK.js?v=c58539c0:670
[  754442ms] [LOG] [HomeComponentRenderer] RENDER: path=ox-services, index=6, renderCount=1 @ http://localhost:3210/node_modules/.pnpm/@salla.sa+twilight-theme-en_c3cd9c099c8c4c71b5353d842e4aee2e/node_modules/@salla.sa/twilight-theme-engine/dist/chunk-WITIL2MK.js?v=c58539c0:670
[  754443ms] [LOG] [HomeComponentRenderer] RENDER: path=ox-services, index=6, renderCount=2 @ http://localhost:3210/node_modules/.pnpm/@salla.sa+twilight-theme-en_c3cd9c099c8c4c71b5353d842e4aee2e/node_modules/@salla.sa/twilight-theme-engine/dist/chunk-WITIL2MK.js?v=c58539c0:670
[  754446ms] [LOG] [HomeComponentRenderer] RENDER: path=ox-guides, index=7, renderCount=1 @ http://localhost:3210/node_modules/.pnpm/@salla.sa+twilight-theme-en_c3cd9c099c8c4c71b5353d842e4aee2e/node_modules/@salla.sa/twilight-theme-engine/dist/chunk-WITIL2MK.js?v=c58539c0:670
[  754446ms] [LOG] [HomeComponentRenderer] RENDER: path=ox-guides, index=7, renderCount=2 @ http://localhost:3210/node_modules/.pnpm/@salla.sa+twilight-theme-en_c3cd9c099c8c4c71b5353d842e4aee2e/node_modules/@salla.sa/twilight-theme-engine/dist/chunk-WITIL2MK.js?v=c58539c0:670
[  754448ms] [LOG] [HomeComponentRenderer] RENDER: path=ox-branch, index=8, renderCount=1 @ http://localhost:3210/node_modules/.pnpm/@salla.sa+twilight-theme-en_c3cd9c099c8c4c71b5353d842e4aee2e/node_modules/@salla.sa/twilight-theme-engine/dist/chunk-WITIL2MK.js?v=c58539c0:670
[  754449ms] [LOG] [HomeComponentRenderer] RENDER: path=ox-branch, index=8, renderCount=2 @ http://localhost:3210/node_modules/.pnpm/@salla.sa+twilight-theme-en_c3cd9c099c8c4c71b5353d842e4aee2e/node_modules/@salla.sa/twilight-theme-engine/dist/chunk-WITIL2MK.js?v=c58539c0:670
[  754451ms] [LOG] [HomeComponentRenderer] RENDER: path=ox-faq, index=9, renderCount=1 @ http://localhost:3210/node_modules/.pnpm/@salla.sa+twilight-theme-en_c3cd9c099c8c4c71b5353d842e4aee2e/node_modules/@salla.sa/twilight-theme-engine/dist/chunk-WITIL2MK.js?v=c58539c0:670
[  754451ms] [LOG] [HomeComponentRenderer] RENDER: path=ox-faq, index=9, renderCount=2 @ http://localhost:3210/node_modules/.pnpm/@salla.sa+twilight-theme-en_c3cd9c099c8c4c71b5353d842e4aee2e/node_modules/@salla.sa/twilight-theme-engine/dist/chunk-WITIL2MK.js?v=c58539c0:670
[  754453ms] [LOG] [HomeComponentRenderer] RENDER: path=ox-newsletter, index=10, renderCount=1 @ http://localhost:3210/node_modules/.pnpm/@salla.sa+twilight-theme-en_c3cd9c099c8c4c71b5353d842e4aee2e/node_modules/@salla.sa/twilight-theme-engine/dist/chunk-WITIL2MK.js?v=c58539c0:670
[  754454ms] [LOG] [HomeComponentRenderer] RENDER: path=ox-newsletter, index=10, renderCount=2 @ http://localhost:3210/node_modules/.pnpm/@salla.sa+twilight-theme-en_c3cd9c099c8c4c71b5353d842e4aee2e/node_modules/@salla.sa/twilight-theme-engine/dist/chunk-WITIL2MK.js?v=c58539c0:670
[  754454ms] [LOG] [HomeComponentRenderer] RENDER: path=ox-banner, index=11, renderCount=1 @ http://localhost:3210/node_modules/.pnpm/@salla.sa+twilight-theme-en_c3cd9c099c8c4c71b5353d842e4aee2e/node_modules/@salla.sa/twilight-theme-engine/dist/chunk-WITIL2MK.js?v=c58539c0:670
[  754455ms] [LOG] [HomeComponentRenderer] RENDER: path=ox-banner, index=11, renderCount=2 @ http://localhost:3210/node_modules/.pnpm/@salla.sa+twilight-theme-en_c3cd9c099c8c4c71b5353d842e4aee2e/node_modules/@salla.sa/twilight-theme-engine/dist/chunk-WITIL2MK.js?v=c58539c0:670
[  754635ms] [LOG] [HomeComponentRenderer] MOUNT: path=ox-hero, index=0, renderCount=2 @ http://localhost:3210/node_modules/.pnpm/@salla.sa+twilight-theme-en_c3cd9c099c8c4c71b5353d842e4aee2e/node_modules/@salla.sa/twilight-theme-engine/dist/chunk-WITIL2MK.js?v=c58539c0:673
[  754636ms] [LOG] [HomeComponentRenderer] MOUNT: path=ox-trust-strip, index=1, renderCount=2 @ http://localhost:3210/node_modules/.pnpm/@salla.sa+twilight-theme-en_c3cd9c099c8c4c71b5353d842e4aee2e/node_modules/@salla.sa/twilight-theme-engine/dist/chunk-WITIL2MK.js?v=c58539c0:673
[  754637ms] [LOG] [HomeComponentRenderer] MOUNT: path=ox-goals, index=2, renderCount=2 @ http://localhost:3210/node_modules/.pnpm/@salla.sa+twilight-theme-en_c3cd9c099c8c4c71b5353d842e4aee2e/node_modules/@salla.sa/twilight-theme-engine/dist/chunk-WITIL2MK.js?v=c58539c0:673
[  754639ms] [LOG] [HomeComponentRenderer] MOUNT: path=ox-products, index=3, renderCount=2 @ http://localhost:3210/node_modules/.pnpm/@salla.sa+twilight-theme-en_c3cd9c099c8c4c71b5353d842e4aee2e/node_modules/@salla.sa/twilight-theme-engine/dist/chunk-WITIL2MK.js?v=c58539c0:673
[  754641ms] [LOG] [HomeComponentRenderer] MOUNT: path=ox-categories, index=4, renderCount=2 @ http://localhost:3210/node_modules/.pnpm/@salla.sa+twilight-theme-en_c3cd9c099c8c4c71b5353d842e4aee2e/node_modules/@salla.sa/twilight-theme-engine/dist/chunk-WITIL2MK.js?v=c58539c0:673
[  754642ms] [LOG] [HomeComponentRenderer] MOUNT: path=ox-brands, index=5, renderCount=2 @ http://localhost:3210/node_modules/.pnpm/@salla.sa+twilight-theme-en_c3cd9c099c8c4c71b5353d842e4aee2e/node_modules/@salla.sa/twilight-theme-engine/dist/chunk-WITIL2MK.js?v=c58539c0:673
[  754643ms] [LOG] [HomeComponentRenderer] MOUNT: path=ox-services, index=6, renderCount=2 @ http://localhost:3210/node_modules/.pnpm/@salla.sa+twilight-theme-en_c3cd9c099c8c4c71b5353d842e4aee2e/node_modules/@salla.sa/twilight-theme-engine/dist/chunk-WITIL2MK.js?v=c58539c0:673
[  754644ms] [LOG] [HomeComponentRenderer] MOUNT: path=ox-guides, index=7, renderCount=2 @ http://localhost:3210/node_modules/.pnpm/@salla.sa+twilight-theme-en_c3cd9c099c8c4c71b5353d842e4aee2e/node_modules/@salla.sa/twilight-theme-engine/dist/chunk-WITIL2MK.js?v=c58539c0:673
[  754644ms] [LOG] [HomeComponentRenderer] MOUNT: path=ox-branch, index=8, renderCount=2 @ http://localhost:3210/node_modules/.pnpm/@salla.sa+twilight-theme-en_c3cd9c099c8c4c71b5353d842e4aee2e/node_modules/@salla.sa/twilight-theme-engine/dist/chunk-WITIL2MK.js?v=c58539c0:673
[  754645ms] [LOG] [HomeComponentRenderer] MOUNT: path=ox-faq, index=9, renderCount=2 @ http://localhost:3210/node_modules/.pnpm/@salla.sa+twilight-theme-en_c3cd9c099c8c4c71b5353d842e4aee2e/node_modules/@salla.sa/twilight-theme-engine/dist/chunk-WITIL2MK.js?v=c58539c0:673
[  754646ms] [LOG] [HomeComponentRenderer] MOUNT: path=ox-newsletter, index=10, renderCount=2 @ http://localhost:3210/node_modules/.pnpm/@salla.sa+twilight-theme-en_c3cd9c099c8c4c71b5353d842e4aee2e/node_modules/@salla.sa/twilight-theme-engine/dist/chunk-WITIL2MK.js?v=c58539c0:673
[  754647ms] [LOG] [HomeComponentRenderer] MOUNT: path=ox-banner, index=11, renderCount=2 @ http://localhost:3210/node_modules/.pnpm/@salla.sa+twilight-theme-en_c3cd9c099c8c4c71b5353d842e4aee2e/node_modules/@salla.sa/twilight-theme-engine/dist/chunk-WITIL2MK.js?v=c58539c0:673
[  758856ms] Transition was skipped. New ViewTransition started
[  758857ms] Transition was skipped. New ViewTransition started
[  758858ms] Transition was skipped. New ViewTransition started
[  758860ms] Transition was skipped. New ViewTransition started
[  758862ms] Transition was skipped. New ViewTransition started
[  758863ms] Transition was skipped. New ViewTransition started
[  758866ms] Transition was skipped. New ViewTransition started
[  758871ms] Transition was skipped. New ViewTransition started
[  758871ms] Transition was skipped. New ViewTransition started
[  758873ms] Transition was skipped. New ViewTransition started
[  758875ms] Transition was skipped. New ViewTransition started
[  758877ms] Transition was skipped. New ViewTransition started
[  758881ms] Transition was skipped. New ViewTransition started
[  759549ms] Transition was skipped. New ViewTransition started
[  759557ms] Transition was skipped. New ViewTransition started
[  759557ms] Transition was skipped. New ViewTransition started
[  759557ms] Transition was skipped. New ViewTransition started
[  759559ms] Transition was skipped. New ViewTransition started
[  813461ms] [LOG] [offline-api] browser: api.salla.dev + cdn.salla.network -> http://127.0.0.1:5178 @ http://localhost:3210/:0
[  815899ms] [ERROR] Failed to load resource: the server responded with a status of 404 (Not Found) @ http://localhost:3210/assets/images/goal-muscle.jpg:0
[  815910ms] [ERROR] Failed to load resource: the server responded with a status of 404 (Not Found) @ http://localhost:3210/assets/images/goal-recovery.jpg:0
[  815948ms] [ERROR] Failed to load resource: the server responded with a status of 404 (Not Found) @ http://localhost:3210/assets/images/goal-daily.jpg:0
[  815997ms] [ERROR] Failed to load resource: the server responded with a status of 404 (Not Found) @ http://localhost:3210/assets/images/goal-strength.jpg:0
[  817259ms] [INFO] %cDownload the React DevTools for a better development experience: https://react.dev/link/react-devtools font-weight:bold @ http://localhost:3210/node_modules/.vite/deps/react-dom_client.js?v=c58539c0:14335
[  817430ms] [WARNING] [Twilight] Could not hydrate twilight context: no root match in router state @ http://localhost:3210/@vite/client:532
[  817653ms] [ERROR] The result of getServerSnapshot should be cached to avoid an infinite loop @ http://localhost:3210/@vite/client:532
[  817710ms] [ERROR] A tree hydrated but some attributes of the server rendered HTML didn't match the client properties. This won't be patched up. This can happen if a SSR-ed Client Component used:

- A server/client branch `if (typeof window !== 'undefined')`.
- Variable input such as `Date.now()` or `Math.random()` which changes each time it's called.
- Date formatting in a user's locale which doesn't match the server.
- External changing data without sending a snapshot of it along with the HTML.
- Invalid HTML tag nesting.

It can also happen if the client has a browser extension installed which messes with the HTML before React loaded.

%s%s https://react.dev/link/hydration-mismatch 

  ...
    <ThemeDocumentSync>
    <TanStackDocumentSync>
    <NavigationSetup>
      <NavigationProvider navigate={function}>
        <LinkProvider adapter={{...}}>
          <WidgetHead>
          <AppsSnippets>
          <HookSlot>
          <Suspense>
          <OptimalXLayout>
            <div>
            <BottomTabBar>
              <nav className="ox-tabbar" aria-label="تنقل سريع" data-testid="ox-tabbar">
                <ul className="ox-tabbar_...">
                  <li>
                    <Link to="/" className="ox-tab">
                      <TanStackLinkAdapter ref={null} to="/" className="ox-tab" data-spa-link="">
                        <a
+                         className="ox-tab active"
-                         className="ox-tab is-active active"
                          style={undefined}
                          title={undefined}
                          target={undefined}
                          rel={undefined}
                          onClick={function handleClick}
                          aria-label={undefined}
                          data-spa-link=""
                          ref={{current:null}}
                          onBlur={function handleLeave}
                          onFocus={function}
                          onMouseEnter={function}
                          onMouseLeave={function handleLeave}
                          onTouchStart={function handleTouchStart}
                          href="/"
                          data-status="active"
                          aria-current="page"
                        >
                  ...
            ...
          ...
 @ http://localhost:3210/@vite/client:532
[  817921ms] [ERROR] Failed to load resource: the server responded with a status of 404 (Not Found) @ http://localhost:3210/assets/images/goal-weight.jpg:0
[  817923ms] [ERROR] Failed to load resource: the server responded with a status of 404 (Not Found) @ http://localhost:3210/assets/images/goal-lean.jpg:0
[  818365ms] [LOG] [HomeComponentRenderer] RENDER: path=ox-hero, index=0, renderCount=1 @ http://localhost:3210/node_modules/.pnpm/@salla.sa+twilight-theme-en_c3cd9c099c8c4c71b5353d842e4aee2e/node_modules/@salla.sa/twilight-theme-engine/dist/chunk-WITIL2MK.js?v=c58539c0:670
[  818366ms] [LOG] [HomeComponentRenderer] RENDER: path=ox-hero, index=0, renderCount=2 @ http://localhost:3210/node_modules/.pnpm/@salla.sa+twilight-theme-en_c3cd9c099c8c4c71b5353d842e4aee2e/node_modules/@salla.sa/twilight-theme-engine/dist/chunk-WITIL2MK.js?v=c58539c0:670
[  818392ms] Error: Hydration failed because the server rendered HTML didn't match the client. As a result this tree will be regenerated on the client. This can happen if a SSR-ed Client Component used:

- A server/client branch `if (typeof window !== 'undefined')`.
- Variable input such as `Date.now()` or `Math.random()` which changes each time it's called.
- Date formatting in a user's locale which doesn't match the server.
- External changing data without sending a snapshot of it along with the HTML.
- Invalid HTML tag nesting.

It can also happen if the client has a browser extension installed which messes with the HTML before React loaded.

https://react.dev/link/hydration-mismatch

  ...
    <Matches>
      <Transitioner>
      <SafeFragment fallback={<Context>}>
        <MatchesInner>
          <CatchBoundary getResetKey={function getResetKey} onCatch={function}>
            <MatchImpl routeId="__root__">
              <MatchView router={{...}} match={{id:"__root__/", ...}}>
                <RootComponent>
                  <html lang="ar" dir="rtl" suppressHydrationWarning={true}>
                    <head>
                    <body suppressHydrationWarning={true}>
                      <noscript>
                      <TwilightProvider>
                      <Suspense fallback={null}>
                        <TanStackRouterDevtools position="bottom-right">
+                         <div ref={{current:null}}>
                      ...

    at throwOnHydrationMismatch (http://localhost:3210/node_modules/.vite/deps/react-dom_client.js?v=c58539c0:2968:51)
    at beginWork (http://localhost:3210/node_modules/.vite/deps/react-dom_client.js?v=c58539c0:6200:914)
    at runWithFiberInDEV (http://localhost:3210/node_modules/.vite/deps/react-dom_client.js?v=c58539c0:851:66)
    at performUnitOfWork (http://localhost:3210/node_modules/.vite/deps/react-dom_client.js?v=c58539c0:8429:92)
    at workLoopConcurrentByScheduler (http://localhost:3210/node_modules/.vite/deps/react-dom_client.js?v=c58539c0:8425:55)
    at renderRootConcurrent (http://localhost:3210/node_modules/.vite/deps/react-dom_client.js?v=c58539c0:8408:64)
    at performWorkOnRoot (http://localhost:3210/node_modules/.vite/deps/react-dom_client.js?v=c58539c0:7957:145)
    at performWorkOnRootViaSchedulerTask (http://localhost:3210/node_modules/.vite/deps/react-dom_client.js?v=c58539c0:9059:4)
    at MessagePort.performWorkUntilDeadline (http://localhost:3210/node_modules/.vite/deps/react-dom_client.js?v=c58539c0:36:38)
[  818400ms] [LOG] [HomeComponentRenderer] RENDER: path=ox-hero, index=0, renderCount=1 @ http://localhost:3210/node_modules/.pnpm/@salla.sa+twilight-theme-en_c3cd9c099c8c4c71b5353d842e4aee2e/node_modules/@salla.sa/twilight-theme-engine/dist/chunk-WITIL2MK.js?v=c58539c0:670
[  818400ms] [LOG] [HomeComponentRenderer] RENDER: path=ox-hero, index=0, renderCount=2 @ http://localhost:3210/node_modules/.pnpm/@salla.sa+twilight-theme-en_c3cd9c099c8c4c71b5353d842e4aee2e/node_modules/@salla.sa/twilight-theme-engine/dist/chunk-WITIL2MK.js?v=c58539c0:670
[  818401ms] [LOG] [HomeComponentRenderer] RENDER: path=ox-trust-strip, index=1, renderCount=1 @ http://localhost:3210/node_modules/.pnpm/@salla.sa+twilight-theme-en_c3cd9c099c8c4c71b5353d842e4aee2e/node_modules/@salla.sa/twilight-theme-engine/dist/chunk-WITIL2MK.js?v=c58539c0:670
[  818401ms] [LOG] [HomeComponentRenderer] RENDER: path=ox-trust-strip, index=1, renderCount=2 @ http://localhost:3210/node_modules/.pnpm/@salla.sa+twilight-theme-en_c3cd9c099c8c4c71b5353d842e4aee2e/node_modules/@salla.sa/twilight-theme-engine/dist/chunk-WITIL2MK.js?v=c58539c0:670
[  818404ms] [LOG] [HomeComponentRenderer] RENDER: path=ox-goals, index=2, renderCount=1 @ http://localhost:3210/node_modules/.pnpm/@salla.sa+twilight-theme-en_c3cd9c099c8c4c71b5353d842e4aee2e/node_modules/@salla.sa/twilight-theme-engine/dist/chunk-WITIL2MK.js?v=c58539c0:670
[  818404ms] [LOG] [HomeComponentRenderer] RENDER: path=ox-goals, index=2, renderCount=2 @ http://localhost:3210/node_modules/.pnpm/@salla.sa+twilight-theme-en_c3cd9c099c8c4c71b5353d842e4aee2e/node_modules/@salla.sa/twilight-theme-engine/dist/chunk-WITIL2MK.js?v=c58539c0:670
[  818405ms] [LOG] [HomeComponentRenderer] RENDER: path=ox-products, index=3, renderCount=1 @ http://localhost:3210/node_modules/.pnpm/@salla.sa+twilight-theme-en_c3cd9c099c8c4c71b5353d842e4aee2e/node_modules/@salla.sa/twilight-theme-engine/dist/chunk-WITIL2MK.js?v=c58539c0:670
[  818406ms] [LOG] [HomeComponentRenderer] RENDER: path=ox-products, index=3, renderCount=2 @ http://localhost:3210/node_modules/.pnpm/@salla.sa+twilight-theme-en_c3cd9c099c8c4c71b5353d842e4aee2e/node_modules/@salla.sa/twilight-theme-engine/dist/chunk-WITIL2MK.js?v=c58539c0:670
[  818408ms] [LOG] [HomeComponentRenderer] RENDER: path=ox-categories, index=4, renderCount=1 @ http://localhost:3210/node_modules/.pnpm/@salla.sa+twilight-theme-en_c3cd9c099c8c4c71b5353d842e4aee2e/node_modules/@salla.sa/twilight-theme-engine/dist/chunk-WITIL2MK.js?v=c58539c0:670
[  818408ms] [LOG] [HomeComponentRenderer] RENDER: path=ox-categories, index=4, renderCount=2 @ http://localhost:3210/node_modules/.pnpm/@salla.sa+twilight-theme-en_c3cd9c099c8c4c71b5353d842e4aee2e/node_modules/@salla.sa/twilight-theme-engine/dist/chunk-WITIL2MK.js?v=c58539c0:670
[  818411ms] [LOG] [HomeComponentRenderer] RENDER: path=ox-brands, index=5, renderCount=1 @ http://localhost:3210/node_modules/.pnpm/@salla.sa+twilight-theme-en_c3cd9c099c8c4c71b5353d842e4aee2e/node_modules/@salla.sa/twilight-theme-engine/dist/chunk-WITIL2MK.js?v=c58539c0:670
[  818411ms] [LOG] [HomeComponentRenderer] RENDER: path=ox-brands, index=5, renderCount=2 @ http://localhost:3210/node_modules/.pnpm/@salla.sa+twilight-theme-en_c3cd9c099c8c4c71b5353d842e4aee2e/node_modules/@salla.sa/twilight-theme-engine/dist/chunk-WITIL2MK.js?v=c58539c0:670
[  818416ms] [LOG] [HomeComponentRenderer] RENDER: path=ox-services, index=6, renderCount=1 @ http://localhost:3210/node_modules/.pnpm/@salla.sa+twilight-theme-en_c3cd9c099c8c4c71b5353d842e4aee2e/node_modules/@salla.sa/twilight-theme-engine/dist/chunk-WITIL2MK.js?v=c58539c0:670
[  818416ms] [LOG] [HomeComponentRenderer] RENDER: path=ox-services, index=6, renderCount=2 @ http://localhost:3210/node_modules/.pnpm/@salla.sa+twilight-theme-en_c3cd9c099c8c4c71b5353d842e4aee2e/node_modules/@salla.sa/twilight-theme-engine/dist/chunk-WITIL2MK.js?v=c58539c0:670
[  818418ms] [LOG] [HomeComponentRenderer] RENDER: path=ox-guides, index=7, renderCount=1 @ http://localhost:3210/node_modules/.pnpm/@salla.sa+twilight-theme-en_c3cd9c099c8c4c71b5353d842e4aee2e/node_modules/@salla.sa/twilight-theme-engine/dist/chunk-WITIL2MK.js?v=c58539c0:670
[  818418ms] [LOG] [HomeComponentRenderer] RENDER: path=ox-guides, index=7, renderCount=2 @ http://localhost:3210/node_modules/.pnpm/@salla.sa+twilight-theme-en_c3cd9c099c8c4c71b5353d842e4aee2e/node_modules/@salla.sa/twilight-theme-engine/dist/chunk-WITIL2MK.js?v=c58539c0:670
[  818422ms] [LOG] [HomeComponentRenderer] RENDER: path=ox-branch, index=8, renderCount=1 @ http://localhost:3210/node_modules/.pnpm/@salla.sa+twilight-theme-en_c3cd9c099c8c4c71b5353d842e4aee2e/node_modules/@salla.sa/twilight-theme-engine/dist/chunk-WITIL2MK.js?v=c58539c0:670
[  818422ms] [LOG] [HomeComponentRenderer] RENDER: path=ox-branch, index=8, renderCount=2 @ http://localhost:3210/node_modules/.pnpm/@salla.sa+twilight-theme-en_c3cd9c099c8c4c71b5353d842e4aee2e/node_modules/@salla.sa/twilight-theme-engine/dist/chunk-WITIL2MK.js?v=c58539c0:670
[  818424ms] [LOG] [HomeComponentRenderer] RENDER: path=ox-faq, index=9, renderCount=1 @ http://localhost:3210/node_modules/.pnpm/@salla.sa+twilight-theme-en_c3cd9c099c8c4c71b5353d842e4aee2e/node_modules/@salla.sa/twilight-theme-engine/dist/chunk-WITIL2MK.js?v=c58539c0:670
[  818425ms] [LOG] [HomeComponentRenderer] RENDER: path=ox-faq, index=9, renderCount=2 @ http://localhost:3210/node_modules/.pnpm/@salla.sa+twilight-theme-en_c3cd9c099c8c4c71b5353d842e4aee2e/node_modules/@salla.sa/twilight-theme-engine/dist/chunk-WITIL2MK.js?v=c58539c0:670
[  818426ms] [LOG] [HomeComponentRenderer] RENDER: path=ox-newsletter, index=10, renderCount=1 @ http://localhost:3210/node_modules/.pnpm/@salla.sa+twilight-theme-en_c3cd9c099c8c4c71b5353d842e4aee2e/node_modules/@salla.sa/twilight-theme-engine/dist/chunk-WITIL2MK.js?v=c58539c0:670
[  818427ms] [LOG] [HomeComponentRenderer] RENDER: path=ox-newsletter, index=10, renderCount=2 @ http://localhost:3210/node_modules/.pnpm/@salla.sa+twilight-theme-en_c3cd9c099c8c4c71b5353d842e4aee2e/node_modules/@salla.sa/twilight-theme-engine/dist/chunk-WITIL2MK.js?v=c58539c0:670
[  818427ms] [LOG] [HomeComponentRenderer] RENDER: path=ox-banner, index=11, renderCount=1 @ http://localhost:3210/node_modules/.pnpm/@salla.sa+twilight-theme-en_c3cd9c099c8c4c71b5353d842e4aee2e/node_modules/@salla.sa/twilight-theme-engine/dist/chunk-WITIL2MK.js?v=c58539c0:670
[  818428ms] [LOG] [HomeComponentRenderer] RENDER: path=ox-banner, index=11, renderCount=2 @ http://localhost:3210/node_modules/.pnpm/@salla.sa+twilight-theme-en_c3cd9c099c8c4c71b5353d842e4aee2e/node_modules/@salla.sa/twilight-theme-engine/dist/chunk-WITIL2MK.js?v=c58539c0:670
[  818545ms] [LOG] [HomeComponentRenderer] MOUNT: path=ox-hero, index=0, renderCount=2 @ http://localhost:3210/node_modules/.pnpm/@salla.sa+twilight-theme-en_c3cd9c099c8c4c71b5353d842e4aee2e/node_modules/@salla.sa/twilight-theme-engine/dist/chunk-WITIL2MK.js?v=c58539c0:673
[  818546ms] [LOG] [HomeComponentRenderer] MOUNT: path=ox-trust-strip, index=1, renderCount=2 @ http://localhost:3210/node_modules/.pnpm/@salla.sa+twilight-theme-en_c3cd9c099c8c4c71b5353d842e4aee2e/node_modules/@salla.sa/twilight-theme-engine/dist/chunk-WITIL2MK.js?v=c58539c0:673
[  818547ms] [LOG] [HomeComponentRenderer] MOUNT: path=ox-goals, index=2, renderCount=2 @ http://localhost:3210/node_modules/.pnpm/@salla.sa+twilight-theme-en_c3cd9c099c8c4c71b5353d842e4aee2e/node_modules/@salla.sa/twilight-theme-engine/dist/chunk-WITIL2MK.js?v=c58539c0:673
[  818548ms] [LOG] [HomeComponentRenderer] MOUNT: path=ox-products, index=3, renderCount=2 @ http://localhost:3210/node_modules/.pnpm/@salla.sa+twilight-theme-en_c3cd9c099c8c4c71b5353d842e4aee2e/node_modules/@salla.sa/twilight-theme-engine/dist/chunk-WITIL2MK.js?v=c58539c0:673
[  818549ms] [LOG] [HomeComponentRenderer] MOUNT: path=ox-categories, index=4, renderCount=2 @ http://localhost:3210/node_modules/.pnpm/@salla.sa+twilight-theme-en_c3cd9c099c8c4c71b5353d842e4aee2e/node_modules/@salla.sa/twilight-theme-engine/dist/chunk-WITIL2MK.js?v=c58539c0:673
[  818549ms] [LOG] [HomeComponentRenderer] MOUNT: path=ox-brands, index=5, renderCount=2 @ http://localhost:3210/node_modules/.pnpm/@salla.sa+twilight-theme-en_c3cd9c099c8c4c71b5353d842e4aee2e/node_modules/@salla.sa/twilight-theme-engine/dist/chunk-WITIL2MK.js?v=c58539c0:673
[  818550ms] [LOG] [HomeComponentRenderer] MOUNT: path=ox-services, index=6, renderCount=2 @ http://localhost:3210/node_modules/.pnpm/@salla.sa+twilight-theme-en_c3cd9c099c8c4c71b5353d842e4aee2e/node_modules/@salla.sa/twilight-theme-engine/dist/chunk-WITIL2MK.js?v=c58539c0:673
[  818551ms] [LOG] [HomeComponentRenderer] MOUNT: path=ox-guides, index=7, renderCount=2 @ http://localhost:3210/node_modules/.pnpm/@salla.sa+twilight-theme-en_c3cd9c099c8c4c71b5353d842e4aee2e/node_modules/@salla.sa/twilight-theme-engine/dist/chunk-WITIL2MK.js?v=c58539c0:673
[  818552ms] [LOG] [HomeComponentRenderer] MOUNT: path=ox-branch, index=8, renderCount=2 @ http://localhost:3210/node_modules/.pnpm/@salla.sa+twilight-theme-en_c3cd9c099c8c4c71b5353d842e4aee2e/node_modules/@salla.sa/twilight-theme-engine/dist/chunk-WITIL2MK.js?v=c58539c0:673
[  818552ms] [LOG] [HomeComponentRenderer] MOUNT: path=ox-faq, index=9, renderCount=2 @ http://localhost:3210/node_modules/.pnpm/@salla.sa+twilight-theme-en_c3cd9c099c8c4c71b5353d842e4aee2e/node_modules/@salla.sa/twilight-theme-engine/dist/chunk-WITIL2MK.js?v=c58539c0:673
[  818554ms] [LOG] [HomeComponentRenderer] MOUNT: path=ox-newsletter, index=10, renderCount=2 @ http://localhost:3210/node_modules/.pnpm/@salla.sa+twilight-theme-en_c3cd9c099c8c4c71b5353d842e4aee2e/node_modules/@salla.sa/twilight-theme-engine/dist/chunk-WITIL2MK.js?v=c58539c0:673
[  818555ms] [LOG] [HomeComponentRenderer] MOUNT: path=ox-banner, index=11, renderCount=2 @ http://localhost:3210/node_modules/.pnpm/@salla.sa+twilight-theme-en_c3cd9c099c8c4c71b5353d842e4aee2e/node_modules/@salla.sa/twilight-theme-engine/dist/chunk-WITIL2MK.js?v=c58539c0:673
[  903344ms] [LOG] [offline-api] browser: api.salla.dev + cdn.salla.network -> http://127.0.0.1:5178 @ http://localhost:3210/:0
[  904176ms] [ERROR] Failed to load resource: the server responded with a status of 404 (Not Found) @ http://localhost:3210/assets/images/goal-lean.jpg:0
[  904176ms] [ERROR] Failed to load resource: the server responded with a status of 404 (Not Found) @ http://localhost:3210/assets/images/goal-strength.jpg:0
[  904177ms] [ERROR] Failed to load resource: the server responded with a status of 404 (Not Found) @ http://localhost:3210/assets/images/goal-weight.jpg:0
[  904180ms] [ERROR] Failed to load resource: the server responded with a status of 404 (Not Found) @ http://localhost:3210/assets/images/goal-daily.jpg:0
[  904180ms] [ERROR] Failed to load resource: the server responded with a status of 404 (Not Found) @ http://localhost:3210/assets/images/goal-muscle.jpg:0
[  904180ms] [ERROR] Failed to load resource: the server responded with a status of 404 (Not Found) @ http://localhost:3210/assets/images/goal-recovery.jpg:0
[  904788ms] [INFO] %cDownload the React DevTools for a better development experience: https://react.dev/link/react-devtools font-weight:bold @ http://localhost:3210/node_modules/.vite/deps/react-dom_client.js?v=c58539c0:14335
[  904924ms] [WARNING] [Twilight] Could not hydrate twilight context: no root match in router state @ http://localhost:3210/@vite/client:532
[  905044ms] [ERROR] The result of getServerSnapshot should be cached to avoid an infinite loop @ http://localhost:3210/@vite/client:532
[  905092ms] [ERROR] A tree hydrated but some attributes of the server rendered HTML didn't match the client properties. This won't be patched up. This can happen if a SSR-ed Client Component used:

- A server/client branch `if (typeof window !== 'undefined')`.
- Variable input such as `Date.now()` or `Math.random()` which changes each time it's called.
- Date formatting in a user's locale which doesn't match the server.
- External changing data without sending a snapshot of it along with the HTML.
- Invalid HTML tag nesting.

It can also happen if the client has a browser extension installed which messes with the HTML before React loaded.

%s%s https://react.dev/link/hydration-mismatch 

  ...
    <ThemeDocumentSync>
    <TanStackDocumentSync>
    <NavigationSetup>
      <NavigationProvider navigate={function}>
        <LinkProvider adapter={{...}}>
          <WidgetHead>
          <AppsSnippets>
          <HookSlot>
          <Suspense>
          <OptimalXLayout>
            <div>
            <BottomTabBar>
              <nav className="ox-tabbar" aria-label="تنقل سريع" data-testid="ox-tabbar">
                <ul className="ox-tabbar_...">
                  <li>
                    <Link to="/" className="ox-tab">
                      <TanStackLinkAdapter ref={null} to="/" className="ox-tab" data-spa-link="">
                        <a
+                         className="ox-tab active"
-                         className="ox-tab is-active active"
                          style={undefined}
                          title={undefined}
                          target={undefined}
                          rel={undefined}
                          onClick={function handleClick}
                          aria-label={undefined}
                          data-spa-link=""
                          ref={{current:null}}
                          onBlur={function handleLeave}
                          onFocus={function}
                          onMouseEnter={function}
                          onMouseLeave={function handleLeave}
                          onTouchStart={function handleTouchStart}
                          href="/"
                          data-status="active"
                          aria-current="page"
                        >
                  ...
            ...
          ...
 @ http://localhost:3210/@vite/client:532
[  905620ms] [LOG] [HomeComponentRenderer] RENDER: path=ox-hero, index=0, renderCount=1 @ http://localhost:3210/node_modules/.pnpm/@salla.sa+twilight-theme-en_c3cd9c099c8c4c71b5353d842e4aee2e/node_modules/@salla.sa/twilight-theme-engine/dist/chunk-WITIL2MK.js?v=c58539c0:670
[  905621ms] [LOG] [HomeComponentRenderer] RENDER: path=ox-hero, index=0, renderCount=2 @ http://localhost:3210/node_modules/.pnpm/@salla.sa+twilight-theme-en_c3cd9c099c8c4c71b5353d842e4aee2e/node_modules/@salla.sa/twilight-theme-engine/dist/chunk-WITIL2MK.js?v=c58539c0:670
[  905652ms] Error: Hydration failed because the server rendered HTML didn't match the client. As a result this tree will be regenerated on the client. This can happen if a SSR-ed Client Component used:

- A server/client branch `if (typeof window !== 'undefined')`.
- Variable input such as `Date.now()` or `Math.random()` which changes each time it's called.
- Date formatting in a user's locale which doesn't match the server.
- External changing data without sending a snapshot of it along with the HTML.
- Invalid HTML tag nesting.

It can also happen if the client has a browser extension installed which messes with the HTML before React loaded.

https://react.dev/link/hydration-mismatch

  ...
    <Matches>
      <Transitioner>
      <SafeFragment fallback={<Context>}>
        <MatchesInner>
          <CatchBoundary getResetKey={function getResetKey} onCatch={function}>
            <MatchImpl routeId="__root__">
              <MatchView router={{...}} match={{id:"__root__/", ...}}>
                <RootComponent>
                  <html lang="ar" dir="rtl" suppressHydrationWarning={true}>
                    <head>
                    <body suppressHydrationWarning={true}>
                      <noscript>
                      <TwilightProvider>
                      <Suspense fallback={null}>
                        <TanStackRouterDevtools position="bottom-right">
+                         <div ref={{current:null}}>
                      ...

    at throwOnHydrationMismatch (http://localhost:3210/node_modules/.vite/deps/react-dom_client.js?v=c58539c0:2968:51)
    at beginWork (http://localhost:3210/node_modules/.vite/deps/react-dom_client.js?v=c58539c0:6200:914)
    at runWithFiberInDEV (http://localhost:3210/node_modules/.vite/deps/react-dom_client.js?v=c58539c0:851:66)
    at performUnitOfWork (http://localhost:3210/node_modules/.vite/deps/react-dom_client.js?v=c58539c0:8429:92)
    at workLoopConcurrentByScheduler (http://localhost:3210/node_modules/.vite/deps/react-dom_client.js?v=c58539c0:8425:55)
    at renderRootConcurrent (http://localhost:3210/node_modules/.vite/deps/react-dom_client.js?v=c58539c0:8408:64)
    at performWorkOnRoot (http://localhost:3210/node_modules/.vite/deps/react-dom_client.js?v=c58539c0:7957:145)
    at performWorkOnRootViaSchedulerTask (http://localhost:3210/node_modules/.vite/deps/react-dom_client.js?v=c58539c0:9059:4)
    at MessagePort.performWorkUntilDeadline (http://localhost:3210/node_modules/.vite/deps/react-dom_client.js?v=c58539c0:36:38)
[  905661ms] [LOG] [HomeComponentRenderer] RENDER: path=ox-hero, index=0, renderCount=1 @ http://localhost:3210/node_modules/.pnpm/@salla.sa+twilight-theme-en_c3cd9c099c8c4c71b5353d842e4aee2e/node_modules/@salla.sa/twilight-theme-engine/dist/chunk-WITIL2MK.js?v=c58539c0:670
[  905662ms] [LOG] [HomeComponentRenderer] RENDER: path=ox-hero, index=0, renderCount=2 @ http://localhost:3210/node_modules/.pnpm/@salla.sa+twilight-theme-en_c3cd9c099c8c4c71b5353d842e4aee2e/node_modules/@salla.sa/twilight-theme-engine/dist/chunk-WITIL2MK.js?v=c58539c0:670
[  905663ms] [LOG] [HomeComponentRenderer] RENDER: path=ox-trust-strip, index=1, renderCount=1 @ http://localhost:3210/node_modules/.pnpm/@salla.sa+twilight-theme-en_c3cd9c099c8c4c71b5353d842e4aee2e/node_modules/@salla.sa/twilight-theme-engine/dist/chunk-WITIL2MK.js?v=c58539c0:670
[  905664ms] [LOG] [HomeComponentRenderer] RENDER: path=ox-trust-strip, index=1, renderCount=2 @ http://localhost:3210/node_modules/.pnpm/@salla.sa+twilight-theme-en_c3cd9c099c8c4c71b5353d842e4aee2e/node_modules/@salla.sa/twilight-theme-engine/dist/chunk-WITIL2MK.js?v=c58539c0:670
[  905664ms] [LOG] [HomeComponentRenderer] RENDER: path=ox-goals, index=2, renderCount=1 @ http://localhost:3210/node_modules/.pnpm/@salla.sa+twilight-theme-en_c3cd9c099c8c4c71b5353d842e4aee2e/node_modules/@salla.sa/twilight-theme-engine/dist/chunk-WITIL2MK.js?v=c58539c0:670
[  905665ms] [LOG] [HomeComponentRenderer] RENDER: path=ox-goals, index=2, renderCount=2 @ http://localhost:3210/node_modules/.pnpm/@salla.sa+twilight-theme-en_c3cd9c099c8c4c71b5353d842e4aee2e/node_modules/@salla.sa/twilight-theme-engine/dist/chunk-WITIL2MK.js?v=c58539c0:670
[  905665ms] [LOG] [HomeComponentRenderer] RENDER: path=ox-products, index=3, renderCount=1 @ http://localhost:3210/node_modules/.pnpm/@salla.sa+twilight-theme-en_c3cd9c099c8c4c71b5353d842e4aee2e/node_modules/@salla.sa/twilight-theme-engine/dist/chunk-WITIL2MK.js?v=c58539c0:670
[  905666ms] [LOG] [HomeComponentRenderer] RENDER: path=ox-products, index=3, renderCount=2 @ http://localhost:3210/node_modules/.pnpm/@salla.sa+twilight-theme-en_c3cd9c099c8c4c71b5353d842e4aee2e/node_modules/@salla.sa/twilight-theme-engine/dist/chunk-WITIL2MK.js?v=c58539c0:670
[  905669ms] [LOG] [HomeComponentRenderer] RENDER: path=ox-categories, index=4, renderCount=1 @ http://localhost:3210/node_modules/.pnpm/@salla.sa+twilight-theme-en_c3cd9c099c8c4c71b5353d842e4aee2e/node_modules/@salla.sa/twilight-theme-engine/dist/chunk-WITIL2MK.js?v=c58539c0:670
[  905670ms] [LOG] [HomeComponentRenderer] RENDER: path=ox-categories, index=4, renderCount=2 @ http://localhost:3210/node_modules/.pnpm/@salla.sa+twilight-theme-en_c3cd9c099c8c4c71b5353d842e4aee2e/node_modules/@salla.sa/twilight-theme-engine/dist/chunk-WITIL2MK.js?v=c58539c0:670
[  905672ms] [LOG] [HomeComponentRenderer] RENDER: path=ox-brands, index=5, renderCount=1 @ http://localhost:3210/node_modules/.pnpm/@salla.sa+twilight-theme-en_c3cd9c099c8c4c71b5353d842e4aee2e/node_modules/@salla.sa/twilight-theme-engine/dist/chunk-WITIL2MK.js?v=c58539c0:670
[  905672ms] [LOG] [HomeComponentRenderer] RENDER: path=ox-brands, index=5, renderCount=2 @ http://localhost:3210/node_modules/.pnpm/@salla.sa+twilight-theme-en_c3cd9c099c8c4c71b5353d842e4aee2e/node_modules/@salla.sa/twilight-theme-engine/dist/chunk-WITIL2MK.js?v=c58539c0:670
[  905675ms] [LOG] [HomeComponentRenderer] RENDER: path=ox-services, index=6, renderCount=1 @ http://localhost:3210/node_modules/.pnpm/@salla.sa+twilight-theme-en_c3cd9c099c8c4c71b5353d842e4aee2e/node_modules/@salla.sa/twilight-theme-engine/dist/chunk-WITIL2MK.js?v=c58539c0:670
[  905675ms] [LOG] [HomeComponentRenderer] RENDER: path=ox-services, index=6, renderCount=2 @ http://localhost:3210/node_modules/.pnpm/@salla.sa+twilight-theme-en_c3cd9c099c8c4c71b5353d842e4aee2e/node_modules/@salla.sa/twilight-theme-engine/dist/chunk-WITIL2MK.js?v=c58539c0:670
[  905677ms] [LOG] [HomeComponentRenderer] RENDER: path=ox-guides, index=7, renderCount=1 @ http://localhost:3210/node_modules/.pnpm/@salla.sa+twilight-theme-en_c3cd9c099c8c4c71b5353d842e4aee2e/node_modules/@salla.sa/twilight-theme-engine/dist/chunk-WITIL2MK.js?v=c58539c0:670
[  905677ms] [LOG] [HomeComponentRenderer] RENDER: path=ox-guides, index=7, renderCount=2 @ http://localhost:3210/node_modules/.pnpm/@salla.sa+twilight-theme-en_c3cd9c099c8c4c71b5353d842e4aee2e/node_modules/@salla.sa/twilight-theme-engine/dist/chunk-WITIL2MK.js?v=c58539c0:670
[  905678ms] [LOG] [HomeComponentRenderer] RENDER: path=ox-branch, index=8, renderCount=1 @ http://localhost:3210/node_modules/.pnpm/@salla.sa+twilight-theme-en_c3cd9c099c8c4c71b5353d842e4aee2e/node_modules/@salla.sa/twilight-theme-engine/dist/chunk-WITIL2MK.js?v=c58539c0:670
[  905679ms] [LOG] [HomeComponentRenderer] RENDER: path=ox-branch, index=8, renderCount=2 @ http://localhost:3210/node_modules/.pnpm/@salla.sa+twilight-theme-en_c3cd9c099c8c4c71b5353d842e4aee2e/node_modules/@salla.sa/twilight-theme-engine/dist/chunk-WITIL2MK.js?v=c58539c0:670
[  905680ms] [LOG] [HomeComponentRenderer] RENDER: path=ox-faq, index=9, renderCount=1 @ http://localhost:3210/node_modules/.pnpm/@salla.sa+twilight-theme-en_c3cd9c099c8c4c71b5353d842e4aee2e/node_modules/@salla.sa/twilight-theme-engine/dist/chunk-WITIL2MK.js?v=c58539c0:670
[  905680ms] [LOG] [HomeComponentRenderer] RENDER: path=ox-faq, index=9, renderCount=2 @ http://localhost:3210/node_modules/.pnpm/@salla.sa+twilight-theme-en_c3cd9c099c8c4c71b5353d842e4aee2e/node_modules/@salla.sa/twilight-theme-engine/dist/chunk-WITIL2MK.js?v=c58539c0:670
[  905682ms] [LOG] [HomeComponentRenderer] RENDER: path=ox-newsletter, index=10, renderCount=1 @ http://localhost:3210/node_modules/.pnpm/@salla.sa+twilight-theme-en_c3cd9c099c8c4c71b5353d842e4aee2e/node_modules/@salla.sa/twilight-theme-engine/dist/chunk-WITIL2MK.js?v=c58539c0:670
[  905683ms] [LOG] [HomeComponentRenderer] RENDER: path=ox-newsletter, index=10, renderCount=2 @ http://localhost:3210/node_modules/.pnpm/@salla.sa+twilight-theme-en_c3cd9c099c8c4c71b5353d842e4aee2e/node_modules/@salla.sa/twilight-theme-engine/dist/chunk-WITIL2MK.js?v=c58539c0:670
[  905683ms] [LOG] [HomeComponentRenderer] RENDER: path=ox-banner, index=11, renderCount=1 @ http://localhost:3210/node_modules/.pnpm/@salla.sa+twilight-theme-en_c3cd9c099c8c4c71b5353d842e4aee2e/node_modules/@salla.sa/twilight-theme-engine/dist/chunk-WITIL2MK.js?v=c58539c0:670
[  905684ms] [LOG] [HomeComponentRenderer] RENDER: path=ox-banner, index=11, renderCount=2 @ http://localhost:3210/node_modules/.pnpm/@salla.sa+twilight-theme-en_c3cd9c099c8c4c71b5353d842e4aee2e/node_modules/@salla.sa/twilight-theme-engine/dist/chunk-WITIL2MK.js?v=c58539c0:670
[  905687ms] [LOG] [HomeComponentRenderer] MOUNT: path=ox-hero, index=0, renderCount=2 @ http://localhost:3210/node_modules/.pnpm/@salla.sa+twilight-theme-en_c3cd9c099c8c4c71b5353d842e4aee2e/node_modules/@salla.sa/twilight-theme-engine/dist/chunk-WITIL2MK.js?v=c58539c0:673
[  905688ms] [LOG] [HomeComponentRenderer] MOUNT: path=ox-trust-strip, index=1, renderCount=2 @ http://localhost:3210/node_modules/.pnpm/@salla.sa+twilight-theme-en_c3cd9c099c8c4c71b5353d842e4aee2e/node_modules/@salla.sa/twilight-theme-engine/dist/chunk-WITIL2MK.js?v=c58539c0:673
[  905688ms] [LOG] [HomeComponentRenderer] MOUNT: path=ox-goals, index=2, renderCount=2 @ http://localhost:3210/node_modules/.pnpm/@salla.sa+twilight-theme-en_c3cd9c099c8c4c71b5353d842e4aee2e/node_modules/@salla.sa/twilight-theme-engine/dist/chunk-WITIL2MK.js?v=c58539c0:673
[  905689ms] [LOG] [HomeComponentRenderer] MOUNT: path=ox-products, index=3, renderCount=2 @ http://localhost:3210/node_modules/.pnpm/@salla.sa+twilight-theme-en_c3cd9c099c8c4c71b5353d842e4aee2e/node_modules/@salla.sa/twilight-theme-engine/dist/chunk-WITIL2MK.js?v=c58539c0:673
[  905690ms] [LOG] [HomeComponentRenderer] MOUNT: path=ox-categories, index=4, renderCount=2 @ http://localhost:3210/node_modules/.pnpm/@salla.sa+twilight-theme-en_c3cd9c099c8c4c71b5353d842e4aee2e/node_modules/@salla.sa/twilight-theme-engine/dist/chunk-WITIL2MK.js?v=c58539c0:673
[  905691ms] [LOG] [HomeComponentRenderer] MOUNT: path=ox-brands, index=5, renderCount=2 @ http://localhost:3210/node_modules/.pnpm/@salla.sa+twilight-theme-en_c3cd9c099c8c4c71b5353d842e4aee2e/node_modules/@salla.sa/twilight-theme-engine/dist/chunk-WITIL2MK.js?v=c58539c0:673
[  905691ms] [LOG] [HomeComponentRenderer] MOUNT: path=ox-services, index=6, renderCount=2 @ http://localhost:3210/node_modules/.pnpm/@salla.sa+twilight-theme-en_c3cd9c099c8c4c71b5353d842e4aee2e/node_modules/@salla.sa/twilight-theme-engine/dist/chunk-WITIL2MK.js?v=c58539c0:673
[  905692ms] [LOG] [HomeComponentRenderer] MOUNT: path=ox-guides, index=7, renderCount=2 @ http://localhost:3210/node_modules/.pnpm/@salla.sa+twilight-theme-en_c3cd9c099c8c4c71b5353d842e4aee2e/node_modules/@salla.sa/twilight-theme-engine/dist/chunk-WITIL2MK.js?v=c58539c0:673
[  905693ms] [LOG] [HomeComponentRenderer] MOUNT: path=ox-branch, index=8, renderCount=2 @ http://localhost:3210/node_modules/.pnpm/@salla.sa+twilight-theme-en_c3cd9c099c8c4c71b5353d842e4aee2e/node_modules/@salla.sa/twilight-theme-engine/dist/chunk-WITIL2MK.js?v=c58539c0:673
[  905694ms] [LOG] [HomeComponentRenderer] MOUNT: path=ox-faq, index=9, renderCount=2 @ http://localhost:3210/node_modules/.pnpm/@salla.sa+twilight-theme-en_c3cd9c099c8c4c71b5353d842e4aee2e/node_modules/@salla.sa/twilight-theme-engine/dist/chunk-WITIL2MK.js?v=c58539c0:673
[  905695ms] [LOG] [HomeComponentRenderer] MOUNT: path=ox-newsletter, index=10, renderCount=2 @ http://localhost:3210/node_modules/.pnpm/@salla.sa+twilight-theme-en_c3cd9c099c8c4c71b5353d842e4aee2e/node_modules/@salla.sa/twilight-theme-engine/dist/chunk-WITIL2MK.js?v=c58539c0:673
[  905696ms] [LOG] [HomeComponentRenderer] MOUNT: path=ox-banner, index=11, renderCount=2 @ http://localhost:3210/node_modules/.pnpm/@salla.sa+twilight-theme-en_c3cd9c099c8c4c71b5353d842e4aee2e/node_modules/@salla.sa/twilight-theme-engine/dist/chunk-WITIL2MK.js?v=c58539c0:673
[  944818ms] [LOG] [offline-api] browser: api.salla.dev + cdn.salla.network -> http://127.0.0.1:5178 @ http://localhost:3210/:0
[  945708ms] [ERROR] Failed to load resource: the server responded with a status of 404 (Not Found) @ http://localhost:3210/assets/images/goal-strength.jpg:0
[  945708ms] [ERROR] Failed to load resource: the server responded with a status of 404 (Not Found) @ http://localhost:3210/assets/images/goal-recovery.jpg:0
[  945709ms] [ERROR] Failed to load resource: the server responded with a status of 404 (Not Found) @ http://localhost:3210/assets/images/goal-daily.jpg:0
[  945709ms] [ERROR] Failed to load resource: the server responded with a status of 404 (Not Found) @ http://localhost:3210/assets/images/goal-muscle.jpg:0
[  946002ms] [INFO] %cDownload the React DevTools for a better development experience: https://react.dev/link/react-devtools font-weight:bold @ http://localhost:3210/node_modules/.vite/deps/react-dom_client.js?v=c58539c0:14335
[  946194ms] [WARNING] [Twilight] Could not hydrate twilight context: no root match in router state @ http://localhost:3210/@vite/client:532
[  946333ms] [ERROR] Failed to load resource: the server responded with a status of 404 (Not Found) @ http://localhost:3210/assets/images/goal-lean.jpg:0
[  946444ms] [ERROR] The result of getServerSnapshot should be cached to avoid an infinite loop @ http://localhost:3210/@vite/client:532
[  946508ms] [ERROR] A tree hydrated but some attributes of the server rendered HTML didn't match the client properties. This won't be patched up. This can happen if a SSR-ed Client Component used:

- A server/client branch `if (typeof window !== 'undefined')`.
- Variable input such as `Date.now()` or `Math.random()` which changes each time it's called.
- Date formatting in a user's locale which doesn't match the server.
- External changing data without sending a snapshot of it along with the HTML.
- Invalid HTML tag nesting.

It can also happen if the client has a browser extension installed which messes with the HTML before React loaded.

%s%s https://react.dev/link/hydration-mismatch 

  ...
    <ThemeDocumentSync>
    <TanStackDocumentSync>
    <NavigationSetup>
      <NavigationProvider navigate={function}>
        <LinkProvider adapter={{...}}>
          <WidgetHead>
          <AppsSnippets>
          <HookSlot>
          <Suspense>
          <OptimalXLayout>
            <div>
            <BottomTabBar>
              <nav className="ox-tabbar" aria-label="تنقل سريع" data-testid="ox-tabbar">
                <ul className="ox-tabbar_...">
                  <li>
                    <Link to="/" className="ox-tab">
                      <TanStackLinkAdapter ref={null} to="/" className="ox-tab" data-spa-link="">
                        <a
+                         className="ox-tab active"
-                         className="ox-tab is-active active"
                          style={undefined}
                          title={undefined}
                          target={undefined}
                          rel={undefined}
                          onClick={function handleClick}
                          aria-label={undefined}
                          data-spa-link=""
                          ref={{current:null}}
                          onBlur={function handleLeave}
                          onFocus={function}
                          onMouseEnter={function}
                          onMouseLeave={function handleLeave}
                          onTouchStart={function handleTouchStart}
                          href="/"
                          data-status="active"
                          aria-current="page"
                        >
                  ...
            ...
          ...
 @ http://localhost:3210/@vite/client:532
[  946701ms] [ERROR] Failed to load resource: the server responded with a status of 404 (Not Found) @ http://localhost:3210/assets/images/goal-weight.jpg:0
[  947129ms] [LOG] [HomeComponentRenderer] RENDER: path=ox-hero, index=0, renderCount=1 @ http://localhost:3210/node_modules/.pnpm/@salla.sa+twilight-theme-en_c3cd9c099c8c4c71b5353d842e4aee2e/node_modules/@salla.sa/twilight-theme-engine/dist/chunk-WITIL2MK.js?v=c58539c0:670
[  947130ms] [LOG] [HomeComponentRenderer] RENDER: path=ox-hero, index=0, renderCount=2 @ http://localhost:3210/node_modules/.pnpm/@salla.sa+twilight-theme-en_c3cd9c099c8c4c71b5353d842e4aee2e/node_modules/@salla.sa/twilight-theme-engine/dist/chunk-WITIL2MK.js?v=c58539c0:670
[  947158ms] Error: Hydration failed because the server rendered HTML didn't match the client. As a result this tree will be regenerated on the client. This can happen if a SSR-ed Client Component used:

- A server/client branch `if (typeof window !== 'undefined')`.
- Variable input such as `Date.now()` or `Math.random()` which changes each time it's called.
- Date formatting in a user's locale which doesn't match the server.
- External changing data without sending a snapshot of it along with the HTML.
- Invalid HTML tag nesting.

It can also happen if the client has a browser extension installed which messes with the HTML before React loaded.

https://react.dev/link/hydration-mismatch

  ...
    <Matches>
      <Transitioner>
      <SafeFragment fallback={<Context>}>
        <MatchesInner>
          <CatchBoundary getResetKey={function getResetKey} onCatch={function}>
            <MatchImpl routeId="__root__">
              <MatchView router={{...}} match={{id:"__root__/", ...}}>
                <RootComponent>
                  <html lang="ar" dir="rtl" suppressHydrationWarning={true}>
                    <head>
                    <body suppressHydrationWarning={true}>
                      <noscript>
                      <TwilightProvider>
                      <Suspense fallback={null}>
                        <TanStackRouterDevtools position="bottom-right">
+                         <div ref={{current:null}}>
                      ...

    at throwOnHydrationMismatch (http://localhost:3210/node_modules/.vite/deps/react-dom_client.js?v=c58539c0:2968:51)
    at beginWork (http://localhost:3210/node_modules/.vite/deps/react-dom_client.js?v=c58539c0:6200:914)
    at runWithFiberInDEV (http://localhost:3210/node_modules/.vite/deps/react-dom_client.js?v=c58539c0:851:66)
    at performUnitOfWork (http://localhost:3210/node_modules/.vite/deps/react-dom_client.js?v=c58539c0:8429:92)
    at workLoopConcurrentByScheduler (http://localhost:3210/node_modules/.vite/deps/react-dom_client.js?v=c58539c0:8425:55)
    at renderRootConcurrent (http://localhost:3210/node_modules/.vite/deps/react-dom_client.js?v=c58539c0:8408:64)
    at performWorkOnRoot (http://localhost:3210/node_modules/.vite/deps/react-dom_client.js?v=c58539c0:7957:145)
    at performWorkOnRootViaSchedulerTask (http://localhost:3210/node_modules/.vite/deps/react-dom_client.js?v=c58539c0:9059:4)
    at MessagePort.performWorkUntilDeadline (http://localhost:3210/node_modules/.vite/deps/react-dom_client.js?v=c58539c0:36:38)
[  947162ms] [LOG] [HomeComponentRenderer] RENDER: path=ox-hero, index=0, renderCount=1 @ http://localhost:3210/node_modules/.pnpm/@salla.sa+twilight-theme-en_c3cd9c099c8c4c71b5353d842e4aee2e/node_modules/@salla.sa/twilight-theme-engine/dist/chunk-WITIL2MK.js?v=c58539c0:670
[  947163ms] [LOG] [HomeComponentRenderer] RENDER: path=ox-hero, index=0, renderCount=2 @ http://localhost:3210/node_modules/.pnpm/@salla.sa+twilight-theme-en_c3cd9c099c8c4c71b5353d842e4aee2e/node_modules/@salla.sa/twilight-theme-engine/dist/chunk-WITIL2MK.js?v=c58539c0:670
[  947165ms] [LOG] [HomeComponentRenderer] RENDER: path=ox-trust-strip, index=1, renderCount=1 @ http://localhost:3210/node_modules/.pnpm/@salla.sa+twilight-theme-en_c3cd9c099c8c4c71b5353d842e4aee2e/node_modules/@salla.sa/twilight-theme-engine/dist/chunk-WITIL2MK.js?v=c58539c0:670
[  947166ms] [LOG] [HomeComponentRenderer] RENDER: path=ox-trust-strip, index=1, renderCount=2 @ http://localhost:3210/node_modules/.pnpm/@salla.sa+twilight-theme-en_c3cd9c099c8c4c71b5353d842e4aee2e/node_modules/@salla.sa/twilight-theme-engine/dist/chunk-WITIL2MK.js?v=c58539c0:670
[  947167ms] [LOG] [HomeComponentRenderer] RENDER: path=ox-goals, index=2, renderCount=1 @ http://localhost:3210/node_modules/.pnpm/@salla.sa+twilight-theme-en_c3cd9c099c8c4c71b5353d842e4aee2e/node_modules/@salla.sa/twilight-theme-engine/dist/chunk-WITIL2MK.js?v=c58539c0:670
[  947167ms] [LOG] [HomeComponentRenderer] RENDER: path=ox-goals, index=2, renderCount=2 @ http://localhost:3210/node_modules/.pnpm/@salla.sa+twilight-theme-en_c3cd9c099c8c4c71b5353d842e4aee2e/node_modules/@salla.sa/twilight-theme-engine/dist/chunk-WITIL2MK.js?v=c58539c0:670
[  947168ms] [LOG] [HomeComponentRenderer] RENDER: path=ox-products, index=3, renderCount=1 @ http://localhost:3210/node_modules/.pnpm/@salla.sa+twilight-theme-en_c3cd9c099c8c4c71b5353d842e4aee2e/node_modules/@salla.sa/twilight-theme-engine/dist/chunk-WITIL2MK.js?v=c58539c0:670
[  947168ms] [LOG] [HomeComponentRenderer] RENDER: path=ox-products, index=3, renderCount=2 @ http://localhost:3210/node_modules/.pnpm/@salla.sa+twilight-theme-en_c3cd9c099c8c4c71b5353d842e4aee2e/node_modules/@salla.sa/twilight-theme-engine/dist/chunk-WITIL2MK.js?v=c58539c0:670
[  947172ms] [LOG] [HomeComponentRenderer] RENDER: path=ox-categories, index=4, renderCount=1 @ http://localhost:3210/node_modules/.pnpm/@salla.sa+twilight-theme-en_c3cd9c099c8c4c71b5353d842e4aee2e/node_modules/@salla.sa/twilight-theme-engine/dist/chunk-WITIL2MK.js?v=c58539c0:670
[  947172ms] [LOG] [HomeComponentRenderer] RENDER: path=ox-categories, index=4, renderCount=2 @ http://localhost:3210/node_modules/.pnpm/@salla.sa+twilight-theme-en_c3cd9c099c8c4c71b5353d842e4aee2e/node_modules/@salla.sa/twilight-theme-engine/dist/chunk-WITIL2MK.js?v=c58539c0:670
[  947175ms] [LOG] [HomeComponentRenderer] RENDER: path=ox-brands, index=5, renderCount=1 @ http://localhost:3210/node_modules/.pnpm/@salla.sa+twilight-theme-en_c3cd9c099c8c4c71b5353d842e4aee2e/node_modules/@salla.sa/twilight-theme-engine/dist/chunk-WITIL2MK.js?v=c58539c0:670
[  947175ms] [LOG] [HomeComponentRenderer] RENDER: path=ox-brands, index=5, renderCount=2 @ http://localhost:3210/node_modules/.pnpm/@salla.sa+twilight-theme-en_c3cd9c099c8c4c71b5353d842e4aee2e/node_modules/@salla.sa/twilight-theme-engine/dist/chunk-WITIL2MK.js?v=c58539c0:670
[  947178ms] [LOG] [HomeComponentRenderer] RENDER: path=ox-services, index=6, renderCount=1 @ http://localhost:3210/node_modules/.pnpm/@salla.sa+twilight-theme-en_c3cd9c099c8c4c71b5353d842e4aee2e/node_modules/@salla.sa/twilight-theme-engine/dist/chunk-WITIL2MK.js?v=c58539c0:670
[  947178ms] [LOG] [HomeComponentRenderer] RENDER: path=ox-services, index=6, renderCount=2 @ http://localhost:3210/node_modules/.pnpm/@salla.sa+twilight-theme-en_c3cd9c099c8c4c71b5353d842e4aee2e/node_modules/@salla.sa/twilight-theme-engine/dist/chunk-WITIL2MK.js?v=c58539c0:670
[  947180ms] [LOG] [HomeComponentRenderer] RENDER: path=ox-guides, index=7, renderCount=1 @ http://localhost:3210/node_modules/.pnpm/@salla.sa+twilight-theme-en_c3cd9c099c8c4c71b5353d842e4aee2e/node_modules/@salla.sa/twilight-theme-engine/dist/chunk-WITIL2MK.js?v=c58539c0:670
[  947181ms] [LOG] [HomeComponentRenderer] RENDER: path=ox-guides, index=7, renderCount=2 @ http://localhost:3210/node_modules/.pnpm/@salla.sa+twilight-theme-en_c3cd9c099c8c4c71b5353d842e4aee2e/node_modules/@salla.sa/twilight-theme-engine/dist/chunk-WITIL2MK.js?v=c58539c0:670
[  947184ms] [LOG] [HomeComponentRenderer] RENDER: path=ox-branch, index=8, renderCount=1 @ http://localhost:3210/node_modules/.pnpm/@salla.sa+twilight-theme-en_c3cd9c099c8c4c71b5353d842e4aee2e/node_modules/@salla.sa/twilight-theme-engine/dist/chunk-WITIL2MK.js?v=c58539c0:670
[  947184ms] [LOG] [HomeComponentRenderer] RENDER: path=ox-branch, index=8, renderCount=2 @ http://localhost:3210/node_modules/.pnpm/@salla.sa+twilight-theme-en_c3cd9c099c8c4c71b5353d842e4aee2e/node_modules/@salla.sa/twilight-theme-engine/dist/chunk-WITIL2MK.js?v=c58539c0:670
[  947186ms] [LOG] [HomeComponentRenderer] RENDER: path=ox-faq, index=9, renderCount=1 @ http://localhost:3210/node_modules/.pnpm/@salla.sa+twilight-theme-en_c3cd9c099c8c4c71b5353d842e4aee2e/node_modules/@salla.sa/twilight-theme-engine/dist/chunk-WITIL2MK.js?v=c58539c0:670
[  947186ms] [LOG] [HomeComponentRenderer] RENDER: path=ox-faq, index=9, renderCount=2 @ http://localhost:3210/node_modules/.pnpm/@salla.sa+twilight-theme-en_c3cd9c099c8c4c71b5353d842e4aee2e/node_modules/@salla.sa/twilight-theme-engine/dist/chunk-WITIL2MK.js?v=c58539c0:670
[  947188ms] [LOG] [HomeComponentRenderer] RENDER: path=ox-newsletter, index=10, renderCount=1 @ http://localhost:3210/node_modules/.pnpm/@salla.sa+twilight-theme-en_c3cd9c099c8c4c71b5353d842e4aee2e/node_modules/@salla.sa/twilight-theme-engine/dist/chunk-WITIL2MK.js?v=c58539c0:670
[  947188ms] [LOG] [HomeComponentRenderer] RENDER: path=ox-newsletter, index=10, renderCount=2 @ http://localhost:3210/node_modules/.pnpm/@salla.sa+twilight-theme-en_c3cd9c099c8c4c71b5353d842e4aee2e/node_modules/@salla.sa/twilight-theme-engine/dist/chunk-WITIL2MK.js?v=c58539c0:670
[  947189ms] [LOG] [HomeComponentRenderer] RENDER: path=ox-banner, index=11, renderCount=1 @ http://localhost:3210/node_modules/.pnpm/@salla.sa+twilight-theme-en_c3cd9c099c8c4c71b5353d842e4aee2e/node_modules/@salla.sa/twilight-theme-engine/dist/chunk-WITIL2MK.js?v=c58539c0:670
[  947189ms] [LOG] [HomeComponentRenderer] RENDER: path=ox-banner, index=11, renderCount=2 @ http://localhost:3210/node_modules/.pnpm/@salla.sa+twilight-theme-en_c3cd9c099c8c4c71b5353d842e4aee2e/node_modules/@salla.sa/twilight-theme-engine/dist/chunk-WITIL2MK.js?v=c58539c0:670
[  947192ms] [LOG] [HomeComponentRenderer] MOUNT: path=ox-hero, index=0, renderCount=2 @ http://localhost:3210/node_modules/.pnpm/@salla.sa+twilight-theme-en_c3cd9c099c8c4c71b5353d842e4aee2e/node_modules/@salla.sa/twilight-theme-engine/dist/chunk-WITIL2MK.js?v=c58539c0:673
[  947193ms] [LOG] [HomeComponentRenderer] MOUNT: path=ox-trust-strip, index=1, renderCount=2 @ http://localhost:3210/node_modules/.pnpm/@salla.sa+twilight-theme-en_c3cd9c099c8c4c71b5353d842e4aee2e/node_modules/@salla.sa/twilight-theme-engine/dist/chunk-WITIL2MK.js?v=c58539c0:673
[  947194ms] [LOG] [HomeComponentRenderer] MOUNT: path=ox-goals, index=2, renderCount=2 @ http://localhost:3210/node_modules/.pnpm/@salla.sa+twilight-theme-en_c3cd9c099c8c4c71b5353d842e4aee2e/node_modules/@salla.sa/twilight-theme-engine/dist/chunk-WITIL2MK.js?v=c58539c0:673
[  947194ms] [LOG] [HomeComponentRenderer] MOUNT: path=ox-products, index=3, renderCount=2 @ http://localhost:3210/node_modules/.pnpm/@salla.sa+twilight-theme-en_c3cd9c099c8c4c71b5353d842e4aee2e/node_modules/@salla.sa/twilight-theme-engine/dist/chunk-WITIL2MK.js?v=c58539c0:673
[  947195ms] [LOG] [HomeComponentRenderer] MOUNT: path=ox-categories, index=4, renderCount=2 @ http://localhost:3210/node_modules/.pnpm/@salla.sa+twilight-theme-en_c3cd9c099c8c4c71b5353d842e4aee2e/node_modules/@salla.sa/twilight-theme-engine/dist/chunk-WITIL2MK.js?v=c58539c0:673
[  947196ms] [LOG] [HomeComponentRenderer] MOUNT: path=ox-brands, index=5, renderCount=2 @ http://localhost:3210/node_modules/.pnpm/@salla.sa+twilight-theme-en_c3cd9c099c8c4c71b5353d842e4aee2e/node_modules/@salla.sa/twilight-theme-engine/dist/chunk-WITIL2MK.js?v=c58539c0:673
[  947198ms] [LOG] [HomeComponentRenderer] MOUNT: path=ox-services, index=6, renderCount=2 @ http://localhost:3210/node_modules/.pnpm/@salla.sa+twilight-theme-en_c3cd9c099c8c4c71b5353d842e4aee2e/node_modules/@salla.sa/twilight-theme-engine/dist/chunk-WITIL2MK.js?v=c58539c0:673
[  947199ms] [LOG] [HomeComponentRenderer] MOUNT: path=ox-guides, index=7, renderCount=2 @ http://localhost:3210/node_modules/.pnpm/@salla.sa+twilight-theme-en_c3cd9c099c8c4c71b5353d842e4aee2e/node_modules/@salla.sa/twilight-theme-engine/dist/chunk-WITIL2MK.js?v=c58539c0:673
[  947200ms] [LOG] [HomeComponentRenderer] MOUNT: path=ox-branch, index=8, renderCount=2 @ http://localhost:3210/node_modules/.pnpm/@salla.sa+twilight-theme-en_c3cd9c099c8c4c71b5353d842e4aee2e/node_modules/@salla.sa/twilight-theme-engine/dist/chunk-WITIL2MK.js?v=c58539c0:673
[  947201ms] [LOG] [HomeComponentRenderer] MOUNT: path=ox-faq, index=9, renderCount=2 @ http://localhost:3210/node_modules/.pnpm/@salla.sa+twilight-theme-en_c3cd9c099c8c4c71b5353d842e4aee2e/node_modules/@salla.sa/twilight-theme-engine/dist/chunk-WITIL2MK.js?v=c58539c0:673
[  947202ms] [LOG] [HomeComponentRenderer] MOUNT: path=ox-newsletter, index=10, renderCount=2 @ http://localhost:3210/node_modules/.pnpm/@salla.sa+twilight-theme-en_c3cd9c099c8c4c71b5353d842e4aee2e/node_modules/@salla.sa/twilight-theme-engine/dist/chunk-WITIL2MK.js?v=c58539c0:673
[  947203ms] [LOG] [HomeComponentRenderer] MOUNT: path=ox-banner, index=11, renderCount=2 @ http://localhost:3210/node_modules/.pnpm/@salla.sa+twilight-theme-en_c3cd9c099c8c4c71b5353d842e4aee2e/node_modules/@salla.sa/twilight-theme-engine/dist/chunk-WITIL2MK.js?v=c58539c0:673
[ 1507666ms] [LOG] [offline-api] browser: api.salla.dev + cdn.salla.network -> http://127.0.0.1:5178 @ http://localhost:3210/:0
[ 1508471ms] [ERROR] Failed to load resource: the server responded with a status of 404 (Not Found) @ http://localhost:3210/assets/images/goal-strength.jpg:0
[ 1508471ms] [ERROR] Failed to load resource: the server responded with a status of 404 (Not Found) @ http://localhost:3210/assets/images/goal-recovery.jpg:0
[ 1508471ms] [ERROR] Failed to load resource: the server responded with a status of 404 (Not Found) @ http://localhost:3210/assets/images/goal-daily.jpg:0
[ 1508783ms] [ERROR] Failed to load resource: the server responded with a status of 404 (Not Found) @ http://localhost:3210/assets/images/goal-lean.jpg:0
[ 1508783ms] [ERROR] Failed to load resource: the server responded with a status of 404 (Not Found) @ http://localhost:3210/assets/images/goal-muscle.jpg:0
[ 1509157ms] [INFO] %cDownload the React DevTools for a better development experience: https://react.dev/link/react-devtools font-weight:bold @ http://localhost:3210/node_modules/.vite/deps/react-dom_client.js?v=c58539c0:14335
[ 1509257ms] [ERROR] Failed to load resource: the server responded with a status of 404 (Not Found) @ http://localhost:3210/assets/images/goal-weight.jpg:0
[ 1509348ms] [WARNING] [Twilight] Could not hydrate twilight context: no root match in router state @ http://localhost:3210/@vite/client:532
[ 1509508ms] [ERROR] The result of getServerSnapshot should be cached to avoid an infinite loop @ http://localhost:3210/@vite/client:532
[ 1509565ms] [ERROR] A tree hydrated but some attributes of the server rendered HTML didn't match the client properties. This won't be patched up. This can happen if a SSR-ed Client Component used:

- A server/client branch `if (typeof window !== 'undefined')`.
- Variable input such as `Date.now()` or `Math.random()` which changes each time it's called.
- Date formatting in a user's locale which doesn't match the server.
- External changing data without sending a snapshot of it along with the HTML.
- Invalid HTML tag nesting.

It can also happen if the client has a browser extension installed which messes with the HTML before React loaded.

%s%s https://react.dev/link/hydration-mismatch 

  ...
    <ThemeDocumentSync>
    <TanStackDocumentSync>
    <NavigationSetup>
      <NavigationProvider navigate={function}>
        <LinkProvider adapter={{...}}>
          <WidgetHead>
          <AppsSnippets>
          <HookSlot>
          <Suspense>
          <OptimalXLayout>
            <div>
            <BottomTabBar>
              <nav className="ox-tabbar" aria-label="تنقل سريع" data-testid="ox-tabbar">
                <ul className="ox-tabbar_...">
                  <li>
                    <Link to="/" className="ox-tab">
                      <TanStackLinkAdapter ref={null} to="/" className="ox-tab" data-spa-link="">
                        <a
+                         className="ox-tab active"
-                         className="ox-tab is-active active"
                          style={undefined}
                          title={undefined}
                          target={undefined}
                          rel={undefined}
                          onClick={function handleClick}
                          aria-label={undefined}
                          data-spa-link=""
                          ref={{current:null}}
                          onBlur={function handleLeave}
                          onFocus={function}
                          onMouseEnter={function}
                          onMouseLeave={function handleLeave}
                          onTouchStart={function handleTouchStart}
                          href="/"
                          data-status="active"
                          aria-current="page"
                        >
                  ...
            ...
          ...
 @ http://localhost:3210/@vite/client:532
[ 1510166ms] [LOG] [HomeComponentRenderer] RENDER: path=ox-hero, index=0, renderCount=1 @ http://localhost:3210/node_modules/.pnpm/@salla.sa+twilight-theme-en_c3cd9c099c8c4c71b5353d842e4aee2e/node_modules/@salla.sa/twilight-theme-engine/dist/chunk-WITIL2MK.js?v=c58539c0:670
[ 1510167ms] [LOG] [HomeComponentRenderer] RENDER: path=ox-hero, index=0, renderCount=2 @ http://localhost:3210/node_modules/.pnpm/@salla.sa+twilight-theme-en_c3cd9c099c8c4c71b5353d842e4aee2e/node_modules/@salla.sa/twilight-theme-engine/dist/chunk-WITIL2MK.js?v=c58539c0:670
[ 1510195ms] Error: Hydration failed because the server rendered HTML didn't match the client. As a result this tree will be regenerated on the client. This can happen if a SSR-ed Client Component used:

- A server/client branch `if (typeof window !== 'undefined')`.
- Variable input such as `Date.now()` or `Math.random()` which changes each time it's called.
- Date formatting in a user's locale which doesn't match the server.
- External changing data without sending a snapshot of it along with the HTML.
- Invalid HTML tag nesting.

It can also happen if the client has a browser extension installed which messes with the HTML before React loaded.

https://react.dev/link/hydration-mismatch

  ...
    <Matches>
      <Transitioner>
      <SafeFragment fallback={<Context>}>
        <MatchesInner>
          <CatchBoundary getResetKey={function getResetKey} onCatch={function}>
            <MatchImpl routeId="__root__">
              <MatchView router={{...}} match={{id:"__root__/", ...}}>
                <RootComponent>
                  <html lang="ar" dir="rtl" suppressHydrationWarning={true}>
                    <head>
                    <body suppressHydrationWarning={true}>
                      <noscript>
                      <TwilightProvider>
                      <Suspense fallback={null}>
                        <TanStackRouterDevtools position="bottom-right">
+                         <div ref={{current:null}}>
                      ...

    at throwOnHydrationMismatch (http://localhost:3210/node_modules/.vite/deps/react-dom_client.js?v=c58539c0:2968:51)
    at beginWork (http://localhost:3210/node_modules/.vite/deps/react-dom_client.js?v=c58539c0:6200:914)
    at runWithFiberInDEV (http://localhost:3210/node_modules/.vite/deps/react-dom_client.js?v=c58539c0:851:66)
    at performUnitOfWork (http://localhost:3210/node_modules/.vite/deps/react-dom_client.js?v=c58539c0:8429:92)
    at workLoopConcurrentByScheduler (http://localhost:3210/node_modules/.vite/deps/react-dom_client.js?v=c58539c0:8425:55)
    at renderRootConcurrent (http://localhost:3210/node_modules/.vite/deps/react-dom_client.js?v=c58539c0:8408:64)
    at performWorkOnRoot (http://localhost:3210/node_modules/.vite/deps/react-dom_client.js?v=c58539c0:7957:145)
    at performWorkOnRootViaSchedulerTask (http://localhost:3210/node_modules/.vite/deps/react-dom_client.js?v=c58539c0:9059:4)
    at MessagePort.performWorkUntilDeadline (http://localhost:3210/node_modules/.vite/deps/react-dom_client.js?v=c58539c0:36:38)
[ 1510207ms] [LOG] [HomeComponentRenderer] RENDER: path=ox-hero, index=0, renderCount=1 @ http://localhost:3210/node_modules/.pnpm/@salla.sa+twilight-theme-en_c3cd9c099c8c4c71b5353d842e4aee2e/node_modules/@salla.sa/twilight-theme-engine/dist/chunk-WITIL2MK.js?v=c58539c0:670
[ 1510207ms] [LOG] [HomeComponentRenderer] RENDER: path=ox-hero, index=0, renderCount=2 @ http://localhost:3210/node_modules/.pnpm/@salla.sa+twilight-theme-en_c3cd9c099c8c4c71b5353d842e4aee2e/node_modules/@salla.sa/twilight-theme-engine/dist/chunk-WITIL2MK.js?v=c58539c0:670
[ 1510208ms] [LOG] [HomeComponentRenderer] RENDER: path=ox-trust-strip, index=1, renderCount=1 @ http://localhost:3210/node_modules/.pnpm/@salla.sa+twilight-theme-en_c3cd9c099c8c4c71b5353d842e4aee2e/node_modules/@salla.sa/twilight-theme-engine/dist/chunk-WITIL2MK.js?v=c58539c0:670
[ 1510208ms] [LOG] [HomeComponentRenderer] RENDER: path=ox-trust-strip, index=1, renderCount=2 @ http://localhost:3210/node_modules/.pnpm/@salla.sa+twilight-theme-en_c3cd9c099c8c4c71b5353d842e4aee2e/node_modules/@salla.sa/twilight-theme-engine/dist/chunk-WITIL2MK.js?v=c58539c0:670
[ 1510209ms] [LOG] [HomeComponentRenderer] RENDER: path=ox-goals, index=2, renderCount=1 @ http://localhost:3210/node_modules/.pnpm/@salla.sa+twilight-theme-en_c3cd9c099c8c4c71b5353d842e4aee2e/node_modules/@salla.sa/twilight-theme-engine/dist/chunk-WITIL2MK.js?v=c58539c0:670
[ 1510209ms] [LOG] [HomeComponentRenderer] RENDER: path=ox-goals, index=2, renderCount=2 @ http://localhost:3210/node_modules/.pnpm/@salla.sa+twilight-theme-en_c3cd9c099c8c4c71b5353d842e4aee2e/node_modules/@salla.sa/twilight-theme-engine/dist/chunk-WITIL2MK.js?v=c58539c0:670
[ 1510211ms] [LOG] [HomeComponentRenderer] RENDER: path=ox-products, index=3, renderCount=1 @ http://localhost:3210/node_modules/.pnpm/@salla.sa+twilight-theme-en_c3cd9c099c8c4c71b5353d842e4aee2e/node_modules/@salla.sa/twilight-theme-engine/dist/chunk-WITIL2MK.js?v=c58539c0:670
[ 1510211ms] [LOG] [HomeComponentRenderer] RENDER: path=ox-products, index=3, renderCount=2 @ http://localhost:3210/node_modules/.pnpm/@salla.sa+twilight-theme-en_c3cd9c099c8c4c71b5353d842e4aee2e/node_modules/@salla.sa/twilight-theme-engine/dist/chunk-WITIL2MK.js?v=c58539c0:670
[ 1510214ms] [LOG] [HomeComponentRenderer] RENDER: path=ox-categories, index=4, renderCount=1 @ http://localhost:3210/node_modules/.pnpm/@salla.sa+twilight-theme-en_c3cd9c099c8c4c71b5353d842e4aee2e/node_modules/@salla.sa/twilight-theme-engine/dist/chunk-WITIL2MK.js?v=c58539c0:670
[ 1510215ms] [LOG] [HomeComponentRenderer] RENDER: path=ox-categories, index=4, renderCount=2 @ http://localhost:3210/node_modules/.pnpm/@salla.sa+twilight-theme-en_c3cd9c099c8c4c71b5353d842e4aee2e/node_modules/@salla.sa/twilight-theme-engine/dist/chunk-WITIL2MK.js?v=c58539c0:670
[ 1510219ms] [LOG] [HomeComponentRenderer] RENDER: path=ox-brands, index=5, renderCount=1 @ http://localhost:3210/node_modules/.pnpm/@salla.sa+twilight-theme-en_c3cd9c099c8c4c71b5353d842e4aee2e/node_modules/@salla.sa/twilight-theme-engine/dist/chunk-WITIL2MK.js?v=c58539c0:670
[ 1510219ms] [LOG] [HomeComponentRenderer] RENDER: path=ox-brands, index=5, renderCount=2 @ http://localhost:3210/node_modules/.pnpm/@salla.sa+twilight-theme-en_c3cd9c099c8c4c71b5353d842e4aee2e/node_modules/@salla.sa/twilight-theme-engine/dist/chunk-WITIL2MK.js?v=c58539c0:670
[ 1510222ms] [LOG] [HomeComponentRenderer] RENDER: path=ox-services, index=6, renderCount=1 @ http://localhost:3210/node_modules/.pnpm/@salla.sa+twilight-theme-en_c3cd9c099c8c4c71b5353d842e4aee2e/node_modules/@salla.sa/twilight-theme-engine/dist/chunk-WITIL2MK.js?v=c58539c0:670
[ 1510222ms] [LOG] [HomeComponentRenderer] RENDER: path=ox-services, index=6, renderCount=2 @ http://localhost:3210/node_modules/.pnpm/@salla.sa+twilight-theme-en_c3cd9c099c8c4c71b5353d842e4aee2e/node_modules/@salla.sa/twilight-theme-engine/dist/chunk-WITIL2MK.js?v=c58539c0:670
[ 1510224ms] [LOG] [HomeComponentRenderer] RENDER: path=ox-guides, index=7, renderCount=1 @ http://localhost:3210/node_modules/.pnpm/@salla.sa+twilight-theme-en_c3cd9c099c8c4c71b5353d842e4aee2e/node_modules/@salla.sa/twilight-theme-engine/dist/chunk-WITIL2MK.js?v=c58539c0:670
[ 1510225ms] [LOG] [HomeComponentRenderer] RENDER: path=ox-guides, index=7, renderCount=2 @ http://localhost:3210/node_modules/.pnpm/@salla.sa+twilight-theme-en_c3cd9c099c8c4c71b5353d842e4aee2e/node_modules/@salla.sa/twilight-theme-engine/dist/chunk-WITIL2MK.js?v=c58539c0:670
[ 1510226ms] [LOG] [HomeComponentRenderer] RENDER: path=ox-branch, index=8, renderCount=1 @ http://localhost:3210/node_modules/.pnpm/@salla.sa+twilight-theme-en_c3cd9c099c8c4c71b5353d842e4aee2e/node_modules/@salla.sa/twilight-theme-engine/dist/chunk-WITIL2MK.js?v=c58539c0:670
[ 1510227ms] [LOG] [HomeComponentRenderer] RENDER: path=ox-branch, index=8, renderCount=2 @ http://localhost:3210/node_modules/.pnpm/@salla.sa+twilight-theme-en_c3cd9c099c8c4c71b5353d842e4aee2e/node_modules/@salla.sa/twilight-theme-engine/dist/chunk-WITIL2MK.js?v=c58539c0:670
[ 1510229ms] [LOG] [HomeComponentRenderer] RENDER: path=ox-faq, index=9, renderCount=1 @ http://localhost:3210/node_modules/.pnpm/@salla.sa+twilight-theme-en_c3cd9c099c8c4c71b5353d842e4aee2e/node_modules/@salla.sa/twilight-theme-engine/dist/chunk-WITIL2MK.js?v=c58539c0:670
[ 1510229ms] [LOG] [HomeComponentRenderer] RENDER: path=ox-faq, index=9, renderCount=2 @ http://localhost:3210/node_modules/.pnpm/@salla.sa+twilight-theme-en_c3cd9c099c8c4c71b5353d842e4aee2e/node_modules/@salla.sa/twilight-theme-engine/dist/chunk-WITIL2MK.js?v=c58539c0:670
[ 1510232ms] [LOG] [HomeComponentRenderer] RENDER: path=ox-newsletter, index=10, renderCount=1 @ http://localhost:3210/node_modules/.pnpm/@salla.sa+twilight-theme-en_c3cd9c099c8c4c71b5353d842e4aee2e/node_modules/@salla.sa/twilight-theme-engine/dist/chunk-WITIL2MK.js?v=c58539c0:670
[ 1510233ms] [LOG] [HomeComponentRenderer] RENDER: path=ox-newsletter, index=10, renderCount=2 @ http://localhost:3210/node_modules/.pnpm/@salla.sa+twilight-theme-en_c3cd9c099c8c4c71b5353d842e4aee2e/node_modules/@salla.sa/twilight-theme-engine/dist/chunk-WITIL2MK.js?v=c58539c0:670
[ 1510233ms] [LOG] [HomeComponentRenderer] RENDER: path=ox-banner, index=11, renderCount=1 @ http://localhost:3210/node_modules/.pnpm/@salla.sa+twilight-theme-en_c3cd9c099c8c4c71b5353d842e4aee2e/node_modules/@salla.sa/twilight-theme-engine/dist/chunk-WITIL2MK.js?v=c58539c0:670
[ 1510234ms] [LOG] [HomeComponentRenderer] RENDER: path=ox-banner, index=11, renderCount=2 @ http://localhost:3210/node_modules/.pnpm/@salla.sa+twilight-theme-en_c3cd9c099c8c4c71b5353d842e4aee2e/node_modules/@salla.sa/twilight-theme-engine/dist/chunk-WITIL2MK.js?v=c58539c0:670
[ 1510353ms] [LOG] [HomeComponentRenderer] MOUNT: path=ox-hero, index=0, renderCount=2 @ http://localhost:3210/node_modules/.pnpm/@salla.sa+twilight-theme-en_c3cd9c099c8c4c71b5353d842e4aee2e/node_modules/@salla.sa/twilight-theme-engine/dist/chunk-WITIL2MK.js?v=c58539c0:673
[ 1510354ms] [LOG] [HomeComponentRenderer] MOUNT: path=ox-trust-strip, index=1, renderCount=2 @ http://localhost:3210/node_modules/.pnpm/@salla.sa+twilight-theme-en_c3cd9c099c8c4c71b5353d842e4aee2e/node_modules/@salla.sa/twilight-theme-engine/dist/chunk-WITIL2MK.js?v=c58539c0:673
[ 1510354ms] [LOG] [HomeComponentRenderer] MOUNT: path=ox-goals, index=2, renderCount=2 @ http://localhost:3210/node_modules/.pnpm/@salla.sa+twilight-theme-en_c3cd9c099c8c4c71b5353d842e4aee2e/node_modules/@salla.sa/twilight-theme-engine/dist/chunk-WITIL2MK.js?v=c58539c0:673
[ 1510355ms] [LOG] [HomeComponentRenderer] MOUNT: path=ox-products, index=3, renderCount=2 @ http://localhost:3210/node_modules/.pnpm/@salla.sa+twilight-theme-en_c3cd9c099c8c4c71b5353d842e4aee2e/node_modules/@salla.sa/twilight-theme-engine/dist/chunk-WITIL2MK.js?v=c58539c0:673
[ 1510356ms] [LOG] [HomeComponentRenderer] MOUNT: path=ox-categories, index=4, renderCount=2 @ http://localhost:3210/node_modules/.pnpm/@salla.sa+twilight-theme-en_c3cd9c099c8c4c71b5353d842e4aee2e/node_modules/@salla.sa/twilight-theme-engine/dist/chunk-WITIL2MK.js?v=c58539c0:673
[ 1510357ms] [LOG] [HomeComponentRenderer] MOUNT: path=ox-brands, index=5, renderCount=2 @ http://localhost:3210/node_modules/.pnpm/@salla.sa+twilight-theme-en_c3cd9c099c8c4c71b5353d842e4aee2e/node_modules/@salla.sa/twilight-theme-engine/dist/chunk-WITIL2MK.js?v=c58539c0:673
[ 1510357ms] [LOG] [HomeComponentRenderer] MOUNT: path=ox-services, index=6, renderCount=2 @ http://localhost:3210/node_modules/.pnpm/@salla.sa+twilight-theme-en_c3cd9c099c8c4c71b5353d842e4aee2e/node_modules/@salla.sa/twilight-theme-engine/dist/chunk-WITIL2MK.js?v=c58539c0:673
[ 1510358ms] [LOG] [HomeComponentRenderer] MOUNT: path=ox-guides, index=7, renderCount=2 @ http://localhost:3210/node_modules/.pnpm/@salla.sa+twilight-theme-en_c3cd9c099c8c4c71b5353d842e4aee2e/node_modules/@salla.sa/twilight-theme-engine/dist/chunk-WITIL2MK.js?v=c58539c0:673
[ 1510359ms] [LOG] [HomeComponentRenderer] MOUNT: path=ox-branch, index=8, renderCount=2 @ http://localhost:3210/node_modules/.pnpm/@salla.sa+twilight-theme-en_c3cd9c099c8c4c71b5353d842e4aee2e/node_modules/@salla.sa/twilight-theme-engine/dist/chunk-WITIL2MK.js?v=c58539c0:673
[ 1510360ms] [LOG] [HomeComponentRenderer] MOUNT: path=ox-faq, index=9, renderCount=2 @ http://localhost:3210/node_modules/.pnpm/@salla.sa+twilight-theme-en_c3cd9c099c8c4c71b5353d842e4aee2e/node_modules/@salla.sa/twilight-theme-engine/dist/chunk-WITIL2MK.js?v=c58539c0:673
[ 1510361ms] [LOG] [HomeComponentRenderer] MOUNT: path=ox-newsletter, index=10, renderCount=2 @ http://localhost:3210/node_modules/.pnpm/@salla.sa+twilight-theme-en_c3cd9c099c8c4c71b5353d842e4aee2e/node_modules/@salla.sa/twilight-theme-engine/dist/chunk-WITIL2MK.js?v=c58539c0:673
[ 1510361ms] [LOG] [HomeComponentRenderer] MOUNT: path=ox-banner, index=11, renderCount=2 @ http://localhost:3210/node_modules/.pnpm/@salla.sa+twilight-theme-en_c3cd9c099c8c4c71b5353d842e4aee2e/node_modules/@salla.sa/twilight-theme-engine/dist/chunk-WITIL2MK.js?v=c58539c0:673
[ 1755070ms] [LOG] [offline-api] browser: api.salla.dev + cdn.salla.network -> http://127.0.0.1:5178 @ http://localhost:3210/:0
[ 1755867ms] [ERROR] Failed to load resource: the server responded with a status of 404 (Not Found) @ http://localhost:3210/assets/images/goal-strength.jpg:0
[ 1755868ms] [ERROR] Failed to load resource: the server responded with a status of 404 (Not Found) @ http://localhost:3210/assets/images/goal-daily.jpg:0
[ 1756327ms] [INFO] %cDownload the React DevTools for a better development experience: https://react.dev/link/react-devtools font-weight:bold @ http://localhost:3210/node_modules/.vite/deps/react-dom_client.js?v=c58539c0:14335
[ 1756429ms] [ERROR] Failed to load resource: the server responded with a status of 404 (Not Found) @ http://localhost:3210/assets/images/goal-recovery.jpg:0
[ 1756430ms] [ERROR] Failed to load resource: the server responded with a status of 404 (Not Found) @ http://localhost:3210/assets/images/goal-muscle.jpg:0
[ 1756431ms] [ERROR] Failed to load resource: the server responded with a status of 404 (Not Found) @ http://localhost:3210/assets/images/goal-lean.jpg:0
[ 1756532ms] [WARNING] [Twilight] Could not hydrate twilight context: no root match in router state @ http://localhost:3210/@vite/client:532
[ 1756620ms] [ERROR] Failed to load resource: the server responded with a status of 404 (Not Found) @ http://localhost:3210/assets/images/goal-weight.jpg:0
[ 1756714ms] [ERROR] The result of getServerSnapshot should be cached to avoid an infinite loop @ http://localhost:3210/@vite/client:532
[ 1756782ms] [ERROR] A tree hydrated but some attributes of the server rendered HTML didn't match the client properties. This won't be patched up. This can happen if a SSR-ed Client Component used:

- A server/client branch `if (typeof window !== 'undefined')`.
- Variable input such as `Date.now()` or `Math.random()` which changes each time it's called.
- Date formatting in a user's locale which doesn't match the server.
- External changing data without sending a snapshot of it along with the HTML.
- Invalid HTML tag nesting.

It can also happen if the client has a browser extension installed which messes with the HTML before React loaded.

%s%s https://react.dev/link/hydration-mismatch 

  ...
    <ThemeDocumentSync>
    <TanStackDocumentSync>
    <NavigationSetup>
      <NavigationProvider navigate={function}>
        <LinkProvider adapter={{...}}>
          <WidgetHead>
          <AppsSnippets>
          <HookSlot>
          <Suspense>
          <OptimalXLayout>
            <div className="app-inner ...">
              <Sprite>
              <SkipLink>
              <Header>
                <header ref={{current:null}} className="store-head..." suppressHydrationWarning={true} ...>
                  <HookSlot>
                  <div>
                  <AnnouncementBar>
                  <UtilityBar>
                  <div className="ox-mainbar">
                    <MainBar>
                      <div className="ox-mainbar...">
                        <Logo width={112} priority={true} className="ox-mainbar...">
                          <Link to="/" className="ox-logo ox..." aria-label="Optimal X">
                            <TanStackLinkAdapter ref={null} to="/" className="ox-logo ox..." aria-label="Optimal X" ...>
                              <a
                                className="ox-logo ox-mainbar__logo active"
                                style={undefined}
                                title={undefined}
                                target={undefined}
                                rel={undefined}
                                onClick={function handleClick}
                                aria-label="Optimal X"
                                data-spa-link=""
                                ref={{current:null}}
                                onBlur={function handleLeave}
                                onFocus={function}
                                onMouseEnter={function}
                                onMouseLeave={function handleLeave}
                                onTouchStart={function handleTouchStart}
+                               href="/assets"
-                               href="/"
                                data-status="active"
                                aria-current="page"
                              >
                        ...
                          ...
                            <TanStackLinkAdapter ref={null} to="/latest-pr..." className="ox-nav__link" data-spa-link="">
                              <a
                                className="ox-nav__link"
                                style={undefined}
                                title={undefined}
                                target={undefined}
                                rel={undefined}
                                onClick={function handleClick}
                                aria-label={undefined}
                                data-spa-link=""
                                ref={{current:null}}
                                onBlur={function handleLeave}
                                onFocus={function}
                                onMouseEnter={function}
                                onMouseLeave={function handleLeave}
                                onTouchStart={function handleTouchStart}
+                               href="/assets/latest-products"
-                               href="/latest-products"
                              >
+                               المنتجات
                          ...
                            <TanStackLinkAdapter ref={null} to="/search?q=..." className="ox-nav__link" data-spa-link="">
                              <a
                                className="ox-nav__link"
                                style={undefined}
                                title={undefined}
                                target={undefined}
                                rel={undefined}
                                onClick={function handleClick}
                                aria-label={undefined}
                                data-spa-link=""
                                ref={{current:null}}
                                onBlur={function handleLeave}
                                onFocus={function}
                                onMouseEnter={function}
                                onMouseLeave={function handleLeave}
                                onTouchStart={function handleTouchStart}
+                               href="/assets/search?q=%D8%A7%D9%84%D9%85%D9%83%D9%85%D9%84%D8%A7%D8%AA"
-                               href="/search?q=%D8%A7%D9%84%D9%85%D9%83%D9%85%D9%84%D8%A7%D8%AA"
                              >
+                               المكملات
                          ...
                            <TanStackLinkAdapter ref={null} to="/search?q=..." className="ox-nav__link" data-spa-link="">
                              <a
                                className="ox-nav__link"
                                style={undefined}
                                title={undefined}
                                target={undefined}
                                rel={undefined}
                                onClick={function handleClick}
                                aria-label={undefined}
                                data-spa-link=""
                                ref={{current:null}}
                                onBlur={function handleLeave}
                                onFocus={function}
                                onMouseEnter={function}
                                onMouseLeave={function handleLeave}
                                onTouchStart={function handleTouchStart}
+                               href="/assets/search?q=%D8%A7%D9%84%D8%A8%D8%B1%D9%88%D8%AA%D9%8A%D9%86"
-                               href="/search?q=%D8%A7%D9%84%D8%A8%D8%B1%D9%88%D8%AA%D9%8A%D9%86"
                              >
+                               البروتين
                          ...
                            <TanStackLinkAdapter ref={null} to="/services" className="ox-nav__link" data-spa-link="">
                              <a
                                className="ox-nav__link"
                                style={undefined}
                                title={undefined}
                                target={undefined}
                                rel={undefined}
                                onClick={function handleClick}
                                aria-label={undefined}
                                data-spa-link=""
                                ref={{current:null}}
                                onBlur={function handleLeave}
                                onFocus={function}
                                onMouseEnter={function}
                                onMouseLeave={function handleLeave}
                                onTouchStart={function handleTouchStart}
+                               href="/assets/services"
-                               href="/services"
                              >
+                               اسأل قبل أن تشتري
                          ...
                            <TanStackLinkAdapter ref={null} to="/search?q=..." className="ox-nav__link" data-spa-link="">
                              <a
                                className="ox-nav__link"
                                style={undefined}
                                title={undefined}
                                target={undefined}
                                rel={undefined}
                                onClick={function handleClick}
                                aria-label={undefined}
                                data-spa-link=""
                                ref={{current:null}}
                                onBlur={function handleLeave}
                                onFocus={function}
                                onMouseEnter={function}
                                onMouseLeave={function handleLeave}
                                onTouchStart={function handleTouchStart}
+                               href="/assets/search?q=%D8%A7%D9%84%D8%AE%D8%B7%D8%B7%20%D8%A7%D9%84%D8%BA%D8%B0%D8%A7..."
-                               href="/search?q=%D8%A7%D9%84%D8%AE%D8%B7%D8%B7%20%D8%A7%D9%84%D8%BA%D8%B0%D8%A7%D8%A6%..."
                              >
+                               الخطط الغذائية
                          ...
                            <TanStackLinkAdapter ref={null} to="/about" className="ox-nav__link" data-spa-link="">
                              <a
                                className="ox-nav__link"
                                style={undefined}
                                title={undefined}
                                target={undefined}
                                rel={undefined}
                                onClick={function handleClick}
                                aria-label={undefined}
                                data-spa-link=""
                                ref={{current:null}}
                                onBlur={function handleLeave}
                                onFocus={function}
                                onMouseEnter={function}
                                onMouseLeave={function handleLeave}
                                onTouchStart={function handleTouchStart}
+                               href="/assets/about"
-                               href="/about"
                              >
+                               عن اوبتيمال اكس
                        <SearchField>
                        <div className="ox-mainbar..." ref={{current:null}}>
                          <Link to="/account/w..." className="ox-iconbtn..." aria-label="المفضلة">
                            <TanStackLinkAdapter ref={null} to="/account/w..." className="ox-iconbtn..." ...>
                              <a
                                className="ox-iconbtn ox-wishlist"
                                style={undefined}
                                title={undefined}
                                target={undefined}
                                rel={undefined}
                                onClick={function handleClick}
                                aria-label="المفضلة"
                                data-spa-link=""
                                ref={{current:null}}
                                onBlur={function handleLeave}
                                onFocus={function}
                                onMouseEnter={function}
                                onMouseLeave={function handleLeave}
                                onTouchStart={function handleTouchStart}
+                               href="/assets/account/wishlist"
-                               href="/account/wishlist"
                              >
                          ...
                    ...
                      <div className="ox-mobileb..." ref={{current:null}}>
                        <button>
                        <Logo width={108} priority={true} className="ox-mobileb...">
                          <Link to="/" className="ox-logo ox..." aria-label="Optimal X">
                            <TanStackLinkAdapter ref={null} to="/" className="ox-logo ox..." aria-label="Optimal X" ...>
                              <a
                                className="ox-logo ox-mobilebar__logo active"
                                style={undefined}
                                title={undefined}
                                target={undefined}
                                rel={undefined}
                                onClick={function handleClick}
                                aria-label="Optimal X"
                                data-spa-link=""
                                ref={{current:null}}
                                onBlur={function handleLeave}
                                onFocus={function}
                                onMouseEnter={function}
                                onMouseLeave={function handleLeave}
                                onTouchStart={function handleTouchStart}
+                               href="/assets"
-                               href="/"
                                data-status="active"
                                aria-current="page"
                              >
                        ...
                  ...
              <main>
              ...
                <nav className="ox-footer_..." aria-label="روابط الصفحة" data-testid="ox-footer-...">
                  ...
                    <div className="ox-footer_...">
                      <ul>
                        <li>
                          <Link to="/about" className="ox-footer_...">
                            <TanStackLinkAdapter ref={null} to="/about" className="ox-footer_..." data-spa-link="">
                              <a
                                className="ox-footer__link"
                                style={undefined}
                                title={undefined}
                                target={undefined}
                                rel={undefined}
                                onClick={function handleClick}
                                aria-label={undefined}
                                data-spa-link=""
                                ref={{current:null}}
                                onBlur={function handleLeave}
                                onFocus={function}
                                onMouseEnter={function}
                                onMouseLeave={function handleLeave}
                                onTouchStart={function handleTouchStart}
+                               href="/assets/about"
-                               href="/about"
                              >
+                               من نحن
                  ...
                    <div className="ox-footer_...">
                      <ul>
                        <li>
                          <Link to="/contact" className="ox-footer_...">
                            <TanStackLinkAdapter ref={null} to="/contact" className="ox-footer_..." data-spa-link="">
                              <a
                                className="ox-footer__link"
                                style={undefined}
                                title={undefined}
                                target={undefined}
                                rel={undefined}
                                onClick={function handleClick}
                                aria-label={undefined}
                                data-spa-link=""
                                ref={{current:null}}
                                onBlur={function handleLeave}
                                onFocus={function}
                                onMouseEnter={function}
                                onMouseLeave={function handleLeave}
                                onTouchStart={function handleTouchStart}
+                               href="/assets/contact"
-                               href="/contact"
                              >
+                               تواصل معنا
                        <li>
                        <li>
                          <Link to="/services" className="ox-footer_...">
                            <TanStackLinkAdapter ref={null} to="/services" className="ox-footer_..." data-spa-link="">
                              <a
                                className="ox-footer__link"
                                style={undefined}
                                title={undefined}
                                target={undefined}
                                rel={undefined}
                                onClick={function handleClick}
                                aria-label={undefined}
                                data-spa-link=""
                                ref={{current:null}}
                                onBlur={function handleLeave}
                                onFocus={function}
                                onMouseEnter={function}
                                onMouseLeave={function handleLeave}
                                onTouchStart={function handleTouchStart}
+                               href="/assets/services"
-                               href="/services"
                              >
+                               الأسئلة الشائعة
                  ...
                    <div className="ox-footer_...">
                      <ul>
                        <li>
                          <Link to="/search?q=..." className="ox-footer_...">
                            <TanStackLinkAdapter ref={null} to="/search?q=..." className="ox-footer_..." data-spa-link="">
                              <a
                                className="ox-footer__link"
                                style={undefined}
                                title={undefined}
                                target={undefined}
                                rel={undefined}
                                onClick={function handleClick}
                                aria-label={undefined}
                                data-spa-link=""
                                ref={{current:null}}
                                onBlur={function handleLeave}
                                onFocus={function}
                                onMouseEnter={function}
                                onMouseLeave={function handleLeave}
                                onTouchStart={function handleTouchStart}
+                               href="/assets/search?q=%D8%A7%D9%84%D9%85%D9%83%D9%85%D9%84%D8%A7%D8%AA"
-                               href="/search?q=%D8%A7%D9%84%D9%85%D9%83%D9%85%D9%84%D8%A7%D8%AA"
                              >
+                               المكملات
                        <li>
                          <Link to="/search?q=..." className="ox-footer_...">
                            <TanStackLinkAdapter ref={null} to="/search?q=..." className="ox-footer_..." data-spa-link="">
                              <a
                                className="ox-footer__link"
                                style={undefined}
                                title={undefined}
                                target={undefined}
                                rel={undefined}
                                onClick={function handleClick}
                                aria-label={undefined}
                                data-spa-link=""
                                ref={{current:null}}
                                onBlur={function handleLeave}
                                onFocus={function}
                                onMouseEnter={function}
                                onMouseLeave={function handleLeave}
                                onTouchStart={function handleTouchStart}
+                               href="/assets/search?q=%D8%A7%D9%84%D8%A8%D8%B1%D9%88%D8%AA%D9%8A%D9%86"
-                               href="/search?q=%D8%A7%D9%84%D8%A8%D8%B1%D9%88%D8%AA%D9%8A%D9%86"
                              >
+                               البروتين
                        <li>
                          <Link to="/search?q=..." className="ox-footer_...">
                            <TanStackLinkAdapter ref={null} to="/search?q=..." className="ox-footer_..." data-spa-link="">
                              <a
                                className="ox-footer__link"
                                style={undefined}
                                title={undefined}
                                target={undefined}
                                rel={undefined}
                                onClick={function handleClick}
                                aria-label={undefined}
                                data-spa-link=""
                                ref={{current:null}}
                                onBlur={function handleLeave}
                                onFocus={function}
                                onMouseEnter={function}
                                onMouseLeave={function handleLeave}
                                onTouchStart={function handleTouchStart}
+                               href="/assets/search?q=%D8%A7%D9%84%D8%AA%D8%BA%D8%B0%D9%8A%D8%A9"
-                               href="/search?q=%D8%A7%D9%84%D8%AA%D8%BA%D8%B0%D9%8A%D8%A9"
                              >
+                               التغذية
                        <li>
                          <Link to="/search?q=..." className="ox-footer_...">
                            <TanStackLinkAdapter ref={null} to="/search?q=..." className="ox-footer_..." data-spa-link="">
                              <a
                                className="ox-footer__link"
                                style={undefined}
                                title={undefined}
                                target={undefined}
                                rel={undefined}
                                onClick={function handleClick}
                                aria-label={undefined}
                                data-spa-link=""
                                ref={{current:null}}
                                onBlur={function handleLeave}
                                onFocus={function}
                                onMouseEnter={function}
                                onMouseLeave={function handleLeave}
                                onTouchStart={function handleTouchStart}
+                               href="/assets/search?q=%D8%A7%D9%84%D8%AE%D8%B7%D8%B7%20%D8%A7%D9%84%D8%BA%D8%B0%D8%A7..."
-                               href="/search?q=%D8%A7%D9%84%D8%AE%D8%B7%D8%B7%20%D8%A7%D9%84%D8%BA%D8%B0%D8%A7%D8%A6%..."
                              >
+                               الخطط الغذائية
              ...
            <BottomTabBar>
              <nav className="ox-tabbar" aria-label="تنقل سريع" data-testid="ox-tabbar">
                <ul className="ox-tabbar_...">
                  <li>
                    <Link to="/" className="ox-tab">
                      <TanStackLinkAdapter ref={null} to="/" className="ox-tab" data-spa-link="">
                        <a
                          className="ox-tab active"
                          style={undefined}
                          title={undefined}
                          target={undefined}
                          rel={undefined}
                          onClick={function handleClick}
                          aria-label={undefined}
                          data-spa-link=""
                          ref={{current:null}}
                          onBlur={function handleLeave}
                          onFocus={function}
                          onMouseEnter={function}
                          onMouseLeave={function handleLeave}
                          onTouchStart={function handleTouchStart}
+                         href="/assets"
-                         href="/"
                          data-status="active"
                          aria-current="page"
                        >
                  <li>
                  <li>
                    <Link to="/search" className="ox-tab">
                      <TanStackLinkAdapter ref={null} to="/search" className="ox-tab" data-spa-link="">
                        <a
                          className="ox-tab"
                          style={undefined}
                          title={undefined}
                          target={undefined}
                          rel={undefined}
                          onClick={function handleClick}
                          aria-label={undefined}
                          data-spa-link=""
                          ref={{current:null}}
                          onBlur={function handleLeave}
                          onFocus={function}
                          onMouseEnter={function}
                          onMouseLeave={function handleLeave}
                          onTouchStart={function handleTouchStart}
+                         href="/assets/search"
-                         href="/search"
                        >
                  <li>
                    <Link to="/cart" className="ox-tab">
                      <TanStackLinkAdapter ref={null} to="/cart" className="ox-tab" data-spa-link="">
                        <a
                          className="ox-tab"
                          style={undefined}
                          title={undefined}
                          target={undefined}
                          rel={undefined}
                          onClick={function handleClick}
                          aria-label={undefined}
                          data-spa-link=""
                          ref={{current:null}}
                          onBlur={function handleLeave}
                          onFocus={function}
                          onMouseEnter={function}
                          onMouseLeave={function handleLeave}
                          onTouchStart={function handleTouchStart}
+                         href="/assets/cart"
-                         href="/cart"
                        >
                  <li>
                    <Link to="/account/p..." className="ox-tab">
                      <TanStackLinkAdapter ref={null} to="/account/p..." className="ox-tab" data-spa-link="">
                        <a
                          className="ox-tab"
                          style={undefined}
                          title={undefined}
                          target={undefined}
                          rel={undefined}
                          onClick={function handleClick}
                          aria-label={undefined}
                          data-spa-link=""
                          ref={{current:null}}
                          onBlur={function handleLeave}
                          onFocus={function}
                          onMouseEnter={function}
                          onMouseLeave={function handleLeave}
                          onTouchStart={function handleTouchStart}
+                         href="/assets/account/profile"
-                         href="/account/profile"
                        >
            ...
          ...
 @ http://localhost:3210/@vite/client:532
[ 1757900ms] [ERROR] A tree hydrated but some attributes of the server rendered HTML didn't match the client properties. This won't be patched up. This can happen if a SSR-ed Client Component used:

- A server/client branch `if (typeof window !== 'undefined')`.
- Variable input such as `Date.now()` or `Math.random()` which changes each time it's called.
- Date formatting in a user's locale which doesn't match the server.
- External changing data without sending a snapshot of it along with the HTML.
- Invalid HTML tag nesting.

It can also happen if the client has a browser extension installed which messes with the HTML before React loaded.

%s%s https://react.dev/link/hydration-mismatch 

  ...
    <div className="app-inner ...">
      <Sprite>
      <SkipLink>
      <Header>
      <main>
      <Footer>
        <footer className="store-foot..." suppressHydrationWarning={true} data-testid="ox-footer">
          <HookSlot>
          <div>
          <FooterBottom>
            <div className="ox-footer_..." data-testid="ox-footer-...">
              <span>
              <div className="ox-footer_...">
                <p className="ox-footer_...">
                  <Suspense fallback={null}>
                    <HookSlot name="copyright" context={{...}} fallback={<Copyright>}>
                      <Copyright storeName="Optimal X">
                        <Link to="/" className="hover:text...">
                          <TanStackLinkAdapter ref={null} to="/" className="hover:text..." data-spa-link="">
                            <a
                              className="hover:text-primary active"
                              style={undefined}
                              title={undefined}
                              target={undefined}
                              rel={undefined}
                              onClick={function handleClick}
                              aria-label={undefined}
                              data-spa-link=""
                              ref={{current:null}}
                              onBlur={function handleLeave}
                              onFocus={function}
                              onMouseEnter={function}
                              onMouseLeave={function handleLeave}
                              onTouchStart={function handleTouchStart}
+                             href="/assets"
-                             href="/"
                              data-status="active"
                              aria-current="page"
                            >
+                             Optimal X
                        ...
          ...
      ...
 @ http://localhost:3210/@vite/client:532
[ 1758046ms] [LOG] [HomeComponentRenderer] RENDER: path=ox-hero, index=0, renderCount=1 @ http://localhost:3210/node_modules/.pnpm/@salla.sa+twilight-theme-en_c3cd9c099c8c4c71b5353d842e4aee2e/node_modules/@salla.sa/twilight-theme-engine/dist/chunk-WITIL2MK.js?v=c58539c0:670
[ 1758046ms] [LOG] [HomeComponentRenderer] RENDER: path=ox-hero, index=0, renderCount=2 @ http://localhost:3210/node_modules/.pnpm/@salla.sa+twilight-theme-en_c3cd9c099c8c4c71b5353d842e4aee2e/node_modules/@salla.sa/twilight-theme-engine/dist/chunk-WITIL2MK.js?v=c58539c0:670
[ 1758072ms] [LOG] [HomeComponentRenderer] RENDER: path=ox-hero, index=0, renderCount=1 @ http://localhost:3210/node_modules/.pnpm/@salla.sa+twilight-theme-en_c3cd9c099c8c4c71b5353d842e4aee2e/node_modules/@salla.sa/twilight-theme-engine/dist/chunk-WITIL2MK.js?v=c58539c0:670
[ 1758074ms] [LOG] [HomeComponentRenderer] RENDER: path=ox-hero, index=0, renderCount=2 @ http://localhost:3210/node_modules/.pnpm/@salla.sa+twilight-theme-en_c3cd9c099c8c4c71b5353d842e4aee2e/node_modules/@salla.sa/twilight-theme-engine/dist/chunk-WITIL2MK.js?v=c58539c0:670
[ 1758081ms] [LOG] [HomeComponentRenderer] RENDER: path=ox-trust-strip, index=1, renderCount=1 @ http://localhost:3210/node_modules/.pnpm/@salla.sa+twilight-theme-en_c3cd9c099c8c4c71b5353d842e4aee2e/node_modules/@salla.sa/twilight-theme-engine/dist/chunk-WITIL2MK.js?v=c58539c0:670
[ 1758081ms] [LOG] [HomeComponentRenderer] RENDER: path=ox-trust-strip, index=1, renderCount=2 @ http://localhost:3210/node_modules/.pnpm/@salla.sa+twilight-theme-en_c3cd9c099c8c4c71b5353d842e4aee2e/node_modules/@salla.sa/twilight-theme-engine/dist/chunk-WITIL2MK.js?v=c58539c0:670
[ 1758082ms] [LOG] [HomeComponentRenderer] RENDER: path=ox-goals, index=2, renderCount=1 @ http://localhost:3210/node_modules/.pnpm/@salla.sa+twilight-theme-en_c3cd9c099c8c4c71b5353d842e4aee2e/node_modules/@salla.sa/twilight-theme-engine/dist/chunk-WITIL2MK.js?v=c58539c0:670
[ 1758082ms] [LOG] [HomeComponentRenderer] RENDER: path=ox-goals, index=2, renderCount=2 @ http://localhost:3210/node_modules/.pnpm/@salla.sa+twilight-theme-en_c3cd9c099c8c4c71b5353d842e4aee2e/node_modules/@salla.sa/twilight-theme-engine/dist/chunk-WITIL2MK.js?v=c58539c0:670
[ 1758083ms] [LOG] [HomeComponentRenderer] RENDER: path=ox-products, index=3, renderCount=1 @ http://localhost:3210/node_modules/.pnpm/@salla.sa+twilight-theme-en_c3cd9c099c8c4c71b5353d842e4aee2e/node_modules/@salla.sa/twilight-theme-engine/dist/chunk-WITIL2MK.js?v=c58539c0:670
[ 1758083ms] [LOG] [HomeComponentRenderer] RENDER: path=ox-products, index=3, renderCount=2 @ http://localhost:3210/node_modules/.pnpm/@salla.sa+twilight-theme-en_c3cd9c099c8c4c71b5353d842e4aee2e/node_modules/@salla.sa/twilight-theme-engine/dist/chunk-WITIL2MK.js?v=c58539c0:670
[ 1758093ms] [LOG] [HomeComponentRenderer] RENDER: path=ox-categories, index=4, renderCount=1 @ http://localhost:3210/node_modules/.pnpm/@salla.sa+twilight-theme-en_c3cd9c099c8c4c71b5353d842e4aee2e/node_modules/@salla.sa/twilight-theme-engine/dist/chunk-WITIL2MK.js?v=c58539c0:670
[ 1758093ms] [LOG] [HomeComponentRenderer] RENDER: path=ox-categories, index=4, renderCount=2 @ http://localhost:3210/node_modules/.pnpm/@salla.sa+twilight-theme-en_c3cd9c099c8c4c71b5353d842e4aee2e/node_modules/@salla.sa/twilight-theme-engine/dist/chunk-WITIL2MK.js?v=c58539c0:670
[ 1758118ms] [LOG] [HomeComponentRenderer] RENDER: path=ox-brands, index=5, renderCount=1 @ http://localhost:3210/node_modules/.pnpm/@salla.sa+twilight-theme-en_c3cd9c099c8c4c71b5353d842e4aee2e/node_modules/@salla.sa/twilight-theme-engine/dist/chunk-WITIL2MK.js?v=c58539c0:670
[ 1758118ms] [LOG] [HomeComponentRenderer] RENDER: path=ox-brands, index=5, renderCount=2 @ http://localhost:3210/node_modules/.pnpm/@salla.sa+twilight-theme-en_c3cd9c099c8c4c71b5353d842e4aee2e/node_modules/@salla.sa/twilight-theme-engine/dist/chunk-WITIL2MK.js?v=c58539c0:670
[ 1758120ms] [LOG] [HomeComponentRenderer] RENDER: path=ox-services, index=6, renderCount=1 @ http://localhost:3210/node_modules/.pnpm/@salla.sa+twilight-theme-en_c3cd9c099c8c4c71b5353d842e4aee2e/node_modules/@salla.sa/twilight-theme-engine/dist/chunk-WITIL2MK.js?v=c58539c0:670
[ 1758120ms] [LOG] [HomeComponentRenderer] RENDER: path=ox-services, index=6, renderCount=2 @ http://localhost:3210/node_modules/.pnpm/@salla.sa+twilight-theme-en_c3cd9c099c8c4c71b5353d842e4aee2e/node_modules/@salla.sa/twilight-theme-engine/dist/chunk-WITIL2MK.js?v=c58539c0:670
[ 1758134ms] [LOG] [HomeComponentRenderer] RENDER: path=ox-guides, index=7, renderCount=1 @ http://localhost:3210/node_modules/.pnpm/@salla.sa+twilight-theme-en_c3cd9c099c8c4c71b5353d842e4aee2e/node_modules/@salla.sa/twilight-theme-engine/dist/chunk-WITIL2MK.js?v=c58539c0:670
[ 1758134ms] [LOG] [HomeComponentRenderer] RENDER: path=ox-guides, index=7, renderCount=2 @ http://localhost:3210/node_modules/.pnpm/@salla.sa+twilight-theme-en_c3cd9c099c8c4c71b5353d842e4aee2e/node_modules/@salla.sa/twilight-theme-engine/dist/chunk-WITIL2MK.js?v=c58539c0:670
[ 1758136ms] [LOG] [HomeComponentRenderer] RENDER: path=ox-branch, index=8, renderCount=1 @ http://localhost:3210/node_modules/.pnpm/@salla.sa+twilight-theme-en_c3cd9c099c8c4c71b5353d842e4aee2e/node_modules/@salla.sa/twilight-theme-engine/dist/chunk-WITIL2MK.js?v=c58539c0:670
[ 1758136ms] [LOG] [HomeComponentRenderer] RENDER: path=ox-branch, index=8, renderCount=2 @ http://localhost:3210/node_modules/.pnpm/@salla.sa+twilight-theme-en_c3cd9c099c8c4c71b5353d842e4aee2e/node_modules/@salla.sa/twilight-theme-engine/dist/chunk-WITIL2MK.js?v=c58539c0:670
[ 1758141ms] [LOG] [HomeComponentRenderer] RENDER: path=ox-faq, index=9, renderCount=1 @ http://localhost:3210/node_modules/.pnpm/@salla.sa+twilight-theme-en_c3cd9c099c8c4c71b5353d842e4aee2e/node_modules/@salla.sa/twilight-theme-engine/dist/chunk-WITIL2MK.js?v=c58539c0:670
[ 1758141ms] [LOG] [HomeComponentRenderer] RENDER: path=ox-faq, index=9, renderCount=2 @ http://localhost:3210/node_modules/.pnpm/@salla.sa+twilight-theme-en_c3cd9c099c8c4c71b5353d842e4aee2e/node_modules/@salla.sa/twilight-theme-engine/dist/chunk-WITIL2MK.js?v=c58539c0:670
[ 1758143ms] [LOG] [HomeComponentRenderer] RENDER: path=ox-newsletter, index=10, renderCount=1 @ http://localhost:3210/node_modules/.pnpm/@salla.sa+twilight-theme-en_c3cd9c099c8c4c71b5353d842e4aee2e/node_modules/@salla.sa/twilight-theme-engine/dist/chunk-WITIL2MK.js?v=c58539c0:670
[ 1758144ms] [LOG] [HomeComponentRenderer] RENDER: path=ox-newsletter, index=10, renderCount=2 @ http://localhost:3210/node_modules/.pnpm/@salla.sa+twilight-theme-en_c3cd9c099c8c4c71b5353d842e4aee2e/node_modules/@salla.sa/twilight-theme-engine/dist/chunk-WITIL2MK.js?v=c58539c0:670
[ 1758145ms] [LOG] [HomeComponentRenderer] RENDER: path=ox-banner, index=11, renderCount=1 @ http://localhost:3210/node_modules/.pnpm/@salla.sa+twilight-theme-en_c3cd9c099c8c4c71b5353d842e4aee2e/node_modules/@salla.sa/twilight-theme-engine/dist/chunk-WITIL2MK.js?v=c58539c0:670
[ 1758146ms] [LOG] [HomeComponentRenderer] RENDER: path=ox-banner, index=11, renderCount=2 @ http://localhost:3210/node_modules/.pnpm/@salla.sa+twilight-theme-en_c3cd9c099c8c4c71b5353d842e4aee2e/node_modules/@salla.sa/twilight-theme-engine/dist/chunk-WITIL2MK.js?v=c58539c0:670
[ 1758149ms] [LOG] [HomeComponentRenderer] MOUNT: path=ox-hero, index=0, renderCount=2 @ http://localhost:3210/node_modules/.pnpm/@salla.sa+twilight-theme-en_c3cd9c099c8c4c71b5353d842e4aee2e/node_modules/@salla.sa/twilight-theme-engine/dist/chunk-WITIL2MK.js?v=c58539c0:673
[ 1758149ms] [LOG] [HomeComponentRenderer] MOUNT: path=ox-trust-strip, index=1, renderCount=2 @ http://localhost:3210/node_modules/.pnpm/@salla.sa+twilight-theme-en_c3cd9c099c8c4c71b5353d842e4aee2e/node_modules/@salla.sa/twilight-theme-engine/dist/chunk-WITIL2MK.js?v=c58539c0:673
[ 1758150ms] [LOG] [HomeComponentRenderer] MOUNT: path=ox-goals, index=2, renderCount=2 @ http://localhost:3210/node_modules/.pnpm/@salla.sa+twilight-theme-en_c3cd9c099c8c4c71b5353d842e4aee2e/node_modules/@salla.sa/twilight-theme-engine/dist/chunk-WITIL2MK.js?v=c58539c0:673
[ 1758151ms] [LOG] [HomeComponentRenderer] MOUNT: path=ox-products, index=3, renderCount=2 @ http://localhost:3210/node_modules/.pnpm/@salla.sa+twilight-theme-en_c3cd9c099c8c4c71b5353d842e4aee2e/node_modules/@salla.sa/twilight-theme-engine/dist/chunk-WITIL2MK.js?v=c58539c0:673
[ 1758151ms] [LOG] [HomeComponentRenderer] MOUNT: path=ox-categories, index=4, renderCount=2 @ http://localhost:3210/node_modules/.pnpm/@salla.sa+twilight-theme-en_c3cd9c099c8c4c71b5353d842e4aee2e/node_modules/@salla.sa/twilight-theme-engine/dist/chunk-WITIL2MK.js?v=c58539c0:673
[ 1758152ms] [LOG] [HomeComponentRenderer] MOUNT: path=ox-brands, index=5, renderCount=2 @ http://localhost:3210/node_modules/.pnpm/@salla.sa+twilight-theme-en_c3cd9c099c8c4c71b5353d842e4aee2e/node_modules/@salla.sa/twilight-theme-engine/dist/chunk-WITIL2MK.js?v=c58539c0:673
[ 1758153ms] [LOG] [HomeComponentRenderer] MOUNT: path=ox-services, index=6, renderCount=2 @ http://localhost:3210/node_modules/.pnpm/@salla.sa+twilight-theme-en_c3cd9c099c8c4c71b5353d842e4aee2e/node_modules/@salla.sa/twilight-theme-engine/dist/chunk-WITIL2MK.js?v=c58539c0:673
[ 1758153ms] [LOG] [HomeComponentRenderer] MOUNT: path=ox-guides, index=7, renderCount=2 @ http://localhost:3210/node_modules/.pnpm/@salla.sa+twilight-theme-en_c3cd9c099c8c4c71b5353d842e4aee2e/node_modules/@salla.sa/twilight-theme-engine/dist/chunk-WITIL2MK.js?v=c58539c0:673
[ 1758154ms] [LOG] [HomeComponentRenderer] MOUNT: path=ox-branch, index=8, renderCount=2 @ http://localhost:3210/node_modules/.pnpm/@salla.sa+twilight-theme-en_c3cd9c099c8c4c71b5353d842e4aee2e/node_modules/@salla.sa/twilight-theme-engine/dist/chunk-WITIL2MK.js?v=c58539c0:673
[ 1758155ms] [LOG] [HomeComponentRenderer] MOUNT: path=ox-faq, index=9, renderCount=2 @ http://localhost:3210/node_modules/.pnpm/@salla.sa+twilight-theme-en_c3cd9c099c8c4c71b5353d842e4aee2e/node_modules/@salla.sa/twilight-theme-engine/dist/chunk-WITIL2MK.js?v=c58539c0:673
[ 1758156ms] [LOG] [HomeComponentRenderer] MOUNT: path=ox-newsletter, index=10, renderCount=2 @ http://localhost:3210/node_modules/.pnpm/@salla.sa+twilight-theme-en_c3cd9c099c8c4c71b5353d842e4aee2e/node_modules/@salla.sa/twilight-theme-engine/dist/chunk-WITIL2MK.js?v=c58539c0:673
[ 1758157ms] [LOG] [HomeComponentRenderer] MOUNT: path=ox-banner, index=11, renderCount=2 @ http://localhost:3210/node_modules/.pnpm/@salla.sa+twilight-theme-en_c3cd9c099c8c4c71b5353d842e4aee2e/node_modules/@salla.sa/twilight-theme-engine/dist/chunk-WITIL2MK.js?v=c58539c0:673
[ 1758186ms] [ERROR] A tree hydrated but some attributes of the server rendered HTML didn't match the client properties. This won't be patched up. This can happen if a SSR-ed Client Component used:

- A server/client branch `if (typeof window !== 'undefined')`.
- Variable input such as `Date.now()` or `Math.random()` which changes each time it's called.
- Date formatting in a user's locale which doesn't match the server.
- External changing data without sending a snapshot of it along with the HTML.
- Invalid HTML tag nesting.

It can also happen if the client has a browser extension installed which messes with the HTML before React loaded.

%s%s https://react.dev/link/hydration-mismatch 

  ...
    <RenderWhenVisible2 rootMargin="50px" className="s-block s-..." id={undefined} estimatedHeight="clamp(480p..." ...>
      <section ref={undefined} className="s-block s-..." id={undefined} style={{...}}>
        <Suspense fallback={<HeroSkeleton>}>
          <ComponentErrorBoundary data={{path:"ox-hero", ...}} position={1}>
            <OxHero data={{path:"ox-hero", ...}}>
              <section className="ox-hero ox..." data-testid="ox-hero">
                <div>
                <div className="ox-hero__i...">
                  <div className="ox-hero__text">
                    <h1>
                    <p>
                    <div className="ox-hero__a...">
                      <Button>
                      <Button to="/services" variant="secondary" size={48} className="ox-cta-pill">
                        <Link to="/services" ref={function setRefs} className="ox-btn ox-..." aria-disabled={undefined} ...>
                          <TanStackLinkAdapter ref={function setRefs} to="/services" className="ox-btn ox-..." ...>
                            <a
                              className="ox-btn ox-btn--secondary ox-btn--s48 ox-cta-pill"
                              style={{}}
                              title={undefined}
                              target={undefined}
                              rel={undefined}
                              onClick={function handleClick}
                              aria-label={undefined}
                              aria-disabled={undefined}
                              aria-busy={undefined}
                              data-spa-link=""
                              ref={function}
                              onBlur={function handleLeave}
                              onFocus={function}
                              onMouseEnter={function}
                              onMouseLeave={function handleLeave}
                              onTouchStart={function handleTouchStart}
+                             href="/assets/services"
-                             href="/services"
                            >
          ...
 @ http://localhost:3210/@vite/client:532
[ 1758222ms] [ERROR] A tree hydrated but some attributes of the server rendered HTML didn't match the client properties. This won't be patched up. This can happen if a SSR-ed Client Component used:

- A server/client branch `if (typeof window !== 'undefined')`.
- Variable input such as `Date.now()` or `Math.random()` which changes each time it's called.
- Date formatting in a user's locale which doesn't match the server.
- External changing data without sending a snapshot of it along with the HTML.
- Invalid HTML tag nesting.

It can also happen if the client has a browser extension installed which messes with the HTML before React loaded.

%s%s https://react.dev/link/hydration-mismatch 

  ...
    <RenderWhenVisible2 rootMargin="50px" className="s-block s-..." id={undefined} estimatedHeight="clamp(310p..." ...>
      <section ref={undefined} className="s-block s-..." id={undefined} style={{...}}>
        <Suspense fallback={<GoalsSkeleton>}>
          <ComponentErrorBoundary data={{path:"ox-g...", ...}} position={3}>
            <OxGoals data={{path:"ox-g...", ...}}>
              <section className="ox-goals" id="ox-goals" data-testid="ox-goals">
                <div className="ox-container">
                  <SectionHeader>
                  <ul className="ox-goals__..." ref={{current:null}}>
                    <li style={{--i:"0"}}>
                      <GoalCard slug="goal-energy" label="مكملات الطاقة" line="ما قبل الت..." icon="goal-energy" ...>
                        <Link to="/search?q=..." className="ox-goal" data-testid="ox-goal-card" data-goal="goal-energy" ...>
                          <TanStackLinkAdapter ref={null} to="/search?q=..." className="ox-goal" ...>
                            <a
                              className="ox-goal"
                              style={{--i:"0"}}
                              title={undefined}
                              target={undefined}
                              rel={undefined}
                              onClick={function handleClick}
                              aria-label={undefined}
                              data-testid="ox-goal-card"
                              data-goal="goal-energy"
                              data-spa-link=""
                              ref={{current:null}}
                              onBlur={function handleLeave}
                              onFocus={function}
                              onMouseEnter={function}
                              onMouseLeave={function handleLeave}
                              onTouchStart={function handleTouchStart}
+                             href="/assets/search?q=%D9%85%D9%83%D9%85%D9%84%D8%A7%D8%AA%20%D8%A7%D9%84%D8%B7%D8%A7%D..."
-                             href="/search?q=%D9%85%D9%83%D9%85%D9%84%D8%A7%D8%AA%20%D8%A7%D9%84%D8%B7%D8%A7%D9%82%D8%A9"
                            >
                    <li style={{--i:"1"}}>
                      <GoalCard slug="goal-gener..." label="مكملات الص..." line="ملتي فيتام..." icon="goal-gener..." ...>
                        <Link to="/search?q=..." className="ox-goal" data-testid="ox-goal-card" data-goal="goal-gener..." ...>
                          <TanStackLinkAdapter ref={null} to="/search?q=..." className="ox-goal" ...>
                            <a
                              className="ox-goal"
                              style={{--i:"1"}}
                              title={undefined}
                              target={undefined}
                              rel={undefined}
                              onClick={function handleClick}
                              aria-label={undefined}
                              data-testid="ox-goal-card"
                              data-goal="goal-general-health"
                              data-spa-link=""
                              ref={{current:null}}
                              onBlur={function handleLeave}
                              onFocus={function}
                              onMouseEnter={function}
                              onMouseLeave={function handleLeave}
                              onTouchStart={function handleTouchStart}
+                             href="/assets/search?q=%D9%85%D9%83%D9%85%D9%84%D8%A7%D8%AA%20%D8%A7%D9%84%D8%B5%D8%AD%D..."
-                             href="/search?q=%D9%85%D9%83%D9%85%D9%84%D8%A7%D8%AA%20%D8%A7%D9%84%D8%B5%D8%AD%D8%A9%20..."
                            >
                    <li style={{--i:"2"}}>
                      <GoalCard slug="goal-perfo..." label="مكملات الأ..." line="بروتين، كر..." icon="goal-perfo..." ...>
                        <Link to="/search?q=..." className="ox-goal" data-testid="ox-goal-card" data-goal="goal-perfo..." ...>
                          <TanStackLinkAdapter ref={null} to="/search?q=..." className="ox-goal" ...>
                            <a
                              className="ox-goal"
                              style={{--i:"2"}}
                              title={undefined}
                              target={undefined}
                              rel={undefined}
                              onClick={function handleClick}
                              aria-label={undefined}
                              data-testid="ox-goal-card"
                              data-goal="goal-performance"
                              data-spa-link=""
                              ref={{current:null}}
                              onBlur={function handleLeave}
                              onFocus={function}
                              onMouseEnter={function}
                              onMouseLeave={function handleLeave}
                              onTouchStart={function handleTouchStart}
+                             href="/assets/search?q=%D9%85%D9%83%D9%85%D9%84%D8%A7%D8%AA%20%D8%A7%D9%84%D8%A3%D8%AF%D..."
-                             href="/search?q=%D9%85%D9%83%D9%85%D9%84%D8%A7%D8%AA%20%D8%A7%D9%84%D8%A3%D8%AF%D8%A7%D8..."
                            >
                    <li style={{--i:"3"}}>
                      <GoalCard slug="goal-recovery" label="مكملات الت..." line="بروتين، كا..." icon="goal-recovery" ...>
                        <Link to="/search?q=..." className="ox-goal" data-testid="ox-goal-card" data-goal="goal-recovery" ...>
                          <TanStackLinkAdapter ref={null} to="/search?q=..." className="ox-goal" ...>
                            <a
                              className="ox-goal"
                              style={{--i:"3"}}
                              title={undefined}
                              target={undefined}
                              rel={undefined}
                              onClick={function handleClick}
                              aria-label={undefined}
                              data-testid="ox-goal-card"
                              data-goal="goal-recovery"
                              data-spa-link=""
                              ref={{current:null}}
                              onBlur={function handleLeave}
                              onFocus={function}
                              onMouseEnter={function}
                              onMouseLeave={function handleLeave}
                              onTouchStart={function handleTouchStart}
+                             href="/assets/search?q=%D9%85%D9%83%D9%85%D9%84%D8%A7%D8%AA%20%D8%A7%D9%84%D8%AA%D8%B9%D..."
-                             href="/search?q=%D9%85%D9%83%D9%85%D9%84%D8%A7%D8%AA%20%D8%A7%D9%84%D8%AA%D8%B9%D8%A7%D9..."
                            >
                    <li style={{--i:"4"}}>
                      <GoalCard slug="goal-hair-..." label="مكملات الش..." line="كولاجين، ب..." icon="goal-hair-..." ...>
                        <Link to="/search?q=..." className="ox-goal" data-testid="ox-goal-card" data-goal="goal-hair-..." ...>
                          <TanStackLinkAdapter ref={null} to="/search?q=..." className="ox-goal" ...>
                            <a
                              className="ox-goal"
                              style={{--i:"4"}}
                              title={undefined}
                              target={undefined}
                              rel={undefined}
                              onClick={function handleClick}
                              aria-label={undefined}
                              data-testid="ox-goal-card"
                              data-goal="goal-hair-skin"
                              data-spa-link=""
                              ref={{current:null}}
                              onBlur={function handleLeave}
                              onFocus={function}
                              onMouseEnter={function}
                              onMouseLeave={function handleLeave}
                              onTouchStart={function handleTouchStart}
+                             href="/assets/search?q=%D9%85%D9%83%D9%85%D9%84%D8%A7%D8%AA%20%D8%A7%D9%84%D8%B4%D8%B9%D..."
-                             href="/search?q=%D9%85%D9%83%D9%85%D9%84%D8%A7%D8%AA%20%D8%A7%D9%84%D8%B4%D8%B9%D8%B1%20..."
                            >
                    <li style={{--i:"5"}}>
                      <GoalCard slug="goal-ideal..." label="مكملات الو..." line="ماس جينر، ..." icon="goal-ideal..." ...>
                        <Link to="/search?q=..." className="ox-goal" data-testid="ox-goal-card" data-goal="goal-ideal..." ...>
                          <TanStackLinkAdapter ref={null} to="/search?q=..." className="ox-goal" ...>
                            <a
                              className="ox-goal"
                              style={{--i:"5"}}
                              title={undefined}
                              target={undefined}
                              rel={undefined}
                              onClick={function handleClick}
                              aria-label={undefined}
                              data-testid="ox-goal-card"
                              data-goal="goal-ideal-weight"
                              data-spa-link=""
                              ref={{current:null}}
                              onBlur={function handleLeave}
                              onFocus={function}
                              onMouseEnter={function}
                              onMouseLeave={function handleLeave}
                              onTouchStart={function handleTouchStart}
+                             href="/assets/search?q=%D9%85%D9%83%D9%85%D9%84%D8%A7%D8%AA%20%D8%A7%D9%84%D9%88%D8%B2%D..."
-                             href="/search?q=%D9%85%D9%83%D9%85%D9%84%D8%A7%D8%AA%20%D8%A7%D9%84%D9%88%D8%B2%D9%86%20..."
                            >
          ...
 @ http://localhost:3210/@vite/client:532
[ 2309707ms] [ERROR] [store.settings] Failed: TypeError: Failed to execute 'set' on 'Headers': String contains non ISO-8859-1 code point.
    at ky.extend.hooks.beforeRequest (http://localhost:3210/node_modules/.pnpm/@salla.sa+twilight-theme-en_c3cd9c099c8c4c71b5353d842e4aee2e/node_modules/@salla.sa/twilight-theme-engine/dist/chunk-O6XXHXC4.js?v=c58539c0:95:25)
    at http://localhost:3210/node_modules/.pnpm/ky@2.1.0/node_modules/ky/distribution/core/Ky.js?v=c58539c0:731:73
    at #raceWithTotalTimeout (http://localhost:3210/node_modules/.pnpm/ky@2.1.0/node_modules/ky/distribution/core/Ky.js?v=c58539c0:572:20)
    at #runBeforeRequestHooks (http://localhost:3210/node_modules/.pnpm/ky@2.1.0/node_modules/ky/distribution/core/Ky.js?v=c58539c0:731:60)
    at function_ (http://localhost:3210/node_modules/.pnpm/ky@2.1.0/node_modules/ky/distribution/core/Ky.js?v=c58539c0:117:74)
    at async http://localhost:3210/node_modules/.pnpm/ky@2.1.0/node_modules/ky/distribution/core/Ky.js?v=c58539c0:195:24
    at async result.<computed> [as json] (http://localhost:3210/node_modules/.pnpm/ky@2.1.0/node_modules/ky/distribution/core/Ky.js?v=c58539c0:219:34)
    at async Object.settings (http://localhost:3210/node_modules/.pnpm/@salla.sa+twilight-theme-en_c3cd9c099c8c4c71b5353d842e4aee2e/node_modules/@salla.sa/twilight-theme-engine/dist/chunk-WMSOSA74.js?v=c58539c0:34:20) @ http://localhost:3210/@vite/client:532
[ 2313307ms] [ERROR] [store.settings] Failed: TypeError: Failed to execute 'set' on 'Headers': String contains non ISO-8859-1 code point.
    at ky.extend.hooks.beforeRequest (http://localhost:3210/node_modules/.pnpm/@salla.sa+twilight-theme-en_c3cd9c099c8c4c71b5353d842e4aee2e/node_modules/@salla.sa/twilight-theme-engine/dist/chunk-O6XXHXC4.js?v=c58539c0:95:25)
    at http://localhost:3210/node_modules/.pnpm/ky@2.1.0/node_modules/ky/distribution/core/Ky.js?v=c58539c0:731:73
    at #raceWithTotalTimeout (http://localhost:3210/node_modules/.pnpm/ky@2.1.0/node_modules/ky/distribution/core/Ky.js?v=c58539c0:572:20)
    at #runBeforeRequestHooks (http://localhost:3210/node_modules/.pnpm/ky@2.1.0/node_modules/ky/distribution/core/Ky.js?v=c58539c0:731:60)
    at function_ (http://localhost:3210/node_modules/.pnpm/ky@2.1.0/node_modules/ky/distribution/core/Ky.js?v=c58539c0:117:74)
    at async http://localhost:3210/node_modules/.pnpm/ky@2.1.0/node_modules/ky/distribution/core/Ky.js?v=c58539c0:195:24
    at async result.<computed> [as json] (http://localhost:3210/node_modules/.pnpm/ky@2.1.0/node_modules/ky/distribution/core/Ky.js?v=c58539c0:219:34)
    at async Object.settings (http://localhost:3210/node_modules/.pnpm/@salla.sa+twilight-theme-en_c3cd9c099c8c4c71b5353d842e4aee2e/node_modules/@salla.sa/twilight-theme-engine/dist/chunk-WMSOSA74.js?v=c58539c0:34:20) @ http://localhost:3210/@vite/client:532
[ 2316808ms] [ERROR] [store.settings] Failed: TypeError: Failed to execute 'set' on 'Headers': String contains non ISO-8859-1 code point.
    at ky.extend.hooks.beforeRequest (http://localhost:3210/node_modules/.pnpm/@salla.sa+twilight-theme-en_c3cd9c099c8c4c71b5353d842e4aee2e/node_modules/@salla.sa/twilight-theme-engine/dist/chunk-O6XXHXC4.js?v=c58539c0:95:25)
    at http://localhost:3210/node_modules/.pnpm/ky@2.1.0/node_modules/ky/distribution/core/Ky.js?v=c58539c0:731:73
    at #raceWithTotalTimeout (http://localhost:3210/node_modules/.pnpm/ky@2.1.0/node_modules/ky/distribution/core/Ky.js?v=c58539c0:572:20)
    at #runBeforeRequestHooks (http://localhost:3210/node_modules/.pnpm/ky@2.1.0/node_modules/ky/distribution/core/Ky.js?v=c58539c0:731:60)
    at function_ (http://localhost:3210/node_modules/.pnpm/ky@2.1.0/node_modules/ky/distribution/core/Ky.js?v=c58539c0:117:74)
    at async http://localhost:3210/node_modules/.pnpm/ky@2.1.0/node_modules/ky/distribution/core/Ky.js?v=c58539c0:195:24
    at async result.<computed> [as json] (http://localhost:3210/node_modules/.pnpm/ky@2.1.0/node_modules/ky/distribution/core/Ky.js?v=c58539c0:219:34)
    at async Object.settings (http://localhost:3210/node_modules/.pnpm/@salla.sa+twilight-theme-en_c3cd9c099c8c4c71b5353d842e4aee2e/node_modules/@salla.sa/twilight-theme-engine/dist/chunk-WMSOSA74.js?v=c58539c0:34:20) @ http://localhost:3210/@vite/client:532
[ 2320689ms] [ERROR] [store.settings] Failed: TypeError: Failed to execute 'set' on 'Headers': String contains non ISO-8859-1 code point.
    at ky.extend.hooks.beforeRequest (http://localhost:3210/node_modules/.pnpm/@salla.sa+twilight-theme-en_c3cd9c099c8c4c71b5353d842e4aee2e/node_modules/@salla.sa/twilight-theme-engine/dist/chunk-O6XXHXC4.js?v=c58539c0:95:25)
    at http://localhost:3210/node_modules/.pnpm/ky@2.1.0/node_modules/ky/distribution/core/Ky.js?v=c58539c0:731:73
    at #raceWithTotalTimeout (http://localhost:3210/node_modules/.pnpm/ky@2.1.0/node_modules/ky/distribution/core/Ky.js?v=c58539c0:572:20)
    at #runBeforeRequestHooks (http://localhost:3210/node_modules/.pnpm/ky@2.1.0/node_modules/ky/distribution/core/Ky.js?v=c58539c0:731:60)
    at function_ (http://localhost:3210/node_modules/.pnpm/ky@2.1.0/node_modules/ky/distribution/core/Ky.js?v=c58539c0:117:74)
    at async http://localhost:3210/node_modules/.pnpm/ky@2.1.0/node_modules/ky/distribution/core/Ky.js?v=c58539c0:195:24
    at async result.<computed> [as json] (http://localhost:3210/node_modules/.pnpm/ky@2.1.0/node_modules/ky/distribution/core/Ky.js?v=c58539c0:219:34)
    at async Object.settings (http://localhost:3210/node_modules/.pnpm/@salla.sa+twilight-theme-en_c3cd9c099c8c4c71b5353d842e4aee2e/node_modules/@salla.sa/twilight-theme-engine/dist/chunk-WMSOSA74.js?v=c58539c0:34:20) @ http://localhost:3210/@vite/client:532
[ 2321507ms] [ERROR] [store.settings] Failed: TypeError: Failed to execute 'set' on 'Headers': String contains non ISO-8859-1 code point.
    at ky.extend.hooks.beforeRequest (http://localhost:3210/node_modules/.pnpm/@salla.sa+twilight-theme-en_c3cd9c099c8c4c71b5353d842e4aee2e/node_modules/@salla.sa/twilight-theme-engine/dist/chunk-O6XXHXC4.js?v=c58539c0:95:25)
    at http://localhost:3210/node_modules/.pnpm/ky@2.1.0/node_modules/ky/distribution/core/Ky.js?v=c58539c0:731:73
    at #raceWithTotalTimeout (http://localhost:3210/node_modules/.pnpm/ky@2.1.0/node_modules/ky/distribution/core/Ky.js?v=c58539c0:572:20)
    at #runBeforeRequestHooks (http://localhost:3210/node_modules/.pnpm/ky@2.1.0/node_modules/ky/distribution/core/Ky.js?v=c58539c0:731:60)
    at function_ (http://localhost:3210/node_modules/.pnpm/ky@2.1.0/node_modules/ky/distribution/core/Ky.js?v=c58539c0:117:74)
    at async http://localhost:3210/node_modules/.pnpm/ky@2.1.0/node_modules/ky/distribution/core/Ky.js?v=c58539c0:195:24
    at async result.<computed> [as json] (http://localhost:3210/node_modules/.pnpm/ky@2.1.0/node_modules/ky/distribution/core/Ky.js?v=c58539c0:219:34)
    at async Object.settings (http://localhost:3210/node_modules/.pnpm/@salla.sa+twilight-theme-en_c3cd9c099c8c4c71b5353d842e4aee2e/node_modules/@salla.sa/twilight-theme-engine/dist/chunk-WMSOSA74.js?v=c58539c0:34:20) @ http://localhost:3210/@vite/client:532
[ 2342463ms] [ERROR] Failed to load products: TypeError: Failed to execute 'set' on 'Headers': String contains non ISO-8859-1 code point.
    at ky.extend.hooks.beforeRequest (http://localhost:3210/node_modules/.pnpm/@salla.sa+twilight-theme-en_c3cd9c099c8c4c71b5353d842e4aee2e/node_modules/@salla.sa/twilight-theme-engine/dist/chunk-O6XXHXC4.js?v=c58539c0:95:25)
    at http://localhost:3210/node_modules/.pnpm/ky@2.1.0/node_modules/ky/distribution/core/Ky.js?v=c58539c0:731:73
    at #raceWithTotalTimeout (http://localhost:3210/node_modules/.pnpm/ky@2.1.0/node_modules/ky/distribution/core/Ky.js?v=c58539c0:572:20)
    at #runBeforeRequestHooks (http://localhost:3210/node_modules/.pnpm/ky@2.1.0/node_modules/ky/distribution/core/Ky.js?v=c58539c0:731:60)
    at function_ (http://localhost:3210/node_modules/.pnpm/ky@2.1.0/node_modules/ky/distribution/core/Ky.js?v=c58539c0:117:74)
    at async http://localhost:3210/node_modules/.pnpm/ky@2.1.0/node_modules/ky/distribution/core/Ky.js?v=c58539c0:195:24
    at async result.<computed> [as json] (http://localhost:3210/node_modules/.pnpm/ky@2.1.0/node_modules/ky/distribution/core/Ky.js?v=c58539c0:219:34)
    at async Object.list (http://localhost:3210/node_modules/.pnpm/@salla.sa+twilight-theme-en_c3cd9c099c8c4c71b5353d842e4aee2e/node_modules/@salla.sa/twilight-theme-engine/dist/chunk-CPQXPECC.js?v=c58539c0:113:22)
    at async http://localhost:3210/app/components/blocks/ProductsSliderWrapper.tsx:52:19
    at async loadProducts (http://localhost:3210/node_modules/.vite/deps/@salla__sa_twilight-components-react.js?v=c58539c0:9004:20) @ http://localhost:3210/@vite/client:532
[ 2342464ms] [ERROR] Failed to load products: TypeError: Failed to execute 'set' on 'Headers': String contains non ISO-8859-1 code point.
    at ky.extend.hooks.beforeRequest (http://localhost:3210/node_modules/.pnpm/@salla.sa+twilight-theme-en_c3cd9c099c8c4c71b5353d842e4aee2e/node_modules/@salla.sa/twilight-theme-engine/dist/chunk-O6XXHXC4.js?v=c58539c0:95:25)
    at http://localhost:3210/node_modules/.pnpm/ky@2.1.0/node_modules/ky/distribution/core/Ky.js?v=c58539c0:731:73
    at #raceWithTotalTimeout (http://localhost:3210/node_modules/.pnpm/ky@2.1.0/node_modules/ky/distribution/core/Ky.js?v=c58539c0:572:20)
    at #runBeforeRequestHooks (http://localhost:3210/node_modules/.pnpm/ky@2.1.0/node_modules/ky/distribution/core/Ky.js?v=c58539c0:731:60)
    at function_ (http://localhost:3210/node_modules/.pnpm/ky@2.1.0/node_modules/ky/distribution/core/Ky.js?v=c58539c0:117:74)
    at async http://localhost:3210/node_modules/.pnpm/ky@2.1.0/node_modules/ky/distribution/core/Ky.js?v=c58539c0:195:24
    at async result.<computed> [as json] (http://localhost:3210/node_modules/.pnpm/ky@2.1.0/node_modules/ky/distribution/core/Ky.js?v=c58539c0:219:34)
    at async Object.list (http://localhost:3210/node_modules/.pnpm/@salla.sa+twilight-theme-en_c3cd9c099c8c4c71b5353d842e4aee2e/node_modules/@salla.sa/twilight-theme-engine/dist/chunk-CPQXPECC.js?v=c58539c0:113:22)
    at async http://localhost:3210/app/components/blocks/ProductsSliderWrapper.tsx:52:19
    at async loadProducts (http://localhost:3210/node_modules/.vite/deps/@salla__sa_twilight-components-react.js?v=c58539c0:9004:20) @ http://localhost:3210/@vite/client:532
[ 2358483ms] [ERROR] Failed to load resource: the server responded with a status of 500 (Internal Server Error) @ http://localhost:3210/assets/images/plan-training.jpg:0
[ 2358485ms] [ERROR] Failed to load resource: the server responded with a status of 500 (Internal Server Error) @ http://localhost:3210/assets/images/plan-nutrition.jpg:0
[ 2358487ms] [ERROR] Failed to load resource: the server responded with a status of 500 (Internal Server Error) @ http://localhost:3210/assets/images/plan-advisory.jpg:0
[ 2378440ms] [ERROR] [vite] SyntaxError: The requested module '/app/components/home/HomeSkeleton.tsx?t=1789870555909' does not provide an export named 'ProductsGridSkeleton' @ http://localhost:3210/@vite/client:532
[ 2378441ms] [ERROR] [vite] Failed to reload /app/components/home/OxProducts.tsx. This could be due to syntax errors or importing non-existent modules. (see errors above) @ http://localhost:3210/@vite/client:532
[ 2379803ms] [ERROR] [store.settings] Failed: TypeError: Failed to execute 'set' on 'Headers': String contains non ISO-8859-1 code point.
    at ky.extend.hooks.beforeRequest (http://localhost:3210/node_modules/.pnpm/@salla.sa+twilight-theme-en_c3cd9c099c8c4c71b5353d842e4aee2e/node_modules/@salla.sa/twilight-theme-engine/dist/chunk-O6XXHXC4.js?v=c58539c0:95:25)
    at http://localhost:3210/node_modules/.pnpm/ky@2.1.0/node_modules/ky/distribution/core/Ky.js?v=c58539c0:731:73
    at #raceWithTotalTimeout (http://localhost:3210/node_modules/.pnpm/ky@2.1.0/node_modules/ky/distribution/core/Ky.js?v=c58539c0:572:20)
    at #runBeforeRequestHooks (http://localhost:3210/node_modules/.pnpm/ky@2.1.0/node_modules/ky/distribution/core/Ky.js?v=c58539c0:731:60)
    at function_ (http://localhost:3210/node_modules/.pnpm/ky@2.1.0/node_modules/ky/distribution/core/Ky.js?v=c58539c0:117:74)
    at async http://localhost:3210/node_modules/.pnpm/ky@2.1.0/node_modules/ky/distribution/core/Ky.js?v=c58539c0:195:24
    at async result.<computed> [as json] (http://localhost:3210/node_modules/.pnpm/ky@2.1.0/node_modules/ky/distribution/core/Ky.js?v=c58539c0:219:34)
    at async Object.settings (http://localhost:3210/node_modules/.pnpm/@salla.sa+twilight-theme-en_c3cd9c099c8c4c71b5353d842e4aee2e/node_modules/@salla.sa/twilight-theme-engine/dist/chunk-WMSOSA74.js?v=c58539c0:34:20) @ http://localhost:3210/@vite/client:532
[ 2386220ms] [ERROR] TypeError: Cannot read properties of undefined (reading 'title')
    at Object.head (http://localhost:3210/node_modules/.pnpm/@salla.sa+twilight-theme-en_c3cd9c099c8c4c71b5353d842e4aee2e/node_modules/@salla.sa/twilight-theme-engine/dist/routes/account.js?v=c58539c0:47:22)
    at Object.head (http://localhost:3210/node_modules/.pnpm/@salla.sa+twilight-theme-en_c3cd9c099c8c4c71b5353d842e4aee2e/node_modules/@salla.sa/twilight-theme-engine/dist/chunk-4D44TJ72.js?v=c58539c0:115:28)
    at projectLane (http://localhost:3210/node_modules/.pnpm/@tanstack+router-core@1.171.30/node_modules/@tanstack/router-core/dist/esm/load-client.js?v=c58539c0:591:74)
    at async preloadClientRoute (http://localhost:3210/node_modules/.pnpm/@tanstack+router-core@1.171.30/node_modules/@tanstack/router-core/dist/esm/load-client.js?v=c58539c0:1072:14) @ http://localhost:3210/@vite/client:532
[ 2386221ms] [ERROR] TypeError: Cannot read properties of undefined (reading 'title')
    at Object.head (http://localhost:3210/node_modules/.pnpm/@salla.sa+twilight-theme-en_c3cd9c099c8c4c71b5353d842e4aee2e/node_modules/@salla.sa/twilight-theme-engine/dist/routes/account.js?v=c58539c0:47:22)
    at Object.head (http://localhost:3210/node_modules/.pnpm/@salla.sa+twilight-theme-en_c3cd9c099c8c4c71b5353d842e4aee2e/node_modules/@salla.sa/twilight-theme-engine/dist/chunk-4D44TJ72.js?v=c58539c0:115:28)
    at projectLane (http://localhost:3210/node_modules/.pnpm/@tanstack+router-core@1.171.30/node_modules/@tanstack/router-core/dist/esm/load-client.js?v=c58539c0:591:74)
    at async preloadClientRoute (http://localhost:3210/node_modules/.pnpm/@tanstack+router-core@1.171.30/node_modules/@tanstack/router-core/dist/esm/load-client.js?v=c58539c0:1072:14) @ http://localhost:3210/@vite/client:532
[ 2386221ms] [ERROR] TypeError: Cannot read properties of undefined (reading 'title')
    at Object.head (http://localhost:3210/node_modules/.pnpm/@salla.sa+twilight-theme-en_c3cd9c099c8c4c71b5353d842e4aee2e/node_modules/@salla.sa/twilight-theme-engine/dist/routes/account.js?v=c58539c0:47:22)
    at Object.head (http://localhost:3210/node_modules/.pnpm/@salla.sa+twilight-theme-en_c3cd9c099c8c4c71b5353d842e4aee2e/node_modules/@salla.sa/twilight-theme-engine/dist/chunk-4D44TJ72.js?v=c58539c0:115:28)
    at projectLane (http://localhost:3210/node_modules/.pnpm/@tanstack+router-core@1.171.30/node_modules/@tanstack/router-core/dist/esm/load-client.js?v=c58539c0:591:74)
    at async runClientTransaction (http://localhost:3210/node_modules/.pnpm/@tanstack+router-core@1.171.30/node_modules/@tanstack/router-core/dist/esm/load-client.js?v=c58539c0:881:17) @ http://localhost:3210/@vite/client:532
[ 2386479ms] [LOG] [HomeComponentRenderer] UNMOUNT: path=ox-hero, index=0 @ http://localhost:3210/node_modules/.pnpm/@salla.sa+twilight-theme-en_c3cd9c099c8c4c71b5353d842e4aee2e/node_modules/@salla.sa/twilight-theme-engine/dist/chunk-WITIL2MK.js?v=c58539c0:675
[ 2386480ms] [LOG] [HomeComponentRenderer] UNMOUNT: path=ox-trust-strip, index=1 @ http://localhost:3210/node_modules/.pnpm/@salla.sa+twilight-theme-en_c3cd9c099c8c4c71b5353d842e4aee2e/node_modules/@salla.sa/twilight-theme-engine/dist/chunk-WITIL2MK.js?v=c58539c0:675
[ 2386481ms] [LOG] [HomeComponentRenderer] UNMOUNT: path=ox-goals, index=2 @ http://localhost:3210/node_modules/.pnpm/@salla.sa+twilight-theme-en_c3cd9c099c8c4c71b5353d842e4aee2e/node_modules/@salla.sa/twilight-theme-engine/dist/chunk-WITIL2MK.js?v=c58539c0:675
[ 2386481ms] [LOG] [HomeComponentRenderer] UNMOUNT: path=ox-products, index=3 @ http://localhost:3210/node_modules/.pnpm/@salla.sa+twilight-theme-en_c3cd9c099c8c4c71b5353d842e4aee2e/node_modules/@salla.sa/twilight-theme-engine/dist/chunk-WITIL2MK.js?v=c58539c0:675
[ 2386483ms] [LOG] [HomeComponentRenderer] UNMOUNT: path=ox-categories, index=4 @ http://localhost:3210/node_modules/.pnpm/@salla.sa+twilight-theme-en_c3cd9c099c8c4c71b5353d842e4aee2e/node_modules/@salla.sa/twilight-theme-engine/dist/chunk-WITIL2MK.js?v=c58539c0:675
[ 2386484ms] [LOG] [HomeComponentRenderer] UNMOUNT: path=ox-brands, index=5 @ http://localhost:3210/node_modules/.pnpm/@salla.sa+twilight-theme-en_c3cd9c099c8c4c71b5353d842e4aee2e/node_modules/@salla.sa/twilight-theme-engine/dist/chunk-WITIL2MK.js?v=c58539c0:675
[ 2386485ms] [LOG] [HomeComponentRenderer] UNMOUNT: path=ox-services, index=6 @ http://localhost:3210/node_modules/.pnpm/@salla.sa+twilight-theme-en_c3cd9c099c8c4c71b5353d842e4aee2e/node_modules/@salla.sa/twilight-theme-engine/dist/chunk-WITIL2MK.js?v=c58539c0:675
[ 2386486ms] [LOG] [HomeComponentRenderer] UNMOUNT: path=ox-guides, index=7 @ http://localhost:3210/node_modules/.pnpm/@salla.sa+twilight-theme-en_c3cd9c099c8c4c71b5353d842e4aee2e/node_modules/@salla.sa/twilight-theme-engine/dist/chunk-WITIL2MK.js?v=c58539c0:675
[ 2386487ms] [LOG] [HomeComponentRenderer] UNMOUNT: path=ox-branch, index=8 @ http://localhost:3210/node_modules/.pnpm/@salla.sa+twilight-theme-en_c3cd9c099c8c4c71b5353d842e4aee2e/node_modules/@salla.sa/twilight-theme-engine/dist/chunk-WITIL2MK.js?v=c58539c0:675
[ 2386488ms] [LOG] [HomeComponentRenderer] UNMOUNT: path=ox-faq, index=9 @ http://localhost:3210/node_modules/.pnpm/@salla.sa+twilight-theme-en_c3cd9c099c8c4c71b5353d842e4aee2e/node_modules/@salla.sa/twilight-theme-engine/dist/chunk-WITIL2MK.js?v=c58539c0:675
[ 2386489ms] [LOG] [HomeComponentRenderer] UNMOUNT: path=ox-newsletter, index=10 @ http://localhost:3210/node_modules/.pnpm/@salla.sa+twilight-theme-en_c3cd9c099c8c4c71b5353d842e4aee2e/node_modules/@salla.sa/twilight-theme-engine/dist/chunk-WITIL2MK.js?v=c58539c0:675
[ 2386489ms] [LOG] [HomeComponentRenderer] UNMOUNT: path=ox-banner, index=11 @ http://localhost:3210/node_modules/.pnpm/@salla.sa+twilight-theme-en_c3cd9c099c8c4c71b5353d842e4aee2e/node_modules/@salla.sa/twilight-theme-engine/dist/chunk-WITIL2MK.js?v=c58539c0:675
[ 2408994ms] [ERROR] Failed to load resource: the server responded with a status of 500 (Internal Server Error) @ http://localhost:3210/app/components/home/OxFaq.tsx?t=1789871238966:0
[ 2408995ms] [ERROR] [vite] Failed to reload /app/components/home/OxFaq.tsx. This could be due to syntax errors or importing non-existent modules. (see errors above) @ http://localhost:3210/@vite/client:532
[ 2451830ms] [ERROR] TypeError: Cannot read properties of null (reading 'length')
    at v.render (https://cdn.assets.salla.network/dev/@salla.sa/twilight/9b1ad668bb386735f64a045e4c13b4c5508ad4c8/p-8f2ecff5.entry.js:4:25557)
    at Yt (https://cdn.assets.salla.network/dev/@salla.sa/twilight/9b1ad668bb386735f64a045e4c13b4c5508ad4c8/p-Cz6ID6IN.js:4:19885)
    at qt (https://cdn.assets.salla.network/dev/@salla.sa/twilight/9b1ad668bb386735f64a045e4c13b4c5508ad4c8/p-Cz6ID6IN.js:4:19696)
    at https://cdn.assets.salla.network/dev/@salla.sa/twilight/9b1ad668bb386735f64a045e4c13b4c5508ad4c8/p-Cz6ID6IN.js:4:19351 JSHandle@node @ http://localhost:3210/@vite/client:532
[ 2452107ms] [ERROR] TypeError: Cannot read properties of null (reading 'length')
    at v.emitPromotionViewed (https://cdn.assets.salla.network/dev/@salla.sa/twilight/9b1ad668bb386735f64a045e4c13b4c5508ad4c8/p-8f2ecff5.entry.js:4:22121)
    at v.componentDidLoad (https://cdn.assets.salla.network/dev/@salla.sa/twilight/9b1ad668bb386735f64a045e4c13b4c5508ad4c8/p-8f2ecff5.entry.js:4:25334)
    at Kt (https://cdn.assets.salla.network/dev/@salla.sa/twilight/9b1ad668bb386735f64a045e4c13b4c5508ad4c8/p-Cz6ID6IN.js:4:22621)
    at Gt (https://cdn.assets.salla.network/dev/@salla.sa/twilight/9b1ad668bb386735f64a045e4c13b4c5508ad4c8/p-Cz6ID6IN.js:4:22203)
    at e (https://cdn.assets.salla.network/dev/@salla.sa/twilight/9b1ad668bb386735f64a045e4c13b4c5508ad4c8/p-Cz6ID6IN.js:4:19785)
    at qt (https://cdn.assets.salla.network/dev/@salla.sa/twilight/9b1ad668bb386735f64a045e4c13b4c5508ad4c8/p-Cz6ID6IN.js:4:19804)
    at https://cdn.assets.salla.network/dev/@salla.sa/twilight/9b1ad668bb386735f64a045e4c13b4c5508ad4c8/p-Cz6ID6IN.js:4:19351 JSHandle@node @ http://localhost:3210/@vite/client:532
[ 2486606ms] [LOG] [HomeComponentRenderer] RENDER: path=ox-hero, index=0, renderCount=1 @ http://localhost:3210/node_modules/.pnpm/@salla.sa+twilight-theme-en_c3cd9c099c8c4c71b5353d842e4aee2e/node_modules/@salla.sa/twilight-theme-engine/dist/chunk-WITIL2MK.js?v=c58539c0:670
[ 2486606ms] [LOG] [HomeComponentRenderer] RENDER: path=ox-hero, index=0, renderCount=2 @ http://localhost:3210/node_modules/.pnpm/@salla.sa+twilight-theme-en_c3cd9c099c8c4c71b5353d842e4aee2e/node_modules/@salla.sa/twilight-theme-engine/dist/chunk-WITIL2MK.js?v=c58539c0:670
[ 2486614ms] [LOG] [HomeComponentRenderer] RENDER: path=ox-trust-strip, index=1, renderCount=1 @ http://localhost:3210/node_modules/.pnpm/@salla.sa+twilight-theme-en_c3cd9c099c8c4c71b5353d842e4aee2e/node_modules/@salla.sa/twilight-theme-engine/dist/chunk-WITIL2MK.js?v=c58539c0:670
[ 2486614ms] [LOG] [HomeComponentRenderer] RENDER: path=ox-trust-strip, index=1, renderCount=2 @ http://localhost:3210/node_modules/.pnpm/@salla.sa+twilight-theme-en_c3cd9c099c8c4c71b5353d842e4aee2e/node_modules/@salla.sa/twilight-theme-engine/dist/chunk-WITIL2MK.js?v=c58539c0:670
[ 2486621ms] [LOG] [HomeComponentRenderer] RENDER: path=ox-goals, index=2, renderCount=1 @ http://localhost:3210/node_modules/.pnpm/@salla.sa+twilight-theme-en_c3cd9c099c8c4c71b5353d842e4aee2e/node_modules/@salla.sa/twilight-theme-engine/dist/chunk-WITIL2MK.js?v=c58539c0:670
[ 2486621ms] [LOG] [HomeComponentRenderer] RENDER: path=ox-goals, index=2, renderCount=2 @ http://localhost:3210/node_modules/.pnpm/@salla.sa+twilight-theme-en_c3cd9c099c8c4c71b5353d842e4aee2e/node_modules/@salla.sa/twilight-theme-engine/dist/chunk-WITIL2MK.js?v=c58539c0:670
[ 2486642ms] [LOG] [HomeComponentRenderer] RENDER: path=ox-products, index=3, renderCount=1 @ http://localhost:3210/node_modules/.pnpm/@salla.sa+twilight-theme-en_c3cd9c099c8c4c71b5353d842e4aee2e/node_modules/@salla.sa/twilight-theme-engine/dist/chunk-WITIL2MK.js?v=c58539c0:670
[ 2486643ms] [LOG] [HomeComponentRenderer] RENDER: path=ox-products, index=3, renderCount=2 @ http://localhost:3210/node_modules/.pnpm/@salla.sa+twilight-theme-en_c3cd9c099c8c4c71b5353d842e4aee2e/node_modules/@salla.sa/twilight-theme-engine/dist/chunk-WITIL2MK.js?v=c58539c0:670
[ 2486645ms] [LOG] [HomeComponentRenderer] RENDER: path=ox-categories, index=4, renderCount=1 @ http://localhost:3210/node_modules/.pnpm/@salla.sa+twilight-theme-en_c3cd9c099c8c4c71b5353d842e4aee2e/node_modules/@salla.sa/twilight-theme-engine/dist/chunk-WITIL2MK.js?v=c58539c0:670
[ 2486645ms] [LOG] [HomeComponentRenderer] RENDER: path=ox-categories, index=4, renderCount=2 @ http://localhost:3210/node_modules/.pnpm/@salla.sa+twilight-theme-en_c3cd9c099c8c4c71b5353d842e4aee2e/node_modules/@salla.sa/twilight-theme-engine/dist/chunk-WITIL2MK.js?v=c58539c0:670
[ 2486648ms] [LOG] [HomeComponentRenderer] RENDER: path=ox-brands, index=5, renderCount=1 @ http://localhost:3210/node_modules/.pnpm/@salla.sa+twilight-theme-en_c3cd9c099c8c4c71b5353d842e4aee2e/node_modules/@salla.sa/twilight-theme-engine/dist/chunk-WITIL2MK.js?v=c58539c0:670
[ 2486649ms] [LOG] [HomeComponentRenderer] RENDER: path=ox-brands, index=5, renderCount=2 @ http://localhost:3210/node_modules/.pnpm/@salla.sa+twilight-theme-en_c3cd9c099c8c4c71b5353d842e4aee2e/node_modules/@salla.sa/twilight-theme-engine/dist/chunk-WITIL2MK.js?v=c58539c0:670
[ 2486652ms] [LOG] [HomeComponentRenderer] RENDER: path=ox-services, index=6, renderCount=1 @ http://localhost:3210/node_modules/.pnpm/@salla.sa+twilight-theme-en_c3cd9c099c8c4c71b5353d842e4aee2e/node_modules/@salla.sa/twilight-theme-engine/dist/chunk-WITIL2MK.js?v=c58539c0:670
[ 2486652ms] [LOG] [HomeComponentRenderer] RENDER: path=ox-services, index=6, renderCount=2 @ http://localhost:3210/node_modules/.pnpm/@salla.sa+twilight-theme-en_c3cd9c099c8c4c71b5353d842e4aee2e/node_modules/@salla.sa/twilight-theme-engine/dist/chunk-WITIL2MK.js?v=c58539c0:670
[ 2486654ms] [LOG] [HomeComponentRenderer] RENDER: path=ox-guides, index=7, renderCount=1 @ http://localhost:3210/node_modules/.pnpm/@salla.sa+twilight-theme-en_c3cd9c099c8c4c71b5353d842e4aee2e/node_modules/@salla.sa/twilight-theme-engine/dist/chunk-WITIL2MK.js?v=c58539c0:670
[ 2486655ms] [LOG] [HomeComponentRenderer] RENDER: path=ox-guides, index=7, renderCount=2 @ http://localhost:3210/node_modules/.pnpm/@salla.sa+twilight-theme-en_c3cd9c099c8c4c71b5353d842e4aee2e/node_modules/@salla.sa/twilight-theme-engine/dist/chunk-WITIL2MK.js?v=c58539c0:670
[ 2486656ms] [LOG] [HomeComponentRenderer] RENDER: path=ox-branch, index=8, renderCount=1 @ http://localhost:3210/node_modules/.pnpm/@salla.sa+twilight-theme-en_c3cd9c099c8c4c71b5353d842e4aee2e/node_modules/@salla.sa/twilight-theme-engine/dist/chunk-WITIL2MK.js?v=c58539c0:670
[ 2486657ms] [LOG] [HomeComponentRenderer] RENDER: path=ox-branch, index=8, renderCount=2 @ http://localhost:3210/node_modules/.pnpm/@salla.sa+twilight-theme-en_c3cd9c099c8c4c71b5353d842e4aee2e/node_modules/@salla.sa/twilight-theme-engine/dist/chunk-WITIL2MK.js?v=c58539c0:670
[ 2486658ms] [LOG] [HomeComponentRenderer] RENDER: path=ox-faq, index=9, renderCount=1 @ http://localhost:3210/node_modules/.pnpm/@salla.sa+twilight-theme-en_c3cd9c099c8c4c71b5353d842e4aee2e/node_modules/@salla.sa/twilight-theme-engine/dist/chunk-WITIL2MK.js?v=c58539c0:670
[ 2486659ms] [LOG] [HomeComponentRenderer] RENDER: path=ox-faq, index=9, renderCount=2 @ http://localhost:3210/node_modules/.pnpm/@salla.sa+twilight-theme-en_c3cd9c099c8c4c71b5353d842e4aee2e/node_modules/@salla.sa/twilight-theme-engine/dist/chunk-WITIL2MK.js?v=c58539c0:670
[ 2486661ms] [LOG] [HomeComponentRenderer] RENDER: path=ox-newsletter, index=10, renderCount=1 @ http://localhost:3210/node_modules/.pnpm/@salla.sa+twilight-theme-en_c3cd9c099c8c4c71b5353d842e4aee2e/node_modules/@salla.sa/twilight-theme-engine/dist/chunk-WITIL2MK.js?v=c58539c0:670
[ 2486661ms] [LOG] [HomeComponentRenderer] RENDER: path=ox-newsletter, index=10, renderCount=2 @ http://localhost:3210/node_modules/.pnpm/@salla.sa+twilight-theme-en_c3cd9c099c8c4c71b5353d842e4aee2e/node_modules/@salla.sa/twilight-theme-engine/dist/chunk-WITIL2MK.js?v=c58539c0:670
[ 2486662ms] [LOG] [HomeComponentRenderer] RENDER: path=ox-banner, index=11, renderCount=1 @ http://localhost:3210/node_modules/.pnpm/@salla.sa+twilight-theme-en_c3cd9c099c8c4c71b5353d842e4aee2e/node_modules/@salla.sa/twilight-theme-engine/dist/chunk-WITIL2MK.js?v=c58539c0:670
[ 2486663ms] [LOG] [HomeComponentRenderer] RENDER: path=ox-banner, index=11, renderCount=2 @ http://localhost:3210/node_modules/.pnpm/@salla.sa+twilight-theme-en_c3cd9c099c8c4c71b5353d842e4aee2e/node_modules/@salla.sa/twilight-theme-engine/dist/chunk-WITIL2MK.js?v=c58539c0:670
[ 2486714ms] [LOG] [HomeComponentRenderer] MOUNT: path=ox-hero, index=0, renderCount=2 @ http://localhost:3210/node_modules/.pnpm/@salla.sa+twilight-theme-en_c3cd9c099c8c4c71b5353d842e4aee2e/node_modules/@salla.sa/twilight-theme-engine/dist/chunk-WITIL2MK.js?v=c58539c0:673
[ 2486715ms] [LOG] [HomeComponentRenderer] MOUNT: path=ox-trust-strip, index=1, renderCount=2 @ http://localhost:3210/node_modules/.pnpm/@salla.sa+twilight-theme-en_c3cd9c099c8c4c71b5353d842e4aee2e/node_modules/@salla.sa/twilight-theme-engine/dist/chunk-WITIL2MK.js?v=c58539c0:673
[ 2486717ms] [LOG] [HomeComponentRenderer] MOUNT: path=ox-goals, index=2, renderCount=2 @ http://localhost:3210/node_modules/.pnpm/@salla.sa+twilight-theme-en_c3cd9c099c8c4c71b5353d842e4aee2e/node_modules/@salla.sa/twilight-theme-engine/dist/chunk-WITIL2MK.js?v=c58539c0:673
[ 2486718ms] [LOG] [HomeComponentRenderer] MOUNT: path=ox-products, index=3, renderCount=2 @ http://localhost:3210/node_modules/.pnpm/@salla.sa+twilight-theme-en_c3cd9c099c8c4c71b5353d842e4aee2e/node_modules/@salla.sa/twilight-theme-engine/dist/chunk-WITIL2MK.js?v=c58539c0:673
[ 2486720ms] [LOG] [HomeComponentRenderer] MOUNT: path=ox-categories, index=4, renderCount=2 @ http://localhost:3210/node_modules/.pnpm/@salla.sa+twilight-theme-en_c3cd9c099c8c4c71b5353d842e4aee2e/node_modules/@salla.sa/twilight-theme-engine/dist/chunk-WITIL2MK.js?v=c58539c0:673
[ 2486721ms] [LOG] [HomeComponentRenderer] MOUNT: path=ox-brands, index=5, renderCount=2 @ http://localhost:3210/node_modules/.pnpm/@salla.sa+twilight-theme-en_c3cd9c099c8c4c71b5353d842e4aee2e/node_modules/@salla.sa/twilight-theme-engine/dist/chunk-WITIL2MK.js?v=c58539c0:673
[ 2486722ms] [LOG] [HomeComponentRenderer] MOUNT: path=ox-services, index=6, renderCount=2 @ http://localhost:3210/node_modules/.pnpm/@salla.sa+twilight-theme-en_c3cd9c099c8c4c71b5353d842e4aee2e/node_modules/@salla.sa/twilight-theme-engine/dist/chunk-WITIL2MK.js?v=c58539c0:673
[ 2486723ms] [LOG] [HomeComponentRenderer] MOUNT: path=ox-guides, index=7, renderCount=2 @ http://localhost:3210/node_modules/.pnpm/@salla.sa+twilight-theme-en_c3cd9c099c8c4c71b5353d842e4aee2e/node_modules/@salla.sa/twilight-theme-engine/dist/chunk-WITIL2MK.js?v=c58539c0:673
[ 2486723ms] [LOG] [HomeComponentRenderer] MOUNT: path=ox-branch, index=8, renderCount=2 @ http://localhost:3210/node_modules/.pnpm/@salla.sa+twilight-theme-en_c3cd9c099c8c4c71b5353d842e4aee2e/node_modules/@salla.sa/twilight-theme-engine/dist/chunk-WITIL2MK.js?v=c58539c0:673
[ 2486724ms] [LOG] [HomeComponentRenderer] MOUNT: path=ox-faq, index=9, renderCount=2 @ http://localhost:3210/node_modules/.pnpm/@salla.sa+twilight-theme-en_c3cd9c099c8c4c71b5353d842e4aee2e/node_modules/@salla.sa/twilight-theme-engine/dist/chunk-WITIL2MK.js?v=c58539c0:673
[ 2486725ms] [LOG] [HomeComponentRenderer] MOUNT: path=ox-newsletter, index=10, renderCount=2 @ http://localhost:3210/node_modules/.pnpm/@salla.sa+twilight-theme-en_c3cd9c099c8c4c71b5353d842e4aee2e/node_modules/@salla.sa/twilight-theme-engine/dist/chunk-WITIL2MK.js?v=c58539c0:673
[ 2486726ms] [LOG] [HomeComponentRenderer] MOUNT: path=ox-banner, index=11, renderCount=2 @ http://localhost:3210/node_modules/.pnpm/@salla.sa+twilight-theme-en_c3cd9c099c8c4c71b5353d842e4aee2e/node_modules/@salla.sa/twilight-theme-engine/dist/chunk-WITIL2MK.js?v=c58539c0:673
[ 2486744ms] [LOG] [HomeComponentRenderer] UNMOUNT: path=ox-hero, index=0 @ http://localhost:3210/node_modules/.pnpm/@salla.sa+twilight-theme-en_c3cd9c099c8c4c71b5353d842e4aee2e/node_modules/@salla.sa/twilight-theme-engine/dist/chunk-WITIL2MK.js?v=c58539c0:675
[ 2486745ms] [LOG] [HomeComponentRenderer] UNMOUNT: path=ox-trust-strip, index=1 @ http://localhost:3210/node_modules/.pnpm/@salla.sa+twilight-theme-en_c3cd9c099c8c4c71b5353d842e4aee2e/node_modules/@salla.sa/twilight-theme-engine/dist/chunk-WITIL2MK.js?v=c58539c0:675
[ 2486746ms] [LOG] [HomeComponentRenderer] UNMOUNT: path=ox-goals, index=2 @ http://localhost:3210/node_modules/.pnpm/@salla.sa+twilight-theme-en_c3cd9c099c8c4c71b5353d842e4aee2e/node_modules/@salla.sa/twilight-theme-engine/dist/chunk-WITIL2MK.js?v=c58539c0:675
[ 2486747ms] [LOG] [HomeComponentRenderer] UNMOUNT: path=ox-products, index=3 @ http://localhost:3210/node_modules/.pnpm/@salla.sa+twilight-theme-en_c3cd9c099c8c4c71b5353d842e4aee2e/node_modules/@salla.sa/twilight-theme-engine/dist/chunk-WITIL2MK.js?v=c58539c0:675
[ 2486748ms] [LOG] [HomeComponentRenderer] UNMOUNT: path=ox-categories, index=4 @ http://localhost:3210/node_modules/.pnpm/@salla.sa+twilight-theme-en_c3cd9c099c8c4c71b5353d842e4aee2e/node_modules/@salla.sa/twilight-theme-engine/dist/chunk-WITIL2MK.js?v=c58539c0:675
[ 2486748ms] [LOG] [HomeComponentRenderer] UNMOUNT: path=ox-brands, index=5 @ http://localhost:3210/node_modules/.pnpm/@salla.sa+twilight-theme-en_c3cd9c099c8c4c71b5353d842e4aee2e/node_modules/@salla.sa/twilight-theme-engine/dist/chunk-WITIL2MK.js?v=c58539c0:675
[ 2486749ms] [LOG] [HomeComponentRenderer] UNMOUNT: path=ox-services, index=6 @ http://localhost:3210/node_modules/.pnpm/@salla.sa+twilight-theme-en_c3cd9c099c8c4c71b5353d842e4aee2e/node_modules/@salla.sa/twilight-theme-engine/dist/chunk-WITIL2MK.js?v=c58539c0:675
[ 2486750ms] [LOG] [HomeComponentRenderer] UNMOUNT: path=ox-guides, index=7 @ http://localhost:3210/node_modules/.pnpm/@salla.sa+twilight-theme-en_c3cd9c099c8c4c71b5353d842e4aee2e/node_modules/@salla.sa/twilight-theme-engine/dist/chunk-WITIL2MK.js?v=c58539c0:675
[ 2486750ms] [LOG] [HomeComponentRenderer] UNMOUNT: path=ox-branch, index=8 @ http://localhost:3210/node_modules/.pnpm/@salla.sa+twilight-theme-en_c3cd9c099c8c4c71b5353d842e4aee2e/node_modules/@salla.sa/twilight-theme-engine/dist/chunk-WITIL2MK.js?v=c58539c0:675
[ 2486751ms] [LOG] [HomeComponentRenderer] UNMOUNT: path=ox-faq, index=9 @ http://localhost:3210/node_modules/.pnpm/@salla.sa+twilight-theme-en_c3cd9c099c8c4c71b5353d842e4aee2e/node_modules/@salla.sa/twilight-theme-engine/dist/chunk-WITIL2MK.js?v=c58539c0:675
[ 2486751ms] [LOG] [HomeComponentRenderer] UNMOUNT: path=ox-newsletter, index=10 @ http://localhost:3210/node_modules/.pnpm/@salla.sa+twilight-theme-en_c3cd9c099c8c4c71b5353d842e4aee2e/node_modules/@salla.sa/twilight-theme-engine/dist/chunk-WITIL2MK.js?v=c58539c0:675
[ 2486751ms] [LOG] [HomeComponentRenderer] UNMOUNT: path=ox-banner, index=11 @ http://localhost:3210/node_modules/.pnpm/@salla.sa+twilight-theme-en_c3cd9c099c8c4c71b5353d842e4aee2e/node_modules/@salla.sa/twilight-theme-engine/dist/chunk-WITIL2MK.js?v=c58539c0:675
[ 2486768ms] [LOG] [HomeComponentRenderer] MOUNT: path=ox-hero, index=0, renderCount=2 @ http://localhost:3210/node_modules/.pnpm/@salla.sa+twilight-theme-en_c3cd9c099c8c4c71b5353d842e4aee2e/node_modules/@salla.sa/twilight-theme-engine/dist/chunk-WITIL2MK.js?v=c58539c0:673
[ 2486769ms] [LOG] [HomeComponentRenderer] MOUNT: path=ox-trust-strip, index=1, renderCount=2 @ http://localhost:3210/node_modules/.pnpm/@salla.sa+twilight-theme-en_c3cd9c099c8c4c71b5353d842e4aee2e/node_modules/@salla.sa/twilight-theme-engine/dist/chunk-WITIL2MK.js?v=c58539c0:673
[ 2486770ms] [LOG] [HomeComponentRenderer] MOUNT: path=ox-goals, index=2, renderCount=2 @ http://localhost:3210/node_modules/.pnpm/@salla.sa+twilight-theme-en_c3cd9c099c8c4c71b5353d842e4aee2e/node_modules/@salla.sa/twilight-theme-engine/dist/chunk-WITIL2MK.js?v=c58539c0:673
[ 2486770ms] [LOG] [HomeComponentRenderer] MOUNT: path=ox-products, index=3, renderCount=2 @ http://localhost:3210/node_modules/.pnpm/@salla.sa+twilight-theme-en_c3cd9c099c8c4c71b5353d842e4aee2e/node_modules/@salla.sa/twilight-theme-engine/dist/chunk-WITIL2MK.js?v=c58539c0:673
[ 2486771ms] [LOG] [HomeComponentRenderer] MOUNT: path=ox-categories, index=4, renderCount=2 @ http://localhost:3210/node_modules/.pnpm/@salla.sa+twilight-theme-en_c3cd9c099c8c4c71b5353d842e4aee2e/node_modules/@salla.sa/twilight-theme-engine/dist/chunk-WITIL2MK.js?v=c58539c0:673
[ 2486771ms] [LOG] [HomeComponentRenderer] MOUNT: path=ox-brands, index=5, renderCount=2 @ http://localhost:3210/node_modules/.pnpm/@salla.sa+twilight-theme-en_c3cd9c099c8c4c71b5353d842e4aee2e/node_modules/@salla.sa/twilight-theme-engine/dist/chunk-WITIL2MK.js?v=c58539c0:673
[ 2486772ms] [LOG] [HomeComponentRenderer] MOUNT: path=ox-services, index=6, renderCount=2 @ http://localhost:3210/node_modules/.pnpm/@salla.sa+twilight-theme-en_c3cd9c099c8c4c71b5353d842e4aee2e/node_modules/@salla.sa/twilight-theme-engine/dist/chunk-WITIL2MK.js?v=c58539c0:673
[ 2486772ms] [LOG] [HomeComponentRenderer] MOUNT: path=ox-guides, index=7, renderCount=2 @ http://localhost:3210/node_modules/.pnpm/@salla.sa+twilight-theme-en_c3cd9c099c8c4c71b5353d842e4aee2e/node_modules/@salla.sa/twilight-theme-engine/dist/chunk-WITIL2MK.js?v=c58539c0:673
[ 2486773ms] [LOG] [HomeComponentRenderer] MOUNT: path=ox-branch, index=8, renderCount=2 @ http://localhost:3210/node_modules/.pnpm/@salla.sa+twilight-theme-en_c3cd9c099c8c4c71b5353d842e4aee2e/node_modules/@salla.sa/twilight-theme-engine/dist/chunk-WITIL2MK.js?v=c58539c0:673
[ 2486773ms] [LOG] [HomeComponentRenderer] MOUNT: path=ox-faq, index=9, renderCount=2 @ http://localhost:3210/node_modules/.pnpm/@salla.sa+twilight-theme-en_c3cd9c099c8c4c71b5353d842e4aee2e/node_modules/@salla.sa/twilight-theme-engine/dist/chunk-WITIL2MK.js?v=c58539c0:673
[ 2486774ms] [LOG] [HomeComponentRenderer] MOUNT: path=ox-newsletter, index=10, renderCount=2 @ http://localhost:3210/node_modules/.pnpm/@salla.sa+twilight-theme-en_c3cd9c099c8c4c71b5353d842e4aee2e/node_modules/@salla.sa/twilight-theme-engine/dist/chunk-WITIL2MK.js?v=c58539c0:673
[ 2486774ms] [LOG] [HomeComponentRenderer] MOUNT: path=ox-banner, index=11, renderCount=2 @ http://localhost:3210/node_modules/.pnpm/@salla.sa+twilight-theme-en_c3cd9c099c8c4c71b5353d842e4aee2e/node_modules/@salla.sa/twilight-theme-engine/dist/chunk-WITIL2MK.js?v=c58539c0:673
[ 2505998ms] [ERROR] [store.settings] Failed: TypeError: Failed to execute 'set' on 'Headers': String contains non ISO-8859-1 code point.
    at ky.extend.hooks.beforeRequest (http://localhost:3210/node_modules/.pnpm/@salla.sa+twilight-theme-en_c3cd9c099c8c4c71b5353d842e4aee2e/node_modules/@salla.sa/twilight-theme-engine/dist/chunk-O6XXHXC4.js?v=c58539c0:95:25)
    at http://localhost:3210/node_modules/.pnpm/ky@2.1.0/node_modules/ky/distribution/core/Ky.js?v=c58539c0:731:73
    at #raceWithTotalTimeout (http://localhost:3210/node_modules/.pnpm/ky@2.1.0/node_modules/ky/distribution/core/Ky.js?v=c58539c0:572:20)
    at #runBeforeRequestHooks (http://localhost:3210/node_modules/.pnpm/ky@2.1.0/node_modules/ky/distribution/core/Ky.js?v=c58539c0:731:60)
    at function_ (http://localhost:3210/node_modules/.pnpm/ky@2.1.0/node_modules/ky/distribution/core/Ky.js?v=c58539c0:117:74)
    at async http://localhost:3210/node_modules/.pnpm/ky@2.1.0/node_modules/ky/distribution/core/Ky.js?v=c58539c0:195:24
    at async result.<computed> [as json] (http://localhost:3210/node_modules/.pnpm/ky@2.1.0/node_modules/ky/distribution/core/Ky.js?v=c58539c0:219:34)
    at async Object.settings (http://localhost:3210/node_modules/.pnpm/@salla.sa+twilight-theme-en_c3cd9c099c8c4c71b5353d842e4aee2e/node_modules/@salla.sa/twilight-theme-engine/dist/chunk-WMSOSA74.js?v=c58539c0:34:20) @ http://localhost:3210/@vite/client:532
[ 2506376ms] [ERROR] [store.settings] Failed: TypeError: Failed to execute 'set' on 'Headers': String contains non ISO-8859-1 code point.
    at ky.extend.hooks.beforeRequest (http://localhost:3210/node_modules/.pnpm/@salla.sa+twilight-theme-en_c3cd9c099c8c4c71b5353d842e4aee2e/node_modules/@salla.sa/twilight-theme-engine/dist/chunk-O6XXHXC4.js?v=c58539c0:95:25)
    at http://localhost:3210/node_modules/.pnpm/ky@2.1.0/node_modules/ky/distribution/core/Ky.js?v=c58539c0:731:73
    at #raceWithTotalTimeout (http://localhost:3210/node_modules/.pnpm/ky@2.1.0/node_modules/ky/distribution/core/Ky.js?v=c58539c0:572:20)
    at #runBeforeRequestHooks (http://localhost:3210/node_modules/.pnpm/ky@2.1.0/node_modules/ky/distribution/core/Ky.js?v=c58539c0:731:60)
    at function_ (http://localhost:3210/node_modules/.pnpm/ky@2.1.0/node_modules/ky/distribution/core/Ky.js?v=c58539c0:117:74)
    at async http://localhost:3210/node_modules/.pnpm/ky@2.1.0/node_modules/ky/distribution/core/Ky.js?v=c58539c0:195:24
    at async result.<computed> [as json] (http://localhost:3210/node_modules/.pnpm/ky@2.1.0/node_modules/ky/distribution/core/Ky.js?v=c58539c0:219:34)
    at async Object.settings (http://localhost:3210/node_modules/.pnpm/@salla.sa+twilight-theme-en_c3cd9c099c8c4c71b5353d842e4aee2e/node_modules/@salla.sa/twilight-theme-engine/dist/chunk-WMSOSA74.js?v=c58539c0:34:20) @ http://localhost:3210/@vite/client:532
[ 2513416ms] [ERROR] [store.settings] Failed: TypeError: Failed to execute 'set' on 'Headers': String contains non ISO-8859-1 code point.
    at ky.extend.hooks.beforeRequest (http://localhost:3210/node_modules/.pnpm/@salla.sa+twilight-theme-en_c3cd9c099c8c4c71b5353d842e4aee2e/node_modules/@salla.sa/twilight-theme-engine/dist/chunk-O6XXHXC4.js?v=c58539c0:95:25)
    at http://localhost:3210/node_modules/.pnpm/ky@2.1.0/node_modules/ky/distribution/core/Ky.js?v=c58539c0:731:73
    at #raceWithTotalTimeout (http://localhost:3210/node_modules/.pnpm/ky@2.1.0/node_modules/ky/distribution/core/Ky.js?v=c58539c0:572:20)
    at #runBeforeRequestHooks (http://localhost:3210/node_modules/.pnpm/ky@2.1.0/node_modules/ky/distribution/core/Ky.js?v=c58539c0:731:60)
    at function_ (http://localhost:3210/node_modules/.pnpm/ky@2.1.0/node_modules/ky/distribution/core/Ky.js?v=c58539c0:117:74)
    at async http://localhost:3210/node_modules/.pnpm/ky@2.1.0/node_modules/ky/distribution/core/Ky.js?v=c58539c0:195:24
    at async result.<computed> [as json] (http://localhost:3210/node_modules/.pnpm/ky@2.1.0/node_modules/ky/distribution/core/Ky.js?v=c58539c0:219:34)
    at async Object.settings (http://localhost:3210/node_modules/.pnpm/@salla.sa+twilight-theme-en_c3cd9c099c8c4c71b5353d842e4aee2e/node_modules/@salla.sa/twilight-theme-engine/dist/chunk-WMSOSA74.js?v=c58539c0:34:20) @ http://localhost:3210/@vite/client:532
[ 2514288ms] [ERROR] [store.settings] Failed: TypeError: Failed to execute 'set' on 'Headers': String contains non ISO-8859-1 code point.
    at ky.extend.hooks.beforeRequest (http://localhost:3210/node_modules/.pnpm/@salla.sa+twilight-theme-en_c3cd9c099c8c4c71b5353d842e4aee2e/node_modules/@salla.sa/twilight-theme-engine/dist/chunk-O6XXHXC4.js?v=c58539c0:95:25)
    at http://localhost:3210/node_modules/.pnpm/ky@2.1.0/node_modules/ky/distribution/core/Ky.js?v=c58539c0:731:73
    at #raceWithTotalTimeout (http://localhost:3210/node_modules/.pnpm/ky@2.1.0/node_modules/ky/distribution/core/Ky.js?v=c58539c0:572:20)
    at #runBeforeRequestHooks (http://localhost:3210/node_modules/.pnpm/ky@2.1.0/node_modules/ky/distribution/core/Ky.js?v=c58539c0:731:60)
    at function_ (http://localhost:3210/node_modules/.pnpm/ky@2.1.0/node_modules/ky/distribution/core/Ky.js?v=c58539c0:117:74)
    at async http://localhost:3210/node_modules/.pnpm/ky@2.1.0/node_modules/ky/distribution/core/Ky.js?v=c58539c0:195:24
    at async result.<computed> [as json] (http://localhost:3210/node_modules/.pnpm/ky@2.1.0/node_modules/ky/distribution/core/Ky.js?v=c58539c0:219:34)
    at async Object.settings (http://localhost:3210/node_modules/.pnpm/@salla.sa+twilight-theme-en_c3cd9c099c8c4c71b5353d842e4aee2e/node_modules/@salla.sa/twilight-theme-engine/dist/chunk-WMSOSA74.js?v=c58539c0:34:20) @ http://localhost:3210/@vite/client:532
[ 2515150ms] [ERROR] [store.settings] Failed: TypeError: Failed to execute 'set' on 'Headers': String contains non ISO-8859-1 code point.
    at ky.extend.hooks.beforeRequest (http://localhost:3210/node_modules/.pnpm/@salla.sa+twilight-theme-en_c3cd9c099c8c4c71b5353d842e4aee2e/node_modules/@salla.sa/twilight-theme-engine/dist/chunk-O6XXHXC4.js?v=c58539c0:95:25)
    at http://localhost:3210/node_modules/.pnpm/ky@2.1.0/node_modules/ky/distribution/core/Ky.js?v=c58539c0:731:73
    at #raceWithTotalTimeout (http://localhost:3210/node_modules/.pnpm/ky@2.1.0/node_modules/ky/distribution/core/Ky.js?v=c58539c0:572:20)
    at #runBeforeRequestHooks (http://localhost:3210/node_modules/.pnpm/ky@2.1.0/node_modules/ky/distribution/core/Ky.js?v=c58539c0:731:60)
    at function_ (http://localhost:3210/node_modules/.pnpm/ky@2.1.0/node_modules/ky/distribution/core/Ky.js?v=c58539c0:117:74)
    at async http://localhost:3210/node_modules/.pnpm/ky@2.1.0/node_modules/ky/distribution/core/Ky.js?v=c58539c0:195:24
    at async result.<computed> [as json] (http://localhost:3210/node_modules/.pnpm/ky@2.1.0/node_modules/ky/distribution/core/Ky.js?v=c58539c0:219:34)
    at async Object.settings (http://localhost:3210/node_modules/.pnpm/@salla.sa+twilight-theme-en_c3cd9c099c8c4c71b5353d842e4aee2e/node_modules/@salla.sa/twilight-theme-engine/dist/chunk-WMSOSA74.js?v=c58539c0:34:20) @ http://localhost:3210/@vite/client:532
[ 2516632ms] [ERROR] [store.settings] Failed: TypeError: Failed to execute 'set' on 'Headers': String contains non ISO-8859-1 code point.
    at ky.extend.hooks.beforeRequest (http://localhost:3210/node_modules/.pnpm/@salla.sa+twilight-theme-en_c3cd9c099c8c4c71b5353d842e4aee2e/node_modules/@salla.sa/twilight-theme-engine/dist/chunk-O6XXHXC4.js?v=c58539c0:95:25)
    at http://localhost:3210/node_modules/.pnpm/ky@2.1.0/node_modules/ky/distribution/core/Ky.js?v=c58539c0:731:73
    at #raceWithTotalTimeout (http://localhost:3210/node_modules/.pnpm/ky@2.1.0/node_modules/ky/distribution/core/Ky.js?v=c58539c0:572:20)
    at #runBeforeRequestHooks (http://localhost:3210/node_modules/.pnpm/ky@2.1.0/node_modules/ky/distribution/core/Ky.js?v=c58539c0:731:60)
    at function_ (http://localhost:3210/node_modules/.pnpm/ky@2.1.0/node_modules/ky/distribution/core/Ky.js?v=c58539c0:117:74)
    at async http://localhost:3210/node_modules/.pnpm/ky@2.1.0/node_modules/ky/distribution/core/Ky.js?v=c58539c0:195:24
    at async result.<computed> [as json] (http://localhost:3210/node_modules/.pnpm/ky@2.1.0/node_modules/ky/distribution/core/Ky.js?v=c58539c0:219:34)
    at async Object.settings (http://localhost:3210/node_modules/.pnpm/@salla.sa+twilight-theme-en_c3cd9c099c8c4c71b5353d842e4aee2e/node_modules/@salla.sa/twilight-theme-engine/dist/chunk-WMSOSA74.js?v=c58539c0:34:20) @ http://localhost:3210/@vite/client:532
[ 2522973ms] [LOG] [HomeComponentRenderer] UNMOUNT: path=ox-hero, index=0 @ http://localhost:3210/node_modules/.pnpm/@salla.sa+twilight-theme-en_c3cd9c099c8c4c71b5353d842e4aee2e/node_modules/@salla.sa/twilight-theme-engine/dist/chunk-WITIL2MK.js?v=c58539c0:675
[ 2522974ms] [LOG] [HomeComponentRenderer] UNMOUNT: path=ox-trust-strip, index=1 @ http://localhost:3210/node_modules/.pnpm/@salla.sa+twilight-theme-en_c3cd9c099c8c4c71b5353d842e4aee2e/node_modules/@salla.sa/twilight-theme-engine/dist/chunk-WITIL2MK.js?v=c58539c0:675
[ 2522974ms] [LOG] [HomeComponentRenderer] UNMOUNT: path=ox-goals, index=2 @ http://localhost:3210/node_modules/.pnpm/@salla.sa+twilight-theme-en_c3cd9c099c8c4c71b5353d842e4aee2e/node_modules/@salla.sa/twilight-theme-engine/dist/chunk-WITIL2MK.js?v=c58539c0:675
[ 2522975ms] [LOG] [HomeComponentRenderer] UNMOUNT: path=ox-products, index=3 @ http://localhost:3210/node_modules/.pnpm/@salla.sa+twilight-theme-en_c3cd9c099c8c4c71b5353d842e4aee2e/node_modules/@salla.sa/twilight-theme-engine/dist/chunk-WITIL2MK.js?v=c58539c0:675
[ 2522976ms] [LOG] [HomeComponentRenderer] UNMOUNT: path=ox-categories, index=4 @ http://localhost:3210/node_modules/.pnpm/@salla.sa+twilight-theme-en_c3cd9c099c8c4c71b5353d842e4aee2e/node_modules/@salla.sa/twilight-theme-engine/dist/chunk-WITIL2MK.js?v=c58539c0:675
[ 2522977ms] [LOG] [HomeComponentRenderer] UNMOUNT: path=ox-brands, index=5 @ http://localhost:3210/node_modules/.pnpm/@salla.sa+twilight-theme-en_c3cd9c099c8c4c71b5353d842e4aee2e/node_modules/@salla.sa/twilight-theme-engine/dist/chunk-WITIL2MK.js?v=c58539c0:675
[ 2522978ms] [LOG] [HomeComponentRenderer] UNMOUNT: path=ox-services, index=6 @ http://localhost:3210/node_modules/.pnpm/@salla.sa+twilight-theme-en_c3cd9c099c8c4c71b5353d842e4aee2e/node_modules/@salla.sa/twilight-theme-engine/dist/chunk-WITIL2MK.js?v=c58539c0:675
[ 2522979ms] [LOG] [HomeComponentRenderer] UNMOUNT: path=ox-guides, index=7 @ http://localhost:3210/node_modules/.pnpm/@salla.sa+twilight-theme-en_c3cd9c099c8c4c71b5353d842e4aee2e/node_modules/@salla.sa/twilight-theme-engine/dist/chunk-WITIL2MK.js?v=c58539c0:675
[ 2522981ms] [LOG] [HomeComponentRenderer] UNMOUNT: path=ox-branch, index=8 @ http://localhost:3210/node_modules/.pnpm/@salla.sa+twilight-theme-en_c3cd9c099c8c4c71b5353d842e4aee2e/node_modules/@salla.sa/twilight-theme-engine/dist/chunk-WITIL2MK.js?v=c58539c0:675
[ 2522982ms] [LOG] [HomeComponentRenderer] UNMOUNT: path=ox-faq, index=9 @ http://localhost:3210/node_modules/.pnpm/@salla.sa+twilight-theme-en_c3cd9c099c8c4c71b5353d842e4aee2e/node_modules/@salla.sa/twilight-theme-engine/dist/chunk-WITIL2MK.js?v=c58539c0:675
[ 2522982ms] [LOG] [HomeComponentRenderer] UNMOUNT: path=ox-newsletter, index=10 @ http://localhost:3210/node_modules/.pnpm/@salla.sa+twilight-theme-en_c3cd9c099c8c4c71b5353d842e4aee2e/node_modules/@salla.sa/twilight-theme-engine/dist/chunk-WITIL2MK.js?v=c58539c0:675
[ 2522983ms] [LOG] [HomeComponentRenderer] UNMOUNT: path=ox-banner, index=11 @ http://localhost:3210/node_modules/.pnpm/@salla.sa+twilight-theme-en_c3cd9c099c8c4c71b5353d842e4aee2e/node_modules/@salla.sa/twilight-theme-engine/dist/chunk-WITIL2MK.js?v=c58539c0:675
[ 2524505ms] [ERROR] Failed to load resource: the server responded with a status of 500 (Internal Server Error) @ http://localhost:3210/assets/images/plan-advisory.jpg:0
[ 2524506ms] [ERROR] Failed to load resource: the server responded with a status of 500 (Internal Server Error) @ http://localhost:3210/assets/images/plan-training.jpg:0
[ 2524506ms] [ERROR] Failed to load resource: the server responded with a status of 500 (Internal Server Error) @ http://localhost:3210/assets/images/plan-nutrition.jpg:0
[ 2527803ms] [LOG] [HomeComponentRenderer] RENDER: path=ox-hero, index=0, renderCount=1 @ http://localhost:3210/node_modules/.pnpm/@salla.sa+twilight-theme-en_c3cd9c099c8c4c71b5353d842e4aee2e/node_modules/@salla.sa/twilight-theme-engine/dist/chunk-WITIL2MK.js?v=c58539c0:670
[ 2527803ms] [LOG] [HomeComponentRenderer] RENDER: path=ox-hero, index=0, renderCount=2 @ http://localhost:3210/node_modules/.pnpm/@salla.sa+twilight-theme-en_c3cd9c099c8c4c71b5353d842e4aee2e/node_modules/@salla.sa/twilight-theme-engine/dist/chunk-WITIL2MK.js?v=c58539c0:670
[ 2527808ms] [LOG] [HomeComponentRenderer] RENDER: path=ox-trust-strip, index=1, renderCount=1 @ http://localhost:3210/node_modules/.pnpm/@salla.sa+twilight-theme-en_c3cd9c099c8c4c71b5353d842e4aee2e/node_modules/@salla.sa/twilight-theme-engine/dist/chunk-WITIL2MK.js?v=c58539c0:670
[ 2527808ms] [LOG] [HomeComponentRenderer] RENDER: path=ox-trust-strip, index=1, renderCount=2 @ http://localhost:3210/node_modules/.pnpm/@salla.sa+twilight-theme-en_c3cd9c099c8c4c71b5353d842e4aee2e/node_modules/@salla.sa/twilight-theme-engine/dist/chunk-WITIL2MK.js?v=c58539c0:670
[ 2527811ms] [LOG] [HomeComponentRenderer] RENDER: path=ox-goals, index=2, renderCount=1 @ http://localhost:3210/node_modules/.pnpm/@salla.sa+twilight-theme-en_c3cd9c099c8c4c71b5353d842e4aee2e/node_modules/@salla.sa/twilight-theme-engine/dist/chunk-WITIL2MK.js?v=c58539c0:670
[ 2527812ms] [LOG] [HomeComponentRenderer] RENDER: path=ox-goals, index=2, renderCount=2 @ http://localhost:3210/node_modules/.pnpm/@salla.sa+twilight-theme-en_c3cd9c099c8c4c71b5353d842e4aee2e/node_modules/@salla.sa/twilight-theme-engine/dist/chunk-WITIL2MK.js?v=c58539c0:670
[ 2527822ms] [LOG] [HomeComponentRenderer] RENDER: path=ox-products, index=3, renderCount=1 @ http://localhost:3210/node_modules/.pnpm/@salla.sa+twilight-theme-en_c3cd9c099c8c4c71b5353d842e4aee2e/node_modules/@salla.sa/twilight-theme-engine/dist/chunk-WITIL2MK.js?v=c58539c0:670
[ 2527822ms] [LOG] [HomeComponentRenderer] RENDER: path=ox-products, index=3, renderCount=2 @ http://localhost:3210/node_modules/.pnpm/@salla.sa+twilight-theme-en_c3cd9c099c8c4c71b5353d842e4aee2e/node_modules/@salla.sa/twilight-theme-engine/dist/chunk-WITIL2MK.js?v=c58539c0:670
[ 2527824ms] [LOG] [HomeComponentRenderer] RENDER: path=ox-categories, index=4, renderCount=1 @ http://localhost:3210/node_modules/.pnpm/@salla.sa+twilight-theme-en_c3cd9c099c8c4c71b5353d842e4aee2e/node_modules/@salla.sa/twilight-theme-engine/dist/chunk-WITIL2MK.js?v=c58539c0:670
[ 2527824ms] [LOG] [HomeComponentRenderer] RENDER: path=ox-categories, index=4, renderCount=2 @ http://localhost:3210/node_modules/.pnpm/@salla.sa+twilight-theme-en_c3cd9c099c8c4c71b5353d842e4aee2e/node_modules/@salla.sa/twilight-theme-engine/dist/chunk-WITIL2MK.js?v=c58539c0:670
[ 2527825ms] [LOG] [HomeComponentRenderer] RENDER: path=ox-brands, index=5, renderCount=1 @ http://localhost:3210/node_modules/.pnpm/@salla.sa+twilight-theme-en_c3cd9c099c8c4c71b5353d842e4aee2e/node_modules/@salla.sa/twilight-theme-engine/dist/chunk-WITIL2MK.js?v=c58539c0:670
[ 2527826ms] [LOG] [HomeComponentRenderer] RENDER: path=ox-brands, index=5, renderCount=2 @ http://localhost:3210/node_modules/.pnpm/@salla.sa+twilight-theme-en_c3cd9c099c8c4c71b5353d842e4aee2e/node_modules/@salla.sa/twilight-theme-engine/dist/chunk-WITIL2MK.js?v=c58539c0:670
[ 2527827ms] [LOG] [HomeComponentRenderer] RENDER: path=ox-services, index=6, renderCount=1 @ http://localhost:3210/node_modules/.pnpm/@salla.sa+twilight-theme-en_c3cd9c099c8c4c71b5353d842e4aee2e/node_modules/@salla.sa/twilight-theme-engine/dist/chunk-WITIL2MK.js?v=c58539c0:670
[ 2527827ms] [LOG] [HomeComponentRenderer] RENDER: path=ox-services, index=6, renderCount=2 @ http://localhost:3210/node_modules/.pnpm/@salla.sa+twilight-theme-en_c3cd9c099c8c4c71b5353d842e4aee2e/node_modules/@salla.sa/twilight-theme-engine/dist/chunk-WITIL2MK.js?v=c58539c0:670
[ 2527829ms] [LOG] [HomeComponentRenderer] RENDER: path=ox-guides, index=7, renderCount=1 @ http://localhost:3210/node_modules/.pnpm/@salla.sa+twilight-theme-en_c3cd9c099c8c4c71b5353d842e4aee2e/node_modules/@salla.sa/twilight-theme-engine/dist/chunk-WITIL2MK.js?v=c58539c0:670
[ 2527829ms] [LOG] [HomeComponentRenderer] RENDER: path=ox-guides, index=7, renderCount=2 @ http://localhost:3210/node_modules/.pnpm/@salla.sa+twilight-theme-en_c3cd9c099c8c4c71b5353d842e4aee2e/node_modules/@salla.sa/twilight-theme-engine/dist/chunk-WITIL2MK.js?v=c58539c0:670
[ 2527831ms] [LOG] [HomeComponentRenderer] RENDER: path=ox-branch, index=8, renderCount=1 @ http://localhost:3210/node_modules/.pnpm/@salla.sa+twilight-theme-en_c3cd9c099c8c4c71b5353d842e4aee2e/node_modules/@salla.sa/twilight-theme-engine/dist/chunk-WITIL2MK.js?v=c58539c0:670
[ 2527832ms] [LOG] [HomeComponentRenderer] RENDER: path=ox-branch, index=8, renderCount=2 @ http://localhost:3210/node_modules/.pnpm/@salla.sa+twilight-theme-en_c3cd9c099c8c4c71b5353d842e4aee2e/node_modules/@salla.sa/twilight-theme-engine/dist/chunk-WITIL2MK.js?v=c58539c0:670
[ 2527833ms] [LOG] [HomeComponentRenderer] RENDER: path=ox-faq, index=9, renderCount=1 @ http://localhost:3210/node_modules/.pnpm/@salla.sa+twilight-theme-en_c3cd9c099c8c4c71b5353d842e4aee2e/node_modules/@salla.sa/twilight-theme-engine/dist/chunk-WITIL2MK.js?v=c58539c0:670
[ 2527834ms] [LOG] [HomeComponentRenderer] RENDER: path=ox-faq, index=9, renderCount=2 @ http://localhost:3210/node_modules/.pnpm/@salla.sa+twilight-theme-en_c3cd9c099c8c4c71b5353d842e4aee2e/node_modules/@salla.sa/twilight-theme-engine/dist/chunk-WITIL2MK.js?v=c58539c0:670
[ 2527835ms] [LOG] [HomeComponentRenderer] RENDER: path=ox-newsletter, index=10, renderCount=1 @ http://localhost:3210/node_modules/.pnpm/@salla.sa+twilight-theme-en_c3cd9c099c8c4c71b5353d842e4aee2e/node_modules/@salla.sa/twilight-theme-engine/dist/chunk-WITIL2MK.js?v=c58539c0:670
[ 2527835ms] [LOG] [HomeComponentRenderer] RENDER: path=ox-newsletter, index=10, renderCount=2 @ http://localhost:3210/node_modules/.pnpm/@salla.sa+twilight-theme-en_c3cd9c099c8c4c71b5353d842e4aee2e/node_modules/@salla.sa/twilight-theme-engine/dist/chunk-WITIL2MK.js?v=c58539c0:670
[ 2527835ms] [LOG] [HomeComponentRenderer] RENDER: path=ox-banner, index=11, renderCount=1 @ http://localhost:3210/node_modules/.pnpm/@salla.sa+twilight-theme-en_c3cd9c099c8c4c71b5353d842e4aee2e/node_modules/@salla.sa/twilight-theme-engine/dist/chunk-WITIL2MK.js?v=c58539c0:670
[ 2527835ms] [LOG] [HomeComponentRenderer] RENDER: path=ox-banner, index=11, renderCount=2 @ http://localhost:3210/node_modules/.pnpm/@salla.sa+twilight-theme-en_c3cd9c099c8c4c71b5353d842e4aee2e/node_modules/@salla.sa/twilight-theme-engine/dist/chunk-WITIL2MK.js?v=c58539c0:670
[ 2527857ms] [LOG] [HomeComponentRenderer] MOUNT: path=ox-hero, index=0, renderCount=2 @ http://localhost:3210/node_modules/.pnpm/@salla.sa+twilight-theme-en_c3cd9c099c8c4c71b5353d842e4aee2e/node_modules/@salla.sa/twilight-theme-engine/dist/chunk-WITIL2MK.js?v=c58539c0:673
[ 2527857ms] [LOG] [HomeComponentRenderer] MOUNT: path=ox-trust-strip, index=1, renderCount=2 @ http://localhost:3210/node_modules/.pnpm/@salla.sa+twilight-theme-en_c3cd9c099c8c4c71b5353d842e4aee2e/node_modules/@salla.sa/twilight-theme-engine/dist/chunk-WITIL2MK.js?v=c58539c0:673
[ 2527858ms] [LOG] [HomeComponentRenderer] MOUNT: path=ox-goals, index=2, renderCount=2 @ http://localhost:3210/node_modules/.pnpm/@salla.sa+twilight-theme-en_c3cd9c099c8c4c71b5353d842e4aee2e/node_modules/@salla.sa/twilight-theme-engine/dist/chunk-WITIL2MK.js?v=c58539c0:673
[ 2527859ms] [LOG] [HomeComponentRenderer] MOUNT: path=ox-products, index=3, renderCount=2 @ http://localhost:3210/node_modules/.pnpm/@salla.sa+twilight-theme-en_c3cd9c099c8c4c71b5353d842e4aee2e/node_modules/@salla.sa/twilight-theme-engine/dist/chunk-WITIL2MK.js?v=c58539c0:673
[ 2527859ms] [LOG] [HomeComponentRenderer] MOUNT: path=ox-categories, index=4, renderCount=2 @ http://localhost:3210/node_modules/.pnpm/@salla.sa+twilight-theme-en_c3cd9c099c8c4c71b5353d842e4aee2e/node_modules/@salla.sa/twilight-theme-engine/dist/chunk-WITIL2MK.js?v=c58539c0:673
[ 2527861ms] [LOG] [HomeComponentRenderer] MOUNT: path=ox-brands, index=5, renderCount=2 @ http://localhost:3210/node_modules/.pnpm/@salla.sa+twilight-theme-en_c3cd9c099c8c4c71b5353d842e4aee2e/node_modules/@salla.sa/twilight-theme-engine/dist/chunk-WITIL2MK.js?v=c58539c0:673
[ 2527862ms] [LOG] [HomeComponentRenderer] MOUNT: path=ox-services, index=6, renderCount=2 @ http://localhost:3210/node_modules/.pnpm/@salla.sa+twilight-theme-en_c3cd9c099c8c4c71b5353d842e4aee2e/node_modules/@salla.sa/twilight-theme-engine/dist/chunk-WITIL2MK.js?v=c58539c0:673
[ 2527863ms] [LOG] [HomeComponentRenderer] MOUNT: path=ox-guides, index=7, renderCount=2 @ http://localhost:3210/node_modules/.pnpm/@salla.sa+twilight-theme-en_c3cd9c099c8c4c71b5353d842e4aee2e/node_modules/@salla.sa/twilight-theme-engine/dist/chunk-WITIL2MK.js?v=c58539c0:673
[ 2527864ms] [LOG] [HomeComponentRenderer] MOUNT: path=ox-branch, index=8, renderCount=2 @ http://localhost:3210/node_modules/.pnpm/@salla.sa+twilight-theme-en_c3cd9c099c8c4c71b5353d842e4aee2e/node_modules/@salla.sa/twilight-theme-engine/dist/chunk-WITIL2MK.js?v=c58539c0:673
[ 2527865ms] [LOG] [HomeComponentRenderer] MOUNT: path=ox-faq, index=9, renderCount=2 @ http://localhost:3210/node_modules/.pnpm/@salla.sa+twilight-theme-en_c3cd9c099c8c4c71b5353d842e4aee2e/node_modules/@salla.sa/twilight-theme-engine/dist/chunk-WITIL2MK.js?v=c58539c0:673
[ 2527866ms] [LOG] [HomeComponentRenderer] MOUNT: path=ox-newsletter, index=10, renderCount=2 @ http://localhost:3210/node_modules/.pnpm/@salla.sa+twilight-theme-en_c3cd9c099c8c4c71b5353d842e4aee2e/node_modules/@salla.sa/twilight-theme-engine/dist/chunk-WITIL2MK.js?v=c58539c0:673
[ 2527867ms] [LOG] [HomeComponentRenderer] MOUNT: path=ox-banner, index=11, renderCount=2 @ http://localhost:3210/node_modules/.pnpm/@salla.sa+twilight-theme-en_c3cd9c099c8c4c71b5353d842e4aee2e/node_modules/@salla.sa/twilight-theme-engine/dist/chunk-WITIL2MK.js?v=c58539c0:673
[ 2527875ms] [LOG] [HomeComponentRenderer] UNMOUNT: path=ox-hero, index=0 @ http://localhost:3210/node_modules/.pnpm/@salla.sa+twilight-theme-en_c3cd9c099c8c4c71b5353d842e4aee2e/node_modules/@salla.sa/twilight-theme-engine/dist/chunk-WITIL2MK.js?v=c58539c0:675
[ 2527875ms] [LOG] [HomeComponentRenderer] UNMOUNT: path=ox-trust-strip, index=1 @ http://localhost:3210/node_modules/.pnpm/@salla.sa+twilight-theme-en_c3cd9c099c8c4c71b5353d842e4aee2e/node_modules/@salla.sa/twilight-theme-engine/dist/chunk-WITIL2MK.js?v=c58539c0:675
[ 2527875ms] [LOG] [HomeComponentRenderer] UNMOUNT: path=ox-goals, index=2 @ http://localhost:3210/node_modules/.pnpm/@salla.sa+twilight-theme-en_c3cd9c099c8c4c71b5353d842e4aee2e/node_modules/@salla.sa/twilight-theme-engine/dist/chunk-WITIL2MK.js?v=c58539c0:675
[ 2527876ms] [LOG] [HomeComponentRenderer] UNMOUNT: path=ox-products, index=3 @ http://localhost:3210/node_modules/.pnpm/@salla.sa+twilight-theme-en_c3cd9c099c8c4c71b5353d842e4aee2e/node_modules/@salla.sa/twilight-theme-engine/dist/chunk-WITIL2MK.js?v=c58539c0:675
[ 2527876ms] [LOG] [HomeComponentRenderer] UNMOUNT: path=ox-categories, index=4 @ http://localhost:3210/node_modules/.pnpm/@salla.sa+twilight-theme-en_c3cd9c099c8c4c71b5353d842e4aee2e/node_modules/@salla.sa/twilight-theme-engine/dist/chunk-WITIL2MK.js?v=c58539c0:675
[ 2527876ms] [LOG] [HomeComponentRenderer] UNMOUNT: path=ox-brands, index=5 @ http://localhost:3210/node_modules/.pnpm/@salla.sa+twilight-theme-en_c3cd9c099c8c4c71b5353d842e4aee2e/node_modules/@salla.sa/twilight-theme-engine/dist/chunk-WITIL2MK.js?v=c58539c0:675
[ 2527877ms] [LOG] [HomeComponentRenderer] UNMOUNT: path=ox-services, index=6 @ http://localhost:3210/node_modules/.pnpm/@salla.sa+twilight-theme-en_c3cd9c099c8c4c71b5353d842e4aee2e/node_modules/@salla.sa/twilight-theme-engine/dist/chunk-WITIL2MK.js?v=c58539c0:675
[ 2527877ms] [LOG] [HomeComponentRenderer] UNMOUNT: path=ox-guides, index=7 @ http://localhost:3210/node_modules/.pnpm/@salla.sa+twilight-theme-en_c3cd9c099c8c4c71b5353d842e4aee2e/node_modules/@salla.sa/twilight-theme-engine/dist/chunk-WITIL2MK.js?v=c58539c0:675
[ 2527877ms] [LOG] [HomeComponentRenderer] UNMOUNT: path=ox-branch, index=8 @ http://localhost:3210/node_modules/.pnpm/@salla.sa+twilight-theme-en_c3cd9c099c8c4c71b5353d842e4aee2e/node_modules/@salla.sa/twilight-theme-engine/dist/chunk-WITIL2MK.js?v=c58539c0:675
[ 2527878ms] [LOG] [HomeComponentRenderer] UNMOUNT: path=ox-faq, index=9 @ http://localhost:3210/node_modules/.pnpm/@salla.sa+twilight-theme-en_c3cd9c099c8c4c71b5353d842e4aee2e/node_modules/@salla.sa/twilight-theme-engine/dist/chunk-WITIL2MK.js?v=c58539c0:675
[ 2527878ms] [LOG] [HomeComponentRenderer] UNMOUNT: path=ox-newsletter, index=10 @ http://localhost:3210/node_modules/.pnpm/@salla.sa+twilight-theme-en_c3cd9c099c8c4c71b5353d842e4aee2e/node_modules/@salla.sa/twilight-theme-engine/dist/chunk-WITIL2MK.js?v=c58539c0:675
[ 2527879ms] [LOG] [HomeComponentRenderer] UNMOUNT: path=ox-banner, index=11 @ http://localhost:3210/node_modules/.pnpm/@salla.sa+twilight-theme-en_c3cd9c099c8c4c71b5353d842e4aee2e/node_modules/@salla.sa/twilight-theme-engine/dist/chunk-WITIL2MK.js?v=c58539c0:675
[ 2527886ms] [LOG] [HomeComponentRenderer] MOUNT: path=ox-hero, index=0, renderCount=2 @ http://localhost:3210/node_modules/.pnpm/@salla.sa+twilight-theme-en_c3cd9c099c8c4c71b5353d842e4aee2e/node_modules/@salla.sa/twilight-theme-engine/dist/chunk-WITIL2MK.js?v=c58539c0:673
[ 2527887ms] [LOG] [HomeComponentRenderer] MOUNT: path=ox-trust-strip, index=1, renderCount=2 @ http://localhost:3210/node_modules/.pnpm/@salla.sa+twilight-theme-en_c3cd9c099c8c4c71b5353d842e4aee2e/node_modules/@salla.sa/twilight-theme-engine/dist/chunk-WITIL2MK.js?v=c58539c0:673
[ 2527887ms] [LOG] [HomeComponentRenderer] MOUNT: path=ox-goals, index=2, renderCount=2 @ http://localhost:3210/node_modules/.pnpm/@salla.sa+twilight-theme-en_c3cd9c099c8c4c71b5353d842e4aee2e/node_modules/@salla.sa/twilight-theme-engine/dist/chunk-WITIL2MK.js?v=c58539c0:673
[ 2527888ms] [LOG] [HomeComponentRenderer] MOUNT: path=ox-products, index=3, renderCount=2 @ http://localhost:3210/node_modules/.pnpm/@salla.sa+twilight-theme-en_c3cd9c099c8c4c71b5353d842e4aee2e/node_modules/@salla.sa/twilight-theme-engine/dist/chunk-WITIL2MK.js?v=c58539c0:673
[ 2527888ms] [LOG] [HomeComponentRenderer] MOUNT: path=ox-categories, index=4, renderCount=2 @ http://localhost:3210/node_modules/.pnpm/@salla.sa+twilight-theme-en_c3cd9c099c8c4c71b5353d842e4aee2e/node_modules/@salla.sa/twilight-theme-engine/dist/chunk-WITIL2MK.js?v=c58539c0:673
[ 2527888ms] [LOG] [HomeComponentRenderer] MOUNT: path=ox-brands, index=5, renderCount=2 @ http://localhost:3210/node_modules/.pnpm/@salla.sa+twilight-theme-en_c3cd9c099c8c4c71b5353d842e4aee2e/node_modules/@salla.sa/twilight-theme-engine/dist/chunk-WITIL2MK.js?v=c58539c0:673
[ 2527889ms] [LOG] [HomeComponentRenderer] MOUNT: path=ox-services, index=6, renderCount=2 @ http://localhost:3210/node_modules/.pnpm/@salla.sa+twilight-theme-en_c3cd9c099c8c4c71b5353d842e4aee2e/node_modules/@salla.sa/twilight-theme-engine/dist/chunk-WITIL2MK.js?v=c58539c0:673
[ 2527889ms] [LOG] [HomeComponentRenderer] MOUNT: path=ox-guides, index=7, renderCount=2 @ http://localhost:3210/node_modules/.pnpm/@salla.sa+twilight-theme-en_c3cd9c099c8c4c71b5353d842e4aee2e/node_modules/@salla.sa/twilight-theme-engine/dist/chunk-WITIL2MK.js?v=c58539c0:673
[ 2527890ms] [LOG] [HomeComponentRenderer] MOUNT: path=ox-branch, index=8, renderCount=2 @ http://localhost:3210/node_modules/.pnpm/@salla.sa+twilight-theme-en_c3cd9c099c8c4c71b5353d842e4aee2e/node_modules/@salla.sa/twilight-theme-engine/dist/chunk-WITIL2MK.js?v=c58539c0:673
[ 2527890ms] [LOG] [HomeComponentRenderer] MOUNT: path=ox-faq, index=9, renderCount=2 @ http://localhost:3210/node_modules/.pnpm/@salla.sa+twilight-theme-en_c3cd9c099c8c4c71b5353d842e4aee2e/node_modules/@salla.sa/twilight-theme-engine/dist/chunk-WITIL2MK.js?v=c58539c0:673
[ 2527890ms] [LOG] [HomeComponentRenderer] MOUNT: path=ox-newsletter, index=10, renderCount=2 @ http://localhost:3210/node_modules/.pnpm/@salla.sa+twilight-theme-en_c3cd9c099c8c4c71b5353d842e4aee2e/node_modules/@salla.sa/twilight-theme-engine/dist/chunk-WITIL2MK.js?v=c58539c0:673
[ 2527891ms] [LOG] [HomeComponentRenderer] MOUNT: path=ox-banner, index=11, renderCount=2 @ http://localhost:3210/node_modules/.pnpm/@salla.sa+twilight-theme-en_c3cd9c099c8c4c71b5353d842e4aee2e/node_modules/@salla.sa/twilight-theme-engine/dist/chunk-WITIL2MK.js?v=c58539c0:673
[ 2535343ms] [ERROR] [store.settings] Failed: TypeError: Failed to execute 'set' on 'Headers': String contains non ISO-8859-1 code point.
    at ky.extend.hooks.beforeRequest (http://localhost:3210/node_modules/.pnpm/@salla.sa+twilight-theme-en_c3cd9c099c8c4c71b5353d842e4aee2e/node_modules/@salla.sa/twilight-theme-engine/dist/chunk-O6XXHXC4.js?v=c58539c0:95:25)
    at http://localhost:3210/node_modules/.pnpm/ky@2.1.0/node_modules/ky/distribution/core/Ky.js?v=c58539c0:731:73
    at #raceWithTotalTimeout (http://localhost:3210/node_modules/.pnpm/ky@2.1.0/node_modules/ky/distribution/core/Ky.js?v=c58539c0:572:20)
    at #runBeforeRequestHooks (http://localhost:3210/node_modules/.pnpm/ky@2.1.0/node_modules/ky/distribution/core/Ky.js?v=c58539c0:731:60)
    at function_ (http://localhost:3210/node_modules/.pnpm/ky@2.1.0/node_modules/ky/distribution/core/Ky.js?v=c58539c0:117:74)
    at async http://localhost:3210/node_modules/.pnpm/ky@2.1.0/node_modules/ky/distribution/core/Ky.js?v=c58539c0:195:24
    at async result.<computed> [as json] (http://localhost:3210/node_modules/.pnpm/ky@2.1.0/node_modules/ky/distribution/core/Ky.js?v=c58539c0:219:34)
    at async Object.settings (http://localhost:3210/node_modules/.pnpm/@salla.sa+twilight-theme-en_c3cd9c099c8c4c71b5353d842e4aee2e/node_modules/@salla.sa/twilight-theme-engine/dist/chunk-WMSOSA74.js?v=c58539c0:34:20) @ http://localhost:3210/@vite/client:532
[ 2535682ms] [ERROR] Failed to load resource: the server responded with a status of 500 (Internal Server Error) @ http://localhost:3210/assets/images/plan-training.jpg:0
[ 2535684ms] [ERROR] Failed to load resource: the server responded with a status of 500 (Internal Server Error) @ http://localhost:3210/assets/images/plan-advisory.jpg:0
[ 2535684ms] [ERROR] Failed to load resource: the server responded with a status of 500 (Internal Server Error) @ http://localhost:3210/assets/images/plan-nutrition.jpg:0
[ 2536689ms] [LOG] [HomeComponentRenderer] UNMOUNT: path=ox-hero, index=0 @ http://localhost:3210/node_modules/.pnpm/@salla.sa+twilight-theme-en_c3cd9c099c8c4c71b5353d842e4aee2e/node_modules/@salla.sa/twilight-theme-engine/dist/chunk-WITIL2MK.js?v=c58539c0:675
[ 2536690ms] [LOG] [HomeComponentRenderer] UNMOUNT: path=ox-trust-strip, index=1 @ http://localhost:3210/node_modules/.pnpm/@salla.sa+twilight-theme-en_c3cd9c099c8c4c71b5353d842e4aee2e/node_modules/@salla.sa/twilight-theme-engine/dist/chunk-WITIL2MK.js?v=c58539c0:675
[ 2536690ms] [LOG] [HomeComponentRenderer] UNMOUNT: path=ox-goals, index=2 @ http://localhost:3210/node_modules/.pnpm/@salla.sa+twilight-theme-en_c3cd9c099c8c4c71b5353d842e4aee2e/node_modules/@salla.sa/twilight-theme-engine/dist/chunk-WITIL2MK.js?v=c58539c0:675
[ 2536691ms] [LOG] [HomeComponentRenderer] UNMOUNT: path=ox-products, index=3 @ http://localhost:3210/node_modules/.pnpm/@salla.sa+twilight-theme-en_c3cd9c099c8c4c71b5353d842e4aee2e/node_modules/@salla.sa/twilight-theme-engine/dist/chunk-WITIL2MK.js?v=c58539c0:675
[ 2536691ms] [LOG] [HomeComponentRenderer] UNMOUNT: path=ox-categories, index=4 @ http://localhost:3210/node_modules/.pnpm/@salla.sa+twilight-theme-en_c3cd9c099c8c4c71b5353d842e4aee2e/node_modules/@salla.sa/twilight-theme-engine/dist/chunk-WITIL2MK.js?v=c58539c0:675
[ 2536692ms] [LOG] [HomeComponentRenderer] UNMOUNT: path=ox-brands, index=5 @ http://localhost:3210/node_modules/.pnpm/@salla.sa+twilight-theme-en_c3cd9c099c8c4c71b5353d842e4aee2e/node_modules/@salla.sa/twilight-theme-engine/dist/chunk-WITIL2MK.js?v=c58539c0:675
[ 2536692ms] [LOG] [HomeComponentRenderer] UNMOUNT: path=ox-services, index=6 @ http://localhost:3210/node_modules/.pnpm/@salla.sa+twilight-theme-en_c3cd9c099c8c4c71b5353d842e4aee2e/node_modules/@salla.sa/twilight-theme-engine/dist/chunk-WITIL2MK.js?v=c58539c0:675
[ 2536693ms] [LOG] [HomeComponentRenderer] UNMOUNT: path=ox-guides, index=7 @ http://localhost:3210/node_modules/.pnpm/@salla.sa+twilight-theme-en_c3cd9c099c8c4c71b5353d842e4aee2e/node_modules/@salla.sa/twilight-theme-engine/dist/chunk-WITIL2MK.js?v=c58539c0:675
[ 2536693ms] [LOG] [HomeComponentRenderer] UNMOUNT: path=ox-branch, index=8 @ http://localhost:3210/node_modules/.pnpm/@salla.sa+twilight-theme-en_c3cd9c099c8c4c71b5353d842e4aee2e/node_modules/@salla.sa/twilight-theme-engine/dist/chunk-WITIL2MK.js?v=c58539c0:675
[ 2536693ms] [LOG] [HomeComponentRenderer] UNMOUNT: path=ox-faq, index=9 @ http://localhost:3210/node_modules/.pnpm/@salla.sa+twilight-theme-en_c3cd9c099c8c4c71b5353d842e4aee2e/node_modules/@salla.sa/twilight-theme-engine/dist/chunk-WITIL2MK.js?v=c58539c0:675
[ 2536694ms] [LOG] [HomeComponentRenderer] UNMOUNT: path=ox-newsletter, index=10 @ http://localhost:3210/node_modules/.pnpm/@salla.sa+twilight-theme-en_c3cd9c099c8c4c71b5353d842e4aee2e/node_modules/@salla.sa/twilight-theme-engine/dist/chunk-WITIL2MK.js?v=c58539c0:675
[ 2536694ms] [LOG] [HomeComponentRenderer] UNMOUNT: path=ox-banner, index=11 @ http://localhost:3210/node_modules/.pnpm/@salla.sa+twilight-theme-en_c3cd9c099c8c4c71b5353d842e4aee2e/node_modules/@salla.sa/twilight-theme-engine/dist/chunk-WITIL2MK.js?v=c58539c0:675
[ 2551255ms] [WARNING] [webmcp-interceptor] document.modelContext is not available.
To enable WebMCP, use Chrome M146+ and enable:
chrome://flags/#enable-experimental-web-platform-features @ https://optimalx.com.sa/.webmcp/bridge.js:1343
[ 2551585ms] [LOG] allowed_pages: [thank-you] @ :10
[ 2551586ms] [LOG] title: شاهدتها مؤخرا @ :11
[ 2551586ms] [LOG] limit: 32 @ :12
[ 2552105ms] [LOG] > Salla: Snapchat pixel id is not available, we'll ignore the snapchat events @ :4
[ 2555319ms] [WARNING] [webmcp-interceptor] document.modelContext is not available.
To enable WebMCP, use Chrome M146+ and enable:
chrome://flags/#enable-experimental-web-platform-features @ https://optimalx.com.sa/.webmcp/bridge.js:1343
[ 2555959ms] [LOG] allowed_pages: [thank-you] @ :10
[ 2555959ms] [LOG] title: شاهدتها مؤخرا @ :11
[ 2555959ms] [LOG] limit: 32 @ :12
[ 2556569ms] [LOG] > Salla: Snapchat pixel id is not available, we'll ignore the snapchat events @ :4
[ 2560872ms] [WARNING] The resource https://fonts.googleapis.com/css2?family=Cairo&display=swap was preloaded using link preload but not used within a few seconds from the window's load event. Please make sure it has an appropriate `as` value and it is preloaded intentionally. @ https://optimalx.com.sa/:0
[ 3310270ms] [WARNING] The resource https://fonts.googleapis.com/css2?family=Cairo&display=swap was preloaded using link preload but not used within a few seconds from the window's load event. Please make sure it has an appropriate `as` value and it is preloaded intentionally. @ https://optimalx.com.sa/:0
[ 3326408ms] [WARNING] The resource https://fonts.googleapis.com/css2?family=Cairo&display=swap was preloaded using link preload but not used within a few seconds from the window's load event. Please make sure it has an appropriate `as` value and it is preloaded intentionally. @ https://optimalx.com.sa/:0
