sku,salla_id,salla_admin_url,image_status,product_type,name_ar,name_en,brand,subtitle_ar,subtitle_en,price,sale_price,weight_kg,quantity,require_shipping,categories,servings,serving_size,expiry,options,image_url,image_source,image_ref,price_source_url,price_basis,description_html_ar,description_html_en,metadata_title_ar,metadata_description_ar,metadata_title_en,metadata_description_en,goal_fit,tags,bundle_items,unlimited_quantity
OX-001,1996831868,https://s.salla.sa/products/1996831868,ok-placeholder,product,جولد ستاندرد 100% واي بروتين - اوبتيموم نيوترشن,Gold Standard 100% Whey Protein - Optimum Nutrition,Optimum Nutrition,24 جم بروتين واي في كل مغرفة، 73 حصة في عبوة 2.27 كجم,"24 g whey protein per scoop, 73 servings in the 2.27 kg tub",349,,2.5,24,True,whey-protein | goal-performance | goal-recovery,73,31 جم (مغرفة واحدة),2028-03,"{""النكهة"": [""شوكولاتة غنية مزدوجة"", ""فانيلا آيس كريم"", ""كوكيز وكريمة""], ""الحجم"": [""2.27 كجم"", ""4.54 كجم""]}",https://ecombe.nahdionline.com/media/catalog/product/1/0/103128277_ac32955b69a70e82a.jpg,"nahdi (4.54 kg tub art, same label design; replace with the 2.27 kg tub image from the brand page)",https://www.nahdionline.com/en-sa/on-optimum-nutrition-gold-standard-100-whey-73-servings-double-rich-chocolate-powder-5-lb/pdp/102247653,https://www.nahdionline.com/en-sa/optimum-nutrition-100-whey-gold-standard-vanilla-ice-cream-453kg/pdp/103128277,"Nahdi 4.53 kg tub SAR 518.06 sale / 690.74 list on 2026-09-17 (SAR 57 to 76 per lb). The 5 lb PDP at Nahdi was discovered but its price was not captured, so the 2.27 kg price is anchored on that per-lb band and on same-size competitor tubs at Sporter (MuscleTech Nitro-Tech Whey Gold 5 lb SAR 357.89, https://www.sporter.com/en-sa/sport-supplements/protein/whey-protein/). Set SAR 349; 4.54 kg variant SAR 599 sits inside the Nahdi 518 to 691 band.",<p>الحصص: 73 | حجم الحصة: 31 جم | الصلاحية: 2028-03 | الشكل: بودرة</p><p>واي بروتين من اوبتيموم نيوترشن يجمع بين ايزوليت الواي والواي المركز والببتيدات في مزيج سريع الذوبان يحتوي على 24 جم من البروتين في كل مغرفة. مناسب للمتدربين الذين يبحثون عن مصدر بروتين يومي بعد التمرين أو بين الوجبات، وللمبتدئين الذين يفضلون منتجا واسع الانتشار بنكهات مجربة.</p><table><tr><th>الحقائق الغذائية</th><th>لكل حصة</th></tr><tr><td>السعرات الحرارية</td><td>120</td></tr><tr><td>البروتين</td><td>24 جم</td></tr><tr><td>الكربوهيدرات</td><td>3 جم</td></tr><tr><td>السكريات</td><td>1 جم</td></tr><tr><td>الدهون</td><td>1 جم</td></tr><tr><td>الأحماض الأمينية المتفرعة BCAA</td><td>5.5 جم</td></tr></table><p>طريقة الاستخدام: تخلط مغرفة واحدة مع 180 إلى 240 مل من الماء أو الحليب البارد، مرة أو مرتين يوميا.</p><p>تنبيه: المكملات الغذائية لا تغني عن الغذاء المتوازن. يحتوي على الحليب والصويا.</p>,"<p>Servings: 73 | Serving size: 31 g | Expiry: 2028-03 | Form: powder</p><p>Optimum Nutrition's whey blends whey isolate, whey concentrate and whey peptides into a fast-mixing powder that delivers 24 g of protein per scoop. It suits trainees who want a daily protein source after training or between meals, and beginners who prefer a widely available product with well-tested flavours.</p><table><tr><th>Nutrition facts</th><th>Per serving</th></tr><tr><td>Calories</td><td>120</td></tr><tr><td>Protein</td><td>24 g</td></tr><tr><td>Carbohydrates</td><td>3 g</td></tr><tr><td>Sugars</td><td>1 g</td></tr><tr><td>Fat</td><td>1 g</td></tr><tr><td>BCAA</td><td>5.5 g</td></tr></table><p>Directions: mix one scoop with 180 to 240 ml of cold water or milk, once or twice daily.</p><p>Notice: food supplements do not replace a balanced diet. Contains milk and soy.</p>",جولد ستاندرد واي بروتين 2.27 كجم | اوبتيمال اكس,اطلب جولد ستاندرد 100% واي بروتين من اوبتيموم نيوترشن بعبوة 2.27 كجم و73 حصة، 24 جم بروتين في كل مغرفة، بنكهات متعددة مع توصيل سريع داخل السعودية.,Gold Standard 100% Whey 2.27 kg Optimum Nutrition | OptimalX,"Buy Optimum Nutrition Gold Standard 100% Whey in Saudi Arabia: 2.27 kg tub, 73 servings, 24 g protein per scoop, several flavours, fast delivery.",الأداء | التعافي,واي بروتين | بروتين | اوبتيموم نيوترشن | جولد ستاندرد | بروتين بعد التمرين,,
OX-002,1057022406,https://s.salla.sa/products/1057022406,added,product,نيترو تك 100% واي جولد - مسل تك,Nitro-Tech 100% Whey Gold - MuscleTech,MuscleTech,واي ايزوليت وببتيدات مع 24 جم بروتين في المغرفة، 69 حصة في 2.27 كجم,"Whey isolate and peptides, 24 g protein per scoop, 69 servings in 2.27 kg",355,,2.5,18,True,whey-protein | goal-performance | goal-recovery,69,33 جم (مغرفة واحدة),2028-01,"{""النكهة"": [""شوكولاتة غنية مزدوجة"", ""كوكيز وكريمة"", ""فانيلا كريم"", ""فراولة""], ""الحجم"": [""2.27 كجم"", ""3.63 كجم""]}",https://ecombe.nahdionline.com/media/catalog/product/1/0/103139742_a9c1d1ff7bdef4f68.jpg,"nahdi (3.63 kg tub art, same label design)",https://www.nahdionline.com/en-sa/muscletech-nitro-tech-100-whey-gold-double-rich-chocolate-363-kg/pdp/103139742,https://www.sporter.com/en-sa/sport-supplements/protein/whey-protein/,"Sporter KSA best-selling whey page, 5 lb Nitro-Tech 100% Whey Gold SAR 357.89 in five flavours on 2026-09-17. Nahdi lists the 3.63 kg tub at SAR 374.25 sale / 499.00 list. Set SAR 355 for 2.27 kg (inside Sporter's price) and SAR 449 for 3.63 kg (inside Nahdi's band).",<p>الحصص: 69 | حجم الحصة: 33 جم | الصلاحية: 2028-01 | الشكل: بودرة</p><p>نيترو تك واي جولد من مسل تك بودرة بروتين تعتمد على ايزوليت الواي وببتيدات الواي كمصدرين أساسيين، مع 24 جم بروتين في كل مغرفة ومحتوى منخفض من السكر. يناسب من يتدرب بانتظام ويريد بروتينا سريع الامتصاص بعد التمرين، ومن يفضل نكهات حلويات مثل الكوكيز والكريمة.</p><table><tr><th>الحقائق الغذائية</th><th>لكل حصة</th></tr><tr><td>السعرات الحرارية</td><td>120</td></tr><tr><td>البروتين</td><td>24 جم</td></tr><tr><td>الكربوهيدرات</td><td>2 جم</td></tr><tr><td>السكريات</td><td>1 جم</td></tr><tr><td>الدهون</td><td>1.5 جم</td></tr><tr><td>الأحماض الأمينية المتفرعة BCAA</td><td>5.5 جم</td></tr><tr><td>الجلوتامين ومشتقاته</td><td>4 جم</td></tr></table><p>طريقة الاستخدام: تخلط مغرفة واحدة مع 180 إلى 240 مل من الماء البارد بعد التمرين أو بين الوجبات.</p><p>تنبيه: المكملات الغذائية لا تغني عن الغذاء المتوازن. يحتوي على الحليب والصويا.</p>,"<p>Servings: 69 | Serving size: 33 g | Expiry: 2028-01 | Form: powder</p><p>Nitro-Tech 100% Whey Gold from MuscleTech is a protein powder built on whey isolate and whey peptides as its primary sources, with 24 g of protein per scoop and low sugar. It suits people who train regularly and want a fast-absorbing protein after sessions, and anyone who enjoys dessert-style flavours.</p><table><tr><th>Nutrition facts</th><th>Per serving</th></tr><tr><td>Calories</td><td>120</td></tr><tr><td>Protein</td><td>24 g</td></tr><tr><td>Carbohydrates</td><td>2 g</td></tr><tr><td>Sugars</td><td>1 g</td></tr><tr><td>Fat</td><td>1.5 g</td></tr><tr><td>BCAA</td><td>5.5 g</td></tr><tr><td>Glutamine and precursor</td><td>4 g</td></tr></table><p>Directions: mix one scoop with 180 to 240 ml of cold water after training or between meals.</p><p>Notice: food supplements do not replace a balanced diet. Contains milk and soy.</p>",نيترو تك واي جولد 2.27 كجم من مسل تك | اوبتيمال اكس,نيترو تك 100% واي جولد من مسل تك: ايزوليت وببتيدات الواي، 24 جم بروتين في المغرفة، 69 حصة بعبوة 2.27 كجم، أربع نكهات، سعر شامل الضريبة وتوصيل سريع.,MuscleTech Nitro-Tech 100% Whey Gold 2.27 kg | OptimalX,"Order MuscleTech Nitro-Tech 100% Whey Gold in Saudi Arabia: whey isolate and peptides, 24 g protein per scoop, 69 servings per 2.27 kg, four flavours.",الأداء | التعافي,واي بروتين | مسل تك | نيترو تك | بروتين | واي ايزوليت,,
OX-003,8232454,https://s.salla.sa/products/8232454,pending,product,نيترو تك بيرفورمانس سيريز واي بروتين - مسل تك,Nitro-Tech Performance Series Whey Protein - MuscleTech,MuscleTech,30 جم بروتين و3 جم كرياتين في كل مغرفة، 40 حصة في 1.81 كجم,"30 g protein and 3 g creatine per scoop, 40 servings in 1.81 kg",399,,2.0,12,True,whey-protein | goal-performance,40,44 جم (مغرفة واحدة),2027-12,"{""النكهة"": [""شوكولاتة الحليب"", ""كوكيز وكريمة"", ""براوني الشوكولاتة""], ""الحجم"": [""907 جم"", ""1.81 كجم""]}",,not-captured,https://www.sporter.com/en-sa/muscletech-nitro-tech-performance-series/,https://www.sporter.com/en-sa/sport-supplements/protein/whey-protein/,"Sporter KSA best-selling whey page on 2026-09-17: Nitro-Tech Performance Series 4 lb SAR 403.08 (three flavours), 2 lb SAR 208.09. Set SAR 399 for 1.81 kg and SAR 205 for the 907 g variant, both at or just under Sporter.",<p>الحصص: 40 | حجم الحصة: 44 جم | الصلاحية: 2027-12 | الشكل: بودرة</p><p>نيترو تك بيرفورمانس سيريز من مسل تك بودرة واي بروتين تحتوي على 30 جم بروتين في كل مغرفة مع 3 جم كرياتين مونوهيدرات مضافة، لمن يجمع بين البروتين والكرياتين في مشروب واحد بعد التمرين. مناسبة للمتدربين المتوسطين والمتقدمين الذين يفضلون حصة بروتين أكبر.</p><table><tr><th>الحقائق الغذائية</th><th>لكل حصة</th></tr><tr><td>السعرات الحرارية</td><td>140</td></tr><tr><td>البروتين</td><td>30 جم</td></tr><tr><td>الكربوهيدرات</td><td>4 جم</td></tr><tr><td>السكريات</td><td>2 جم</td></tr><tr><td>الدهون</td><td>2.5 جم</td></tr><tr><td>كرياتين مونوهيدرات</td><td>3 جم</td></tr><tr><td>الأحماض الأمينية المتفرعة BCAA</td><td>6.9 جم</td></tr></table><p>طريقة الاستخدام: تخلط مغرفة واحدة مع 240 مل من الماء البارد بعد التمرين مباشرة.</p><p>تنبيه: المكملات الغذائية لا تغني عن الغذاء المتوازن. يحتوي على الحليب والصويا. اشرب ماء كافيا مع الكرياتين.</p>,"<p>Servings: 40 | Serving size: 44 g | Expiry: 2027-12 | Form: powder</p><p>Nitro-Tech Performance Series from MuscleTech is a whey protein powder with 30 g of protein per scoop plus 3 g of added creatine monohydrate, for people who combine protein and creatine in one post-workout drink. It suits intermediate and advanced trainees who prefer a larger protein serving.</p><table><tr><th>Nutrition facts</th><th>Per serving</th></tr><tr><td>Calories</td><td>140</td></tr><tr><td>Protein</td><td>30 g</td></tr><tr><td>Carbohydrates</td><td>4 g</td></tr><tr><td>Sugars</td><td>2 g</td></tr><tr><td>Fat</td><td>2.5 g</td></tr><tr><td>Creatine monohydrate</td><td>3 g</td></tr><tr><td>BCAA</td><td>6.9 g</td></tr></table><p>Directions: mix one scoop with 240 ml of cold water straight after training.</p><p>Notice: food supplements do not replace a balanced diet. Contains milk and soy. Drink enough water when using creatine.</p>",نيترو تك بيرفورمانس واي بروتين 1.81 كجم | اوبتيمال اكس,نيترو تك بيرفورمانس سيريز من مسل تك: 30 جم بروتين و3 جم كرياتين في كل مغرفة، 40 حصة بعبوة 1.81 كجم، ثلاث نكهات، سعر شامل الضريبة وتوصيل سريع للسعودية.,MuscleTech Nitro-Tech Performance Whey 1.81 kg | OptimalX,"Buy MuscleTech Nitro-Tech Performance Series whey in Saudi Arabia: 30 g protein and 3 g creatine per scoop, 40 servings per 1.81 kg, three flavours.",الأداء,واي بروتين | مسل تك | نيترو تك | بروتين مع كرياتين | بروتين,,
OX-004,290277404,https://s.salla.sa/products/290277404,added,product,ستاكد بروتين - ايفليوشن نيوترشن,Stacked Protein - EVLution Nutrition,EVLution Nutrition,مزيج واي بثلاث مراحل امتصاص، 25 جم بروتين في المغرفة، 60 حصة في 2.27 كجم,"Three-stage whey blend, 25 g protein per scoop, 60 servings in 2.27 kg",369,299,2.5,14,True,whey-protein | goal-recovery | goal-ideal-weight,60,38 جم (مغرفة واحدة),2027-11,"{""النكهة"": [""شوكولاتة غنية مزدوجة"", ""فانيلا""], ""الحجم"": [""2.27 كجم""]}",https://ecombe.nahdionline.com/media/catalog/product/e/v/evl-stacked-protein-5-lbs-chocolate-decadence-0kjpg.jpg,nahdi,https://www.nahdionline.com/en-sa/evlution-nutrition-stacked-protein-5-lbs-double-rich-chocolate/pdp/102726996,https://www.nahdionline.com/en-sa/evlution-nutrition-stacked-protein-5-lbs-double-rich-chocolate/pdp/102726996,"Nahdi Online protein PLP on 2026-09-17: Stacked Protein 5 lb Double Rich Chocolate SAR 300.00 sale / 399.99 list. Set list SAR 369 with a launch sale at SAR 299, both inside the Nahdi band.",<p>الحصص: 60 | حجم الحصة: 38 جم | الصلاحية: 2027-11 | الشكل: بودرة</p><p>ستاكد بروتين من ايفليوشن نيوترشن يجمع ايزوليت الواي والواي المركز والواي المحلل مائيا في مزيج واحد يحتوي على 25 جم بروتين في كل مغرفة، مع إضافة جلوتامين وBCAA. مناسب لمن يريد بروتينا يوميا بسعر مناسب لكل حصة، ولمن يستخدمه كوجبة خفيفة عالية البروتين ضمن نظام غذائي مخطط.</p><table><tr><th>الحقائق الغذائية</th><th>لكل حصة</th></tr><tr><td>السعرات الحرارية</td><td>150</td></tr><tr><td>البروتين</td><td>25 جم</td></tr><tr><td>الكربوهيدرات</td><td>6 جم</td></tr><tr><td>السكريات</td><td>2 جم</td></tr><tr><td>الدهون</td><td>2.5 جم</td></tr><tr><td>الأحماض الأمينية المتفرعة BCAA</td><td>5 جم</td></tr><tr><td>الجلوتامين</td><td>5 جم</td></tr></table><p>طريقة الاستخدام: تخلط مغرفة واحدة مع 240 إلى 300 مل من الماء أو الحليب البارد بعد التمرين.</p><p>تنبيه: المكملات الغذائية لا تغني عن الغذاء المتوازن. يحتوي على الحليب والصويا.</p>,"<p>Servings: 60 | Serving size: 38 g | Expiry: 2027-11 | Form: powder</p><p>Stacked Protein from EVLution Nutrition combines whey isolate, whey concentrate and hydrolyzed whey in one blend with 25 g of protein per scoop, plus added glutamine and BCAA. It suits anyone who wants a daily protein at a sensible cost per serving, or a high-protein snack inside a planned diet.</p><table><tr><th>Nutrition facts</th><th>Per serving</th></tr><tr><td>Calories</td><td>150</td></tr><tr><td>Protein</td><td>25 g</td></tr><tr><td>Carbohydrates</td><td>6 g</td></tr><tr><td>Sugars</td><td>2 g</td></tr><tr><td>Fat</td><td>2.5 g</td></tr><tr><td>BCAA</td><td>5 g</td></tr><tr><td>Glutamine</td><td>5 g</td></tr></table><p>Directions: mix one scoop with 240 to 300 ml of cold water or milk after training.</p><p>Notice: food supplements do not replace a balanced diet. Contains milk and soy.</p>",ستاكد بروتين 2.27 كجم من ايفليوشن | اوبتيمال اكس,ستاكد بروتين من ايفليوشن نيوترشن بعبوة 2.27 كجم و60 حصة: مزيج واي بثلاث مراحل، 25 جم بروتين في المغرفة مع جلوتامين وBCAA، بسعر عرض شامل الضريبة.,EVLution Nutrition Stacked Protein 2.27 kg | OptimalX,"Shop EVLution Nutrition Stacked Protein in Saudi Arabia: three-stage whey blend, 25 g protein per scoop with glutamine and BCAA, 60 servings per 2.27 kg.",التعافي | الوزن المثالي,واي بروتين | ايفليوشن | بروتين | ستاكد بروتين | عرض,,
OX-005,1663719197,https://s.salla.sa/products/1663719197,pending,product,ايزو 100 واي ايزوليت محلل مائيا - ديماتيز,ISO100 Hydrolyzed Whey Protein Isolate - Dymatize,Dymatize,ايزوليت محلل مائيا بـ 25 جم بروتين وأقل من 1 جم سكر، 71 حصة في 2.3 كجم,"Hydrolyzed isolate with 25 g protein and under 1 g sugar, 71 servings in 2.3 kg",489,,2.6,10,True,whey-isolate | goal-performance | goal-ideal-weight,71,32 جم (مغرفة واحدة),2028-05,"{""النكهة"": [""شوكولاتة جورميه"", ""فانيلا جورميه"", ""فادج براوني""], ""الحجم"": [""1.36 كجم"", ""2.3 كجم""]}",,not-captured,https://www.sporter.com/en-sa/dymatize-iso-100/,https://sa.iherb.com/c/sports?sr=3,"FLAGGED. The only captured Saudi figure is iHerb SA's pre-discount list for ISO100 5 lb Gourmet Chocolate and Vanilla (SAR 648 to 878 on the price-sorted Sports page, 2026-09-17), which the research log treats as an upper bound because iHerb applies checkout discounts. SAR 489 sits below that ceiling and above every other 2.27 kg isolate captured at Nahdi (NOW Isolate SAR 388 to 467, Sports Research SAR 277 to 469). Verify against Sporter's ISO100 page (image_ref) before publishing.",<p>الحصص: 71 | حجم الحصة: 32 جم | الصلاحية: 2028-05 | الشكل: بودرة</p><p>ايزو 100 من ديماتيز بودرة واي ايزوليت محلل مائيا، أي بروتين تمت تجزئته مسبقا ليكون سريع الذوبان وخفيفا على المعدة، بـ 25 جم بروتين وأقل من 1 جم سكر في كل مغرفة. مناسب لمن يتابع مدخول الكربوهيدرات والدهون بدقة، ولمن يريد بروتينا خفيفا مباشرة بعد التمرين.</p><table><tr><th>الحقائق الغذائية</th><th>لكل حصة</th></tr><tr><td>السعرات الحرارية</td><td>120</td></tr><tr><td>البروتين</td><td>25 جم</td></tr><tr><td>الكربوهيدرات</td><td>2 جم</td></tr><tr><td>السكريات</td><td>أقل من 1 جم</td></tr><tr><td>الدهون</td><td>0.5 جم</td></tr><tr><td>الأحماض الأمينية المتفرعة BCAA</td><td>5.5 جم</td></tr></table><p>طريقة الاستخدام: تخلط مغرفة واحدة مع 150 إلى 240 مل من الماء البارد. يذوب بسهولة بالملعقة أو الشيكر.</p><p>تنبيه: المكملات الغذائية لا تغني عن الغذاء المتوازن. يحتوي على الحليب.</p>,"<p>Servings: 71 | Serving size: 32 g | Expiry: 2028-05 | Form: powder</p><p>ISO100 from Dymatize is a hydrolyzed whey protein isolate powder, meaning the protein is pre-broken into smaller fragments so it dissolves fast and sits lightly in the stomach, with 25 g of protein and under 1 g of sugar per scoop. It suits people who track carbohydrates and fat closely, and anyone who wants a light protein straight after training.</p><table><tr><th>Nutrition facts</th><th>Per serving</th></tr><tr><td>Calories</td><td>120</td></tr><tr><td>Protein</td><td>25 g</td></tr><tr><td>Carbohydrates</td><td>2 g</td></tr><tr><td>Sugars</td><td>under 1 g</td></tr><tr><td>Fat</td><td>0.5 g</td></tr><tr><td>BCAA</td><td>5.5 g</td></tr></table><p>Directions: mix one scoop with 150 to 240 ml of cold water.</p><p>Notice: food supplements do not replace a balanced diet. Contains milk.</p>",ايزو 100 واي ايزوليت 2.3 كجم من ديماتيز | اوبتيمال اكس,ايزو 100 من ديماتيز: واي ايزوليت محلل مائيا بـ 25 جم بروتين وأقل من 1 جم سكر في المغرفة، 71 حصة بعبوة 2.3 كجم، ثلاث نكهات، سعر شامل الضريبة.,Dymatize ISO100 Hydrolyzed Whey Isolate 2.3 kg | OptimalX,"Buy Dymatize ISO100 hydrolyzed whey isolate in Saudi Arabia: 25 g protein and under 1 g sugar per scoop, 71 servings per 2.3 kg tub, three flavours.",الأداء | الوزن المثالي,واي ايزوليت | ديماتيز | ايزو 100 | بروتين منخفض السكر | بروتين,,
OX-006,1488630808,https://s.salla.sa/products/1488630808,added,product,ايزوبيور لو كارب واي ايزوليت - ايزوبيور,Isopure Low Carb Whey Protein Isolate - Isopure,Isopure,واي ايزوليت نقي بـ 25 جم بروتين وفيتامينات مضافة، 44 حصة في 1.36 كجم,"Pure whey isolate with 25 g protein and added vitamins, 44 servings in 1.36 kg",379,,1.55,10,True,whey-isolate | goal-ideal-weight | goal-general-health,44,31 جم (مغرفة واحدة),2028-02,"{""النكهة"": [""شوكولاتة هولندية"", ""فانيلا كريمية""], ""الحجم"": [""1.36 كجم""]}",https://ecombe.nahdionline.com/media/catalog/product/1/0/101043835_a725f783c57ffaa67_25861.png,nahdi,https://www.nahdionline.com/en-sa/gnc-iso-pure-protein-powder-dutch-choco-136-kg/pdp/101043835,https://www.nahdionline.com/en-sa/gnc-iso-pure-protein-powder-dutch-choco-136-kg/pdp/101043835,"Nahdi Online protein PLP on 2026-09-17: Isopure protein powder Dutch Chocolate 1.36 kg SAR 346.37 sale / 432.96 list. Set SAR 379, inside the Nahdi band.",<p>الحصص: 44 | حجم الحصة: 31 جم | الصلاحية: 2028-02 | الشكل: بودرة</p><p>ايزوبيور لو كارب بودرة واي ايزوليت تعتمد على مصدر بروتين واحد فقط، بـ 25 جم بروتين في المغرفة ومحتوى كربوهيدرات منخفض جدا، مع مزيج فيتامينات ومعادن مضاف. مناسبة لمن يريد بروتينا نظيفا بمكونات قليلة، ولمن يتبع نظاما غذائيا منخفض الكربوهيدرات أو يريد تكملة وجباته اليومية بالبروتين.</p><table><tr><th>الحقائق الغذائية</th><th>لكل حصة</th></tr><tr><td>السعرات الحرارية</td><td>110</td></tr><tr><td>البروتين</td><td>25 جم</td></tr><tr><td>الكربوهيدرات</td><td>1.5 جم</td></tr><tr><td>السكريات</td><td>0 جم</td></tr><tr><td>الدهون</td><td>0.5 جم</td></tr><tr><td>الجلوتامين</td><td>4.6 جم</td></tr></table><p>طريقة الاستخدام: تخلط مغرفة واحدة مع 180 إلى 240 مل من الماء أو الحليب البارد، مرة إلى مرتين يوميا.</p><p>تنبيه: المكملات الغذائية لا تغني عن الغذاء المتوازن. يحتوي على الحليب والصويا. يحفظ في مكان بارد وجاف.</p>,"<p>Servings: 44 | Serving size: 31 g | Expiry: 2028-02 | Form: powder</p><p>Isopure Low Carb is a whey protein isolate powder that relies on a single protein source, with 25 g of protein per scoop and low carbohydrates, plus an added vitamin and mineral blend. It suits people who want a clean protein with few ingredients, or anyone on a low-carbohydrate plan.</p><table><tr><th>Nutrition facts</th><th>Per serving</th></tr><tr><td>Calories</td><td>110</td></tr><tr><td>Protein</td><td>25 g</td></tr><tr><td>Carbohydrates</td><td>1.5 g</td></tr><tr><td>Sugars</td><td>0 g</td></tr><tr><td>Fat</td><td>0.5 g</td></tr><tr><td>Glutamine</td><td>4.6 g</td></tr></table><p>Directions: mix one scoop with 180 to 240 ml of cold water or milk, once or twice daily.</p><p>Notice: food supplements do not replace a balanced diet. Contains milk and soy.</p>",ايزوبيور لو كارب واي ايزوليت 1.36 كجم | اوبتيمال اكس,ايزوبيور لو كارب واي ايزوليت بعبوة 1.36 كجم و44 حصة: 25 جم بروتين في المغرفة، كربوهيدرات منخفضة جدا مع فيتامينات ومعادن مضافة، سعر شامل الضريبة.,Isopure Low Carb Whey Protein Isolate 1.36 kg | OptimalX,"Order Isopure Low Carb whey isolate in Saudi Arabia: 25 g protein per scoop, 1.5 g carbs, added vitamins and minerals, 44 servings per 1.36 kg tub.",الوزن المثالي | الصحة العامة,واي ايزوليت | ايزوبيور | بروتين منخفض الكربوهيدرات | بروتين | لو كارب,,
OX-007,74248730,https://s.salla.sa/products/74248730,added,product,واي بروتين ايزوليت بدون نكهة - ناو سبورتس,Whey Protein Isolate Unflavored - NOW Sports,NOW Foods,ايزوليت بمكون واحد بلا محليات، 25 جم بروتين في المغرفة، 81 حصة في 2.27 كجم,"Single-ingredient isolate, no sweeteners, 25 g protein, 81 servings in 2.27 kg",409,,2.5,9,True,whey-isolate | goal-general-health | goal-ideal-weight,81,28 جم (مغرفة واحدة),2028-04,"{""النكهة"": [""بدون نكهة"", ""شوكولاتة كريمية""], ""الحجم"": [""2.27 كجم""]}",https://ecombe.nahdionline.com/media/catalog/product/1/0/102820296_66609dc0b3d077e64.jpg,nahdi,https://www.nahdionline.com/en-sa/now-sports-whey-protein-isolate-unflavored-227-kg/pdp/102820296,https://www.nahdionline.com/en-sa/now-sports-whey-protein-isolate-unflavored-227-kg/pdp/102820296,"Nahdi Online protein PLP on 2026-09-17: NOW Sports Whey Protein Isolate Unflavored 2.27 kg SAR 388.16 sale / 466.55 list. Set SAR 409, inside the Nahdi band.",<p>الحصص: 81 | حجم الحصة: 28 جم | الصلاحية: 2028-04 | الشكل: بودرة</p><p>واي بروتين ايزوليت من ناو سبورتس بمكون واحد فقط هو ايزوليت الواي، بلا نكهات أو محليات مضافة، ويحتوي على 25 جم بروتين في المغرفة مع كربوهيدرات ودهون منخفضة. مناسب لمن يفضل إضافة البروتين إلى الشوفان أو العصائر أو الطبخ، ولمن يريد تركيبة بسيطة يمكن قراءتها بسهولة.</p><table><tr><th>الحقائق الغذائية</th><th>لكل حصة</th></tr><tr><td>السعرات الحرارية</td><td>110</td></tr><tr><td>البروتين</td><td>25 جم</td></tr><tr><td>الكربوهيدرات</td><td>1 جم</td></tr><tr><td>السكريات</td><td>0 جم</td></tr><tr><td>الدهون</td><td>0.5 جم</td></tr><tr><td>الصوديوم</td><td>50 ملجم</td></tr></table><p>طريقة الاستخدام: تخلط مغرفة واحدة مع 240 مل من الماء أو الحليب أو تضاف إلى الطعام مرة إلى مرتين يوميا.</p><p>تنبيه: المكملات الغذائية لا تغني عن الغذاء المتوازن. يحتوي على الحليب.</p>,"<p>Servings: 81 | Serving size: 28 g | Expiry: 2028-04 | Form: powder</p><p>NOW Sports Whey Protein Isolate has a single ingredient, whey protein isolate, with no added flavours or sweeteners, and gives 25 g of protein per scoop with low carbohydrates and fat. It suits people who like to add protein to oats, smoothies or cooking, and anyone who wants a simple label that is easy to read.</p><table><tr><th>Nutrition facts</th><th>Per serving</th></tr><tr><td>Calories</td><td>110</td></tr><tr><td>Protein</td><td>25 g</td></tr><tr><td>Carbohydrates</td><td>1 g</td></tr><tr><td>Sugars</td><td>0 g</td></tr><tr><td>Fat</td><td>0.5 g</td></tr><tr><td>Sodium</td><td>50 mg</td></tr></table><p>Directions: mix one scoop with 240 ml of water or milk, or add to food, once or twice daily.</p><p>Notice: food supplements do not replace a balanced diet. Contains milk.</p>",واي ايزوليت بدون نكهة 2.27 كجم من ناو | اوبتيمال اكس,واي بروتين ايزوليت بدون نكهة من ناو سبورتس بعبوة 2.27 كجم و81 حصة: مكون واحد بلا محليات، 25 جم بروتين في المغرفة، سعر شامل الضريبة وتوصيل سريع.,NOW Whey Protein Isolate Unflavored 2.27 kg | OptimalX,"Buy NOW Sports Whey Protein Isolate Unflavored in Saudi Arabia: one ingredient, no sweeteners, 25 g protein per scoop, 81 servings per 2.27 kg.",الصحة العامة | الوزن المثالي,واي ايزوليت | ناو سبورتس | بروتين بدون نكهة | بروتين | ناو فودز,,
OX-008,1339588198,https://s.salla.sa/products/1339588198,added,product,واي بروتين ايزوليت - سبورتس ريسيرش,Whey Protein Isolate - Sports Research,Sports Research,ايزوليت من أبقار مرعية بـ 25 جم بروتين في المغرفة، 65 حصة في 2.27 كجم,"Grass-fed whey isolate with 25 g protein per scoop, 65 servings in 2.27 kg",349,279,2.5,11,True,whey-isolate | goal-performance | goal-recovery,65,35 جم (مغرفة واحدة),2027-10,"{""النكهة"": [""شوكولاتة هولندية"", ""فانيلا""], ""الحجم"": [""2.27 كجم""]}",https://ecombe.nahdionline.com/media/catalog/product/s/p/sports-research-whey-protein-isolate-dutch-choco-5-lbs-0hjpg.jpg,nahdi,https://www.nahdionline.com/en-sa/sports-research-whey-protein-isolate-dutch-chocolate-227-kg/pdp/102851121,https://www.nahdionline.com/en-sa/sports-research-whey-protein-isolate-dutch-chocolate-227-kg/pdp/102851121,"Nahdi Online protein PLP on 2026-09-17: Sports Research Whey Protein Isolate Dutch Chocolate 2.27 kg SAR 277.00 sale / 469.00 list (4.7/5, 172 ratings). Set list SAR 349 and sale SAR 279, both inside the Nahdi band.",<p>الحصص: 65 | حجم الحصة: 35 جم | الصلاحية: 2027-10 | الشكل: بودرة</p><p>واي بروتين ايزوليت من سبورتس ريسيرش مصنوع من حليب أبقار مرعية، ويحتوي على 25 جم بروتين في المغرفة مع سكر منخفض ونكهة شوكولاتة هولندية بالكاكاو الحقيقي. مناسب لمن يريد ايزوليت بسعر جيد لكل حصة، ولمن يهتم بمصدر الحليب في منتجات البروتين.</p><table><tr><th>الحقائق الغذائية</th><th>لكل حصة</th></tr><tr><td>السعرات الحرارية</td><td>130</td></tr><tr><td>البروتين</td><td>25 جم</td></tr><tr><td>الكربوهيدرات</td><td>3 جم</td></tr><tr><td>السكريات</td><td>1 جم</td></tr><tr><td>الدهون</td><td>1.5 جم</td></tr><tr><td>الكالسيوم</td><td>150 ملجم</td></tr></table><p>طريقة الاستخدام: تخلط مغرفة واحدة مع 240 إلى 300 مل من الماء أو الحليب البارد بعد التمرين أو بين الوجبات.</p><p>تنبيه: المكملات الغذائية لا تغني عن الغذاء المتوازن. يحتوي على الحليب.</p>,"<p>Servings: 65 | Serving size: 35 g | Expiry: 2027-10 | Form: powder</p><p>Sports Research Whey Protein Isolate is made from grass-fed cows' milk and provides 25 g of protein per scoop with low sugar and a Dutch chocolate flavour from real cocoa. It suits people who want an isolate at a good cost per serving, and anyone who cares about the milk source behind their protein.</p><table><tr><th>Nutrition facts</th><th>Per serving</th></tr><tr><td>Calories</td><td>130</td></tr><tr><td>Protein</td><td>25 g</td></tr><tr><td>Carbohydrates</td><td>3 g</td></tr><tr><td>Sugars</td><td>1 g</td></tr><tr><td>Fat</td><td>1.5 g</td></tr><tr><td>Calcium</td><td>150 mg</td></tr></table><p>Directions: mix one scoop with 240 to 300 ml of cold water or milk after training or between meals.</p><p>Notice: food supplements do not replace a balanced diet. Contains milk.</p>",واي ايزوليت 2.27 كجم من سبورتس ريسيرش | اوبتيمال اكس,واي بروتين ايزوليت من سبورتس ريسيرش بعبوة 2.27 كجم و65 حصة: حليب أبقار مرعية، 25 جم بروتين في المغرفة، نكهة شوكولاتة هولندية، بسعر عرض شامل الضريبة.,Sports Research Whey Protein Isolate 2.27 kg | OptimalX,"Order Sports Research grass-fed whey protein isolate in Saudi Arabia: 25 g protein per scoop, low sugar, 65 servings per 2.27 kg tub, Dutch chocolate.",الأداء | التعافي,واي ايزوليت | سبورتس ريسيرش | بروتين | أبقار مرعية | عرض,,
OX-009,1193355662,https://s.salla.sa/products/1193355662,ok,product,جولد ستاندرد 100% كازين - اوبتيموم نيوترشن,Gold Standard 100% Casein - Optimum Nutrition,Optimum Nutrition,كازين ميسيلار بطيء الهضم بـ 24 جم بروتين، 26 حصة في عبوة 907 جم,"Slow-digesting micellar casein with 24 g protein, 26 servings in 907 g",239,,1.05,12,True,casein | goal-recovery,26,35 جم (مغرفة واحدة),2028-06,"{""النكهة"": [""شوكولاتة سوبريم"", ""فانيلا كريمية""], ""الحجم"": [""907 جم"", ""1.81 كجم""]}",https://www.sporter.com/media/catalog/product/u/s/us_gs_casein_2lb_chocsupreme_1.jpg,sporter,https://www.sporter.com/en-sa/sport-supplements/protein/casein-protein/,https://www.sporter.com/en-sa/sport-supplements/protein/casein-protein/,"Sporter KSA casein category on 2026-09-17: Gold Standard 100% Casein 2 lb Chocolate Supreme SAR 228.52, 1.81 lb Creamy Vanilla SAR 253.91, 4 lb SAR 408.93 to 430.46. Set SAR 239 for 907 g (inside the 228 to 254 band) and SAR 419 for the 1.81 kg variant.",<p>الحصص: 26 | حجم الحصة: 35 جم | الصلاحية: 2028-06 | الشكل: بودرة</p><p>جولد ستاندرد كازين من اوبتيموم نيوترشن بودرة بروتين مصدرها الكازين الميسيلار، وهو بروتين حليب يهضم ببطء ويطلق الأحماض الأمينية على مدى ساعات، بـ 24 جم بروتين في المغرفة. مناسب لمن يريد حصة بروتين قبل النوم أو بين وجبتين متباعدتين، وقوامه أكثف من الواي.</p><table><tr><th>الحقائق الغذائية</th><th>لكل حصة</th></tr><tr><td>السعرات الحرارية</td><td>120</td></tr><tr><td>البروتين</td><td>24 جم</td></tr><tr><td>الكربوهيدرات</td><td>3 جم</td></tr><tr><td>السكريات</td><td>1 جم</td></tr><tr><td>الدهون</td><td>1 جم</td></tr><tr><td>الأحماض الأمينية المتفرعة BCAA</td><td>4.7 جم</td></tr></table><p>طريقة الاستخدام: تخلط مغرفة واحدة مع 300 مل من الماء أو الحليب البارد، قبل النوم أو بين الوجبات.</p><p>تنبيه: المكملات الغذائية لا تغني عن الغذاء المتوازن. يحتوي على الحليب والصويا.</p>,"<p>Servings: 26 | Serving size: 35 g | Expiry: 2028-06 | Form: powder</p><p>Gold Standard 100% Casein from Optimum Nutrition is a protein powder sourced from micellar casein, a milk protein that digests slowly and releases amino acids over several hours, with 24 g of protein per scoop. It suits people who want a protein serving before sleep or between widely spaced meals, and it mixes thicker than whey.</p><table><tr><th>Nutrition facts</th><th>Per serving</th></tr><tr><td>Calories</td><td>120</td></tr><tr><td>Protein</td><td>24 g</td></tr><tr><td>Carbohydrates</td><td>3 g</td></tr><tr><td>Sugars</td><td>1 g</td></tr><tr><td>Fat</td><td>1 g</td></tr><tr><td>BCAA</td><td>4.7 g</td></tr></table><p>Directions: mix one scoop with 300 ml of cold water or milk, before sleep or between meals.</p><p>Notice: food supplements do not replace a balanced diet. Contains milk and soy.</p>",جولد ستاندرد كازين 907 جم اوبتيموم | اوبتيمال اكس,جولد ستاندرد 100% كازين من اوبتيموم نيوترشن بعبوة 907 جم و26 حصة: كازين ميسيلار بطيء الهضم بـ 24 جم بروتين في المغرفة، سعر شامل الضريبة.,Optimum Nutrition Gold Standard 100% Casein 907 g | OptimalX,"Buy Optimum Nutrition Gold Standard 100% Casein in Saudi Arabia: slow-digesting micellar casein, 24 g protein per scoop, 26 servings per 907 g.",التعافي,كازين | بروتين كازين | اوبتيموم نيوترشن | بروتين قبل النوم | جولد ستاندرد,,
OX-010,214189933,https://s.salla.sa/products/214189933,added,product,ايليت كازين - ديماتيز,Elite Casein - Dymatize,Dymatize,كازين ميسيلار بـ 25 جم بروتين في المغرفة، 55 حصة في عبوة 1.8 كجم,"Micellar casein with 25 g protein per scoop, 55 servings in 1.8 kg",379,,2.0,8,True,casein | goal-recovery,55,33 جم (مغرفة واحدة),2028-07,"{""النكهة"": [""شوكولاتة غنية"", ""فانيلا ناعمة""], ""الحجم"": [""1.8 كجم""]}",https://www.sporter.com/media/catalog/product/d/y/dymatize-elite-casein-4lb-rich-chocolate_1.jpg,sporter,https://www.sporter.com/en-sa/sport-supplements/protein/casein-protein/,https://www.sporter.com/en-sa/sport-supplements/protein/casein-protein/,"Sporter KSA casein category on 2026-09-17: Dymatize Elite Casein 4 lb Rich Chocolate SAR 388.71, Smooth Vanilla SAR 369.29. Set SAR 379, inside the band.",<p>الحصص: 55 | حجم الحصة: 33 جم | الصلاحية: 2028-07 | الشكل: بودرة</p><p>ايليت كازين من ديماتيز بودرة بروتين تعتمد على الكازين الميسيلار كمصدر وحيد، بـ 25 جم بروتين في المغرفة وسكر منخفض. يهضم ببطء مقارنة بالواي، لذلك يناسب من يريد بروتينا قبل النوم أو خلال ساعات طويلة بلا طعام، ومن يفضل قواما كثيفا يشبه البودينغ عند خلطه بكمية ماء أقل.</p><table><tr><th>الحقائق الغذائية</th><th>لكل حصة</th></tr><tr><td>السعرات الحرارية</td><td>120</td></tr><tr><td>البروتين</td><td>25 جم</td></tr><tr><td>الكربوهيدرات</td><td>3 جم</td></tr><tr><td>السكريات</td><td>1 جم</td></tr><tr><td>الدهون</td><td>1 جم</td></tr><tr><td>الكالسيوم</td><td>500 ملجم</td></tr></table><p>طريقة الاستخدام: تخلط مغرفة واحدة مع 240 إلى 300 مل من الماء أو الحليب البارد قبل النوم أو بين الوجبات.</p><p>تنبيه: المكملات الغذائية لا تغني عن الغذاء المتوازن. يحتوي على الحليب والصويا.</p>,"<p>Servings: 55 | Serving size: 33 g | Expiry: 2028-07 | Form: powder</p><p>Elite Casein from Dymatize is a protein powder that uses only micellar casein, with 25 g of protein per scoop and low sugar. It digests slowly compared with whey, so it suits people who want protein before sleep or across long gaps between meals, and it mixes into a thick, pudding-like texture.</p><table><tr><th>Nutrition facts</th><th>Per serving</th></tr><tr><td>Calories</td><td>120</td></tr><tr><td>Protein</td><td>25 g</td></tr><tr><td>Carbohydrates</td><td>3 g</td></tr><tr><td>Sugars</td><td>1 g</td></tr><tr><td>Fat</td><td>1 g</td></tr><tr><td>Calcium</td><td>500 mg</td></tr></table><p>Directions: mix one scoop with 240 to 300 ml of cold water or milk before sleep or between meals.</p><p>Notice: food supplements do not replace a balanced diet. Contains milk and soy.</p>",ايليت كازين 1.8 كجم من ديماتيز 55 حصة | اوبتيمال اكس,ايليت كازين من ديماتيز بعبوة 1.8 كجم و55 حصة: كازين ميسيلار بـ 25 جم بروتين في المغرفة، بطيء الهضم ومناسب قبل النوم، نكهتان، سعر شامل الضريبة.,Dymatize Elite Casein 1.8 kg Micellar Casein | OptimalX,"Shop Dymatize Elite Casein in Saudi Arabia: 100% micellar casein, 25 g protein per scoop, slow digesting for night-time use, 55 servings per 1.8 kg.",التعافي,كازين | ديماتيز | بروتين كازين | بروتين قبل النوم | بروتين,,
OX-011,680494447,https://s.salla.sa/products/680494447,added,product,جولد ستاندرد 100% بروتين نباتي - اوبتيموم نيوترشن,Gold Standard 100% Plant-Based Protein - Optimum Nutrition,Optimum Nutrition,بروتين نباتي من البازلاء والأرز والفول بـ 24 جم بروتين، 20 حصة في 740 جم,"Pea, rice and fava plant protein with 24 g protein, 20 servings in 740 g",209,,0.9,10,True,plant-protein | goal-general-health | goal-recovery,20,37 جم (مغرفة واحدة),2027-09,"{""النكهة"": [""فانيلا كريمية"", ""فادج الشوكولاتة الغني""], ""الحجم"": [""740 جم""]}",https://www.sporter.com/media/catalog/product/1/1/112999-1.jpg,sporter,https://www.sporter.com/en-sa/sport-supplements/protein/plant-based-protein/,https://www.sporter.com/en-sa/sport-supplements/protein/plant-based-protein/,"Sporter KSA plant-based protein category on 2026-09-17: Gold Standard 100% Plant-Based Protein 20 servings Creamy Vanilla SAR 214.27, Rich Chocolate Fudge SAR 195.58. Set SAR 209, inside the band.",<p>الحصص: 20 | حجم الحصة: 37 جم | الصلاحية: 2027-09 | الشكل: بودرة</p><p>بروتين نباتي من اوبتيموم نيوترشن يجمع بروتين البازلاء والأرز البني والفول في مزيج يحتوي على 24 جم بروتين في المغرفة، مع فيتامين ب12 مضاف وبلا مكونات من الحليب أو الصويا. مناسب للنباتيين ولمن لا يتحمل اللاكتوز، ولمن يريد التنويع بين مصادر البروتين.</p><table><tr><th>الحقائق الغذائية</th><th>لكل حصة</th></tr><tr><td>السعرات الحرارية</td><td>150</td></tr><tr><td>البروتين</td><td>24 جم</td></tr><tr><td>الكربوهيدرات</td><td>7 جم</td></tr><tr><td>الألياف</td><td>3 جم</td></tr><tr><td>السكريات</td><td>1 جم</td></tr><tr><td>الدهون</td><td>3 جم</td></tr></table><p>طريقة الاستخدام: تخلط مغرفة واحدة مع 300 مل من الماء أو حليب نباتي، مرة يوميا أو حسب الحاجة.</p><p>تنبيه: المكملات الغذائية لا تغني عن الغذاء المتوازن. خال من الحليب والصويا والجلوتين.</p>,"<p>Servings: 20 | Serving size: 37 g | Expiry: 2027-09 | Form: powder</p><p>Optimum Nutrition's plant protein combines pea, brown rice and fava bean protein into a blend with 24 g of protein per scoop, plus added vitamin B12 and no milk or soy ingredients. It suits vegans, people who do not tolerate lactose, and anyone who wants to vary their protein sources.</p><table><tr><th>Nutrition facts</th><th>Per serving</th></tr><tr><td>Calories</td><td>150</td></tr><tr><td>Protein</td><td>24 g</td></tr><tr><td>Carbohydrates</td><td>7 g</td></tr><tr><td>Fibre</td><td>3 g</td></tr><tr><td>Sugars</td><td>1 g</td></tr><tr><td>Fat</td><td>3 g</td></tr></table><p>Directions: mix one scoop with 300 ml of water or plant milk, once daily or as needed.</p><p>Notice: food supplements do not replace a balanced diet. Free from milk, soy and gluten.</p>",بروتين نباتي جولد ستاندرد اوبتيموم | اوبتيمال اكس,جولد ستاندرد 100% بروتين نباتي من اوبتيموم نيوترشن: بازلاء وأرز وفول بـ 24 جم بروتين في المغرفة، خال من الحليب والصويا، 20 حصة، سعر شامل الضريبة.,Optimum Nutrition Gold Standard Plant Protein | OptimalX,"Buy Optimum Nutrition Gold Standard 100% Plant-Based Protein in Saudi Arabia: pea, rice and fava blend, 24 g protein per scoop, vegan, 20 servings.",الصحة العامة | التعافي,بروتين نباتي | اوبتيموم نيوترشن | فيجان | بروتين بازلاء | خال من اللاكتوز,,
OX-012,2052367464,https://s.salla.sa/products/2052367464,added,product,جوست بروتين نباتي - جوست,Ghost Vegan Protein - Ghost,Ghost,بروتين نباتي بنكهات الحلويات بـ 20 جم بروتين في المغرفة، 24 حصة في 907 جم,"Dessert-flavoured plant protein, 20 g protein per scoop, 24 servings in 907 g",199,,1.05,8,True,plant-protein | goal-general-health,24,37 جم (مغرفة واحدة),2027-08,"{""النكهة"": [""عجينة البان كيك"", ""بان كيك الموز""], ""الحجم"": [""907 جم""]}",https://www.sporter.com/media/catalog/product/g/h/ghost-pancake-butter-2lbs_2.jpg,sporter,https://www.sporter.com/en-sa/sport-supplements/protein/plant-based-protein/,https://www.sporter.com/en-sa/sport-supplements/protein/plant-based-protein/,"Sporter KSA plant-based protein category on 2026-09-17: Ghost Vegan Protein Pancake Batter 2 lb SAR 152.95, Banana Pancake Batter 2.2 lb SAR 152.95, Peanut Butter Cereal Milk 2 lb SAR 281.75. Set SAR 199, inside the 153 to 282 band.",<p>الحصص: 24 | حجم الحصة: 37 جم | الصلاحية: 2027-08 | الشكل: بودرة</p><p>جوست بروتين نباتي بودرة تعتمد على بروتين البازلاء والبطاطا الحلوة وبذور اليقطين، بـ 20 جم بروتين في المغرفة ونكهات حلويات مميزة مثل عجينة البان كيك. مناسبة لمن يبحث عن بروتين نباتي بطعم مختلف عن المعتاد، ولمن يريد إضافة نكهة إلى الشوفان أو العصائر.</p><table><tr><th>الحقائق الغذائية</th><th>لكل حصة</th></tr><tr><td>السعرات الحرارية</td><td>150</td></tr><tr><td>البروتين</td><td>20 جم</td></tr><tr><td>الكربوهيدرات</td><td>5 جم</td></tr><tr><td>الألياف</td><td>2 جم</td></tr><tr><td>السكريات</td><td>1 جم</td></tr><tr><td>الدهون</td><td>4 جم</td></tr></table><p>طريقة الاستخدام: تخلط مغرفة واحدة مع 240 إلى 300 مل من الماء أو حليب نباتي بارد مرة يوميا.</p><p>تنبيه: المكملات الغذائية لا تغني عن الغذاء المتوازن. خال من الحليب والصويا والجلوتين.</p>,"<p>Servings: 24 | Serving size: 37 g | Expiry: 2027-08 | Form: powder</p><p>Ghost Vegan Protein is a powder built on pea, sweet potato and pumpkin seed protein, with 20 g of protein per scoop and distinctive dessert flavours such as pancake batter. It suits people looking for a plant protein that tastes different from the usual options, and anyone who wants to flavour oats or smoothies.</p><table><tr><th>Nutrition facts</th><th>Per serving</th></tr><tr><td>Calories</td><td>150</td></tr><tr><td>Protein</td><td>20 g</td></tr><tr><td>Carbohydrates</td><td>5 g</td></tr><tr><td>Fibre</td><td>2 g</td></tr><tr><td>Sugars</td><td>1 g</td></tr><tr><td>Fat</td><td>4 g</td></tr></table><p>Directions: mix one scoop with 240 to 300 ml of cold water or plant milk once daily.</p><p>Notice: food supplements do not replace a balanced diet. Free from milk, soy and gluten.</p>",جوست بروتين نباتي 907 جم بنكهة البان كيك | اوبتيمال اكس,جوست بروتين نباتي بعبوة 907 جم و24 حصة: بازلاء وبطاطا حلوة وبذور يقطين بـ 20 جم بروتين في المغرفة، نكهة عجينة البان كيك، سعر شامل الضريبة.,Ghost Vegan Protein 907 g Pancake Batter | OptimalX,"Order Ghost Vegan Protein in Saudi Arabia: pea, sweet potato and pumpkin seed protein, 20 g per scoop, pancake batter flavour, 24 servings per 907 g.",الصحة العامة,بروتين نباتي | جوست | فيجان | بروتين | بان كيك,,
OX-013,1412547433,https://s.salla.sa/products/1412547433,added,product,سيريس ماس ماس جينر - اوبتيموم نيوترشن,Serious Mass Weight Gainer - Optimum Nutrition,Optimum Nutrition,1250 سعرة و50 جم بروتين في الحصة، 16 حصة في عبوة 5.44 كجم,"1250 calories and 50 g protein per serving, 16 servings in 5.44 kg",339,,5.8,8,True,mass-gainer | goal-ideal-weight,16,334 جم (مغرفتان ممتلئتان),2027-12,"{""النكهة"": [""فانيلا"", ""شوكولاتة""], ""الحجم"": [""5.44 كجم""]}",https://ecombe.nahdionline.com/media/catalog/product/1/0/101112634_aaf85dd70e8343ac1.jpg,nahdi,https://www.nahdionline.com/en-sa/optimum-nutrition-serious-mass-16-servings-vanilla-powder-544-kg/pdp/101112634,https://www.nahdionline.com/en-sa/optimum-nutrition-serious-mass-16-servings-vanilla-powder-544-kg/pdp/101112634,"Nahdi Online protein PLP on 2026-09-17: Serious Mass 16 servings Vanilla 5.44 kg SAR 291.83 sale / 389.11 list (4.7/5, 51 ratings). Set SAR 339, inside the Nahdi band.",<p>الحصص: 16 | حجم الحصة: 334 جم | الصلاحية: 2027-12 | الشكل: بودرة</p><p>سيريس ماس من اوبتيموم نيوترشن بودرة عالية السعرات تجمع الكربوهيدرات والبروتين في حصة واحدة تحتوي على 1250 سعرة و50 جم بروتين مع فيتامينات ومعادن وكرياتين مضاف. مناسب لمن يجد صعوبة في الوصول إلى احتياجه اليومي من السعرات عبر الطعام وحده، ضمن خطة غذائية وتدريبية مخططة.</p><table><tr><th>الحقائق الغذائية</th><th>لكل حصة</th></tr><tr><td>السعرات الحرارية</td><td>1250</td></tr><tr><td>البروتين</td><td>50 جم</td></tr><tr><td>الكربوهيدرات</td><td>252 جم</td></tr><tr><td>السكريات</td><td>20 جم</td></tr><tr><td>الدهون</td><td>4.5 جم</td></tr><tr><td>كرياتين مونوهيدرات</td><td>3 جم</td></tr><tr><td>الجلوتامين</td><td>1 جم</td></tr></table><p>طريقة الاستخدام: تخلط مغرفتان مع 700 مل من الماء أو الحليب في الخلاط. يمكن البدء بنصف حصة وزيادتها تدريجيا.</p><p>تنبيه: المكملات الغذائية لا تغني عن الغذاء المتوازن. يحتوي على الحليب والصويا والقمح.</p>,"<p>Servings: 16 | Serving size: 334 g | Expiry: 2027-12 | Form: powder</p><p>Serious Mass from Optimum Nutrition is a high-calorie powder that combines carbohydrates and protein in one serving of 1250 calories and 50 g of protein, with added vitamins, minerals and creatine. It suits people who struggle to reach their daily calorie target through food alone, within a planned programme.</p><table><tr><th>Nutrition facts</th><th>Per serving</th></tr><tr><td>Calories</td><td>1250</td></tr><tr><td>Protein</td><td>50 g</td></tr><tr><td>Carbohydrates</td><td>252 g</td></tr><tr><td>Sugars</td><td>20 g</td></tr><tr><td>Fat</td><td>4.5 g</td></tr><tr><td>Creatine monohydrate</td><td>3 g</td></tr><tr><td>Glutamine</td><td>1 g</td></tr></table><p>Directions: blend two scoops with 700 ml of water or milk. Start with half a serving.</p><p>Notice: food supplements do not replace a balanced diet. Contains milk, soy and wheat.</p>",سيريس ماس ماس جينر 5.44 كجم اوبتيموم | اوبتيمال اكس,سيريس ماس ماس جينر من اوبتيموم نيوترشن بعبوة 5.44 كجم و16 حصة: 1250 سعرة و50 جم بروتين في الحصة مع كرياتين وفيتامينات، نكهتان، سعر شامل الضريبة.,Optimum Nutrition Serious Mass 5.44 kg Gainer | OptimalX,"Buy Optimum Nutrition Serious Mass in Saudi Arabia: 1250 calories and 50 g protein per serving with creatine and vitamins, 16 servings per 5.44 kg.",الوزن المثالي,ماس جينر | اوبتيموم نيوترشن | سيريس ماس | زيادة الوزن | بروتين عالي السعرات,,
OX-014,1945829739,https://s.salla.sa/products/1945829739,added,product,ترو ماس ماس جينر - بي اس ان,True-Mass Weight Gainer - BSN,BSN,700 سعرة و46 جم بروتين في الحصة بنسبة كربوهيدرات معتدلة، 28 حصة في 4.65 كجم,"700 calories, 46 g protein per serving, moderate carbs, 28 servings in 4.65 kg",329,269,5.0,7,True,mass-gainer | goal-ideal-weight | goal-recovery,28,165 جم (3 مغارف),2027-11,"{""النكهة"": [""فانيلا آيس كريم"", ""ميلك شيك الشوكولاتة""], ""الحجم"": [""4.65 كجم""]}",https://ecombe.nahdionline.com/media/catalog/product/1/0/103138803_a3b1ae942a893d265_1.jpg,nahdi,https://www.nahdionline.com/en-sa/bsn-true-mass-weight-gainer-vanilla-ice-cream-465kg/pdp/103138803,https://www.nahdionline.com/en-sa/bsn-true-mass-weight-gainer-vanilla-ice-cream-465kg/pdp/103138803,"Nahdi Online protein PLP on 2026-09-17: BSN True-Mass Weight Gainer Vanilla Ice Cream 4.65 kg SAR 265.08 sale / 353.44 list. Set list SAR 329 and sale SAR 269, both inside the Nahdi band.",<p>الحصص: 28 | حجم الحصة: 165 جم | الصلاحية: 2027-11 | الشكل: بودرة</p><p>ترو ماس من بي اس ان بودرة غنية بالسعرات بنسبة كربوهيدرات إلى بروتين تقارب 2 إلى 1، مع مزيج بروتينات متعدد المصادر يحتوي على 46 جم بروتين و700 سعرة في الحصة. مناسب لمن يريد سعرات إضافية بحصة أصغر من الماس جينر التقليدي، ولمن يفضل قواما كريميا يشبه الميلك شيك.</p><table><tr><th>الحقائق الغذائية</th><th>لكل حصة</th></tr><tr><td>السعرات الحرارية</td><td>700</td></tr><tr><td>البروتين</td><td>46 جم</td></tr><tr><td>الكربوهيدرات</td><td>90 جم</td></tr><tr><td>الألياف</td><td>3 جم</td></tr><tr><td>السكريات</td><td>14 جم</td></tr><tr><td>الدهون</td><td>17 جم</td></tr></table><p>طريقة الاستخدام: تخلط 3 مغارف مع 470 مل من الماء أو الحليب البارد، مرة يوميا بين الوجبات أو بعد التمرين.</p><p>تنبيه: المكملات الغذائية لا تغني عن الغذاء المتوازن. يحتوي على الحليب والصويا والقمح والبيض.</p>,"<p>Servings: 28 | Serving size: 165 g | Expiry: 2027-11 | Form: powder</p><p>True-Mass from BSN is a calorie-dense powder with a carbohydrate to protein ratio of about 2 to 1 and a multi-source protein blend delivering 46 g of protein and 700 calories per serving. It suits people who want extra calories in a smaller serving than a traditional gainer, with a creamy milkshake texture.</p><table><tr><th>Nutrition facts</th><th>Per serving</th></tr><tr><td>Calories</td><td>700</td></tr><tr><td>Protein</td><td>46 g</td></tr><tr><td>Carbohydrates</td><td>90 g</td></tr><tr><td>Fibre</td><td>3 g</td></tr><tr><td>Sugars</td><td>14 g</td></tr><tr><td>Fat</td><td>17 g</td></tr></table><p>Directions: mix 3 scoops with 470 ml of cold water or milk, once daily between meals.</p><p>Notice: food supplements do not replace a balanced diet. Contains milk, soy, wheat and egg.</p>",ترو ماس ماس جينر 4.65 كجم من بي اس ان | اوبتيمال اكس,ترو ماس ماس جينر من بي اس ان بعبوة 4.65 كجم و28 حصة: 700 سعرة و46 جم بروتين في الحصة بمزيج بروتينات، نكهة فانيلا آيس كريم، بسعر عرض شامل الضريبة.,BSN True-Mass Weight Gainer 4.65 kg Vanilla | OptimalX,"Order BSN True-Mass weight gainer in Saudi Arabia: 700 calories and 46 g protein per serving, multi-source protein blend, 28 servings per 4.65 kg.",الوزن المثالي | التعافي,ماس جينر | بي اس ان | ترو ماس | زيادة الوزن | عرض,,
OX-015,995134839,https://s.salla.sa/products/995134839,pending,product,كرياتين مونوهيدرات مطحون ناعم - اوبتيموم نيوترشن,Micronized Creatine Monohydrate Powder - Optimum Nutrition,Optimum Nutrition,كرياتين مونوهيدرات نقي 5 جم في الحصة، 120 حصة في عبوة 600 جم بدون نكهة,"Pure creatine monohydrate, 5 g per serving, 120 servings in 600 g, unflavored",149,,0.75,30,True,creatine | goal-performance,120,5 جم (ملعقة صغيرة ممتلئة),2028-09,"{""الحجم"": [""600 جم""]}",,not-captured,https://sa.iherb.com/c/sports?sr=2,https://sa.iherb.com/c/sports?sr=2,"iHerb SA Sports best sellers on 2026-09-17: Optimum Nutrition Micronized Creatine Powder unflavored 600 g SAR 155.54 (4.7/5, 13,284 reviews). Set SAR 149, at the iHerb figure; Sporter carries the same tub under https://www.sporter.com/en-sa/sport-supplements/creatine/creatine-monohydrate/ (price not captured).",<p>الحصص: 120 | حجم الحصة: 5 جم | الصلاحية: 2028-09 | الشكل: بودرة</p><p>كرياتين مونوهيدرات من اوبتيموم نيوترشن بودرة مطحونة ناعما بمكون واحد، تحتوي كل حصة على 5 جم كرياتين مونوهيدرات بلا نكهة أو محليات. الكرياتين من أكثر المكملات الرياضية دراسة واستخداما، ويناسب من يمارس تمارين المقاومة أو الرياضات عالية الشدة ويريد إضافته إلى مشروبه اليومي.</p><table><tr><th>الحقائق الغذائية</th><th>لكل حصة</th></tr><tr><td>كرياتين مونوهيدرات</td><td>5 جم</td></tr><tr><td>السعرات الحرارية</td><td>0</td></tr><tr><td>الكربوهيدرات</td><td>0 جم</td></tr><tr><td>البروتين</td><td>0 جم</td></tr><tr><td>الصوديوم</td><td>0 ملجم</td></tr></table><p>طريقة الاستخدام: تخلط ملعقة صغيرة ممتلئة (5 جم) مع 240 مل من الماء أو العصير أو مع مشروب البروتين، مرة يوميا في أي وقت.</p><p>تنبيه: المكملات الغذائية لا تغني عن الغذاء المتوازن. اشرب كمية كافية من الماء خلال اليوم.</p>,"<p>Servings: 120 | Serving size: 5 g | Expiry: 2028-09 | Form: powder</p><p>Optimum Nutrition Micronized Creatine is a finely milled, single-ingredient powder giving 5 g of creatine monohydrate per serving with no flavour or sweetener. Creatine is among the most studied sports supplements, and it suits people doing resistance training who want to add it to a daily drink.</p><table><tr><th>Nutrition facts</th><th>Per serving</th></tr><tr><td>Creatine monohydrate</td><td>5 g</td></tr><tr><td>Calories</td><td>0</td></tr><tr><td>Carbohydrates</td><td>0 g</td></tr><tr><td>Protein</td><td>0 g</td></tr><tr><td>Sodium</td><td>0 mg</td></tr></table><p>Directions: mix one rounded teaspoon (5 g) with 240 ml of water or juice, or into a protein shake, once daily at any time.</p><p>Notice: food supplements do not replace a balanced diet. Drink enough water through the day.</p>",كرياتين مونوهيدرات 600 جم اوبتيموم | اوبتيمال اكس,كرياتين مونوهيدرات مطحون ناعم من اوبتيموم نيوترشن بعبوة 600 جم و120 حصة: 5 جم كرياتين نقي في الحصة بدون نكهة، سعر شامل الضريبة وتوصيل سريع.,Optimum Nutrition Micronized Creatine 600 g | OptimalX,"Buy Optimum Nutrition Micronized Creatine Monohydrate in Saudi Arabia: 5 g pure creatine per serving, unflavored, 120 servings per 600 g tub.",الأداء,كرياتين | كرياتين مونوهيدرات | اوبتيموم نيوترشن | كرياتين بودرة | مكملات القوة,,
OX-016,779499389,https://s.salla.sa/products/779499389,pending,product,كرياتين مونوهيدرات - ثورن,Creatine Monohydrate - Thorne,Thorne,كرياتين معتمد من NSF للرياضيين، 5 جم في الحصة، 90 حصة في عبوة 450 جم,"NSF Certified for Sport creatine, 5 g per serving, 90 servings in 450 g",169,,0.6,15,True,creatine | goal-performance,90,5 جم (مغرفة واحدة),2028-08,"{""الحجم"": [""450 جم""]}",,not-captured,https://sa.iherb.com/c/sports?sr=2,https://sa.iherb.com/c/sports?sr=2,"iHerb SA Sports best sellers on 2026-09-17: Thorne Creatine 450 g SAR 166.65 (4.8/5, 6,305 reviews). Set SAR 169, at the iHerb figure.",<p>الحصص: 90 | حجم الحصة: 5 جم | الصلاحية: 2028-08 | الشكل: بودرة</p><p>كرياتين ثورن بودرة كرياتين مونوهيدرات بمكون واحد، تحمل شهادة NSF Certified for Sport التي تعني فحص كل دفعة إنتاج للتأكد من خلوها من المواد المحظورة رياضيا. مناسب للرياضيين الذين يخضعون لفحوصات المنشطات، ولمن يريد كرياتين بمعيار جودة موثق وبدون نكهة أو إضافات.</p><table><tr><th>الحقائق الغذائية</th><th>لكل حصة</th></tr><tr><td>كرياتين مونوهيدرات</td><td>5 جم</td></tr><tr><td>السعرات الحرارية</td><td>0</td></tr><tr><td>الكربوهيدرات</td><td>0 جم</td></tr><tr><td>السكريات</td><td>0 جم</td></tr></table><p>طريقة الاستخدام: تخلط مغرفة واحدة (5 جم) مع 240 مل من الماء أو أي مشروب، مرة يوميا.</p><p>تنبيه: المكملات الغذائية لا تغني عن الغذاء المتوازن. اشرب كمية كافية من الماء خلال اليوم.</p>,"<p>Servings: 90 | Serving size: 5 g | Expiry: 2028-08 | Form: powder</p><p>Thorne Creatine is a single-ingredient creatine monohydrate powder carrying the NSF Certified for Sport mark, which means every production lot is tested for substances banned in sport. It suits athletes subject to anti-doping testing, and anyone who wants creatine with a documented quality standard and no flavour or additives.</p><table><tr><th>Nutrition facts</th><th>Per serving</th></tr><tr><td>Creatine monohydrate</td><td>5 g</td></tr><tr><td>Calories</td><td>0</td></tr><tr><td>Carbohydrates</td><td>0 g</td></tr><tr><td>Sugars</td><td>0 g</td></tr></table><p>Directions: mix one scoop (5 g) with 240 ml of water or any drink, once daily.</p><p>Notice: food supplements do not replace a balanced diet. Drink enough water through the day.</p>",كرياتين ثورن 450 جم معتمد NSF للرياضيين | اوبتيمال اكس,كرياتين مونوهيدرات من ثورن بعبوة 450 جم و90 حصة: 5 جم في الحصة، معتمد من NSF Certified for Sport ومفحوص من المواد المحظورة، سعر شامل الضريبة.,Thorne Creatine 450 g NSF Certified for Sport | OptimalX,"Shop Thorne Creatine monohydrate in Saudi Arabia: NSF Certified for Sport, 5 g per serving, 90 servings per 450 g, unflavored single-ingredient powder.",الأداء,كرياتين | ثورن | كرياتين مونوهيدرات | NSF | مكملات الرياضيين,,
OX-017,1836761674,https://s.salla.sa/products/1836761674,added,product,امينو انرجي - اوبتيموم نيوترشن,Essential Amino Energy - Optimum Nutrition,Optimum Nutrition,أحماض أمينية مع 100 ملجم كافيين طبيعي في الحصة، 30 حصة,"Amino acids with 100 mg natural caffeine per serving, 30 servings",129,,0.4,20,True,pre-workout | goal-energy | goal-performance,30,9 جم (مغرفتان),2028-02,"{""النكهة"": [""توت أزرق"", ""بطيخ"", ""عنب كونكورد""], ""الحجم"": [""30 حصة"", ""65 حصة""]}",https://www.sporter.com/media/catalog/product/o/p/optimum-amino-energy---blue-raspberry---30-servings.jpg,sporter,https://www.sporter.com/en-sa/sport-supplements/energy-endurance/,https://www.sporter.com/en-sa/sport-supplements/energy-endurance/,"Sporter KSA pre-workout category on 2026-09-17: Optimum Amino Energy 30 servings SAR 118.89 (Fruit Fusion, Orange Cooler), 135.45 (Blue Raspberry), 153.77 (Concord Grape); 65 servings SAR 222.33 to 234.04. Set SAR 129 for 30 servings and SAR 229 for the 65-serving variant, both inside the bands.",<p>الحصص: 30 | حجم الحصة: 9 جم | الصلاحية: 2028-02 | الشكل: بودرة</p><p>امينو انرجي من اوبتيموم نيوترشن بودرة مشروب تجمع 5 جم من مزيج الأحماض الأمينية مع 100 ملجم كافيين من الشاي الأخضر وحبوب البن في كل حصة. مناسب كمشروب قبل التمرين بجرعة كافيين معتدلة، أو كبديل خفيف عن قهوة منتصف اليوم.</p><table><tr><th>الحقائق الغذائية</th><th>لكل حصة</th></tr><tr><td>السعرات الحرارية</td><td>10</td></tr><tr><td>الكربوهيدرات</td><td>2 جم</td></tr><tr><td>السكريات</td><td>0 جم</td></tr><tr><td>مزيج الأحماض الأمينية</td><td>5 جم</td></tr><tr><td>الكافيين</td><td>100 ملجم</td></tr></table><p>طريقة الاستخدام: تخلط مغرفتان مع 300 مل من الماء البارد قبل التمرين بـ 20 إلى 30 دقيقة. لا تتجاوز 3 حصص في اليوم.</p><p>تنبيه: المكملات الغذائية لا تغني عن الغذاء المتوازن. يحتوي على كافيين ولا يناسب الحوامل والمرضعات ومن هم دون 18 عاما.</p>,"<p>Servings: 30 | Serving size: 9 g | Expiry: 2028-02 | Form: powder</p><p>Amino Energy from Optimum Nutrition is a drink powder combining 5 g of amino acids with 100 mg of caffeine from green tea and coffee per serving. It suits people who want a moderate-caffeine pre-workout, or a light alternative to afternoon coffee.</p><table><tr><th>Nutrition facts</th><th>Per serving</th></tr><tr><td>Calories</td><td>10</td></tr><tr><td>Carbohydrates</td><td>2 g</td></tr><tr><td>Sugars</td><td>0 g</td></tr><tr><td>Amino acid blend</td><td>5 g</td></tr><tr><td>Caffeine</td><td>100 mg</td></tr></table><p>Directions: mix two scoops with 300 ml of cold water 30 minutes before training. Do not exceed 3 servings per day.</p><p>Notice: food supplements do not replace a balanced diet. Contains caffeine; not suitable for pregnant or nursing women or anyone under 18.</p>",امينو انرجي 30 حصة من اوبتيموم نيوترشن | اوبتيمال اكس,امينو انرجي من اوبتيموم نيوترشن بعبوة 30 حصة: 5 جم أحماض أمينية و100 ملجم كافيين طبيعي في الحصة، مشروب قبل التمرين بنكهات الفواكه، سعر شامل الضريبة.,Optimum Nutrition Amino Energy 30 Servings | OptimalX,"Buy Optimum Nutrition Essential Amino Energy in Saudi Arabia: 5 g amino blend and 100 mg natural caffeine per serving, 30 or 65 servings, fruit flavours.",الطاقة | الأداء,ما قبل التمرين | بري وورك اوت | امينو انرجي | اوبتيموم نيوترشن | كافيين,,
OX-018,153878612,https://s.salla.sa/products/153878612,added,product,بلاك سيريس نوك اوت 2.0 ما قبل التمرين - اوليمب,Black Series Knockout 2.0 Pre-Workout - Olimp Sport Nutrition,Olimp Sport Nutrition,تركيبة ما قبل التمرين مع سيترولين وبيتا ألانين و200 ملجم كافيين، 25 حصة,"Pre-workout with citrulline, beta-alanine and 200 mg caffeine, 25 servings",165,,0.42,12,True,pre-workout | goal-energy | goal-performance,25,12.2 جم (مغرفة واحدة),2027-10,"{""النكهة"": [""كولا"", ""علكة الفقاعات""], ""الحجم"": [""305 جم""]}",https://www.sporter.com/media/catalog/product/k/n/knokout-olimp-new-2022_2.jpg,sporter,https://www.sporter.com/en-sa/knockout-2-0/,https://www.sporter.com/en-sa/sport-supplements/energy-endurance/,"Sporter KSA pre-workout category on 2026-09-17: Olimp Black Series Knockout 2.0 305 g SAR 168.27 (Cola Blast in stock, Bubble Blow out of stock). Set SAR 165, at the Sporter figure.",<p>الحصص: 25 | حجم الحصة: 12.2 جم | الصلاحية: 2027-10 | الشكل: بودرة</p><p>نوك اوت 2.0 من اوليمب تركيبة ما قبل التمرين من شركة أوروبية بمعايير تصنيع دوائية، تجمع سيترولين مالات وبيتا ألانين وتورين مع 200 ملجم كافيين في كل حصة. مناسب للمتدربين المعتادين على الكافيين الذين يريدون مشروبا مركزا قبل الحصص الثقيلة، وليس للمبتدئين.</p><table><tr><th>الحقائق الغذائية</th><th>لكل حصة</th></tr><tr><td>السعرات الحرارية</td><td>20</td></tr><tr><td>سيترولين مالات</td><td>3000 ملجم</td></tr><tr><td>بيتا ألانين</td><td>2000 ملجم</td></tr><tr><td>تورين</td><td>500 ملجم</td></tr><tr><td>الكافيين</td><td>200 ملجم</td></tr></table><p>طريقة الاستخدام: تخلط مغرفة واحدة مع 300 مل من الماء قبل التمرين بـ 30 دقيقة. حصة واحدة يوميا كحد أقصى.</p><p>تنبيه: المكملات الغذائية لا تغني عن الغذاء المتوازن. يحتوي على كافيين مرتفع ولا يناسب الحوامل والمرضعات ومن هم دون 18 عاما.</p>,"<p>Servings: 25 | Serving size: 12.2 g | Expiry: 2027-10 | Form: powder</p><p>Knockout 2.0 from Olimp is a pre-workout formula from a European company with pharmaceutical-grade manufacturing standards, combining citrulline malate, beta-alanine and taurine with 200 mg of caffeine per serving. It suits trainees used to caffeine who want a concentrated drink before heavy sessions, not for beginners.</p><table><tr><th>Nutrition facts</th><th>Per serving</th></tr><tr><td>Calories</td><td>20</td></tr><tr><td>Citrulline malate</td><td>3000 mg</td></tr><tr><td>Beta-alanine</td><td>2000 mg</td></tr><tr><td>Taurine</td><td>500 mg</td></tr><tr><td>Caffeine</td><td>200 mg</td></tr></table><p>Directions: mix one scoop with 300 ml of water 30 minutes before training. One serving per day maximum.</p><p>Notice: food supplements do not replace a balanced diet. High caffeine; not suitable for pregnant or nursing women or anyone under 18.</p>",نوك اوت 2.0 ما قبل التمرين 305 جم اوليمب | اوبتيمال اكس,نوك اوت 2.0 من اوليمب بعبوة 305 جم و25 حصة: تركيبة ما قبل التمرين مع سيترولين مالات وبيتا ألانين و200 ملجم كافيين في الحصة، سعر شامل الضريبة.,Olimp Black Series Knockout 2.0 Pre-Workout 305 g | OptimalX,"Order Olimp Knockout 2.0 pre-workout in Saudi Arabia: citrulline malate, beta-alanine, taurine and 200 mg caffeine per serving, 25 servings per 305 g.",الطاقة | الأداء,ما قبل التمرين | بري وورك اوت | اوليمب | نوك اوت | كافيين,,
OX-019,1527328597,https://s.salla.sa/products/1527328597,added,product,امينو بيلد BCAA - مسل تك,Amino Build BCAA - MuscleTech,MuscleTech,4 جم BCAA بنسبة 2:1:1 مع بيتايين وإلكتروليتات، 40 حصة,"4 g BCAA at 2:1:1 with betaine and electrolytes, 40 servings",159,,0.5,15,True,amino-acids | goal-recovery | goal-performance,40,9.9 جم (مغرفة واحدة),2028-01,"{""النكهة"": [""تروبيكال تويست"", ""فراولة وبطيخ""], ""الحجم"": [""40 حصة""]}",https://www.sporter.com/media/catalog/product/1/1/113599.jpg,sporter,https://www.sporter.com/en-sa/sport-supplements/aminos-recovery/,https://www.sporter.com/en-sa/sport-supplements/aminos-recovery/,"Sporter KSA aminos and recovery category on 2026-09-17: MuscleTech Amino Build 40 servings SAR 163.43 (Tropical Twist and Strawberry Watermelon). Set SAR 159, at the Sporter figure.",<p>الحصص: 40 | حجم الحصة: 9.9 جم | الصلاحية: 2028-01 | الشكل: بودرة</p><p>امينو بيلد من مسل تك بودرة مشروب أثناء التمرين تحتوي على 4 جم من الأحماض الأمينية المتفرعة بنسبة 2:1:1 مع 2.5 جم بيتايين وتورين وإلكتروليتات، بلا سكر أو كافيين. مناسب لمن يريد مشروبا خفيفا يشربه خلال الحصة أو بعدها، ولمن يتدرب في المساء ويفضل تجنب الكافيين.</p><table><tr><th>الحقائق الغذائية</th><th>لكل حصة</th></tr><tr><td>السعرات الحرارية</td><td>10</td></tr><tr><td>السكريات</td><td>0 جم</td></tr><tr><td>الأحماض الأمينية المتفرعة BCAA</td><td>4 جم</td></tr><tr><td>منها ليوسين</td><td>2 جم</td></tr><tr><td>بيتايين</td><td>2.5 جم</td></tr><tr><td>تورين</td><td>1 جم</td></tr></table><p>طريقة الاستخدام: تخلط مغرفة واحدة مع 300 مل من الماء وتشرب خلال التمرين أو بعده مباشرة.</p><p>تنبيه: المكملات الغذائية لا تغني عن الغذاء المتوازن. غير مخصص لمن هم دون 18 عاما.</p>,"<p>Servings: 40 | Serving size: 9.9 g | Expiry: 2028-01 | Form: powder</p><p>Amino Build from MuscleTech is an intra-workout drink powder with 4 g of branched-chain amino acids at a 2:1:1 ratio plus 2.5 g betaine, taurine and electrolytes, with no sugar or caffeine. It suits people who want a light drink during or right after a session, and evening trainers who prefer to avoid caffeine.</p><table><tr><th>Nutrition facts</th><th>Per serving</th></tr><tr><td>Calories</td><td>10</td></tr><tr><td>Sugars</td><td>0 g</td></tr><tr><td>BCAA</td><td>4 g</td></tr><tr><td>of which leucine</td><td>2 g</td></tr><tr><td>Betaine</td><td>2.5 g</td></tr><tr><td>Taurine</td><td>1 g</td></tr></table><p>Directions: mix one scoop with 300 ml of water and drink during or straight after training.</p><p>Notice: food supplements do not replace a balanced diet.</p>",امينو بيلد BCAA 40 حصة من مسل تك | اوبتيمال اكس,امينو بيلد من مسل تك بعبوة 40 حصة: 4 جم أحماض أمينية متفرعة BCAA بنسبة 2:1:1 مع بيتايين وتورين وإلكتروليتات، بلا سكر أو كافيين، سعر شامل الضريبة.,MuscleTech Amino Build BCAA 40 Servings | OptimalX,"Buy MuscleTech Amino Build in Saudi Arabia: 4 g BCAA at 2:1:1 with betaine, taurine and electrolytes, sugar-free and caffeine-free, 40 servings.",التعافي | الأداء,BCAA | أحماض أمينية | مسل تك | امينو بيلد | مشروب أثناء التمرين,,
OX-020,886459990,https://s.salla.sa/products/886459990,added,product,سوبيريور امينو 2222 أقراص - اوبتيموم نيوترشن,Superior Amino 2222 Tablets - Optimum Nutrition,Optimum Nutrition,2222 ملجم من مزيج أحماض أمينية كاملة في كل قرصين، 160 قرصا,"2222 mg of a full amino acid blend in every two tablets, 160 tablets",109,,0.35,20,True,amino-acids | goal-recovery,80,قرصان,2028-05,"{""الحجم"": [""160 قرصا"", ""320 قرصا""]}",https://www.sporter.com/media/catalog/product/1/6/160kkssla.jpg,sporter,https://www.sporter.com/en-sa/sport-supplements/aminos-recovery/,https://www.sporter.com/en-sa/sport-supplements/aminos-recovery/,"Sporter KSA aminos and recovery category on 2026-09-17: Optimum Superior Amino 2222 Tablets 160 tablets SAR 107.01, 320 tablets SAR 184.94. Set SAR 109 for 160 tablets and SAR 179 for the 320-tablet variant.",<p>الحصص: 80 | حجم الحصة: قرصان | الصلاحية: 2028-05 | الشكل: أقراص</p><p>سوبيريور امينو 2222 من اوبتيموم نيوترشن أقراص تحتوي على 2222 ملجم من مزيج أحماض أمينية مشتقة من بروتين الواي والصويا والكولاجين في كل قرصين، وتغطي الأحماض الأمينية الأساسية وغير الأساسية معا. مناسبة لمن يفضل الأقراص على البودرة، ولمن يريد إضافة صغيرة من الأحماض الأمينية مع الوجبات أو بعد التمرين.</p><table><tr><th>الحقائق الغذائية</th><th>لكل حصة</th></tr><tr><td>مزيج الأحماض الأمينية</td><td>2222 ملجم</td></tr><tr><td>السعرات الحرارية</td><td>10</td></tr><tr><td>البروتين</td><td>2 جم</td></tr><tr><td>الكربوهيدرات</td><td>0 جم</td></tr><tr><td>الدهون</td><td>0 جم</td></tr></table><p>طريقة الاستخدام: قرصان مع الماء مرة إلى ثلاث مرات يوميا، مع الوجبات أو بعد التمرين.</p><p>تنبيه: المكملات الغذائية لا تغني عن الغذاء المتوازن. يحتوي على الحليب والصويا.</p>,"<p>Servings: 80 | Serving size: 2 tablets | Expiry: 2028-05 | Form: tablets</p><p>Superior Amino 2222 from Optimum Nutrition provides 2222 mg of an amino acid blend derived from whey, soy and collagen protein in every two tablets, covering essential and non-essential amino acids together. It suits people who prefer tablets over powders, and anyone who wants a small amino acid top-up with meals or after training.</p><table><tr><th>Nutrition facts</th><th>Per serving</th></tr><tr><td>Amino acid blend</td><td>2222 mg</td></tr><tr><td>Calories</td><td>10</td></tr><tr><td>Protein</td><td>2 g</td></tr><tr><td>Carbohydrates</td><td>0 g</td></tr><tr><td>Fat</td><td>0 g</td></tr></table><p>Directions: two tablets with water one to three times daily, with meals or after training.</p><p>Notice: food supplements do not replace a balanced diet. Contains milk and soy.</p>",سوبيريور امينو 2222 160 قرصا اوبتيموم | اوبتيمال اكس,سوبيريور امينو 2222 من اوبتيموم نيوترشن بعبوة 160 قرصا و80 حصة: 2222 ملجم أحماض أمينية أساسية وغير أساسية في كل قرصين، سعر شامل الضريبة.,Optimum Nutrition Superior Amino 2222 160 Tablets | OptimalX,"Order Optimum Nutrition Superior Amino 2222 in Saudi Arabia: 2222 mg amino acid blend per two tablets, essential and non-essential, 160 or 320 tablets.",التعافي,أحماض أمينية | اوبتيموم نيوترشن | امينو 2222 | أقراص أحماض أمينية | بعد التمرين,,
OX-021,577153873,https://s.salla.sa/products/577153873,added,product,ال-أرجينين 1000 ملجم أقراص - ناو فودز,L-Arginine 1000 mg Tablets - NOW Foods,NOW Foods,حمض أميني حر بجرعة 1000 ملجم في القرص، 120 قرصا,"Free-form amino acid, 1000 mg per tablet, 120 tablets",99,,0.25,25,True,amino-acids | goal-performance | goal-energy,60,قرصان,2028-06,"{""الحجم"": [""120 قرصا""]}",https://www.sporter.com/media/catalog/product/n/o/now-l-arginine-n22_1.jpg,sporter,https://www.sporter.com/en-sa/sport-supplements/aminos-recovery/,https://www.sporter.com/en-sa/sport-supplements/aminos-recovery/,"Sporter KSA on 2026-09-17: NOW L-Arginine 1000 mg 120 tablets SAR 123.21 (also on the Sporter vitamins best-sellers page). iHerb SA Sports best sellers list the same item at SAR 85.93 (4.7/5, 27,959 reviews, https://sa.iherb.com/c/sports?sr=2). Set SAR 99, inside the 86 to 123 band.",<p>الحصص: 60 | حجم الحصة: قرصان | الصلاحية: 2028-06 | الشكل: أقراص</p><p>ال-أرجينين من ناو فودز أقراص تحتوي على 1000 ملجم من الحمض الأميني ال-أرجينين بصورته الحرة في كل قرص، وهو حمض أميني يستخدمه الجسم في تصنيع أكسيد النيتريك. يناسب من يريد إضافته إلى روتينه قبل التمرين أو موزعا على اليوم.</p><table><tr><th>الحقائق الغذائية</th><th>لكل حصة</th></tr><tr><td>ال-أرجينين (حر)</td><td>2000 ملجم</td></tr><tr><td>السعرات الحرارية</td><td>10</td></tr><tr><td>البروتين</td><td>2 جم</td></tr><tr><td>الكربوهيدرات</td><td>أقل من 1 جم</td></tr></table><p>طريقة الاستخدام: قرصان مع الماء مرة إلى مرتين يوميا، ويفضل بين الوجبات أو قبل التمرين.</p><p>تنبيه: المكملات الغذائية لا تغني عن الغذاء المتوازن. استشر مختصا مرخصا قبل الاستخدام مع أي أدوية.</p>,"<p>Servings: 60 | Serving size: 2 tablets | Expiry: 2028-06 | Form: tablets</p><p>NOW Foods L-Arginine tablets contain 1000 mg of the free-form amino acid L-arginine per tablet, an amino acid the body uses to make nitric oxide. It suits people who want to add it to a pre-workout routine or spread it through the day.</p><table><tr><th>Nutrition facts</th><th>Per serving</th></tr><tr><td>L-Arginine (free-form)</td><td>2000 mg</td></tr><tr><td>Calories</td><td>10</td></tr><tr><td>Protein</td><td>2 g</td></tr><tr><td>Carbohydrates</td><td>under 1 g</td></tr></table><p>Directions: two tablets with water once or twice daily, preferably between meals or before training.</p><p>Notice: food supplements do not replace a balanced diet. Consult a licensed professional before use alongside any medication.</p>",ال-أرجينين 1000 ملجم 120 قرصا من ناو | اوبتيمال اكس,ال-أرجينين 1000 ملجم من ناو فودز بعبوة 120 قرصا و60 حصة: حمض أميني حر بجرعة 2000 ملجم في كل قرصين، مناسب قبل التمرين أو موزعا على اليوم، سعر شامل الضريبة.,NOW Foods L-Arginine 1000 mg 120 Tablets | OptimalX,"Buy NOW Foods L-Arginine 1000 mg in Saudi Arabia: free-form amino acid, 2000 mg per two-tablet serving, 120 tablets, one of NOW's top sellers.",الأداء | الطاقة,أرجينين | ناو فودز | أحماض أمينية | ال-أرجينين | أكسيد النيتريك,,
OX-022,684106154,https://s.salla.sa/products/684106154,pending,product,زيت السمك اوميغا 3 الاسكي 1250 ملجم - سبورتس ريسيرش,Alaskan Omega-3 Fish Oil 1250 mg - Sports Research,Sports Research,1040 ملجم اوميغا 3 في كبسولة واحدة من سمك الاسكا البري، 90 كبسولة,"1040 mg omega-3 in one softgel from wild Alaskan fish, 90 softgels",149,,0.3,22,True,omega-3 | goal-general-health,90,كبسولة هلامية واحدة,2028-04,"{""الحجم"": [""90 كبسولة"", ""180 كبسولة""]}",,not-captured,https://sa.iherb.com/c/sports?sr=2,https://sa.iherb.com/c/sports?sr=2,"iHerb SA Sports best sellers on 2026-09-17: Sports Research Alaskan Omega-3 Fish Oil 90 softgels SAR 144.49 (4.8/5, 51,073 reviews); Omega-3 Fish Oil 180 softgels SAR 283.92. Set SAR 149 for 90 and SAR 285 for the 180 variant, at the iHerb figures.",<p>الحصص: 90 | حجم الحصة: كبسولة واحدة | الصلاحية: 2028-04 | الشكل: كبسولات</p><p>زيت سمك اوميغا 3 من سبورتس ريسيرش كبسولات هلامية بتركيز ثلاثي، كل كبسولة تحتوي على 1250 ملجم زيت سمك من بولوك الاسكا البري يعطي 1040 ملجم اوميغا 3 بصيغة الجليسريدات الثلاثية. مناسب لمن يريد جرعة اوميغا 3 كاملة من كبسولة واحدة يوميا بدلا من كبسولتين أو ثلاث، مع غلاف مقاوم للطعم السمكي.</p><table><tr><th>الحقائق الغذائية</th><th>لكل حصة</th></tr><tr><td>السعرات الحرارية</td><td>15</td></tr><tr><td>زيت السمك</td><td>1250 ملجم</td></tr><tr><td>اوميغا 3 الكلية</td><td>1040 ملجم</td></tr><tr><td>EPA</td><td>690 ملجم</td></tr><tr><td>DHA</td><td>260 ملجم</td></tr></table><p>طريقة الاستخدام: كبسولة واحدة يوميا مع وجبة تحتوي على دهون.</p><p>تنبيه: المكملات الغذائية لا تغني عن الغذاء المتوازن. يحتوي على السمك. استشر مختصا مرخصا قبل الاستخدام مع أدوية سيولة الدم.</p>,"<p>Servings: 90 | Serving size: 1 softgel | Expiry: 2028-04 | Form: capsules</p><p>Sports Research Omega-3 Fish Oil comes in triple-strength softgels; each contains 1250 mg of fish oil from wild Alaskan pollock giving 1040 mg of omega-3 in triglyceride form. It suits people who want a full omega-3 dose from one softgel a day instead of two or three, with a coating that limits fishy aftertaste.</p><table><tr><th>Nutrition facts</th><th>Per serving</th></tr><tr><td>Calories</td><td>15</td></tr><tr><td>Fish oil</td><td>1250 mg</td></tr><tr><td>Total omega-3</td><td>1040 mg</td></tr><tr><td>EPA</td><td>690 mg</td></tr><tr><td>DHA</td><td>260 mg</td></tr></table><p>Directions: one softgel daily with a meal containing fat.</p><p>Notice: food supplements do not replace a balanced diet. Contains fish. Consult a licensed professional before use alongside blood-thinning medication.</p>",اوميغا 3 زيت السمك 1250 ملجم سبورتس | اوبتيمال اكس,زيت السمك اوميغا 3 الاسكي من سبورتس ريسيرش بعبوة 90 كبسولة: 1250 ملجم زيت سمك و1040 ملجم اوميغا 3 في كبسولة واحدة يوميا، سعر شامل الضريبة.,Sports Research Omega-3 Fish Oil 90 Softgels | OptimalX,"Shop Sports Research Omega-3 Fish Oil in Saudi Arabia: 1250 mg fish oil with 1040 mg omega-3 per softgel, EPA 690 mg, DHA 260 mg, 90 or 180 softgels.",الصحة العامة,اوميغا 3 | زيت السمك | سبورتس ريسيرش | EPA DHA | الصحة العامة,,
OX-023,2057552043,https://s.salla.sa/products/2057552043,pending,product,سوبر اوميغا 3-6-9 1200 ملجم - ناو فودز,Super Omega 3-6-9 1200 mg - NOW Foods,NOW Foods,مزيج زيوت السمك والكتان ولسان الثور بـ 1200 ملجم في الكبسولة، 90 كبسولة,"Fish, flax and borage oil blend, 1200 mg per softgel, 90 softgels",79,,0.25,30,True,omega-3 | goal-general-health,45,كبسولتان هلاميتان,2028-03,"{""الحجم"": [""90 كبسولة""]}",,not-captured,https://www.sporter.com/en-sa/vitamins/featured/best-sellers/,https://www.sporter.com/en-sa/vitamins/featured/best-sellers/,"Sporter KSA vitamins best sellers (rank 1) on 2026-09-17: NOW Super Omega 3-6-9 1200 mg 90 softgels SAR 77.64. Set SAR 79, at the Sporter figure.",<p>الحصص: 45 | حجم الحصة: كبسولتان | الصلاحية: 2028-03 | الشكل: كبسولات</p><p>سوبر اوميغا 3-6-9 من ناو فودز كبسولات هلامية تجمع زيت السمك مع زيوت بذر الكتان وزهرة الربيع المسائية والكانولا ولسان الثور، لتعطي مزيجا من الأحماض الدهنية اوميغا 3 و6 و9 في كبسولة واحدة بتركيز 1200 ملجم. يناسب من يريد مكملا شاملا للزيوت بسعر يومي منخفض.</p><table><tr><th>الحقائق الغذائية</th><th>لكل حصة</th></tr><tr><td>السعرات الحرارية</td><td>25</td></tr><tr><td>الدهون الكلية</td><td>2.5 جم</td></tr><tr><td>مزيج الزيوت</td><td>2400 ملجم</td></tr><tr><td>اوميغا 3 (ALA + EPA + DHA)</td><td>1100 ملجم</td></tr><tr><td>اوميغا 6 (LA + GLA)</td><td>800 ملجم</td></tr><tr><td>اوميغا 9 (حمض الأوليك)</td><td>400 ملجم</td></tr></table><p>طريقة الاستخدام: كبسولتان يوميا مع الطعام.</p><p>تنبيه: المكملات الغذائية لا تغني عن الغذاء المتوازن. يحتوي على السمك.</p>,"<p>Servings: 45 | Serving size: 2 softgels | Expiry: 2028-03 | Form: capsules</p><p>NOW Foods Super Omega 3-6-9 softgels combine fish oil with flax seed, evening primrose, canola and borage oils to supply omega-3, 6 and 9 fatty acids in one 1200 mg softgel. It suits people who want a broad oil supplement at a low daily cost.</p><table><tr><th>Nutrition facts</th><th>Per serving</th></tr><tr><td>Calories</td><td>25</td></tr><tr><td>Total fat</td><td>2.5 g</td></tr><tr><td>Oil blend</td><td>2400 mg</td></tr><tr><td>Omega-3 (ALA + EPA + DHA)</td><td>1100 mg</td></tr><tr><td>Omega-6 (LA + GLA)</td><td>800 mg</td></tr><tr><td>Omega-9 (oleic acid)</td><td>400 mg</td></tr></table><p>Directions: two softgels daily with food.</p><p>Notice: food supplements do not replace a balanced diet. Contains fish.</p>",سوبر اوميغا 3-6-9 من ناو فودز 90 كبسولة | اوبتيمال اكس,سوبر اوميغا 3-6-9 من ناو فودز بعبوة 90 كبسولة: مزيج زيت السمك والكتان ولسان الثور بتركيز 1200 ملجم، بسعر يومي منخفض، سعر شامل الضريبة.,NOW Foods Super Omega 3-6-9 1200 mg 90 Softgels | OptimalX,"Buy NOW Foods Super Omega 3-6-9 in Saudi Arabia: fish, flax, evening primrose and borage oil blend, 1200 mg per softgel, 90 softgels, fast delivery.",الصحة العامة,اوميغا 3 | اوميغا 3-6-9 | ناو فودز | زيت السمك | الصحة العامة,,
OX-024,643108533,https://s.salla.sa/products/643108533,pending,product,مغنيسيوم 400 ملجم كبسولات - ناو فودز,Magnesium 400 mg Capsules - NOW Foods,NOW Foods,400 ملجم مغنيسيوم من ثلاثة أشكال في كبسولة واحدة، 180 كبسولة نباتية,"400 mg magnesium from three forms in one capsule, 180 veg capsules",85,,0.3,35,True,vitamins-minerals | goal-recovery | goal-general-health,180,كبسولة واحدة,2028-10,"{""الحجم"": [""180 كبسولة""]}",,not-captured,https://www.sporter.com/en-sa/vitamins/minerals/magnesium/,https://www.sporter.com/en-sa/vitamins/featured/best-sellers/,"Sporter KSA vitamins best sellers (rank 3) on 2026-09-17: NOW Magnesium Caps 400 mg 180 capsules SAR 84.73. Set SAR 85, at the Sporter figure.",<p>الحصص: 180 | حجم الحصة: كبسولة واحدة | الصلاحية: 2028-10 | الشكل: كبسولات</p><p>مغنيسيوم 400 ملجم من ناو فودز كبسولات نباتية تجمع ثلاثة أشكال من المغنيسيوم هي الأكسيد والسترات والأسبارتات في كبسولة واحدة تغطي القيمة اليومية تقريبا. المغنيسيوم معدن يشارك في مئات العمليات في الجسم بما فيها عمل العضلات والأعصاب، ويناسب المنتج من يتدرب بانتظام أو يريد تكملة مدخوله اليومي من المعادن.</p><table><tr><th>الحقائق الغذائية</th><th>لكل حصة</th></tr><tr><td>المغنيسيوم</td><td>400 ملجم</td></tr><tr><td>نسبة القيمة اليومية</td><td>95%</td></tr><tr><td>السعرات الحرارية</td><td>0</td></tr><tr><td>الكربوهيدرات</td><td>0 جم</td></tr></table><p>طريقة الاستخدام: كبسولة واحدة يوميا مع الطعام، ويفضل مع وجبة المساء.</p><p>تنبيه: المكملات الغذائية لا تغني عن الغذاء المتوازن. قد يسبب ليونة في المعدة عند تجاوز الجرعة.</p>,"<p>Servings: 180 | Serving size: 1 capsule | Expiry: 2028-10 | Form: capsules</p><p>NOW Foods Magnesium 400 mg veg capsules combine three forms of magnesium, oxide, citrate and aspartate, in one capsule that covers roughly the daily value. Magnesium is a mineral involved in hundreds of processes in the body including muscle and nerve function, and the product suits people who train regularly or want to top up their daily mineral intake.</p><table><tr><th>Nutrition facts</th><th>Per serving</th></tr><tr><td>Magnesium</td><td>400 mg</td></tr><tr><td>Daily value</td><td>95%</td></tr><tr><td>Calories</td><td>0</td></tr><tr><td>Carbohydrates</td><td>0 g</td></tr></table><p>Directions: one capsule daily with food, preferably with the evening meal.</p><p>Notice: food supplements do not replace a balanced diet. May loosen the stomach if the dose is exceeded.</p>",مغنيسيوم 400 ملجم 180 كبسولة من ناو فودز | اوبتيمال اكس,مغنيسيوم 400 ملجم من ناو فودز بعبوة 180 كبسولة نباتية: ثلاثة أشكال من المغنيسيوم في كبسولة واحدة تغطي القيمة اليومية، سعر شامل الضريبة.,NOW Foods Magnesium 400 mg 180 Veg Capsules | OptimalX,"Order NOW Foods Magnesium 400 mg in Saudi Arabia: oxide, citrate and aspartate in one veg capsule, 180 capsules, a Saudi best seller, fast delivery.",التعافي | الصحة العامة,مغنيسيوم | ناو فودز | معادن | مغنيسيوم 400 | التعافي,,
OX-025,1882336694,https://s.salla.sa/products/1882336694,pending,product,فيتامين د3 5000 وحدة دولية - ناو فودز,Vitamin D-3 5000 IU High Potency - NOW Foods,NOW Foods,125 ميكروجرام فيتامين د3 في كبسولة هلامية صغيرة، 120 كبسولة,"125 mcg vitamin D3 in one small softgel, 120 softgels",75,,0.12,40,True,vitamins-minerals | goal-general-health,120,كبسولة هلامية واحدة,2028-11,"{""الحجم"": [""120 كبسولة""]}",,not-captured,https://www.sporter.com/en-sa/vitamins/essential-vitamins/vitamin-d/,https://www.sporter.com/en-sa/vitamins/featured/best-sellers/,"Sporter KSA vitamins best sellers (rank 4) on 2026-09-17: NOW High Potency Vitamin D-3 5,000 IU 120 softgels SAR 72.63. Set SAR 75, at the Sporter figure.",<p>الحصص: 120 | حجم الحصة: كبسولة واحدة | الصلاحية: 2028-11 | الشكل: كبسولات</p><p>فيتامين د3 من ناو فودز كبسولات هلامية صغيرة تحتوي كل واحدة على 125 ميكروجرام (5000 وحدة دولية) من فيتامين د3 في زيت الزيتون، بتركيز عال يناسب من أظهرت فحوصاته الدورية حاجة إلى جرعة أعلى من الجرعة اليومية المعتادة. يسهل بلع الكبسولة الصغيرة.</p><table><tr><th>الحقائق الغذائية</th><th>لكل حصة</th></tr><tr><td>فيتامين د3</td><td>125 ميكروجرام (5000 وحدة دولية)</td></tr><tr><td>نسبة القيمة اليومية</td><td>625%</td></tr><tr><td>السعرات الحرارية</td><td>0</td></tr><tr><td>الدهون</td><td>أقل من 0.5 جم</td></tr></table><p>طريقة الاستخدام: كبسولة واحدة كل يومين مع وجبة تحتوي على دهون، أو حسب توجيه مختص مرخص.</p><p>تنبيه: المكملات الغذائية لا تغني عن الغذاء المتوازن. جرعة مرتفعة، لا تستخدم يوميا لفترات طويلة دون متابعة.</p>,"<p>Servings: 120 | Serving size: 1 softgel | Expiry: 2028-11 | Form: capsules</p><p>NOW Foods Vitamin D-3 comes in small softgels, each with 125 mcg (5000 IU) of vitamin D3 in olive oil, a high potency for people whose routine tests show they need more than the usual daily amount. Vitamin D is one of the most requested vitamins in Saudi Arabia, and the small softgel is easy to swallow.</p><table><tr><th>Nutrition facts</th><th>Per serving</th></tr><tr><td>Vitamin D3</td><td>125 mcg (5000 IU)</td></tr><tr><td>Daily value</td><td>625%</td></tr><tr><td>Calories</td><td>0</td></tr><tr><td>Fat</td><td>under 0.5 g</td></tr></table><p>Directions: one softgel every two days with a meal containing fat, or as directed by a licensed professional.</p><p>Notice: food supplements do not replace a balanced diet. High dose; do not use daily for long periods without follow-up.</p>",فيتامين د3 5000 وحدة 120 كبسولة ناو فودز | اوبتيمال اكس,فيتامين د3 5000 وحدة دولية من ناو فودز بعبوة 120 كبسولة هلامية صغيرة: 125 ميكروجرام في الكبسولة بزيت الزيتون، سهلة البلع، سعر شامل الضريبة.,NOW Foods Vitamin D-3 5000 IU 120 Softgels | OptimalX,"Buy NOW Foods Vitamin D-3 5000 IU in Saudi Arabia: 125 mcg vitamin D3 per small softgel in olive oil, 120 softgels, high potency, VAT-inclusive, fast delivery.",الصحة العامة,فيتامين د | فيتامين د3 | ناو فودز | فيتامينات | 5000 وحدة,,
OX-026,535063472,https://s.salla.sa/products/535063472,pending,product,زد ام ايه ZMA - ناو فودز,ZMA Zinc Magnesium B6 - NOW Foods,NOW Foods,زنك 30 ملجم ومغنيسيوم 450 ملجم وفيتامين ب6 في 3 كبسولات، 90 كبسولة,"Zinc 30 mg, magnesium 450 mg and vitamin B6 in 3 capsules, 90 capsules",115,,0.2,25,True,vitamins-minerals | goal-recovery,30,3 كبسولات,2028-08,"{""الحجم"": [""90 كبسولة""]}",,not-captured,https://www.sporter.com/en-sa/now-zma/,https://www.sporter.com/en-sa/vitamins/featured/best-sellers/,"Sporter KSA vitamins best sellers (rank 2) on 2026-09-17: NOW ZMA 90 veg capsules SAR 117.43. Set SAR 115, at the Sporter figure.",<p>الحصص: 30 | حجم الحصة: 3 كبسولات | الصلاحية: 2028-08 | الشكل: كبسولات</p><p>ZMA من ناو فودز تركيبة تجمع الزنك والمغنيسيوم وفيتامين ب6 بنسب تركيبة ZMA المعروفة في المكملات الرياضية، في كبسولات نباتية تؤخذ مساء. الزنك والمغنيسيوم معدنان يفقدهما الجسم مع التعرق، ويناسب المنتج من يتدرب بكثافة ويريد تكملة مدخوله منهما.</p><table><tr><th>الحقائق الغذائية</th><th>لكل حصة</th></tr><tr><td>الزنك (مونوميثيونين وأسبارتات)</td><td>30 ملجم</td></tr><tr><td>المغنيسيوم (أسبارتات)</td><td>450 ملجم</td></tr><tr><td>فيتامين ب6</td><td>10.5 ملجم</td></tr><tr><td>السعرات الحرارية</td><td>0</td></tr></table><p>طريقة الاستخدام: 3 كبسولات للرجال أو كبسولتان للنساء قبل النوم على معدة فارغة، بعيدا عن منتجات الكالسيوم.</p><p>تنبيه: المكملات الغذائية لا تغني عن الغذاء المتوازن. غير مخصص لمن هم دون 18 عاما.</p>,"<p>Servings: 30 | Serving size: 3 capsules | Expiry: 2028-08 | Form: capsules</p><p>NOW Foods ZMA combines zinc, magnesium and vitamin B6 in the ratios of the well-known ZMA formula used in sports nutrition, in veg capsules taken in the evening. Zinc and magnesium are minerals lost through sweat, so the product suits people who train hard and want to top up both.</p><table><tr><th>Nutrition facts</th><th>Per serving</th></tr><tr><td>Zinc (monomethionine and aspartate)</td><td>30 mg</td></tr><tr><td>Magnesium (aspartate)</td><td>450 mg</td></tr><tr><td>Vitamin B6</td><td>10.5 mg</td></tr><tr><td>Calories</td><td>0</td></tr></table><p>Directions: 3 capsules for men or 2 for women before sleep on an empty stomach, away from calcium products.</p><p>Notice: food supplements do not replace a balanced diet. Not intended for anyone under 18.</p>",ZMA زنك ومغنيسيوم وب6 من ناو فودز 90 كبسولة | اوبتيمال اكس,ZMA من ناو فودز بعبوة 90 كبسولة نباتية و30 حصة: زنك 30 ملجم ومغنيسيوم 450 ملجم وفيتامين ب6 في 3 كبسولات مساء، سعر شامل الضريبة.,NOW Foods ZMA Zinc Magnesium B6 90 Veg Capsules | OptimalX,"Order NOW Foods ZMA in Saudi Arabia: zinc 30 mg, magnesium 450 mg and vitamin B6 10.5 mg per 3 veg capsules, 30 servings, evening formula, fast delivery.",التعافي,ZMA | زنك ومغنيسيوم | ناو فودز | معادن | التعافي,,
OX-027,1001367986,https://s.salla.sa/products/1001367986,pending,product,فيتامين د3 مع ك2 - سبورتس ريسيرش,Vitamin D3 + K2 - Sports Research,Sports Research,5000 وحدة د3 مع 100 ميكروجرام ك2 (MK-7) بزيت جوز الهند، 60 كبسولة نباتية,"5000 IU D3 with 100 mcg K2 (MK-7) in coconut oil, 60 veggie softgels",105,,0.1,30,True,vitamins-minerals | goal-general-health,60,كبسولة هلامية واحدة,2028-09,"{""الحجم"": [""60 كبسولة""]}",,not-captured,https://sa.iherb.com/c/sports?sr=2,https://sa.iherb.com/c/sports?sr=2,"iHerb SA Sports best sellers (rank 11) on 2026-09-17: Sports Research D3 + K2 125 mcg / 100 mcg 60 veggie softgels SAR 101.79 (4.8/5, 25,388 reviews). Set SAR 105, at the iHerb figure.",<p>الحصص: 60 | حجم الحصة: كبسولة واحدة | الصلاحية: 2028-09 | الشكل: كبسولات</p><p>فيتامين د3 مع ك2 من سبورتس ريسيرش كبسولات نباتية تجمع 125 ميكروجرام (5000 وحدة دولية) من فيتامين د3 مع 100 ميكروجرام من فيتامين ك2 بصيغة MK-7 في زيت جوز الهند العضوي. مناسب لمن يفضل أخذ الفيتامينين معا في كبسولة واحدة، ولمن يبحث عن منتج نباتي خال من الجيلاتين الحيواني.</p><table><tr><th>الحقائق الغذائية</th><th>لكل حصة</th></tr><tr><td>فيتامين د3</td><td>125 ميكروجرام (5000 وحدة دولية)</td></tr><tr><td>فيتامين ك2 (MK-7)</td><td>100 ميكروجرام</td></tr><tr><td>زيت جوز الهند العضوي</td><td>200 ملجم</td></tr><tr><td>السعرات الحرارية</td><td>5</td></tr></table><p>طريقة الاستخدام: كبسولة واحدة يوميا مع وجبة، أو حسب توجيه مختص مرخص.</p><p>تنبيه: المكملات الغذائية لا تغني عن الغذاء المتوازن. استشر مختصا مرخصا قبل الاستخدام مع أدوية سيولة الدم.</p>,"<p>Servings: 60 | Serving size: 1 softgel | Expiry: 2028-09 | Form: capsules</p><p>Sports Research Vitamin D3 + K2 veggie softgels combine 125 mcg (5000 IU) of vitamin D3 with 100 mcg of vitamin K2 as MK-7 in organic coconut oil. It suits people who prefer to take both vitamins together in one softgel, and anyone looking for a plant-based softgel free from animal gelatin.</p><table><tr><th>Nutrition facts</th><th>Per serving</th></tr><tr><td>Vitamin D3</td><td>125 mcg (5000 IU)</td></tr><tr><td>Vitamin K2 (MK-7)</td><td>100 mcg</td></tr><tr><td>Organic coconut oil</td><td>200 mg</td></tr><tr><td>Calories</td><td>5</td></tr></table><p>Directions: one softgel daily with a meal, or as directed by a licensed professional.</p><p>Notice: food supplements do not replace a balanced diet. Consult a licensed professional before use alongside blood-thinning medication.</p>",فيتامين د3 مع ك2 60 كبسولة سبورتس ريسيرش | اوبتيمال اكس,فيتامين د3 مع ك2 من سبورتس ريسيرش بعبوة 60 كبسولة نباتية: 5000 وحدة دولية د3 مع 100 ميكروجرام ك2 MK-7 في زيت جوز الهند العضوي، سعر شامل الضريبة وتوصيل سريع.,Sports Research Vitamin D3 + K2 60 Veggie Softgels | OptimalX,"Buy Sports Research Vitamin D3 + K2 in Saudi Arabia: 5000 IU D3 with 100 mcg K2 as MK-7 in organic coconut oil, 60 plant-based softgels, fast delivery.",الصحة العامة,فيتامين د3 | فيتامين ك2 | سبورتس ريسيرش | فيتامينات | د3 مع ك2,,
OX-028,1390995085,https://s.salla.sa/products/1390995085,pending,product,سنتروم للرجال ملتي فيتامين - سنتروم,Centrum Men Multivitamin - Centrum,Centrum,ملتي فيتامين يومي للرجال بفيتامين د وزنك ومغنيسيوم، 30 قرصا,"Daily men's multivitamin with vitamin D, zinc and magnesium, 30 tablets",56,,0.1,40,True,vitamins-minerals | goal-general-health | goal-energy,30,قرص واحد,2028-02,"{""الحجم"": [""30 قرصا""]}",,not-captured,https://www.sporter.com/en-sa/centrum-men-multivitamin/,https://www.sporter.com/en-sa/vitamins/featured/best-sellers/,"Sporter KSA vitamins best sellers (rank 5) on 2026-09-17: Centrum Men Multivitamin 30 tablets SAR 55.71. Set SAR 56, at the Sporter figure.",<p>الحصص: 30 | حجم الحصة: قرص واحد | الصلاحية: 2028-02 | الشكل: أقراص</p><p>سنتروم للرجال ملتي فيتامين يومي بقرص واحد يجمع الفيتامينات والمعادن الأساسية بجرعات مصممة لاحتياجات الرجال، ومنها فيتامين د والزنك والمغنيسيوم ومجموعة فيتامينات ب. مناسب لمن يريد تغطية أساسية بسيطة من الفيتامينات مع الوجبات اليومية، وهو علامة صيدلانية معروفة ومتوفرة في السعودية منذ سنوات.</p><table><tr><th>الحقائق الغذائية</th><th>لكل حصة</th></tr><tr><td>فيتامين د3</td><td>25 ميكروجرام (1000 وحدة دولية)</td></tr><tr><td>فيتامين ج</td><td>90 ملجم</td></tr><tr><td>الزنك</td><td>11 ملجم</td></tr><tr><td>المغنيسيوم</td><td>50 ملجم</td></tr><tr><td>فيتامين ب12</td><td>6 ميكروجرام</td></tr></table><p>طريقة الاستخدام: قرص واحد يوميا مع الطعام وكوب من الماء.</p><p>تنبيه: المكملات الغذائية لا تغني عن الغذاء المتوازن. لا تتجاوز الجرعة الموصى بها.</p>,"<p>Servings: 30 | Serving size: 1 tablet | Expiry: 2028-02 | Form: tablets</p><p>Centrum Men is a one-tablet daily multivitamin bringing together essential vitamins and minerals at levels designed around men's needs, including vitamin D, zinc, magnesium and the B-vitamin group. It suits people who want simple baseline vitamin coverage with daily meals, from a pharmacy brand that has been available in Saudi Arabia for years.</p><table><tr><th>Nutrition facts</th><th>Per serving</th></tr><tr><td>Vitamin D3</td><td>25 mcg (1000 IU)</td></tr><tr><td>Vitamin C</td><td>90 mg</td></tr><tr><td>Zinc</td><td>11 mg</td></tr><tr><td>Magnesium</td><td>50 mg</td></tr><tr><td>Vitamin B12</td><td>6 mcg</td></tr></table><p>Directions: one tablet daily with food and a glass of water.</p><p>Notice: food supplements do not replace a balanced diet. Do not exceed the recommended dose.</p>",سنتروم للرجال ملتي فيتامين 30 قرصا | اوبتيمال اكس,سنتروم للرجال ملتي فيتامين بعبوة 30 قرصا: قرص واحد يوميا يجمع فيتامين د والزنك والمغنيسيوم وفيتامينات ب بجرعات مصممة للرجال، علامة صيدلانية معروفة، سعر شامل الضريبة.,Centrum Men Multivitamin 30 Tablets Daily Formula | OptimalX,"Buy Centrum Men multivitamin in Saudi Arabia: one tablet a day with vitamin D, zinc, magnesium and B vitamins at men's levels, 30 tablets, trusted pharmacy brand.",الصحة العامة | الطاقة,ملتي فيتامين | سنتروم | فيتامينات للرجال | فيتامينات | معادن,,
OX-029,1659590536,https://s.salla.sa/products/1659590536,ok,product,كولاجين ببتيدات - فيتال بروتينز,Collagen Peptides - Vital Proteins,Vital Proteins,20 جم ببتيدات كولاجين بقري مع فيتامين ج وحمض الهيالورونيك، بدون نكهة,"20 g bovine collagen peptides with vitamin C and hyaluronic acid, unflavored",139,,0.4,18,True,collagen-beauty | goal-hair-skin | goal-general-health,14,20 جم (مغرفتان),2028-03,"{""الحجم"": [""284 جم"", ""567 جم""]}","https://cloudinary.images-iherb.com/image/upload/f_auto,q_auto:eco/images/vtp/vtp00509/u/69.jpg",iherb,https://sa.iherb.com/pr/vital-proteins-collagen-peptides-unflavored-10-oz-284-g/71355,https://sa.iherb.com/c/collagen-supplements?sr=2,"iHerb SA collagen best sellers on 2026-09-17: Vital Proteins Collagen Peptides unflavored 284 g SAR 132.19 (4.7/5, 23,673 reviews) and 567 g SAR 230.61 (4.8/5, 38,664 reviews). Set SAR 139 for 284 g and SAR 235 for the 567 g variant, at the iHerb figures.",<p>الحصص: 14 | حجم الحصة: 20 جم | الصلاحية: 2028-03 | الشكل: بودرة</p><p>كولاجين ببتيدات من فيتال بروتينز بودرة بلا نكهة تحتوي على 20 جم من ببتيدات الكولاجين البقري من النوعين الأول والثالث في كل حصة، مع فيتامين ج وحمض الهيالورونيك مضافين. تذوب في المشروبات الساخنة والباردة دون تغيير الطعم، وتناسب من يريد إضافة الكولاجين إلى القهوة أو العصير ضمن روتينه اليومي.</p><table><tr><th>الحقائق الغذائية</th><th>لكل حصة</th></tr><tr><td>السعرات الحرارية</td><td>70</td></tr><tr><td>البروتين</td><td>18 جم</td></tr><tr><td>ببتيدات الكولاجين</td><td>20 جم</td></tr><tr><td>فيتامين ج</td><td>90 ملجم</td></tr><tr><td>حمض الهيالورونيك</td><td>80 ملجم</td></tr></table><p>طريقة الاستخدام: تخلط مغرفتان مع 240 مل من أي مشروب ساخن أو بارد، مرة يوميا.</p><p>تنبيه: المكملات الغذائية لا تغني عن الغذاء المتوازن. مصدر بقري وليس مناسبا للنباتيين.</p>,"<p>Servings: 14 | Serving size: 20 g | Expiry: 2028-03 | Form: powder</p><p>Vital Proteins Collagen Peptides is an unflavored powder with 20 g of type I and III bovine collagen peptides per serving, plus added vitamin C and hyaluronic acid. It dissolves in hot or cold drinks without changing the taste, and it suits people who want to add collagen to their coffee or juice as part of a daily routine.</p><table><tr><th>Nutrition facts</th><th>Per serving</th></tr><tr><td>Calories</td><td>70</td></tr><tr><td>Protein</td><td>18 g</td></tr><tr><td>Collagen peptides</td><td>20 g</td></tr><tr><td>Vitamin C</td><td>90 mg</td></tr><tr><td>Hyaluronic acid</td><td>80 mg</td></tr></table><p>Directions: mix two scoops into 240 ml of any hot or cold drink, once daily.</p><p>Notice: food supplements do not replace a balanced diet. Bovine source, not suitable for vegetarians.</p>",كولاجين ببتيدات فيتال بروتينز 284 جم | اوبتيمال اكس,كولاجين ببتيدات من فيتال بروتينز بعبوة 284 جم و14 حصة: 20 جم ببتيدات كولاجين بقري مع فيتامين ج وحمض الهيالورونيك، بدون نكهة، يذوب في القهوة، سعر شامل الضريبة.,Vital Proteins Collagen Peptides 284 g Unflavored | OptimalX,"Order Vital Proteins Collagen Peptides in Saudi Arabia: 20 g bovine collagen per serving with vitamin C and hyaluronic acid, unflavored, 284 g or 567 g tub.",الشعر والبشرة | الصحة العامة,كولاجين | ببتيدات الكولاجين | فيتال بروتينز | كولاجين بودرة | الشعر والبشرة,,
OX-030,750060942,https://s.salla.sa/products/750060942,added,product,كولاجين ببتيدات من أبقار مرعية - سبورتس ريسيرش,Grass-Fed Collagen Peptides - Sports Research,Sports Research,11 جم ببتيدات كولاجين من أبقار مرعية في المغرفة، 41 حصة في 454 جم,"11 g grass-fed collagen peptides per scoop, 41 servings in 454 g",179,,0.55,16,True,collagen-beauty | goal-hair-skin,41,11 جم (مغرفة واحدة),2028-05,"{""الحجم"": [""454 جم""]}","https://cloudinary.images-iherb.com/image/upload/f_auto,q_auto:eco/images/sre/sre01018/u/86.jpg",iherb,https://sa.iherb.com/pr/sports-research-collagen-peptides-unflavored-16-oz-454-g/71106,https://sa.iherb.com/c/collagen-supplements?sr=2,"iHerb SA collagen best sellers (rank 6) on 2026-09-17: Sports Research Collagen Peptides unflavored 454 g SAR 174.23 (4.8/5, 37,596 reviews). Set SAR 179, at the iHerb figure.",<p>الحصص: 41 | حجم الحصة: 11 جم | الصلاحية: 2028-05 | الشكل: بودرة</p><p>كولاجين ببتيدات من سبورتس ريسيرش بودرة بلا نكهة مصدرها جلود أبقار مرعية، تحتوي كل مغرفة على 11 جم من ببتيدات الكولاجين من النوعين الأول والثالث، بمكون واحد فقط. حاصل على شهادة Non-GMO ومناسب لحمية الكيتو والباليو، ويناسب من يريد كولاجين عالي الذوبان يضاف إلى القهوة أو الشوفان دون طعم.</p><table><tr><th>الحقائق الغذائية</th><th>لكل حصة</th></tr><tr><td>السعرات الحرارية</td><td>40</td></tr><tr><td>البروتين</td><td>10 جم</td></tr><tr><td>ببتيدات الكولاجين</td><td>11 جم</td></tr><tr><td>الكربوهيدرات</td><td>0 جم</td></tr><tr><td>الصوديوم</td><td>35 ملجم</td></tr></table><p>طريقة الاستخدام: تخلط مغرفة واحدة مع 240 مل من أي مشروب ساخن أو بارد، مرة إلى مرتين يوميا.</p><p>تنبيه: المكملات الغذائية لا تغني عن الغذاء المتوازن. مصدر بقري وليس مناسبا للنباتيين.</p>,"<p>Servings: 41 | Serving size: 11 g | Expiry: 2028-05 | Form: powder</p><p>Sports Research Collagen Peptides is an unflavored powder sourced from grass-fed bovine hide, with 11 g of type I and III collagen peptides per scoop and a single ingredient. It is Non-GMO verified and keto and paleo friendly, and it suits people who want a highly soluble collagen to stir into coffee or oats without taste.</p><table><tr><th>Nutrition facts</th><th>Per serving</th></tr><tr><td>Calories</td><td>40</td></tr><tr><td>Protein</td><td>10 g</td></tr><tr><td>Collagen peptides</td><td>11 g</td></tr><tr><td>Carbohydrates</td><td>0 g</td></tr><tr><td>Sodium</td><td>35 mg</td></tr></table><p>Directions: mix one scoop into 240 ml of any hot or cold drink, once or twice daily.</p><p>Notice: food supplements do not replace a balanced diet. Bovine source, not suitable for vegetarians.</p>",كولاجين ببتيدات سبورتس ريسيرش 454 جم | اوبتيمال اكس,كولاجين ببتيدات من سبورتس ريسيرش بعبوة 454 جم و41 حصة: 11 جم ببتيدات كولاجين من أبقار مرعية في المغرفة، مكون واحد بلا نكهة، يذوب في القهوة، سعر شامل الضريبة.,Sports Research Collagen Peptides 454 g Grass-Fed | OptimalX,"Buy Sports Research Collagen Peptides in Saudi Arabia: 11 g grass-fed type I and III collagen per scoop, single ingredient, unflavored, 41 servings per 454 g.",الشعر والبشرة,كولاجين | سبورتس ريسيرش | ببتيدات الكولاجين | كولاجين بودرة | أبقار مرعية,,
OX-031,1216299912,https://s.salla.sa/products/1216299912,added,product,كولاجين ببتيدات مع فيتامين ج وبيوتين أقراص - نيوسيل,Collagen Peptides + Vitamin C and Biotin Tablets - NeoCell,NeoCell,كولاجين بقري من أبقار مرعية مع فيتامين ج وبيوتين في أقراص، 270 قرصا,"Grass-fed bovine collagen with vitamin C and biotin in tablets, 270 tablets",105,,0.45,20,True,collagen-beauty | goal-hair-skin,90,3 أقراص,2028-04,"{""الحجم"": [""270 قرصا""]}","https://cloudinary.images-iherb.com/image/upload/f_auto,q_auto:eco/images/nel/nel13262/u/72.jpg",iherb,https://sa.iherb.com/pr/neocell-grassfed-collagen-peptides-vitamin-c-biotin-270-tablets/113089,https://sa.iherb.com/c/collagen-supplements?sr=2,"iHerb SA collagen best sellers (rank 7) on 2026-09-17: NeoCell Grass-Fed Collagen Peptides + Vitamin C and Biotin 270 tablets SAR 97.63 (4.7/5, 66,973 reviews). Set SAR 105, just above the iHerb figure. Noon's GNC store lists NeoCell Super Collagen + C 250 tablets at SAR 243 (https://www.noon.com/saudi-en/gnc/), which shows the marketplace ceiling for the brand.",<p>الحصص: 90 | حجم الحصة: 3 أقراص | الصلاحية: 2028-04 | الشكل: أقراص</p><p>كولاجين نيوسيل أقراص تحتوي على ببتيدات كولاجين بقري من أبقار مرعية من النوعين الأول والثالث مع فيتامين ج وبيوتين في التركيبة نفسها. مناسبة لمن لا يحب بودرة الكولاجين ويفضل جرعة ثابتة في أقراص، ولمن يريد الجمع بين الكولاجين والبيوتين في منتج واحد ضمن روتينه اليومي.</p><table><tr><th>الحقائق الغذائية</th><th>لكل حصة</th></tr><tr><td>ببتيدات الكولاجين (النوع 1 و3)</td><td>3 جم</td></tr><tr><td>فيتامين ج</td><td>30 ملجم</td></tr><tr><td>بيوتين</td><td>3000 ميكروجرام</td></tr><tr><td>السعرات الحرارية</td><td>10</td></tr></table><p>طريقة الاستخدام: 3 أقراص يوميا مع الماء، ويفضل على معدة فارغة أو قبل النوم.</p><p>تنبيه: المكملات الغذائية لا تغني عن الغذاء المتوازن. مصدر بقري وليس مناسبا للنباتيين.</p>,"<p>Servings: 90 | Serving size: 3 tablets | Expiry: 2028-04 | Form: tablets</p><p>NeoCell collagen tablets contain type I and III bovine collagen peptides from grass-fed cattle together with vitamin C and biotin in the same formula. They suit people who dislike collagen powders and prefer a fixed dose in tablet form, and anyone who wants collagen and biotin combined in one product within a daily routine.</p><table><tr><th>Nutrition facts</th><th>Per serving</th></tr><tr><td>Collagen peptides (types 1 and 3)</td><td>3 g</td></tr><tr><td>Vitamin C</td><td>30 mg</td></tr><tr><td>Biotin</td><td>3000 mcg</td></tr><tr><td>Calories</td><td>10</td></tr></table><p>Directions: 3 tablets daily with water, preferably on an empty stomach or before sleep.</p><p>Notice: food supplements do not replace a balanced diet. Bovine source, not suitable for vegetarians.</p>",كولاجين نيوسيل مع فيتامين ج وبيوتين 270 قرصا | اوبتيمال اكس,كولاجين ببتيدات من نيوسيل بعبوة 270 قرصا و90 حصة: كولاجين بقري من أبقار مرعية من النوعين الأول والثالث مع فيتامين ج وبيوتين في أقراص، سعر شامل الضريبة.,NeoCell Collagen Peptides Vitamin C Biotin 270 Tabs | OptimalX,"Buy NeoCell grass-fed collagen peptides tablets in Saudi Arabia: type I and III collagen with vitamin C and biotin, 3 tablets per serving, 270 tablets, 90 servings.",الشعر والبشرة,كولاجين | نيوسيل | كولاجين أقراص | بيوتين | الشعر والبشرة,,
OX-032,1175429259,https://s.salla.sa/products/1175429259,pending,product,بيوتين 10000 ميكروجرام كبسولات - ناو فودز,"Biotin 10,000 mcg Extra Strength Capsules - NOW Foods",NOW Foods,بيوتين بتركيز 10000 ميكروجرام في كبسولة نباتية واحدة، 120 كبسولة,"Biotin at 10,000 mcg in one veg capsule, 120 capsules",69,,0.1,30,True,collagen-beauty | goal-hair-skin,120,كبسولة واحدة,2028-07,"{""الحجم"": [""120 كبسولة""]}",,not-captured,https://www.sporter.com/en-sa/vitamins/beauty/hair-skin-nails/,https://www.noon.com/saudi-en/gnc/,"COMPARABLE-SIZE ANCHOR. No NOW Biotin price was captured. Noon's GNC KSA store on 2026-09-17 lists GNC Biotin Beauty 10,000 mcg 100 tablets at SAR 68 and Biotin 2,500 mcg 120 count at SAR 145; Sporter sells its own Biotin Ultra 10,000 mcg (https://www.sporter.com/en-sa/sporter-biotin-ultra-10000-mcg-beauty-formula/, price not captured). Set SAR 69 for 120 capsules, level with the GNC 10,000 mcg figure. Verify before publishing.",<p>الحصص: 120 | حجم الحصة: كبسولة واحدة | الصلاحية: 2028-07 | الشكل: كبسولات</p><p>بيوتين من ناو فودز كبسولات نباتية تحتوي كل واحدة على 10000 ميكروجرام من البيوتين، وهو فيتامين ب7 الذي يدخل في تركيبة العديد من منتجات العناية اليومية. مناسب لمن يريد جرعة عالية من البيوتين في كبسولة واحدة يوميا ضمن فئة الجمال.</p><table><tr><th>الحقائق الغذائية</th><th>لكل حصة</th></tr><tr><td>البيوتين (فيتامين ب7)</td><td>10000 ميكروجرام</td></tr><tr><td>نسبة القيمة اليومية</td><td>33333%</td></tr><tr><td>السعرات الحرارية</td><td>0</td></tr><tr><td>الكربوهيدرات</td><td>0 جم</td></tr></table><p>طريقة الاستخدام: كبسولة واحدة يوميا مع الطعام.</p><p>تنبيه: المكملات الغذائية لا تغني عن الغذاء المتوازن. الجرعات العالية من البيوتين قد تؤثر في نتائج بعض الفحوصات المخبرية، أبلغ المختص قبل أي تحليل.</p>,"<p>Servings: 120 | Serving size: 1 capsule | Expiry: 2028-07 | Form: capsules</p><p>NOW Foods Biotin veg capsules each contain 10,000 mcg of biotin, the B7 vitamin found in many daily beauty routines. It suits people who want a high biotin dose in one capsule a day, and it is one of the most searched vitamins in Saudi Arabia within the beauty category.</p><table><tr><th>Nutrition facts</th><th>Per serving</th></tr><tr><td>Biotin (vitamin B7)</td><td>10,000 mcg</td></tr><tr><td>Daily value</td><td>33,333%</td></tr><tr><td>Calories</td><td>0</td></tr><tr><td>Carbohydrates</td><td>0 g</td></tr></table><p>Directions: one capsule daily with food.</p><p>Notice: food supplements do not replace a balanced diet. High biotin doses can affect some laboratory test results; inform the professional before any test.</p>",بيوتين 10000 ميكروجرام 120 كبسولة ناو فودز | اوبتيمال اكس,بيوتين 10000 ميكروجرام من ناو فودز بعبوة 120 كبسولة نباتية: جرعة عالية من فيتامين ب7 في كبسولة واحدة يوميا، ضمن فئة الجمال، سعر شامل الضريبة.,"NOW Foods Biotin 10,000 mcg 120 Veg Capsules | OptimalX","Order NOW Foods Biotin 10,000 mcg in Saudi Arabia: extra strength vitamin B7 in one veg capsule a day, 120 capsules, four-month supply, VAT-inclusive price.",الشعر والبشرة,بيوتين | ناو فودز | فيتامين ب7 | الشعر والبشرة | بيوتين 10000,,
OX-033,159067287,https://s.salla.sa/products/159067287,added,product,بروبيوتيك-10 25 مليار - ناو فودز,Probiotic-10 25 Billion - NOW Foods,NOW Foods,10 سلالات بروبيوتيك بـ 25 مليار وحدة في كبسولة واحدة، 50 كبسولة نباتية,"10 probiotic strains at 25 billion CFU in one capsule, 50 veg capsules",75,,0.08,25,True,daily-health | goal-general-health,50,كبسولة واحدة,2027-09,"{""الحجم"": [""50 كبسولة""]}","https://cloudinary.images-iherb.com/image/upload/f_auto,q_auto:eco/images/now/now02926/u/50.jpg",iherb,https://sa.iherb.com/pr/now-foods-probiotic-10-25-billion-50-veg-capsules/21130,https://sa.iherb.com/c/probiotics?sr=2,"iHerb SA probiotics best sellers on 2026-09-17: NOW Probiotic-10 25 Billion 50 veg capsules SAR 72.38 (4.7/5, 41,333 reviews); the 100-capsule size SAR 140.63. Set SAR 75, at the iHerb figure.",<p>الحصص: 50 | حجم الحصة: كبسولة واحدة | الصلاحية: 2027-09 | الشكل: كبسولات</p><p>بروبيوتيك-10 من ناو فودز كبسولات نباتية تحتوي كل واحدة على 25 مليار وحدة من مزيج عشر سلالات من البكتيريا النافعة مثل اللاكتوباسيلس والبيفيدوباكتيريوم، بتركيبة خالية من الألبان والجلوتين. مناسب لمن يريد إضافة البروبيوتيك إلى روتينه اليومي بكبسولة واحدة، ولمن يسافر كثيرا ويفضل منتجا لا يشترط التبريد الدائم.</p><table><tr><th>الحقائق الغذائية</th><th>لكل حصة</th></tr><tr><td>مزيج 10 سلالات بروبيوتيك</td><td>25 مليار وحدة</td></tr><tr><td>السعرات الحرارية</td><td>0</td></tr><tr><td>الكربوهيدرات</td><td>0 جم</td></tr><tr><td>خال من الألبان والجلوتين</td><td>نعم</td></tr></table><p>طريقة الاستخدام: كبسولة واحدة يوميا بين الوجبات أو على معدة فارغة. يفضل حفظ العبوة في الثلاجة بعد الفتح.</p><p>تنبيه: المكملات الغذائية لا تغني عن الغذاء المتوازن. يحفظ بعيدا عن الحرارة والرطوبة.</p>,"<p>Servings: 50 | Serving size: 1 capsule | Expiry: 2027-09 | Form: capsules</p><p>NOW Foods Probiotic-10 veg capsules each contain 25 billion CFU of a ten-strain blend of beneficial bacteria such as Lactobacillus and Bifidobacterium, in a dairy-free and gluten-free formula. It suits people who want to add a probiotic to their daily routine with one capsule, and frequent travellers who prefer a product that does not need constant refrigeration.</p><table><tr><th>Nutrition facts</th><th>Per serving</th></tr><tr><td>10-strain probiotic blend</td><td>25 billion CFU</td></tr><tr><td>Calories</td><td>0</td></tr><tr><td>Carbohydrates</td><td>0 g</td></tr><tr><td>Dairy-free and gluten-free</td><td>yes</td></tr></table><p>Directions: one capsule daily between meals or on an empty stomach. Refrigerate after opening where possible.</p><p>Notice: food supplements do not replace a balanced diet. Keep away from heat and humidity.</p>",بروبيوتيك-10 25 مليار 50 كبسولة ناو فودز | اوبتيمال اكس,بروبيوتيك-10 من ناو فودز بعبوة 50 كبسولة نباتية: 25 مليار وحدة من عشر سلالات بكتيريا نافعة في كبسولة واحدة يوميا، خال من الألبان والجلوتين، سعر شامل الضريبة.,NOW Foods Probiotic-10 25 Billion 50 Veg Capsules | OptimalX,"Buy NOW Foods Probiotic-10 in Saudi Arabia: 25 billion CFU from ten probiotic strains in one veg capsule, dairy-free and gluten-free, 50 capsules, fast delivery.",الصحة العامة,بروبيوتيك | ناو فودز | الصحة اليومية | بكتيريا نافعة | الهضم,,
OX-034,892168849,https://s.salla.sa/products/892168849,added,product,نون سبورت أقراص إلكتروليت فوارة - نون هايدريشن,Nuun Sport Effervescent Electrolyte Tablets - Nuun,Nuun,قرص فوار واحد يحول 470 مل ماء إلى مشروب إلكتروليت بسكر 1 جم، 10 أقراص,"One tablet turns 470 ml of water into an electrolyte drink with 1 g sugar, 10 tabs",32,,0.07,40,True,daily-health | goal-energy | goal-recovery,10,قرص فوار واحد في 470 مل ماء,2027-08,"{""النكهة"": [""فراولة وليمون"", ""ليمون"", ""بطيخ"", ""توت ثلاثي""]}","https://cloudinary.images-iherb.com/image/upload/f_auto,q_auto:eco/images/nuu/nuu02045/u/26.jpg",iherb,https://sa.iherb.com/pr/nuun-sport-hydration-effervescent-electrolyte-drink-tablets-strawberry-lemonade-10-tablets/109838,https://sa.iherb.com/c/electrolytes?sr=2,"iHerb SA electrolytes best sellers (rank 1) on 2026-09-17: Nuun Sport Strawberry Lemonade 10 tablets SAR 31.30; Lemon Lime, Tri-Berry, Watermelon and Fruit Punch SAR 31.28 to 31.30. Set SAR 32, at the iHerb figure. Sporter's house Blaze Electrolyte 20 sticks is SAR 92.01 (https://www.sporter.com/en-sa/sport-supplements/aminos-recovery/).",<p>الحصص: 10 | حجم الحصة: قرص واحد | الصلاحية: 2027-08 | الشكل: أقراص</p><p>نون سبورت أقراص فوارة تذوب في زجاجة الماء لتعطي مشروبا يحتوي على الصوديوم والبوتاسيوم والمغنيسيوم والكالسيوم بجرام واحد فقط من السكر و15 سعرة. مناسبة لمن يتدرب أو يمشي في حر المدينة ويريد تعويض الأملاح المفقودة مع التعرق، ولمن لا يحب المشروبات الرياضية عالية السكر. الأنبوب صغير ويناسب حقيبة النادي.</p><table><tr><th>الحقائق الغذائية</th><th>لكل حصة</th></tr><tr><td>السعرات الحرارية</td><td>15</td></tr><tr><td>السكريات</td><td>1 جم</td></tr><tr><td>الصوديوم</td><td>300 ملجم</td></tr><tr><td>البوتاسيوم</td><td>150 ملجم</td></tr><tr><td>المغنيسيوم</td><td>25 ملجم</td></tr><tr><td>الكالسيوم</td><td>13 ملجم</td></tr></table><p>طريقة الاستخدام: يذاب قرص واحد في 470 مل من الماء وينتظر حتى يتوقف الفوران، قبل التمرين أو خلاله أو بعده.</p><p>تنبيه: المكملات الغذائية لا تغني عن الغذاء المتوازن. لا يبلع القرص مباشرة.</p>,"<p>Servings: 10 | Serving size: 1 tablet | Expiry: 2027-08 | Form: tablets</p><p>Nuun Sport effervescent tablets dissolve in a water bottle to give a drink with sodium, potassium, magnesium and calcium, only 1 g of sugar and 15 calories. They suit people who train or walk in Medina's heat and want to replace salts lost through sweat, and anyone who dislikes high-sugar sports drinks. The small tube fits a gym bag.</p><table><tr><th>Nutrition facts</th><th>Per serving</th></tr><tr><td>Calories</td><td>15</td></tr><tr><td>Sugars</td><td>1 g</td></tr><tr><td>Sodium</td><td>300 mg</td></tr><tr><td>Potassium</td><td>150 mg</td></tr><tr><td>Magnesium</td><td>25 mg</td></tr><tr><td>Calcium</td><td>13 mg</td></tr></table><p>Directions: drop one tablet into 470 ml of water and wait until it stops fizzing, before, during or after training.</p><p>Notice: food supplements do not replace a balanced diet. Do not swallow the tablet whole.</p>",نون سبورت أقراص إلكتروليت فوارة 10 أقراص | اوبتيمال اكس,نون سبورت أقراص إلكتروليت فوارة بأنبوب 10 أقراص: صوديوم وبوتاسيوم ومغنيسيوم وكالسيوم بجرام واحد من السكر و15 سعرة في القرص، أربع نكهات، سعر شامل الضريبة.,Nuun Sport Electrolyte Tablets 10 Count Hydration | OptimalX,"Shop Nuun Sport electrolyte tablets in Saudi Arabia: sodium, potassium, magnesium and calcium with 1 g sugar and 15 calories per tablet, 10-count tube, four flavours.",الطاقة | التعافي,إلكتروليت | نون | ترطيب | أقراص فوارة | مشروب رياضي,,
OX-035,299069850,https://s.salla.sa/products/299069850,added,product,كلوروفريش كلوروفيل سائل بالنعناع - نيتشرز واي,Chlorofresh Liquid Chlorophyll Mint - Nature's Way,Nature's Way,كلوروفيل سائل بنكهة النعناع الطبيعي، 16 حصة في عبوة 480 مل,"Liquid chlorophyll with natural mint flavour, 16 servings in 480 ml",65,,0.6,20,True,daily-health | goal-general-health,16,30 مل (ملعقتان كبيرتان),2027-07,"{""النكهة"": [""نعناع"", ""بدون نكهة""]}","https://cloudinary.images-iherb.com/image/upload/f_auto,q_auto:eco/images/nwy/nwy03501/u/82.jpg",iherb,https://sa.iherb.com/pr/nature-s-way-chlorofresh-liquid-chlorophyll-mint-16-fl-oz-480-ml/1897,https://sa.iherb.com/c/greens-superfoods?sr=2,"iHerb SA greens and superfoods best sellers (rank 2) on 2026-09-17: Nature's Way Chlorofresh Liquid Chlorophyll Mint 480 ml SAR 61.39 (4.7/5, 68,833 reviews); unflavored 480 ml SAR 61.45; NOW Liquid Chlorophyll Mint 473 ml SAR 88.32. Set SAR 65, inside the 61 to 88 band for liquid chlorophyll.",<p>الحصص: 16 | حجم الحصة: 30 مل | الصلاحية: 2027-07 | الشكل: سائل</p><p>كلوروفريش من نيتشرز واي سائل يحتوي على الكلوروفيلين، وهو الصيغة الذائبة في الماء من الكلوروفيل الموجود في النباتات الخضراء، بنكهة نعناع طبيعية وبلا سكر مضاف. يناسب من يريد إضافة خضراء بسيطة إلى كوب الماء الصباحي ضمن روتينه اليومي.</p><table><tr><th>الحقائق الغذائية</th><th>لكل حصة</th></tr><tr><td>كلوروفيلين (مركب الكلوروفيل النحاسي)</td><td>100 ملجم</td></tr><tr><td>السعرات الحرارية</td><td>0</td></tr><tr><td>الكربوهيدرات</td><td>0 جم</td></tr><tr><td>السكريات</td><td>0 جم</td></tr></table><p>طريقة الاستخدام: تخلط ملعقتان كبيرتان (30 مل) مع 240 مل من الماء مرة يوميا. يحفظ في الثلاجة بعد الفتح.</p><p>تنبيه: المكملات الغذائية لا تغني عن الغذاء المتوازن. قد يغير لون البراز أو البول إلى الأخضر وهذا طبيعي.</p>,"<p>Servings: 16 | Serving size: 30 ml | Expiry: 2027-07 | Form: liquid</p><p>Chlorofresh from Nature's Way is a liquid containing chlorophyllin, the water-soluble form of the chlorophyll found in green plants, with a natural mint flavour and no added sugar. It suits people who want a simple green addition to their morning glass of water as part of a daily routine.</p><table><tr><th>Nutrition facts</th><th>Per serving</th></tr><tr><td>Chlorophyllin (sodium copper chlorophyllin)</td><td>100 mg</td></tr><tr><td>Calories</td><td>0</td></tr><tr><td>Carbohydrates</td><td>0 g</td></tr><tr><td>Sugars</td><td>0 g</td></tr></table><p>Directions: mix two tablespoons (30 ml) with 240 ml of water once daily. Refrigerate after opening.</p><p>Notice: food supplements do not replace a balanced diet. May turn stool or urine green, which is normal.</p>",كلوروفريش كلوروفيل سائل بالنعناع 480 مل | اوبتيمال اكس,كلوروفريش كلوروفيل سائل بالنعناع من نيتشرز واي بعبوة 480 مل و16 حصة: 100 ملجم كلوروفيلين في الحصة بلا سكر مضاف، يحفظ في الثلاجة بعد الفتح، سعر شامل الضريبة.,Nature's Way Chlorofresh Liquid Chlorophyll Mint 480 ml | OptimalX,"Buy Nature's Way Chlorofresh liquid chlorophyll in Saudi Arabia: 100 mg chlorophyllin per 30 ml serving, natural mint, no added sugar, 480 ml bottle, 16 servings.",الصحة العامة,كلوروفيل | نيتشرز واي | الصحة اليومية | خضراوات | كلوروفيل سائل,,
OX-036,1673105563,https://s.salla.sa/products/1673105563,pending,product,شيكر كلاسيك V2 سعة 820 مل - بلندر بوتل,Classic V2 Shaker Bottle 820 ml - BlenderBottle,BlenderBottle,شيكر بكرة خلط من الفولاذ وغطاء محكم، سعة 820 مل، خال من BPA,"Shaker with steel mixing ball and secure lid, 820 ml, BPA-free",59,,0.2,40,True,accessories | goal-performance,1,820 مل,,"{""اللون"": [""أسود"", ""أزرق"", ""أحمر""]}",,not-captured,https://www.blenderbottle.com,https://www.amazon.sa/s?k=blenderbottle+classic+v2+28oz,"UNVERIFIED. No Saudi retail price for a shaker was captured within the 12-fetch budget; the URL is an Amazon.sa search page for the owner to check, not a captured price. SAR 59 is an estimate and must be replaced with a verified Amazon.sa or Noon figure before publishing.",<p>الحصص: 1 | حجم الحصة: 820 مل | الصلاحية: غير منطبق | الشكل: عبوة</p><p>شيكر كلاسيك V2 من بلندر بوتل زجاجة خلط بسعة 820 مل مع كرة BlenderBall من الفولاذ المقاوم للصدأ التي تفكك البودرة عند الرج، وغطاء لولبي محكم بفتحة شرب قابلة للإغلاق وحلقة تعليق. مناسب لكل من يشتري بروتين أو كرياتين من المتجر ويريد أداة خلط موثوقة تصمد لسنوات، ومدرج ضمن حزمة البداية.</p><table><tr><th>تفاصيل المنتج</th><th>القيمة</th></tr><tr><td>السعة</td><td>820 مل (28 أونصة)</td></tr><tr><td>المادة</td><td>بلاستيك خال من BPA والفثالات</td></tr><tr><td>كرة الخلط</td><td>فولاذ مقاوم للصدأ</td></tr><tr><td>الغطاء</td><td>لولبي مع فتحة قابلة للإغلاق</td></tr><tr><td>غسالة الأطباق</td><td>آمن في الرف العلوي</td></tr></table><p>طريقة الاستخدام: يضاف السائل أولا ثم البودرة والكرة، يغلق الغطاء ويرج 15 ثانية. يغسل بعد كل استخدام.</p><p>تنبيه: ليس للسوائل الساخنة أو الغازية.</p>,"<p>Servings: 1 | Serving size: 820 ml | Expiry: not applicable | Form: container</p><p>The BlenderBottle Classic V2 is an 820 ml mixing bottle with a stainless steel BlenderBall that breaks up powder when shaken, a secure screw-on lid with a closable spout and a carry loop. It suits anyone buying protein or creatine from the store who wants a reliable mixing tool that lasts for years, and it is included in the starter bundle.</p><table><tr><th>Product details</th><th>Value</th></tr><tr><td>Capacity</td><td>820 ml (28 oz)</td></tr><tr><td>Material</td><td>BPA-free and phthalate-free plastic</td></tr><tr><td>Mixing ball</td><td>stainless steel</td></tr><tr><td>Lid</td><td>screw-on with closable spout</td></tr><tr><td>Dishwasher</td><td>top-rack safe</td></tr></table><p>Directions: add liquid first, then powder and the ball, close the lid and shake for 15 seconds. Wash after every use.</p><p>Notice: not for hot or carbonated liquids.</p>",شيكر بلندر بوتل كلاسيك V2 سعة 820 مل | اوبتيمال اكس,شيكر كلاسيك V2 من بلندر بوتل بسعة 820 مل: كرة خلط من الفولاذ المقاوم للصدأ وغطاء لولبي محكم بفتحة قابلة للإغلاق، خال من BPA وآمن في غسالة الأطباق، بثلاثة ألوان.,BlenderBottle Classic V2 Shaker Bottle 820 ml | OptimalX,"Buy the BlenderBottle Classic V2 shaker in Saudi Arabia: 820 ml, stainless steel BlenderBall, secure screw lid with closable spout, BPA-free, three colours.",الأداء,شيكر | بلندر بوتل | إكسسوارات | زجاجة خلط | أدوات التمرين,,
OX-037,1497955814,https://s.salla.sa/products/1497955814,pending,food,كارب كيلا بروتين بار علبة 12 - جرينيد,Carb Killa Protein Bar Box of 12 - Grenade,Grenade,20 جم بروتين و1.5 جم سكر في كل بار 60 جم، علبة 12 بار,"20 g protein and 1.5 g sugar per 60 g bar, box of 12 bars",175,,0.85,20,True,snacks-bars | goal-ideal-weight | goal-recovery,12,بار واحد (60 جم),2027-08,"{""النكهة"": [""كوكيز الشوكولاتة البيضاء"", ""كراميل كاوس"", ""كوكيز وكريمة"", ""عجينة الكوكيز""]}",,not-captured,https://www.grenade.com/collections/protein-bars,https://www.sporter.com/en-sa/catalogsearch/result/?q=grenade+barebells+quest+chips,"UNVERIFIED. Four price checks were attempted on 2026-09-17 and none returned a usable Saudi figure: iHerb SA /c/peanut-butter and /c/quest-nutrition answered HTTP 403, and two Sporter KSA catalogsearch pages rendered the default result set (""Search results for 'any'"", eight unrelated out-of-stock items) instead of the query. SAR 175 for a box of 12 (about SAR 14.60 per bar) is an estimate placed at the level of a mid-range imported protein bar and must be replaced with the Grenade box price read on Sporter KSA (search 'grenade' on the site) or Nahdi Online before publishing.",<p>الحصص: 12 | حجم الحصة: 60 جم | الصلاحية: 2027-08 | الشكل: بار</p><p>كارب كيلا من جرينيد بار بروتين بطبقات مقرمشة وغطاء شوكولاتة، يحتوي كل بار على 20 جم بروتين و1.5 جم سكر فقط. مناسب لمن يريد وجبة خفيفة عالية البروتين في العمل أو بعد التمرين بدل الحلويات، ولمن يتابع مدخول السكر ضمن نظام غذائي مخطط. العلبة تحتوي على 12 بارا من نكهة واحدة.</p><table><tr><th>الحقائق الغذائية</th><th>لكل حصة</th></tr><tr><td>السعرات الحرارية</td><td>219</td></tr><tr><td>البروتين</td><td>20 جم</td></tr><tr><td>الكربوهيدرات</td><td>13 جم</td></tr><tr><td>السكريات</td><td>1.5 جم</td></tr><tr><td>الدهون</td><td>8 جم</td></tr><tr><td>الألياف</td><td>5 جم</td></tr></table><p>طريقة الاستخدام: بار واحد كوجبة خفيفة بين الوجبات أو بعد التمرين. يحفظ في مكان بارد وجاف بعيدا عن الشمس.</p><p>تنبيه: يحتوي على الحليب والصويا وقد يحتوي على آثار من المكسرات. القيم الغذائية تختلف قليلا بين النكهات، راجع الملصق.</p>,"<p>Servings: 12 | Serving size: 60 g | Expiry: 2027-08 | Form: bar</p><p>Grenade Carb Killa is a layered protein bar with a crispy centre and a chocolate coating, giving 20 g of protein and only 1.5 g of sugar per bar. It suits anyone who wants a high-protein snack at work or after training instead of sweets, and people who track sugar intake inside a planned diet. The box holds 12 bars of one flavour.</p><table><tr><th>Nutrition facts</th><th>Per serving</th></tr><tr><td>Calories</td><td>219</td></tr><tr><td>Protein</td><td>20 g</td></tr><tr><td>Carbohydrates</td><td>13 g</td></tr><tr><td>Sugars</td><td>1.5 g</td></tr><tr><td>Fat</td><td>8 g</td></tr><tr><td>Fibre</td><td>5 g</td></tr></table><p>Directions: one bar as a snack between meals or after training. Store in a cool, dry place away from sunlight.</p><p>Notice: contains milk and soy and may contain traces of nuts. Values vary slightly between flavours; check the label.</p>",كارب كيلا بروتين بار علبة 12 من جرينيد | اوبتيمال اكس,كارب كيلا بروتين بار من جرينيد بعلبة 12 بار: 20 جم بروتين و1.5 جم سكر في كل بار 60 جم بطبقات مقرمشة وغطاء شوكولاتة، أربع نكهات، سعر شامل الضريبة وتوصيل سريع.,Grenade Carb Killa Protein Bar Box of 12 | OptimalX,"Buy Grenade Carb Killa protein bars in Saudi Arabia: 20 g protein and 1.5 g sugar per 60 g bar, crispy layers with a chocolate coating, box of 12, four flavours.",الوزن المثالي | التعافي,بروتين بار | جرينيد | كارب كيلا | سناك بروتين | وجبة خفيفة,,
OX-038,82983904,https://s.salla.sa/products/82983904,pending,food,بروتين تشيبس بنمط التورتيا علبة 8 - كويست,Tortilla Style Protein Chips Box of 8 - Quest Nutrition,Quest Nutrition,19 جم بروتين و4 جم كربوهيدرات في كل كيس 32 جم، علبة 8 أكياس,"19 g protein and 4 g carbohydrates per 32 g bag, box of 8 bags",125,,0.35,15,True,snacks-bars | goal-ideal-weight,8,كيس واحد (32 جم),2027-07,"{""النكهة"": [""ناتشو تشيز"", ""رانش"", ""تشيلي لايم""]}",,not-captured,https://www.questnutrition.com/collections/chips,https://sa.iherb.com/c/quest-nutrition?sr=2,"UNVERIFIED. Four price checks were attempted on 2026-09-17 and none returned a usable Saudi figure: iHerb SA /c/peanut-butter and /c/quest-nutrition answered HTTP 403, and two Sporter KSA catalogsearch pages rendered the default result set (""Search results for 'any'"", eight unrelated out-of-stock items) instead of the query. SAR 125 for a box of 8 bags (about SAR 15.60 per bag) is an estimate and must be replaced with the figure read on the iHerb SA Quest brand page (the URL above, opened in a browser) or on Sporter KSA before publishing.",<p>الحصص: 8 | حجم الحصة: 32 جم | الصلاحية: 2027-07 | الشكل: عبوة</p><p>بروتين تشيبس من كويست رقائق بنمط التورتيا مصنوعة من بروتين الحليب بدل الذرة، يحتوي كل كيس على 19 جم بروتين و4 جم كربوهيدرات فقط. مناسبة لمن يشتهي وجبة مالحة مقرمشة أثناء مشاهدة مباراة أو في السيارة دون التخلي عن هدف البروتين اليومي. العلبة تحتوي على 8 أكياس من نكهة واحدة.</p><table><tr><th>الحقائق الغذائية</th><th>لكل حصة</th></tr><tr><td>السعرات الحرارية</td><td>140</td></tr><tr><td>البروتين</td><td>19 جم</td></tr><tr><td>الكربوهيدرات</td><td>4 جم</td></tr><tr><td>السكريات</td><td>أقل من 1 جم</td></tr><tr><td>الدهون</td><td>4.5 جم</td></tr><tr><td>الألياف</td><td>1 جم</td></tr></table><p>طريقة الاستخدام: كيس واحد كوجبة خفيفة في أي وقت. يفتح الكيس ويؤكل مباشرة ولا يحتاج إلى تحضير.</p><p>تنبيه: يحتوي على الحليب وقد يحتوي على آثار من الصويا. يحفظ بعيدا عن الحرارة والرطوبة.</p>,"<p>Servings: 8 | Serving size: 32 g | Expiry: 2027-07 | Form: pack</p><p>Quest Protein Chips are tortilla-style crisps made from milk protein instead of corn, with 19 g of protein and only 4 g of carbohydrates per bag. They suit anyone craving a salty, crunchy snack while watching a match or on the road without giving up the daily protein target. The box holds 8 bags of one flavour.</p><table><tr><th>Nutrition facts</th><th>Per serving</th></tr><tr><td>Calories</td><td>140</td></tr><tr><td>Protein</td><td>19 g</td></tr><tr><td>Carbohydrates</td><td>4 g</td></tr><tr><td>Sugars</td><td>under 1 g</td></tr><tr><td>Fat</td><td>4.5 g</td></tr><tr><td>Fibre</td><td>1 g</td></tr></table><p>Directions: one bag as a snack at any time. Open and eat straight from the bag, no preparation needed.</p><p>Notice: contains milk and may contain traces of soy. Store away from heat and humidity.</p>",كويست بروتين تشيبس تورتيا علبة 8 أكياس | اوبتيمال اكس,بروتين تشيبس بنمط التورتيا من كويست بعلبة 8 أكياس: 19 جم بروتين و4 جم كربوهيدرات في كل كيس 32 جم، ثلاث نكهات مالحة مقرمشة، سعر شامل الضريبة وتوصيل سريع.,Quest Tortilla Style Protein Chips Box of 8 | OptimalX,"Order Quest Nutrition tortilla style protein chips in Saudi Arabia: 19 g protein and 4 g carbs per 32 g bag, box of 8 bags, nacho cheese, ranch and chili lime.",الوزن المثالي,بروتين تشيبس | كويست | سناك مالح | وجبة خفيفة عالية البروتين,,
OX-039,547650018,https://s.salla.sa/products/547650018,pending,food,زبدة الفول السوداني الطبيعية 1 كجم - ماي بروتين,All-Natural Peanut Butter 1 kg - Myprotein,Myprotein,فول سوداني محمص 100% بلا سكر أو ملح مضاف، ناعمة أو مقرمشة، عبوة 1 كجم,"100% roasted peanuts with no added sugar or salt, smooth or crunchy, 1 kg tub",65,,1.15,15,True,snacks-bars | goal-ideal-weight | goal-general-health,33,30 جم (ملعقة كبيرة ممتلئة),2027-09,"{""القوام"": [""ناعمة"", ""مقرمشة""]}",,not-captured,https://www.myprotein.com/c/nutrition/healthy-food-drinks/spreads/,https://www.noon.com/saudi-en/health/sports-nutrition/protein/,"UNVERIFIED. Four price checks were attempted on 2026-09-17 and none returned a usable Saudi figure: iHerb SA /c/peanut-butter and /c/quest-nutrition answered HTTP 403, and two Sporter KSA catalogsearch pages rendered the default result set (""Search results for 'any'"", eight unrelated out-of-stock items) instead of the query. The Noon KSA URL is the discovery page from products-trending.md Log 3 where the Myprotein brand store was seen, not a captured price. SAR 65 for 1 kg is an estimate in the band of single-ingredient peanut butters sold on Noon KSA and must be replaced with the Myprotein or Sporter house-brand figure before publishing.",<p>الحصص: 33 | حجم الحصة: 30 جم | الصلاحية: 2027-09 | الشكل: عبوة</p><p>زبدة الفول السوداني الطبيعية من ماي بروتين مصنوعة من الفول السوداني المحمص فقط، بلا سكر أو ملح أو زيت نخيل مضاف، وقد تنفصل طبقة زيت في الأعلى وهذا طبيعي في المنتج بمكون واحد. مناسبة لمن يريد مصدر بروتين ودهون من مكون واحد على الخبز أو في الشوفان أو مشروب الواي، ولمن يحتاج سعرات إضافية ضمن نظام غذائي مخطط.</p><table><tr><th>الحقائق الغذائية</th><th>لكل حصة</th></tr><tr><td>السعرات الحرارية</td><td>180</td></tr><tr><td>البروتين</td><td>9 جم</td></tr><tr><td>الكربوهيدرات</td><td>4 جم</td></tr><tr><td>السكريات</td><td>2 جم</td></tr><tr><td>الدهون</td><td>14 جم</td></tr><tr><td>الألياف</td><td>2.5 جم</td></tr></table><p>طريقة الاستخدام: ملعقة كبيرة ممتلئة على الخبز أو مع الشوفان أو في الشيكر مع الحليب. تقلب جيدا قبل الاستخدام الأول وتحفظ مغلقة.</p><p>تنبيه: يحتوي على الفول السوداني وقد يحتوي على آثار من مكسرات أخرى. غير مناسب لمن لديه حساسية من الفول السوداني.</p>,"<p>Servings: 33 | Serving size: 30 g | Expiry: 2027-09 | Form: tub</p><p>Myprotein All-Natural Peanut Butter is made from roasted peanuts only, with no added sugar, salt or palm oil, so a layer of oil may separate on top, which is normal for a single-ingredient product. It suits anyone who wants protein and fat from one ingredient on bread, in oats or in a whey shake, and people who need extra calories inside a planned diet.</p><table><tr><th>Nutrition facts</th><th>Per serving</th></tr><tr><td>Calories</td><td>180</td></tr><tr><td>Protein</td><td>9 g</td></tr><tr><td>Carbohydrates</td><td>4 g</td></tr><tr><td>Sugars</td><td>2 g</td></tr><tr><td>Fat</td><td>14 g</td></tr><tr><td>Fibre</td><td>2.5 g</td></tr></table><p>Directions: one heaped tablespoon on bread, in oats or in a shaker with milk. Stir well before first use and keep the lid closed.</p><p>Notice: contains peanuts and may contain traces of other nuts. Not suitable for anyone with a peanut allergy.</p>",زبدة الفول السوداني الطبيعية 1 كجم ماي بروتين | اوبتيمال اكس,زبدة الفول السوداني الطبيعية من ماي بروتين بعبوة 1 كجم: فول سوداني محمص 100% بلا سكر أو ملح أو زيت نخيل مضاف، ناعمة أو مقرمشة، 33 حصة، سعر شامل الضريبة.,Myprotein All-Natural Peanut Butter 1 kg Tub | OptimalX,"Shop Myprotein All-Natural Peanut Butter in Saudi Arabia: 100% roasted peanuts with no added sugar, salt or palm oil, smooth or crunchy, 1 kg tub, 33 servings.",الوزن المثالي | الصحة العامة,زبدة الفول السوداني | ماي بروتين | بينت بتر | مكون واحد | وجبة خفيفة,,
OX-040,1746003438,https://s.salla.sa/products/1746003438,pending,food,شوفان سريع التحضير 1 كجم - ماي بروتين,Instant Oats 1 kg - Myprotein,Myprotein,شوفان كامل مطحون ناعما يخلط في الشيكر، 20 حصة من 50 جم، بدون نكهة,"Finely milled whole oats that mix in a shaker, 20 servings of 50 g, unflavoured",55,,1.1,15,True,snacks-bars | goal-energy | goal-ideal-weight,20,50 جم (مغرفتان),2027-10,"{""الحجم"": [""1 كجم"", ""2.5 كجم""]}",,not-captured,https://www.myprotein.com/c/nutrition/healthy-food-drinks/cereal-granola/,https://www.noon.com/saudi-en/health/sports-nutrition/protein/,"UNVERIFIED. Four price checks were attempted on 2026-09-17 and none returned a usable Saudi figure: iHerb SA /c/peanut-butter and /c/quest-nutrition answered HTTP 403, and two Sporter KSA catalogsearch pages rendered the default result set (""Search results for 'any'"", eight unrelated out-of-stock items) instead of the query. The Noon KSA URL is the discovery page from products-trending.md Log 3 where the Myprotein brand store was seen, not a captured price. SAR 55 for 1 kg and SAR 119 for the 2.5 kg variant are estimates and must be replaced with the Myprotein figure on Noon KSA or a Sporter house-brand oats figure before publishing.",<p>الحصص: 20 | حجم الحصة: 50 جم | الصلاحية: 2027-10 | الشكل: بودرة</p><p>شوفان سريع التحضير من ماي بروتين شوفان كامل مطحون ناعما حتى يمكن خلطه في الشيكر مع الحليب أو الماء دون طبخ، بمكون واحد ودون نكهة أو سكر مضاف. مصدر كربوهيدرات يناسب وجبة الإفطار أو ما قبل التمرين، ويناسب من يضيفه إلى مشروب الواي لتحويله إلى وجبة كاملة. عبوة 1 كجم تكفي 20 حصة.</p><table><tr><th>الحقائق الغذائية</th><th>لكل حصة</th></tr><tr><td>السعرات الحرارية</td><td>185</td></tr><tr><td>البروتين</td><td>5.5 جم</td></tr><tr><td>الكربوهيدرات</td><td>30 جم</td></tr><tr><td>السكريات</td><td>0.5 جم</td></tr><tr><td>الدهون</td><td>4 جم</td></tr><tr><td>الألياف</td><td>5 جم</td></tr></table><p>طريقة الاستخدام: تخلط مغرفتان (50 جم) مع 300 مل من الماء أو الحليب في الشيكر، أو تطبخ كعصيدة مع الماء الساخن.</p><p>تنبيه: يحتوي على الجلوتين (شوفان) وقد يحتوي على آثار من الحليب والصويا. يحفظ مغلقا في مكان جاف.</p>,"<p>Servings: 20 | Serving size: 50 g | Expiry: 2027-10 | Form: powder</p><p>Myprotein Instant Oats are whole oats milled finely enough to mix in a shaker with milk or water without cooking, with one ingredient and no added flavour or sugar. They are a carbohydrate source that suits breakfast or the pre-training meal, and anyone who adds them to a whey shake to turn it into a full meal. The 1 kg tub gives 20 servings.</p><table><tr><th>Nutrition facts</th><th>Per serving</th></tr><tr><td>Calories</td><td>185</td></tr><tr><td>Protein</td><td>5.5 g</td></tr><tr><td>Carbohydrates</td><td>30 g</td></tr><tr><td>Sugars</td><td>0.5 g</td></tr><tr><td>Fat</td><td>4 g</td></tr><tr><td>Fibre</td><td>5 g</td></tr></table><p>Directions: mix two scoops (50 g) with 300 ml of water or milk in a shaker, or cook as porridge with hot water.</p><p>Notice: contains gluten (oats) and may contain traces of milk and soy. Keep sealed in a dry place.</p>",شوفان سريع التحضير 1 كجم من ماي بروتين | اوبتيمال اكس,شوفان سريع التحضير من ماي بروتين بعبوة 1 كجم و20 حصة: شوفان كامل مطحون ناعما يخلط في الشيكر دون طبخ، بمكون واحد وبدون سكر مضاف، سعر شامل الضريبة وتوصيل سريع.,Myprotein Instant Oats 1 kg Finely Milled Oats | OptimalX,"Buy Myprotein Instant Oats in Saudi Arabia: finely milled whole oats that mix in a shaker without cooking, single ingredient, no added sugar, 1 kg tub with 20 servings.",الطاقة | الوزن المثالي,شوفان | ماي بروتين | شوفان سريع التحضير | كربوهيدرات | إفطار,,
OX-041,1141798217,https://s.salla.sa/products/1141798217,pending,group_products,حزمة البداية - اوبتيمال اكس,Starter Bundle - OptimalX,OptimalX,واي بروتين وكرياتين وملتي فيتامين في حزمة واحدة بسعر أقل من مجموعها,"Whey protein, creatine and a multivitamin in one bundle, priced below their sum",509,,3.35,10,True,bundles | goal-performance | goal-general-health,30,حصة من كل منتج يوميا,2028-02,"{""نكهة الواي"": [""شوكولاتة غنية مزدوجة"", ""فانيلا آيس كريم"", ""كوكيز وكريمة""]}",,not-captured,"composite of the three members: OX-001 (nahdi image in batch-01), OX-015 and OX-028 (not captured); the owner shoots one bundle photo","internal: OX-001 (batch-01), OX-015 (batch-03), OX-028 (batch-05)","Sum of the members at list price: OX-001 SAR 349 + OX-015 SAR 149 + OX-028 SAR 56 = SAR 554. Bundle SAR 509 is 8.1% below that sum (saving SAR 45). Each member keeps its own verification status: OX-001 is anchored on the Nahdi per-lb band, OX-015 on iHerb SA, OX-028 on Sporter KSA. The whey flavour option is the only variant; the 2.27 kg size is fixed.",<p>الحصص: 30 يوما | حجم الحصة: حصة من كل منتج | الصلاحية: 2028-02 | الشكل: عبوة</p><p>حزمة البداية تجمع ثلاثة منتجات أساسية للمبتدئين: جولد ستاندرد واي بروتين 2.27 كجم من اوبتيموم نيوترشن، وكرياتين مونوهيدرات 600 جم من اوبتيموم نيوترشن، وسنتروم للرجال ملتي فيتامين 30 قرصا. مناسبة لمن يشترك في النادي لأول مرة ويريد أساسا بسيطا دون مقارنة عشرات المنتجات، بسعر أقل بنحو 8% من شراء المنتجات منفردة.</p><table><tr><th>محتويات الحزمة</th><th>التفاصيل</th></tr><tr><td>واي بروتين (OX-001)</td><td>2.27 كجم، 73 حصة، 349 ريال منفردا</td></tr><tr><td>كرياتين (OX-015)</td><td>600 جم، 120 حصة، 149 ريال منفردا</td></tr><tr><td>ملتي فيتامين (OX-028)</td><td>30 قرصا، 56 ريال منفردا</td></tr><tr><td>مجموع الأسعار منفردة</td><td>554 ريال</td></tr><tr><td>سعر الحزمة</td><td>509 ريال</td></tr><tr><td>التوفير</td><td>45 ريال</td></tr></table><p>طريقة الاستخدام: مغرفة واي بعد التمرين أو بين الوجبات، و5 جم كرياتين يوميا مع أي مشروب، وقرص ملتي فيتامين واحد مع الطعام.</p><p>تنبيه: المكملات الغذائية لا تغني عن الغذاء المتوازن. الواي يحتوي على الحليب والصويا. الصلاحية المذكورة هي أقرب صلاحية بين المنتجات الثلاثة.</p>,"<p>Servings: 30 days | Serving size: one serving of each product | Expiry: 2028-02 | Form: bundle</p><p>The Starter Bundle brings together three basics for beginners: Optimum Nutrition Gold Standard 100% Whey 2.27 kg, Optimum Nutrition Micronized Creatine 600 g and Centrum Men multivitamin 30 tablets. It suits anyone joining a gym for the first time who wants a simple base without comparing dozens of products, at about 8% less than buying the three separately.</p><table><tr><th>Bundle contents</th><th>Details</th></tr><tr><td>Whey protein (OX-001)</td><td>2.27 kg, 73 servings, SAR 349 alone</td></tr><tr><td>Creatine (OX-015)</td><td>600 g, 120 servings, SAR 149 alone</td></tr><tr><td>Multivitamin (OX-028)</td><td>30 tablets, SAR 56 alone</td></tr><tr><td>Sum of separate prices</td><td>SAR 554</td></tr><tr><td>Bundle price</td><td>SAR 509</td></tr><tr><td>Saving</td><td>SAR 45</td></tr></table><p>Directions: one scoop of whey after training or between meals, 5 g of creatine daily in any drink, and one multivitamin tablet with food.</p><p>Notice: food supplements do not replace a balanced diet. The whey contains milk and soy. The expiry shown is the earliest of the three products.</p>",حزمة البداية واي وكرياتين وملتي فيتامين | اوبتيمال اكس,حزمة البداية من اوبتيمال اكس تجمع جولد ستاندرد واي بروتين 2.27 كجم وكرياتين مونوهيدرات 600 جم وسنتروم للرجال 30 قرصا بسعر 509 ريال بدل 554 ريال، شامل الضريبة.,Starter Bundle Whey Creatine and Multivitamin | OptimalX,"OptimalX Starter Bundle in Saudi Arabia: Gold Standard whey 2.27 kg, Optimum Nutrition creatine 600 g and Centrum Men 30 tablets for SAR 509 instead of SAR 554.",الأداء | الصحة العامة,حزمة | حزمة البداية | واي بروتين | كرياتين | ملتي فيتامين | عرض,OX-001 | OX-015 | OX-028,
OX-042,702549495,https://s.salla.sa/products/702549495,owner-to-generate,digital,دليل المبتدئين للمكملات الغذائية (PDF),Beginner's Guide to Sports Supplements (PDF),OptimalX,دليل رقمي من 40 صفحة يشرح أنواع المكملات وقراءة الملصق وبناء خطة أسبوعية بسيطة,"A 40-page digital guide to supplement types, label reading and a simple weekly plan",29,,0,999,False,digital-library | goal-general-health,,,,{},,owner-to-generate,,,"Fixed by the brief at SAR 29. Reasoning kept for the record: a digital file has no unit cost, so the price is a low fixed ticket that a first-time visitor buys without comparison; it is priced rather than free so it carries value, and it sits under the cheapest physical item in the catalogue (OX-034 Nuun tablets, SAR 32). No Saudi retail comparable was fetched.",<p>الصفحات: 40 | الصيغة: PDF | الشكل: ملف رقمي</p><p>دليل المبتدئين للمكملات الغذائية ملف PDF من 40 صفحة أعده فريق اوبتيمال اكس بلغة عربية واضحة لمن يدخل عالم المكملات لأول مرة. يشرح الفرق بين واي بروتين والايزوليت والكازين والبروتين النباتي، ومتى يستخدم الكرياتين وما قبل التمرين، وكيف تقرأ ملصق الحقائق الغذائية وتحسب تكلفة الحصة الواحدة قبل الشراء. مناسب لمن يريد أن يفهم ما يشتريه بدل الاعتماد على النصائح المتناقلة في النادي.</p><table><tr><th>محتويات الدليل</th><th>الصفحات</th></tr><tr><td>كيف تقرأ ملصق المكمل وتحسب تكلفة الحصة</td><td>6</td></tr><tr><td>البروتين: الأنواع والفروق بينها</td><td>8</td></tr><tr><td>الكرياتين وما قبل التمرين والأحماض الأمينية</td><td>6</td></tr><tr><td>الفيتامينات والمعادن والأوميغا 3</td><td>6</td></tr><tr><td>بناء خطة أسبوعية بسيطة حسب هدفك</td><td>6</td></tr><tr><td>أخطاء شائعة وأسئلة متكررة</td><td>5</td></tr><tr><td>مسرد المصطلحات وقائمة تحقق قبل الشراء</td><td>3</td></tr></table><p>طريقة الاستخدام: يصلك رابط التحميل في حسابك وعلى بريدك الإلكتروني فور إتمام الدفع. الملف يفتح على الجوال والحاسوب ويمكن طباعته.</p><p>تنبيه: الدليل مادة تعليمية عامة ولا يغني عن قراءة ملصق كل منتج. للحالات المرضية أو الأسئلة الدوائية، راجع طبيبك.</p>,"<p>Pages: 40 | Format: PDF | Form: digital file</p><p>The Beginner's Guide to Sports Supplements is a 40-page Arabic PDF written by the OptimalX team for anyone entering the world of supplements for the first time. It explains the difference between whey, isolate, casein and plant protein, where creatine and pre-workout fit in, and how to read a nutrition label and work out the cost per serving before buying. It suits people who want to understand what they buy instead of relying on gym hearsay.</p><table><tr><th>Guide contents</th><th>Pages</th></tr><tr><td>How to read a supplement label and cost a serving</td><td>6</td></tr><tr><td>Protein: the types and how they differ</td><td>8</td></tr><tr><td>Creatine, pre-workout and amino acids</td><td>6</td></tr><tr><td>Vitamins, minerals and omega-3</td><td>6</td></tr><tr><td>Building a simple weekly plan for your goal</td><td>6</td></tr><tr><td>Common mistakes and frequent questions</td><td>5</td></tr><tr><td>Glossary and a pre-purchase checklist</td><td>3</td></tr></table><p>Directions: the download link appears in your account and arrives by email as soon as payment is complete. The file opens on phone and computer and can be printed.</p><p>Notice: the guide is general educational material and does not replace reading each product's label. For medical conditions or medication questions, consult your doctor.</p>",دليل المبتدئين للمكملات الغذائية PDF | اوبتيمال اكس,دليل المبتدئين للمكملات الغذائية من اوبتيمال اكس: ملف PDF من 40 صفحة يشرح أنواع البروتين والكرياتين والفيتامينات وطريقة قراءة الملصق وبناء خطة أسبوعية بسيطة، يصلك فور الدفع.,Beginner's Guide to Sports Supplements PDF | OptimalX,"Download the OptimalX Beginner's Guide to Sports Supplements: a 40-page Arabic PDF on protein types, creatine, vitamins, label reading and a simple weekly plan.",الصحة العامة,دليل رقمي | المكملات الغذائية للمبتدئين | PDF | كتاب إلكتروني | اوبتيمال اكس,,True
OX-043,662137586,https://s.salla.sa/products/662137586,owner-to-generate,codes,بطاقة هدية اوبتيمال اكس,OptimalX Gift Card,OptimalX,بطاقة هدية رقمية بقيمة 100 أو 200 أو 500 ريال تصل برمز يستخدم على أي طلب,"Digital gift card of SAR 100, 200 or 500, delivered as a code for any order",100,,0,999,False,gift-cards,,,,"{""القيمة"": [""100 ريال"", ""200 ريال"", ""500 ريال""]}",,owner-to-generate,,,"Face value. The listed price SAR 100 is the lowest option; in Salla each value option must carry its own price equal to its face value (100, 200, 500). The card sells at par with no fee, because a gift card sold above its value would not be bought. The 12-month validity is an owner policy written into the copy.",<p>القيمة: 100 أو 200 أو 500 ريال | الصلاحية: 12 شهرا | الشكل: بطاقة رقمية</p><p>بطاقة هدية اوبتيمال اكس طريقة بسيطة لإهداء من يتدرب حرية اختيار منتجاته بنفسه. تختار القيمة، ويصل رمز البطاقة إلى بريدك الإلكتروني فور إتمام الدفع لترسله بنفسك مع رسالتك. يستخدم الرمز عند إتمام أي طلب في المتجر على كامل المنتجات والخدمات.</p><table><tr><th>تفاصيل البطاقة</th><th>القيمة</th></tr><tr><td>القيم المتاحة</td><td>100 أو 200 أو 500 ريال</td></tr><tr><td>مدة الصلاحية</td><td>12 شهرا من تاريخ الشراء</td></tr><tr><td>طريقة التسليم</td><td>رمز رقمي بالبريد الإلكتروني</td></tr><tr><td>مكان الاستخدام</td><td>المتجر الإلكتروني عند إتمام الطلب</td></tr><tr><td>شروط الاستخدام</td><td>طلب واحد بقيمة تساوي البطاقة أو تزيد عنها، ويدفع الفرق عند إتمام الطلب</td></tr></table><p>طريقة الاستخدام: يدخل المستلم الرمز في خانة كود الخصم عند إتمام الطلب فتخصم قيمة البطاقة من الإجمالي.</p><p>تنبيه: البطاقة لا تستبدل بالنقد ولا تسترد قيمتها، ويحفظ الرمز ولا يشارك علنا.</p>,"<p>Value: SAR 100, 200 or 500 | Validity: 12 months | Form: digital card</p><p>The OptimalX gift card is a simple way to give someone who trains the freedom to choose their own products. Pick the value, and the card code arrives in your email as soon as payment is complete, for you to forward with your own message. The code is used at checkout on any order in the store, across all products and services.</p><table><tr><th>Card details</th><th>Value</th></tr><tr><td>Available values</td><td>SAR 100, 200 or 500</td></tr><tr><td>Validity</td><td>12 months from the purchase date</td></tr><tr><td>Delivery</td><td>Digital code by email</td></tr><tr><td>Where to use</td><td>Online store, at checkout</td></tr><tr><td>Terms of use</td><td>One order of equal or greater value; any difference is paid at checkout</td></tr></table><p>Directions: the recipient enters the code in the discount code field at checkout and the card value is deducted from the total.</p><p>Notice: the card cannot be exchanged for cash or refunded, and the code should be kept private.</p>",بطاقة هدية رقمية 100 أو 200 أو 500 ريال | اوبتيمال اكس,بطاقة هدية اوبتيمال اكس الرقمية بقيمة 100 أو 200 أو 500 ريال: يصل الرمز إلى بريدك فور الدفع، صالحة 12 شهرا، وتستخدم على أي طلب مكملات غذائية في المتجر.,"Digital Gift Card SAR 100, 200 or 500 Riyals | OptimalX","Give an OptimalX digital gift card worth SAR 100, 200 or 500: the code arrives by email right after payment, is valid for 12 months and works on any order in the store.",,بطاقة هدية | هدية | بطاقة رقمية | اوبتيمال اكس,,True
OX-044,487045117,https://s.salla.sa/products/487045117,owner-to-generate,service,سؤال مكتوب لفريق اوبتيمال اكس,Written Question to the OptimalX Team,OptimalX,خدمة مجانية: رد مكتوب خلال 24 ساعة عمل على سؤالك عن اختيار المنتج أو استخدامه,Free: a written reply within 24 working hours on choosing or using a product,0,,0,999,False,services,,,,{},,owner-to-generate,,,"Free by the brief. A zero-price service product lets the question be captured in the order notes and tracked as an order in Salla, so the 24-working-hour reply commitment can be measured; the only cost is team time.",<p>المدة: سؤال واحد ورد واحد | القناة: سؤال مكتوب ورد على البريد الإلكتروني | الرد خلال: 24 ساعة عمل | الشكل: خدمة</p><p>سؤال مكتوب لفريق اوبتيمال اكس خدمة مجانية لمن يريد رأيا واضحا قبل الشراء أو بعده دون حجز موعد. اكتب سؤالك عند طلب هذه الخدمة المجانية، ويرد عليك فريق المتجر كتابيا على بريدك الإلكتروني خلال 24 ساعة عمل. نجيب عن اختيار المنتج المناسب لهدفك وميزانيتك، والفرق بين منتجين، وطريقة استخدام منتج اشتريته وتوقيته مع التمرين، وحفظه، وأي سؤال عن الطلب والتوصيل.</p><table><tr><th>نطاق الخدمة</th><th>التفاصيل</th></tr><tr><td>نجيب عن</td><td>اختيار المنتج، الفرق بين المنتجات، طريقة الاستخدام والتوقيت، الحفظ، الطلب والتوصيل</td></tr><tr><td>لا نجيب عن</td><td>الحالات المرضية، الأدوية، الحمل والرضاعة، جرعات تخالف الملصق</td></tr><tr><td>عدد الأسئلة</td><td>سؤال واحد لكل طلب، ويمكن تكرار الطلب</td></tr><tr><td>وقت الرد</td><td>خلال 24 ساعة عمل</td></tr></table><p>طريقة الاستخدام: اكتب سؤالك مع هدفك ومستواك في التدريب ليكون الرد أدق، ثم أتمم الطلب بقيمة صفر.</p><p>تنبيه: الرد رأي عام من فريق المتجر لمساعدتك على الاختيار وليس استشارة صحية. للحالات المرضية أو الأسئلة الدوائية، راجع طبيبك.</p>,"<p>Duration: one question, one reply | Channel: written question, reply by email | Reply within: 24 working hours | Form: service</p><p>A written question to the OptimalX team is a free service for anyone who wants a clear opinion before or after buying, without booking an appointment. Write your question when you request this free service and the store team replies in writing to your email within 24 working hours. We answer on choosing the right product for your goal and budget, the difference between two products, how and when to use a product you bought around training, how to store it, and anything about orders and delivery.</p><table><tr><th>Scope</th><th>Details</th></tr><tr><td>We answer</td><td>Product choice, differences between products, directions and timing, storage, orders and delivery</td></tr><tr><td>We do not answer</td><td>Medical conditions, medications, pregnancy and breastfeeding, doses beyond the label</td></tr><tr><td>Questions</td><td>One question per order; the order can be repeated</td></tr><tr><td>Reply time</td><td>Within 24 working hours</td></tr></table><p>Directions: write your question with your goal and training level so the reply is precise, then complete the zero-value order.</p><p>Notice: the reply is a general opinion from the store team to help you choose, not health advice. For medical conditions or medication questions, consult your doctor.</p>",سؤال مكتوب مجاني، رد خلال 24 ساعة عمل | اوبتيمال اكس,أرسل سؤالك المكتوب مجانا إلى فريق اوبتيمال اكس عن اختيار المكمل المناسب لهدفك أو طريقة استخدامه أو توقيته مع التمرين، ويصلك رد مكتوب على بريدك خلال 24 ساعة عمل.,"Free Written Question, Reply in 24 Working Hours | OptimalX","Send the OptimalX team a free written question about choosing a supplement for your goal, how to use it or when to take it, and get a written reply within 24 working hours.",,خدمة مجانية | سؤال | استشارة مكتوبة | اختيار المكمل | اوبتيمال اكس,,True
OX-045,2000960449,https://s.salla.sa/products/2000960449,owner-to-generate,booking,استشارة مرئية 20 دقيقة,20-Minute Video Consultation,OptimalX,مكالمة مرئية 20 دقيقة مع فريق اوبتيمال اكس لتحديد ما تحتاجه قبل الشراء,"20-minute video call with the OptimalX team to decide what you need before you buy",50,,0,999,False,services,,,,{},,owner-to-generate,,,"SAR 50 is set by the brief as a commitment fee, not a revenue line: the full amount returns to the customer as a SAR 50 code on the first order, so the consultation costs nothing to anyone who buys and only filters no-show bookings. It sits above the free written question (OX-044) and well below the training session (OX-047), so the three services read as a ladder.",<p>المدة: 20 دقيقة | القناة: مكالمة مرئية عبر Google Meet أو واتساب | الرد خلال: 24 ساعة عمل لتأكيد الموعد | الشكل: خدمة</p><p>استشارة مرئية 20 دقيقة مكالمة مباشرة مع أحد أعضاء فريق اوبتيمال اكس لمن يريد خطة شراء واضحة بدل التخمين. نراجع معك هدفك وجدول تمرينك الأسبوعي وميزانيتك، ونشرح الفرق بين أنواع البروتين والكرياتين وما قبل التمرين، ونقترح عليك قائمة قصيرة من المنتجات بترتيب الأولوية مع طريقة الاستخدام والتوقيت.</p><table><tr><th>تفاصيل الاستشارة</th><th>القيمة</th></tr><tr><td>ما تغطيه</td><td>اختيار المنتجات حسب الهدف والميزانية، طريقة الاستخدام والتوقيت مع التمرين، قراءة الملصق</td></tr><tr><td>ما لا تغطيه</td><td>الحالات المرضية، الأدوية، جرعات تخالف الملصق</td></tr><tr><td>ما تحضره</td><td>هدفك، عدد أيام التمرين، المكملات التي تستخدمها حاليا، أي حساسية غذائية</td></tr><tr><td>المخرج</td><td>قائمة مكتوبة بالمنتجات المقترحة ترسل بعد المكالمة</td></tr></table><p>طريقة الاستخدام: اختر الموعد المناسب عند الطلب، ويصلك تأكيد الموعد ورابط المكالمة على بريدك خلال 24 ساعة عمل. يمكن تغيير الموعد قبل 12 ساعة من بدايته.</p><p>تنبيه: الاستشارة تساعدك على اختيار المنتجات وليست استشارة صحية. للحالات المرضية أو الأسئلة الدوائية، راجع طبيبك.</p>,"<p>Duration: 20 minutes | Channel: video call on Google Meet or WhatsApp | Reply within: 24 working hours to confirm the slot | Form: service</p><p>The 20-minute video consultation is a live call with a member of the OptimalX team for anyone who wants a clear buying plan instead of guesswork. We go through your goal, your weekly training schedule and your budget, explain the difference between protein types, creatine and pre-workout, and suggest a short list of products in order of priority with directions and timing.</p><table><tr><th>Consultation details</th><th>Value</th></tr><tr><td>What it covers</td><td>Product choice by goal and budget, directions and timing around training, label reading</td></tr><tr><td>What it does not cover</td><td>Medical conditions, medications, doses beyond the label</td></tr><tr><td>What to prepare</td><td>Your goal, training days per week, supplements you use now, any food allergy</td></tr><tr><td>Outcome</td><td>A written list of suggested products sent after the call</td></tr></table><p>Directions: choose a slot when you order; the confirmation and call link arrive by email within 24 working hours. The slot can be changed up to 12 hours before it starts.</p><p>Notice: the consultation helps you choose products and is not health advice. For medical conditions or medication questions, consult your doctor.</p>",استشارة مرئية 20 دقيقة لاختيار المكملات | اوبتيمال اكس,احجز استشارة مرئية 20 دقيقة مع فريق اوبتيمال اكس لاختيار المكملات المناسبة لهدفك وجدول تمرينك وميزانيتك، مع قائمة مكتوبة بالمنتجات المقترحة بعد المكالمة.,"20-Minute Video Consultation, SAR 50 Credited | OptimalX","Book a 20-minute video consultation with the OptimalX team to choose supplements for your goal, training week and budget, with a written list of suggested products after the call.",,استشارة | استشارة مرئية | اختيار المكملات | حجز | اوبتيمال اكس,,True
OX-046,1051830221,https://s.salla.sa/products/1051830221,owner-to-generate,booking,زيارة الفرع في المدينة المنورة,Branch Visit in Medina,OptimalX,حجز مجاني لاستلام طلبك من الفرع أو للحصول على مساعدة في اختيار المنتجات حضوريا,Free booking to collect an order or get in-person help at the Medina branch,0,,0,999,False,services,,,,{},,owner-to-generate,,,"Free by the brief. Branch pickup and in-store help carry no incremental cost, and a paid booking would discourage the visit; the zero-price booking exists so the branch can prepare the order and staff the slot.",<p>المدة: 15 دقيقة | القناة: حضوري في فرع المدينة المنورة | الرد خلال: 24 ساعة عمل | الشكل: خدمة</p><p>زيارة الفرع حجز مجاني لمن يفضل التعامل حضوريا في فرع اوبتيمال اكس بالمدينة المنورة. تناسب حالتين: استلام طلب أتممته في المتجر الإلكتروني واخترت له خيار الاستلام من الفرع، أو زيارة للاطلاع على المنتجات ومقارنة الأحجام والنكهات والحصول على مساعدة فريق الفرع في الاختيار ثم الشراء مباشرة. الحجز يضمن أن يكون طلبك جاهزا وأحد أعضاء الفريق متفرغا لك في الوقت الذي اخترته.</p><table><tr><th>تفاصيل الزيارة</th><th>القيمة</th></tr><tr><td>استلام الطلبات</td><td>اختر الاستلام من الفرع عند إتمام الطلب ثم احجز وقتا هنا وأحضر رقم الطلب</td></tr><tr><td>المساعدة في الفرع</td><td>مقارنة المنتجات والأحجام والنكهات، وشرح طريقة الاستخدام، والدفع في الفرع</td></tr><tr><td>مدة الزيارة</td><td>15 دقيقة تقريبا لكل حجز</td></tr><tr><td>العنوان وساعات العمل</td><td>تصلك في رسالة تأكيد الحجز</td></tr></table><p>طريقة الاستخدام: اختر اليوم والوقت عند إتمام هذا الحجز المجاني، واكتب رقم الطلب إن كانت الزيارة للاستلام، ويصلك التأكيد خلال 24 ساعة عمل.</p><p>تنبيه: فريق الفرع يساعدك على اختيار المنتجات وقراءة الملصقات فقط. للحالات المرضية أو الأسئلة الدوائية، راجع طبيبك.</p>,"<p>Duration: 15 minutes | Channel: in person at the Medina branch | Reply within: 24 working hours | Form: service</p><p>The branch visit is a free booking for anyone who prefers to deal in person at the OptimalX branch in Medina. It covers two cases: collecting an order you completed online with branch pickup selected, or a visit to see the products, compare sizes and flavours, get help from the branch team in choosing, and buy on the spot. Booking makes sure your order is ready and a team member is free for you at the time you chose.</p><table><tr><th>Visit details</th><th>Value</th></tr><tr><td>Order pickup</td><td>Select branch pickup at checkout, book a time here and bring your order number</td></tr><tr><td>In-branch help</td><td>Comparing products, sizes and flavours, directions for use, and payment at the branch</td></tr><tr><td>Visit length</td><td>About 15 minutes per booking</td></tr><tr><td>Address and hours</td><td>Sent in the booking confirmation</td></tr></table><p>Directions: choose the day and time when you complete this free booking, add your order number if the visit is for pickup, and the confirmation arrives within 24 working hours.</p><p>Notice: the branch team helps with choosing products and reading labels only. For medical conditions or medication questions, consult your doctor.</p>",زيارة فرع المدينة المنورة: حجز مجاني | اوبتيمال اكس,احجز زيارة مجانية لفرع اوبتيمال اكس في المدينة المنورة لاستلام طلبك الإلكتروني أو لمقارنة المنتجات والحصول على مساعدة فريق الفرع في الاختيار والشراء مباشرة.,Free Branch Visit in Medina: Pickup and Help | OptimalX,Book a free visit to the OptimalX branch in Medina to collect your online order or to compare products in person and get help from the branch team before you buy.,,زيارة الفرع | المدينة المنورة | استلام من الفرع | حجز مجاني | اوبتيمال اكس,,True
OX-047,103621577,https://s.salla.sa/products/103621577,owner-to-generate,booking,جلسة تدريب شخصي 60 دقيقة,60-Minute Personal Training Session,OptimalX,60 دقيقة لمراجعة تقنية التمارين وبناء برنامج أسبوعي، حضوريا في المدينة أو عن بعد,"60 minutes on exercise technique and weekly programming, in person or by video",150,,0,999,False,services | goal-performance,,,,{},,owner-to-generate,,,"ESTIMATE, no price page fetched (the brief asks for a reasoned Medina price). Reasoning from general market knowledge, not a captured figure: in Saudi commercial gyms a single personal-training session is normally sold inside a package, and the per-session cost of those packages in the large cities lands roughly between SAR 100 and 250, with Riyadh and Jeddah at the top of that range; Medina is a smaller market, and this is one session bought alone with a written programme delivered afterwards and an in-person option that costs travel time. SAR 150 sits in the lower middle of that range: clearly above the SAR 50 consultation (OX-045) so the two are not confused, and below the SAR 200-and-up level that needs a package to justify. The owner should confirm against the single-session rate of two Medina gyms before publishing; flagged ESTIMATE in the CSV.",<p>المدة: 60 دقيقة | القناة: حضوري في المدينة المنورة أو مكالمة مرئية | الرد خلال: 24 ساعة عمل لتأكيد الموعد | الشكل: خدمة</p><p>جلسة تدريب شخصي 60 دقيقة مع أحد أعضاء فريق التدريب في اوبتيمال اكس، تركز على شيئين فقط: تقنية أداء التمارين وبناء البرنامج. نراجع معك حركاتك الأساسية مثل القرفصاء والرفعة الميتة والضغط والسحب، ونصحح وضع الجسم والتنفس ومدى الحركة، ثم نبني معك برنامجا أسبوعيا يناسب عدد الأيام المتاحة لديك ومستواك الحالي مع طريقة التدرج وتسجيل الأوزان. تناسب المبتدئ الذي يريد أساسا صحيحا ومن يتدرب منذ فترة ويريد مراجعة برنامجه.</p><table><tr><th>تفاصيل الجلسة</th><th>القيمة</th></tr><tr><td>ما تغطيه</td><td>تقنية التمارين الأساسية، الإحماء، ترتيب التمارين، التدرج في الأوزان، تسجيل التقدم</td></tr><tr><td>ما لا تغطيه</td><td>وصف أنظمة غذائية أو جرعات مكملات، التعامل مع الإصابات</td></tr><tr><td>مكان الجلسة</td><td>حضوريا في النادي الذي تختاره داخل المدينة المنورة أو عبر مكالمة مرئية</td></tr><tr><td>ما تحضره</td><td>ملابس تمرين، عدد أيام التدريب المتاحة، برنامجك الحالي إن وجد</td></tr><tr><td>المخرج</td><td>برنامج أسبوعي مكتوب يرسل خلال يومي عمل بعد الجلسة</td></tr></table><p>طريقة الاستخدام: اختر الموعد ونوع الجلسة (حضوري أو عن بعد) عند إتمام الحجز، ويصلك التأكيد خلال 24 ساعة عمل. يمكن تغيير الموعد قبل 24 ساعة من بدايته.</p><p>تنبيه: الجلسة تدريبية وليست خدمة صحية. للحالات المرضية أو الأسئلة الدوائية، راجع طبيبك.</p>,"<p>Duration: 60 minutes | Channel: in person in Medina or by video call | Reply within: 24 working hours to confirm the slot | Form: service</p><p>The 60-minute personal training session with a member of the OptimalX training team focuses on two things only: exercise technique and programming. We review your main movements such as the squat, deadlift, press and pull, correct body position, breathing and range of motion, then build a weekly programme around the days you have and your current level, with a progression method and a way to log your weights. It suits beginners who want a sound base and anyone who has trained for a while and wants their programme reviewed.</p><table><tr><th>Session details</th><th>Value</th></tr><tr><td>What it covers</td><td>Technique on the main lifts, warm-up, exercise order, load progression, logging progress</td></tr><tr><td>What it does not cover</td><td>Diet or supplement prescriptions, injury management</td></tr><tr><td>Location</td><td>In person at a gym you choose in Medina, or by video call</td></tr><tr><td>What to bring</td><td>Training clothes, your available training days, your current programme if any</td></tr><tr><td>Outcome</td><td>A written weekly programme sent within two working days after the session</td></tr></table><p>Directions: choose the slot and session type (in person or remote) when you complete the booking; confirmation arrives within 24 working hours. The slot can be changed up to 24 hours before it starts.</p><p>Notice: this is a training session, not a health or dietary service. For medical conditions or medication questions, consult your doctor.</p>",جلسة تدريب شخصي 60 دقيقة، تقنية وبرنامج | اوبتيمال اكس,احجز جلسة تدريب شخصي 60 دقيقة مع فريق اوبتيمال اكس في المدينة المنورة أو عن بعد لمراجعة تقنية التمارين الأساسية وبناء برنامج أسبوعي يناسب أيامك ومستواك.,60-Minute Personal Training Session in Medina | OptimalX,Book a 60-minute personal training session with the OptimalX team in Medina or by video: exercise technique review and a weekly programme built for your days and level.,الأداء,تدريب شخصي | جلسة تدريب | تقنية التمارين | برنامج تدريبي | المدينة المنورة,,True
